{"version":"0.4","title":"13089","type":"page","content":[{"id":"5eaacd4c","settings":{"content_width":{"unit":"px","size":"1400","sizes":[]},"height":"min-height","custom_height":{"unit":"vh","size":"100","sizes":[]},"column_position":"stretch","structure":"20","background_background":"classic","background_image":{"id":17366,"url":"http:\/\/library.elementor.com\/wp-content\/uploads\/2020\/02\/Pic-404-1.png"},"z_index":"2","background_position":"center center","background_repeat":"no-repeat","background_size":"cover","background_position_tablet":"center center","background_position_mobile":"initial","background_xpos_mobile":{"unit":"px","size":"-350","sizes":[]},"background_ypos_mobile":{"unit":"px","size":"25","sizes":[]},"background_repeat_tablet":"no-repeat","background_size_tablet":"cover","_timestamp_":"v1b1BCenZXN2gxUTBqb0JJSWxJTVlPZz09"},"elements":[{"id":"cc5ca98","settings":{"_column_size":"50","margin":{"unit":"px","top":"220","right":"0","bottom":"0","left":"0","isLinked":""},"_inline_size_tablet":"100","margin_tablet":{"unit":"px","top":"120","right":"50","bottom":"0","left":"50","isLinked":""},"padding_mobile":{"unit":"px","top":"50","right":"0","bottom":"0","left":"0","isLinked":""}},"elements":[{"id":"2e00e1f3","settings":{"title":"404","title_color":"#FFFFFF","typography_typography":"custom","typography_font_family":"Montserrat","typography_font_size":{"unit":"px","size":"145","sizes":[]},"typography_font_weight":"300","typography_font_size_tablet":{"unit":"px","size":"120","sizes":[]},"typography_font_size_mobile":{"unit":"px","size":"50","sizes":[]}},"elements":[],"isInner":false,"widgetType":"heading","elType":"widget"}],"isInner":"","elType":"column"},{"id":"297b4558","settings":{"_column_size":"50","content_position":"bottom","space_between_widgets":"50","padding":{"unit":"%","top":"0","right":"5","bottom":"20","left":"5","isLinked":""},"_inline_size_tablet":"100","padding_tablet":{"unit":"px","top":"0","right":"50","bottom":"50","left":"50","isLinked":""},"padding_mobile":{"unit":"px","top":"50","right":"50","bottom":"50","left":"50","isLinked":""}},"elements":[{"id":"2bcd1866","settings":{"title":"Oops, We Couldn't find what you're looking for\u2026","title_color":"#FFFFFF","typography_typography":"custom","typography_font_family":"Montserrat","typography_font_size":{"unit":"px","size":"35","sizes":[]},"typography_font_weight":"300","typography_font_size_mobile":{"unit":"px","size":"22","sizes":[]},"typography_line_height":{"unit":"em","size":"1.2","sizes":[]}},"elements":[],"isInner":false,"widgetType":"heading","elType":"widget"},{"id":"6f70dc59","settings":{"title":"Go back to","title_color":"#FFFFFF","typography_typography":"custom","typography_font_family":"Montserrat","typography_font_size":{"unit":"px","size":"16","sizes":[]},"typography_font_weight":"300","typography_line_height":{"unit":"em","size":"1.5","sizes":[]},"_margin":{"unit":"px","top":"0","right":"0","bottom":"0","left":"0","isLinked":false},"_element_width":"auto"},"elements":[],"isInner":false,"widgetType":"heading","elType":"widget"},{"id":"3c7ae741","settings":{"text":"Home Page","typography_typography":"custom","typography_font_family":"Montserrat","typography_font_size":{"unit":"px","size":"16","sizes":[]},"typography_font_weight":"300","typography_text_decoration":"underline","typography_line_height":{"unit":"em","size":"1.5","sizes":[]},"background_color":"rgba(0, 0, 0, 0)","text_padding":{"unit":"px","top":"0","right":"0","bottom":"0","left":"0","isLinked":true},"_margin":{"unit":"px","top":"0","right":"0","bottom":"0","left":"10","isLinked":false},"_element_width":"auto","__dynamic__":{"link":"[elementor-tag id=\"df1f112\" name=\"site-url\" settings=\"%7B%7D\"]"}},"elements":[],"isInner":false,"widgetType":"button","elType":"widget"}],"isInner":"","elType":"column"}],"isInner":"","elType":"section"}]}