{"version":"0.4","title":"13479","type":"page","content":[{"id":"28793ef1","settings":{"layout":"full_width","height":"min-height","custom_height":{"unit":"vh","size":"100","sizes":[]},"column_position":"stretch","structure":"20","_title":"hero section","reverse_order_tablet":"reverse-tablet","reverse_order_mobile":"reverse-mobile","custom_height_tablet":{"unit":"vh","size":"100","sizes":[]},"custom_height_mobile":{"unit":"vh","size":"100","sizes":[]},"margin_mobile":{"unit":"px","top":"0","right":"0","bottom":"0","left":"0","isLinked":""},"_timestamp_":"v1UDBjV1ZKV2V5WXFrM3hsRHQ3eEpNdz09"},"elements":[{"id":"78ed16b8","settings":{"_column_size":"50","content_position":"center","space_between_widgets":"0","padding":{"unit":"%","top":"2","right":"33","bottom":"0","left":"0","isLinked":""},"_inline_size_tablet":"100","content_position_tablet":"top","padding_tablet":{"unit":"px","top":"0","right":"0","bottom":"0","left":"0","isLinked":""}},"elements":[{"id":"775ac836","settings":{"layout":"full_width","structure":"20","background_background":"classic","padding":{"unit":"%","top":"0","right":"6","bottom":"0","left":"0","isLinked":""},"padding_tablet":{"unit":"px","top":"0","right":"0","bottom":"0","left":"0","isLinked":""},"z_index":"1","margin_tablet":{"unit":"px","top":"0","right":"0","bottom":"0","left":"0","isLinked":""}},"elements":[{"id":"67bfa197","settings":{"_column_size":"50","background_background":"classic","background_color":"#003AF1","padding":{"unit":"%","top":"22","right":"2","bottom":"16","left":"23","isLinked":""},"padding_tablet":{"unit":"%","top":"13","right":"12","bottom":"10","left":"15","isLinked":""},"space_between_widgets":"14","padding_mobile":{"unit":"%","top":"12","right":"10","bottom":"10","left":"10","isLinked":""}},"elements":[{"id":"393ce4ff","settings":{"title":"The Salon","header_size":"h4","title_color":"#FFFFFF","typography_typography":"custom","typography_font_family":"Domine","typography_font_size":{"unit":"px","size":"14","sizes":[]},"typography_font_weight":"bold","typography_text_transform":"uppercase","typography_letter_spacing":{"unit":"px","size":"2.3","sizes":[]}},"elements":[],"isInner":false,"widgetType":"heading","elType":"widget"},{"id":"46506780","settings":{"icon_list":[{"text":"512-555-0194","selected_icon":{"value":"","library":""},"_id":"96f9f54","link":{"url":"","is_external":"","nofollow":"","custom_attributes":""}},{"text":"3958\u00a0 Sundown Lane, Austin TX 78736 ","selected_icon":{"value":"","library":""},"link":{"url":"","is_external":"","nofollow":"","custom_attributes":""},"_id":"6b1ea19"}],"space_between":{"unit":"px","size":"0","sizes":[]},"text_color":"#FFFFFF","icon_typography_typography":"custom","icon_typography_font_size":{"unit":"px","size":"12","sizes":[]},"icon_typography_text_transform":"uppercase","icon_typography_letter_spacing":{"unit":"px","size":"2","sizes":[]},"icon_typography_line_height":{"unit":"em","size":"2.5","sizes":[]},"icon_typography_line_height_tablet":{"unit":"em","size":"2.4","sizes":[]},"_padding_tablet":{"unit":"%","top":"0","right":"12","bottom":"0","left":"0","isLinked":""},"_padding_mobile":{"unit":"%","top":"","right":"","bottom":"","left":"","isLinked":"1"}},"elements":[],"isInner":false,"widgetType":"icon-list","elType":"widget"}],"isInner":"1","elType":"column"},{"id":"4f8f4f6d","settings":{"_column_size":"50","background_background":"classic","background_color":"#003AF1","padding":{"unit":"%","top":"22","right":"6","bottom":"16","left":"6","isLinked":""},"padding_tablet":{"unit":"%","top":"13","right":"12","bottom":"10","left":"12","isLinked":""},"space_between_widgets":"14","padding_mobile":{"unit":"%","top":"0","right":"10","bottom":"10","left":"10","isLinked":""}},"elements":[{"id":"5a7f0527","settings":{"title":"Opening Hours","header_size":"h4","title_color":"#FFFFFF","typography_typography":"custom","typography_font_family":"Domine","typography_font_size":{"unit":"px","size":"14","sizes":[]},"typography_font_weight":"bold","typography_text_transform":"uppercase","typography_letter_spacing":{"unit":"px","size":"2.3","sizes":[]}},"elements":[],"isInner":false,"widgetType":"heading","elType":"widget"},{"id":"7dd8bd3f","settings":{"icon_list":[{"text":"Mon - Fri: 10am-8pm","selected_icon":{"value":"","library":""},"_id":"96f9f54","link":{"url":"","is_external":"","nofollow":"","custom_attributes":""}},{"text":"Saturday: 10am-5pm","selected_icon":{"value":"","library":""},"link":{"url":"","is_external":"","nofollow":"","custom_attributes":""},"_id":"6b1ea19"},{"text":"Sunday: Closed","selected_icon":{"value":"","library":""},"link":{"url":"","is_external":"","nofollow":"","custom_attributes":""},"_id":"b0c100a"}],"space_between":{"unit":"px","size":"0","sizes":[]},"text_color":"#FFFFFF","icon_typography_typography":"custom","icon_typography_font_size":{"unit":"px","size":"12","sizes":[]},"icon_typography_text_transform":"uppercase","icon_typography_letter_spacing":{"unit":"px","size":"2","sizes":[]},"icon_typography_line_height":{"unit":"em","size":"2.5","sizes":[]},"icon_typography_line_height_tablet":{"unit":"em","size":"2.4","sizes":[]}},"elements":[],"isInner":false,"widgetType":"icon-list","elType":"widget"}],"isInner":"1","elType":"column"}],"isInner":"1","elType":"section"},{"id":"1423c997","settings":{"image":{"id":333,"url":"http:\/\/library.elementor.com\/wp-content\/uploads\/2020\/05\/barber1-pic.jpg"},"css_filters_css_filter":"custom","css_filters_contrast":{"unit":"px","size":"50","sizes":[]},"css_filters_saturate":{"unit":"px","size":"0","sizes":[]},"_element_width":"initial","_element_custom_width":{"unit":"%","size":"100","sizes":[]},"width":{"unit":"%","size":"100","sizes":[]},"width_tablet":{"unit":"%","size":"80","sizes":[]},"_margin_tablet":{"unit":"px","top":"-60","right":"0","bottom":"0","left":"0","isLinked":""},"_z_index":"0","_margin_mobile":{"unit":"px","top":"0","right":"0","bottom":"0","left":"0","isLinked":""},"align":"left","motion_fx_translateX_direction":"negative"},"elements":[],"isInner":false,"widgetType":"image","elType":"widget"}],"isInner":"","elType":"column"},{"id":"7d9cc4d5","settings":{"_column_size":"50","background_background":"classic","background_image":{"id":334,"url":"http:\/\/library.elementor.com\/wp-content\/uploads\/2020\/05\/HP-hero-pic.jpg"},"background_position":"center center","background_size":"cover","padding":{"unit":"px","top":"0","right":"0","bottom":"0","left":"0","isLinked":""},"_inline_size_tablet":"100","content_position":"bottom","background_overlay_background":"classic","background_overlay_opacity":{"unit":"px","size":"0.1","sizes":[]},"padding_tablet":{"unit":"%","top":"80","right":"0","bottom":"0","left":"0","isLinked":""},"padding_mobile":{"unit":"%","top":"130","right":"0","bottom":"0","left":"0","isLinked":""},"background_overlay_color":"#FFFFFF"},"elements":[{"id":"155d2aea","settings":{"background_background":"classic","background_color":"#FFFFFF","padding":{"unit":"%","top":"6","right":"12","bottom":"6","left":"12","isLinked":""},"padding_tablet":{"unit":"%","top":"6","right":"8","bottom":"6","left":"8","isLinked":""},"padding_mobile":{"unit":"%","top":"8","right":"4","bottom":"8","left":"10","isLinked":""},"layout":"full_width","margin":{"unit":"px","top":"0","right":"0","bottom":"0","left":"0","isLinked":""}},"elements":[{"id":"63a791b8","settings":{"_column_size":"100","padding":{"unit":"px","top":"0","right":"0","bottom":"0","left":"0","isLinked":""},"content_position":"center"},"elements":[{"id":"7aa3ba99","settings":{"title":"Enjoy the<br>highest quality of men's grooming","header_size":"h1","align":"center","_offset_x":{"unit":"%","size":"-40","sizes":[]},"_offset_y":{"unit":"%","size":"50","sizes":[]},"_padding":{"unit":"%","top":"","right":"","bottom":"","left":"","isLinked":"1"},"_element_custom_width":{"unit":"%","size":"80","sizes":[]},"_element_custom_width_tablet":{"unit":"%","size":"","sizes":[]},"_offset_x_tablet":{"unit":"vw","size":"5","sizes":[]},"_offset_y_tablet":{"unit":"%","size":"","sizes":[]},"_offset_x_mobile":{"unit":"%","size":"","sizes":[]},"_offset_y_mobile":{"unit":"%","size":"45","sizes":[]},"_background_background":"classic","_padding_mobile":{"unit":"%","top":"","right":"","bottom":"","left":"","isLinked":"1"},"_padding_tablet":{"unit":"%","top":"","right":"","bottom":"","left":"","isLinked":"1"},"align_mobile":"left","motion_fx_scale_speed":{"unit":"px","size":"1","sizes":[]},"_animation":"none","animation_duration":"slow","title_color":"#003AF1","typography_typography":"custom","typography_font_family":"Domine","typography_font_size":{"unit":"px","size":"50","sizes":[]},"typography_font_size_tablet":{"unit":"px","size":"42","sizes":[]},"typography_font_size_mobile":{"unit":"px","size":"26","sizes":[]},"typography_font_weight":"bold","typography_text_transform":"uppercase","typography_line_height":{"unit":"px","size":"64","sizes":[]},"typography_line_height_tablet":{"unit":"px","size":"54","sizes":[]},"typography_line_height_mobile":{"unit":"px","size":"38","sizes":[]},"typography_letter_spacing":{"unit":"px","size":"3.43","sizes":[]},"typography_letter_spacing_mobile":{"unit":"px","size":"2.5","sizes":[]}},"elements":[],"isInner":false,"widgetType":"heading","elType":"widget"}],"isInner":"1","elType":"column"}],"isInner":"1","elType":"section"}],"isInner":"","elType":"column"}],"isInner":"","elType":"section"},{"id":"2caefe1b","settings":{"layout":"full_width","custom_height":{"unit":"vh","size":"100","sizes":[]},"column_position":"stretch","_title":"scroll down icon","custom_height_tablet":{"unit":"vh","size":"100","sizes":[]},"custom_height_mobile":{"unit":"vh","size":"100","sizes":[]},"margin":{"unit":"px","top":"-70","right":"0","bottom":"0","left":"0","isLinked":""},"padding":{"unit":"%","top":"0","right":"0","bottom":"0","left":"50","isLinked":""},"padding_tablet":{"unit":"px","top":"0","right":"0","bottom":"0","left":"0","isLinked":"1"},"margin_mobile":{"unit":"px","top":"-60","right":"0","bottom":"0","left":"0","isLinked":""},"_timestamp_":"v1UDBjV1ZKV2V5WXFrM3hsRHQ3eEpNdz09"},"elements":[{"id":"6a843324","settings":{"_column_size":"100","background_background":"classic","background_position":"center center","background_size":"cover","padding":{"unit":"px","top":"0","right":"0","bottom":"0","left":"0","isLinked":""},"_inline_size_tablet":"100","content_position":"bottom","background_overlay_background":"classic","background_overlay_opacity":{"unit":"px","size":"","sizes":[]},"padding_tablet":{"unit":"%","top":"","right":"","bottom":"","left":"","isLinked":"1"},"padding_mobile":{"unit":"%","top":"","right":"","bottom":"","left":"","isLinked":"1"}},"elements":[{"id":"7aabc805","settings":{"selected_icon":{"value":{"id":"302","url":"http:\/\/library.elementor.com\/wp-content\/uploads\/2020\/05\/hero-scrollicon.svg"},"library":"svg"},"view":"stacked","shape":"square","primary_color":"#003AF1","secondary_color":"#FFFFFF","size":{"unit":"px","size":"30","sizes":[]},"icon_padding":{"unit":"px","size":"20","sizes":[]},"_margin":{"unit":"px","top":"0","right":"0","bottom":"-10","left":"0","isLinked":""},"_element_vertical_align":"flex-end","_offset_x":{"unit":"%","size":"","sizes":[]},"_offset_orientation_v":"end","_offset_y_end":{"unit":"%","size":"0","sizes":[]},"_offset_y_end_tablet":{"unit":"vh","size":"","sizes":[]},"link":{"url":"#services","is_external":"","nofollow":"","custom_attributes":""},"_offset_x_tablet":{"unit":"%","size":"","sizes":[]},"_offset_x_mobile":{"unit":"%","size":"","sizes":[]},"size_mobile":{"unit":"px","size":"20","sizes":[]},"align":"left","hover_primary_color":"#000000","_animation":"fadeIn"},"elements":[],"isInner":false,"widgetType":"icon","elType":"widget"}],"isInner":"","elType":"column"}],"isInner":"","elType":"section"},{"id":"3d037bc2","settings":{"content_width":{"unit":"px","size":"1114","sizes":[]},"height":"min-height","custom_height":{"unit":"vh","size":"100","sizes":[]},"_element_id":"services","_title":"services","padding_mobile":{"unit":"%","top":"26","right":"4","bottom":"26","left":"4","isLinked":""},"padding_tablet":{"unit":"%","top":"0","right":"6","bottom":"0","left":"6","isLinked":""},"custom_height_tablet":{"unit":"vh","size":"92","sizes":[]},"custom_height_mobile":{"unit":"vh","size":"100","sizes":[]},"_timestamp_":"v1UDBjV1ZKV2V5WXFrM3hsRHQ3eEpNdz09"},"elements":[{"id":"5ad09ffe","settings":{"_column_size":"100","align":"space-between","align_tablet":"space-evenly","padding_mobile":{"unit":"px","top":"0","right":"0","bottom":"0","left":"0","isLinked":""}},"elements":[{"id":"1d000160","settings":{"title":"We are here to help you upgrade your look","align":"center","_offset_x":{"unit":"%","size":"-40","sizes":[]},"_offset_y":{"unit":"%","size":"50","sizes":[]},"_padding":{"unit":"%","top":"0","right":"12","bottom":"2","left":"12","isLinked":""},"_element_custom_width":{"unit":"%","size":"80","sizes":[]},"_element_custom_width_tablet":{"unit":"%","size":"90","sizes":[]},"_offset_x_tablet":{"unit":"vw","size":"5","sizes":[]},"_offset_y_tablet":{"unit":"%","size":"","sizes":[]},"_offset_x_mobile":{"unit":"%","size":"","sizes":[]},"_offset_y_mobile":{"unit":"%","size":"48","sizes":[]},"_padding_mobile":{"unit":"%","top":"0","right":"4","bottom":"0","left":"4","isLinked":""},"title_color":"#FFFFFF","typography_typography":"custom","typography_font_family":"Domine","typography_font_size":{"unit":"px","size":"40","sizes":[]},"typography_font_size_tablet":{"unit":"px","size":"32","sizes":[]},"typography_font_size_mobile":{"unit":"px","size":"22","sizes":[]},"typography_font_weight":"bold","typography_text_transform":"uppercase","typography_line_height":{"unit":"px","size":"56","sizes":[]},"typography_line_height_tablet":{"unit":"px","size":"40","sizes":[]},"typography_line_height_mobile":{"unit":"px","size":"30","sizes":[]},"typography_letter_spacing":{"unit":"px","size":"2.55","sizes":[]},"typography_letter_spacing_mobile":{"unit":"px","size":"2","sizes":[]},"_padding_tablet":{"unit":"px","top":"0","right":"0","bottom":"0","left":"0","isLinked":""}},"elements":[],"isInner":false,"widgetType":"heading","elType":"widget"},{"id":"2630f780","settings":{"align":"center","editor":"Lorem ipsum dolor sit amet, consectetur adipiscing elit. Quisque vel dolor a sapien sodales molestie at non libero. Integer rutrum dolor at justo finibus tempus. Sed fermentum , mi vel fringilla elementum, felis turpis cursus.","text_color":"#FFFFFF","_padding":{"unit":"%","top":"0","right":"10","bottom":"4","left":"10","isLinked":""},"_padding_mobile":{"unit":"%","top":"0","right":"8","bottom":"6","left":"8","isLinked":""},"typography_typography":"custom","typography_font_family":"Work Sans","typography_font_size":{"unit":"px","size":"20","sizes":[]},"typography_font_size_tablet":{"unit":"px","size":"18","sizes":[]},"typography_font_size_mobile":{"unit":"px","size":"16","sizes":[]},"typography_font_weight":"normal","typography_line_height":{"unit":"px","size":"33","sizes":[]},"typography_line_height_tablet":{"unit":"px","size":"29","sizes":[]},"typography_line_height_mobile":{"unit":"px","size":"26","sizes":[]}},"elements":[],"isInner":false,"widgetType":"text-editor","elType":"widget"},{"id":"3bf339aa","settings":{"structure":"60","animation":"fadeInUp","animation_duration":"fast"},"elements":[{"id":"711649ae","settings":{"_column_size":"16","_inline_size_mobile":"50","_inline_size_tablet":"33.3"},"elements":[{"id":"1f429a3e","settings":{"selected_icon":{"value":{"id":335,"url":"http:\/\/library.elementor.com\/wp-content\/uploads\/2020\/05\/haircut-icon.svg"},"library":"svg"},"title_text":"haircuts","description_text":"","primary_color":"#003AF1","title_typography_typography":"custom","title_typography_text_decoration":"underline","hover_primary_color":"#000000","icon_size":{"unit":"px","size":"70","sizes":[]},"_padding_tablet":{"unit":"%","top":"0","right":"0","bottom":"8","left":"0","isLinked":""},"_element_custom_width_tablet":{"unit":"%","size":"33.3","sizes":[]},"_element_custom_width_mobile":{"unit":"%","size":"50","sizes":[]},"title_typography_font_size":{"unit":"px","size":"18","sizes":[]},"title_typography_font_family":"Domine","title_typography_font_size_tablet":{"unit":"px","size":"17","sizes":[]},"title_typography_font_size_mobile":{"unit":"px","size":"16","sizes":[]},"title_typography_font_weight":"bold","title_typography_text_transform":"uppercase","title_typography_letter_spacing":{"unit":"px","size":"3.75","sizes":[]},"title_typography_letter_spacing_tablet":{"unit":"px","size":"2.75","sizes":[]},"title_typography_letter_spacing_mobile":{"unit":"px","size":"2","sizes":[]},"title_color":"#000000"},"elements":[],"isInner":false,"widgetType":"icon-box","elType":"widget"}],"isInner":"1","elType":"column"},{"id":"5494a082","settings":{"_column_size":"16","_inline_size_mobile":"50","_inline_size_tablet":"33.3"},"elements":[{"id":"79e6a3e6","settings":{"selected_icon":{"value":{"id":336,"url":"http:\/\/library.elementor.com\/wp-content\/uploads\/2020\/05\/shaving-icon.svg"},"library":"svg"},"title_text":"shaving","description_text":"","primary_color":"#003AF1","title_typography_typography":"custom","title_typography_text_decoration":"underline","hover_primary_color":"#000000","icon_size":{"unit":"px","size":"70","sizes":[]},"_padding_tablet":{"unit":"%","top":"0","right":"0","bottom":"8","left":"0","isLinked":""},"_element_custom_width_tablet":{"unit":"%","size":"33.3","sizes":[]},"_element_custom_width_mobile":{"unit":"%","size":"50","sizes":[]},"title_typography_font_size":{"unit":"px","size":"18","sizes":[]},"title_typography_font_family":"Domine","title_typography_font_size_tablet":{"unit":"px","size":"17","sizes":[]},"title_typography_font_size_mobile":{"unit":"px","size":"16","sizes":[]},"title_typography_font_weight":"bold","title_typography_text_transform":"uppercase","title_typography_letter_spacing":{"unit":"px","size":"3.75","sizes":[]},"title_typography_letter_spacing_tablet":{"unit":"px","size":"2.75","sizes":[]},"title_typography_letter_spacing_mobile":{"unit":"px","size":"2","sizes":[]},"title_color":"#000000"},"elements":[],"isInner":false,"widgetType":"icon-box","elType":"widget"}],"isInner":"1","elType":"column"},{"id":"1564af12","settings":{"_column_size":"16","_inline_size_mobile":"50","_inline_size_tablet":"33.3"},"elements":[{"id":"73eeafc","settings":{"selected_icon":{"value":{"id":337,"url":"http:\/\/library.elementor.com\/wp-content\/uploads\/2020\/05\/beards-icon.svg"},"library":"svg"},"title_text":"beards","description_text":"","primary_color":"#003AF1","title_typography_typography":"custom","title_typography_text_decoration":"underline","hover_primary_color":"#000000","icon_size":{"unit":"px","size":"70","sizes":[]},"_padding_tablet":{"unit":"%","top":"0","right":"0","bottom":"8","left":"0","isLinked":""},"_element_custom_width_tablet":{"unit":"%","size":"33.3","sizes":[]},"_element_custom_width_mobile":{"unit":"%","size":"50","sizes":[]},"title_typography_font_size":{"unit":"px","size":"18","sizes":[]},"title_typography_font_family":"Domine","title_typography_font_size_tablet":{"unit":"px","size":"17","sizes":[]},"title_typography_font_size_mobile":{"unit":"px","size":"16","sizes":[]},"title_typography_font_weight":"bold","title_typography_text_transform":"uppercase","title_typography_letter_spacing":{"unit":"px","size":"3.75","sizes":[]},"title_typography_letter_spacing_tablet":{"unit":"px","size":"2.75","sizes":[]},"title_typography_letter_spacing_mobile":{"unit":"px","size":"2","sizes":[]},"title_color":"#000000"},"elements":[],"isInner":false,"widgetType":"icon-box","elType":"widget"}],"isInner":"1","elType":"column"},{"id":"979be46","settings":{"_column_size":"16","_inline_size_mobile":"50","_inline_size_tablet":"33.3"},"elements":[{"id":"6b88363c","settings":{"selected_icon":{"value":{"id":338,"url":"http:\/\/library.elementor.com\/wp-content\/uploads\/2020\/05\/facial-icon.svg"},"library":"svg"},"title_text":"facial","description_text":"","primary_color":"#003AF1","title_typography_typography":"custom","title_typography_text_decoration":"underline","hover_primary_color":"#000000","icon_size":{"unit":"px","size":"70","sizes":[]},"_padding_tablet":{"unit":"%","top":"0","right":"0","bottom":"8","left":"0","isLinked":""},"_element_custom_width_tablet":{"unit":"%","size":"33.3","sizes":[]},"_element_custom_width_mobile":{"unit":"%","size":"50","sizes":[]},"title_typography_font_size":{"unit":"px","size":"18","sizes":[]},"title_typography_font_family":"Domine","title_typography_font_size_tablet":{"unit":"px","size":"17","sizes":[]},"title_typography_font_size_mobile":{"unit":"px","size":"16","sizes":[]},"title_typography_font_weight":"bold","title_typography_text_transform":"uppercase","title_typography_letter_spacing":{"unit":"px","size":"3.75","sizes":[]},"title_typography_letter_spacing_tablet":{"unit":"px","size":"2.75","sizes":[]},"title_typography_letter_spacing_mobile":{"unit":"px","size":"2","sizes":[]},"title_color":"#000000"},"elements":[],"isInner":false,"widgetType":"icon-box","elType":"widget"}],"isInner":"1","elType":"column"},{"id":"a059ecf","settings":{"_column_size":"16","_inline_size_mobile":"50","_inline_size_tablet":"33.3"},"elements":[{"id":"17872ebd","settings":{"selected_icon":{"value":{"id":339,"url":"http:\/\/library.elementor.com\/wp-content\/uploads\/2020\/05\/coloring-icon.svg"},"library":"svg"},"title_text":"coloring","description_text":"","primary_color":"#003AF1","title_typography_typography":"custom","title_typography_text_decoration":"underline","hover_primary_color":"#000000","icon_size":{"unit":"px","size":"70","sizes":[]},"_padding_tablet":{"unit":"%","top":"0","right":"0","bottom":"8","left":"0","isLinked":""},"_element_custom_width_mobile":{"unit":"%","size":"50","sizes":[]},"_element_custom_width_tablet":{"unit":"%","size":"33.3","sizes":[]},"title_typography_font_size":{"unit":"px","size":"18","sizes":[]},"title_typography_font_family":"Domine","title_typography_font_size_tablet":{"unit":"px","size":"17","sizes":[]},"title_typography_font_size_mobile":{"unit":"px","size":"16","sizes":[]},"title_typography_font_weight":"bold","title_typography_text_transform":"uppercase","title_typography_letter_spacing":{"unit":"px","size":"3.75","sizes":[]},"title_typography_letter_spacing_tablet":{"unit":"px","size":"2.75","sizes":[]},"title_typography_letter_spacing_mobile":{"unit":"px","size":"2","sizes":[]},"title_color":"#000000"},"elements":[],"isInner":false,"widgetType":"icon-box","elType":"widget"}],"isInner":"1","elType":"column"},{"id":"5688c239","settings":{"_column_size":"16","_inline_size_mobile":"50","_inline_size_tablet":"33.3"},"elements":[{"id":"7f5088fa","settings":{"selected_icon":{"value":{"id":340,"url":"http:\/\/library.elementor.com\/wp-content\/uploads\/2020\/05\/waxing-icon.svg"},"library":"svg"},"title_text":"waxing","description_text":"","primary_color":"#003AF1","title_typography_typography":"custom","title_typography_text_decoration":"underline","hover_primary_color":"#000000","icon_size":{"unit":"px","size":"70","sizes":[]},"_padding_tablet":{"unit":"%","top":"0","right":"0","bottom":"8","left":"0","isLinked":""},"_element_custom_width_mobile":{"unit":"%","size":"50","sizes":[]},"_element_custom_width_tablet":{"unit":"%","size":"33.3","sizes":[]},"title_typography_font_size":{"unit":"px","size":"18","sizes":[]},"title_typography_font_family":"Domine","title_typography_font_size_tablet":{"unit":"px","size":"17","sizes":[]},"title_typography_font_size_mobile":{"unit":"px","size":"16","sizes":[]},"title_typography_font_weight":"bold","title_typography_text_transform":"uppercase","title_typography_letter_spacing":{"unit":"px","size":"3.75","sizes":[]},"title_typography_letter_spacing_tablet":{"unit":"px","size":"2.75","sizes":[]},"title_typography_letter_spacing_mobile":{"unit":"px","size":"2","sizes":[]},"title_color":"#000000"},"elements":[],"isInner":false,"widgetType":"icon-box","elType":"widget"}],"isInner":"1","elType":"column"}],"isInner":"1","elType":"section"},{"id":"5012421e","settings":{"text":"See all Services","align":"center","button_text_color":"#FFFFFF","background_color":"#000000","button_background_hover_color":"#003AF1","_margin":{"unit":"%","top":"4","right":"0","bottom":"0","left":"0","isLinked":""},"motion_fx_translateY_speed":{"unit":"px","size":"0.4","sizes":[]},"_animation":"fadeInUp","typography_typography":"custom","typography_font_family":"Work Sans","typography_font_weight":"bold","typography_text_transform":"uppercase","typography_line_height":{"unit":"px","size":"28","sizes":[]},"typography_letter_spacing":{"unit":"px","size":"2.5","sizes":[]},"border_radius":{"unit":"px","top":"0","right":"0","bottom":"0","left":"0","isLinked":"1"}},"elements":[],"isInner":false,"widgetType":"button","elType":"widget"}],"isInner":"","elType":"column"}],"isInner":"","elType":"section"},{"id":"683a2625","settings":{"layout":"full_width","custom_height":{"unit":"vh","size":"90","sizes":[]},"column_position":"stretch","structure":"20","_title":"our story","custom_height_tablet":{"unit":"vh","size":"100","sizes":[]},"custom_height_mobile":{"unit":"vh","size":"100","sizes":[]},"_timestamp_":"v1UDBjV1ZKV2V5WXFrM3hsRHQ3eEpNdz09"},"elements":[{"id":"7f86efc4","settings":{"_column_size":"50","background_background":"classic","background_position":"center center","background_size":"cover","padding":{"unit":"px","top":"0","right":"0","bottom":"0","left":"0","isLinked":""},"_inline_size_tablet":"100","background_overlay_background":"classic","background_overlay_opacity":{"unit":"px","size":"1","sizes":[]},"background_overlay_position":"center center","background_overlay_repeat":"no-repeat","background_overlay_size":"cover","css_filters_css_filter":"custom","css_filters_contrast":{"unit":"px","size":"68","sizes":[]},"css_filters_saturate":{"unit":"px","size":"0","sizes":[]},"padding_tablet":{"unit":"%","top":"0","right":"0","bottom":"0","left":"0","isLinked":""},"padding_mobile":{"unit":"%","top":"","right":"","bottom":"","left":"","isLinked":"1"},"space_between_widgets":"0"},"elements":[{"id":"d2a1e50","settings":{"image":{"id":341,"url":"http:\/\/library.elementor.com\/wp-content\/uploads\/2020\/05\/our-story-pic-v3.jpg"},"width":{"unit":"%","size":"100","sizes":[]},"css_filters_css_filter":"custom","css_filters_contrast":{"unit":"px","size":"68","sizes":[]},"css_filters_saturate":{"unit":"px","size":"0","sizes":[]},"align_tablet":"right","width_tablet":{"unit":"%","size":"80","sizes":[]}},"elements":[],"isInner":false,"widgetType":"image","elType":"widget"},{"id":"399ec9ac","settings":{"background_background":"classic","background_color":"#FFFFFF","padding":{"unit":"%","top":"8","right":"10","bottom":"8","left":"10","isLinked":""},"padding_tablet":{"unit":"%","top":"6","right":"4","bottom":"6","left":"4","isLinked":""},"padding_mobile":{"unit":"%","top":"8","right":"8","bottom":"8","left":"8","isLinked":""},"layout":"full_width","overflow":"hidden"},"elements":[{"id":"5053c064","settings":{"_column_size":"100","padding":{"unit":"px","top":"0","right":"0","bottom":"0","left":"0","isLinked":""},"content_position":"center"},"elements":[{"id":"18a4d518","settings":{"title":"our story and how we\u2028  established the place","align":"center","_offset_x":{"unit":"%","size":"-40","sizes":[]},"_offset_y":{"unit":"%","size":"50","sizes":[]},"_padding":{"unit":"%","top":"","right":"","bottom":"","left":"","isLinked":"1"},"_element_custom_width":{"unit":"%","size":"80","sizes":[]},"_element_custom_width_tablet":{"unit":"%","size":"90","sizes":[]},"_offset_x_tablet":{"unit":"vw","size":"5","sizes":[]},"_offset_y_tablet":{"unit":"%","size":"","sizes":[]},"_offset_x_mobile":{"unit":"%","size":"","sizes":[]},"_offset_y_mobile":{"unit":"%","size":"48","sizes":[]},"title_color":"#003AF1","_padding_tablet":{"unit":"px","top":"0","right":"0","bottom":"0","left":"0","isLinked":""},"_padding_mobile":{"unit":"%","top":"","right":"","bottom":"","left":"","isLinked":"1"},"typography_typography":"custom","typography_font_family":"Domine","typography_font_size":{"unit":"px","size":"40","sizes":[]},"typography_font_size_tablet":{"unit":"px","size":"32","sizes":[]},"typography_font_size_mobile":{"unit":"px","size":"22","sizes":[]},"typography_font_weight":"bold","typography_text_transform":"uppercase","typography_line_height":{"unit":"px","size":"56","sizes":[]},"typography_line_height_tablet":{"unit":"px","size":"40","sizes":[]},"typography_line_height_mobile":{"unit":"px","size":"30","sizes":[]},"typography_letter_spacing":{"unit":"px","size":"2.55","sizes":[]},"typography_letter_spacing_tablet":{"unit":"px","size":"2.75","sizes":[]},"typography_letter_spacing_mobile":{"unit":"px","size":"2","sizes":[]}},"elements":[],"isInner":false,"widgetType":"heading","elType":"widget"}],"isInner":"1","elType":"column"}],"isInner":"1","elType":"section"}],"isInner":"","elType":"column"},{"id":"4d40aac9","settings":{"_column_size":"50","content_position":"center","space_between_widgets":"0","padding":{"unit":"%","top":"0","right":"0","bottom":"0","left":"30","isLinked":""},"_inline_size_tablet":"100","content_position_tablet":"top","padding_tablet":{"unit":"%","top":"0","right":"0","bottom":"0","left":"0","isLinked":"1"}},"elements":[{"id":"1d54efd7","settings":{"layout":"full_width","background_background":"classic","padding":{"unit":"%","top":"0","right":"0","bottom":"0","left":"0","isLinked":""},"padding_tablet":{"unit":"%","top":"","right":"","bottom":"","left":"","isLinked":"1"},"z_index":"1","padding_mobile":{"unit":"px","top":"0","right":"0","bottom":"0","left":"0","isLinked":""},"margin_tablet":{"unit":"px","top":"0","right":"0","bottom":"0","left":"0","isLinked":""},"overflow":"hidden","background_color":"#003AF1","motion_fx_translateX_speed":{"unit":"px","size":"1","sizes":[]},"margin":{"unit":"px","top":"0","right":"0","bottom":"0","left":"0","isLinked":""}},"elements":[{"id":"37c4a378","settings":{"_column_size":"100","background_background":"classic","padding":{"unit":"%","top":"12","right":"12","bottom":"10","left":"12","isLinked":""},"padding_tablet":{"unit":"%","top":"8","right":"8","bottom":"8","left":"8","isLinked":""},"padding_mobile":{"unit":"%","top":"14","right":"14","bottom":"14","left":"14","isLinked":"1"},"motion_fx_translateX_speed":{"unit":"px","size":"0.5","sizes":[]}},"elements":[{"id":"5ef55ba1","settings":{"editor":"Lorem ipsum dolor sit amet, consectetur adipiscing elit. Quisque vel dolor a sapien sodales molestie at non libero. Integer rutrum dolor at justo finibus tempus. Sed fermentum , mi vel fringilla elementum, felis turpis cursus.","text_color":"#FFFFFF","typography_font_size":{"unit":"px","size":"20","sizes":[]},"_padding":{"unit":"%","top":"0","right":"0","bottom":"2","left":"0","isLinked":""},"typography_line_height":{"unit":"px","size":"33","sizes":[]},"_padding_tablet":{"unit":"%","top":"0","right":"0","bottom":"4","left":"0","isLinked":""},"align_tablet":"center","align":"left","typography_typography":"custom","typography_font_family":"Work Sans","typography_font_size_tablet":{"unit":"px","size":"18","sizes":[]},"typography_font_size_mobile":{"unit":"px","size":"16","sizes":[]},"typography_font_weight":"normal","typography_line_height_tablet":{"unit":"px","size":"29","sizes":[]},"typography_line_height_mobile":{"unit":"px","size":"26","sizes":[]},"_padding_mobile":{"unit":"%","top":"0","right":"0","bottom":"6","left":"0","isLinked":""},"_animation":"fadeInUp","animation_duration":"slow"},"elements":[],"isInner":false,"widgetType":"text-editor","elType":"widget"},{"id":"25f38b3f","settings":{"text":"more about us","align":"left","button_text_color":"#FFFFFF","background_color":"#000000","button_background_hover_color":"#FFFFFF","_margin":{"unit":"%","top":"","right":"","bottom":"","left":"","isLinked":"1"},"hover_color":"#003AF1","align_tablet":"center","typography_typography":"custom","typography_font_family":"Work Sans","typography_font_weight":"bold","typography_text_transform":"uppercase","typography_line_height":{"unit":"px","size":"28","sizes":[]},"typography_letter_spacing":{"unit":"px","size":"2.5","sizes":[]},"border_radius":{"unit":"px","top":"0","right":"0","bottom":"0","left":"0","isLinked":"1"},"motion_fx_translateY_speed":{"unit":"px","size":"0.4","sizes":[]},"_animation":"fadeInUp"},"elements":[],"isInner":false,"widgetType":"button","elType":"widget"}],"isInner":"1","elType":"column"}],"isInner":"1","elType":"section"},{"id":"6547ba00","settings":{"image":{"id":342,"url":"http:\/\/library.elementor.com\/wp-content\/uploads\/2020\/05\/our-story-small-pic.jpg"},"css_filters_contrast":{"unit":"px","size":"50","sizes":[]},"css_filters_saturate":{"unit":"px","size":"0","sizes":[]},"_element_custom_width":{"unit":"%","size":"100","sizes":[]},"width":{"unit":"%","size":"88","sizes":[]},"width_tablet":{"unit":"%","size":"80","sizes":[]},"_margin_tablet":{"unit":"px","top":"0","right":"0","bottom":"0","left":"0","isLinked":"1"},"_z_index":"0","align":"right","align_tablet":"left"},"elements":[],"isInner":false,"widgetType":"image","elType":"widget"}],"isInner":"","elType":"column"}],"isInner":"","elType":"section"},{"id":"10a68fde","settings":{"layout":"full_width","custom_height":{"unit":"vh","size":"77","sizes":[]},"column_position":"stretch","structure":"20","_title":"what we are all about","custom_height_tablet":{"unit":"vh","size":"100","sizes":[]},"custom_height_mobile":{"unit":"vh","size":"100","sizes":[]},"margin":{"unit":"%","top":"20","right":"0","bottom":"20","left":"0","isLinked":"1"},"reverse_order_tablet":"reverse-tablet","margin_tablet":{"unit":"%","top":"22","right":"0","bottom":"22","left":"0","isLinked":"1"},"margin_mobile":{"unit":"%","top":"32","right":"0","bottom":"32","left":"0","isLinked":"1"},"reverse_order_mobile":"reverse-mobile","_timestamp_":"v1UDBjV1ZKV2V5WXFrM3hsRHQ3eEpNdz09"},"elements":[{"id":"209cb9eb","settings":{"_column_size":"50","content_position":"center","space_between_widgets":"0","padding":{"unit":"%","top":"0","right":"33","bottom":"0","left":"0","isLinked":""},"_inline_size_tablet":"100","content_position_tablet":"top","padding_tablet":{"unit":"px","top":"0","right":"0","bottom":"0","left":"0","isLinked":""}},"elements":[{"id":"28ae50ff","settings":{"image":{"id":343,"url":"http:\/\/library.elementor.com\/wp-content\/uploads\/2020\/05\/What-we-are-all-about-pic2.jpg"},"css_filters_contrast":{"unit":"px","size":"68","sizes":[]},"css_filters_saturate":{"unit":"px","size":"0","sizes":[]},"_element_width":"initial","_element_custom_width":{"unit":"%","size":"100","sizes":[]},"width":{"unit":"%","size":"100","sizes":[]},"width_tablet":{"unit":"%","size":"100","sizes":[]},"_margin_mobile":{"unit":"px","top":"0","right":"0","bottom":"0","left":"0","isLinked":""},"align":"left","css_filters_css_filter":"custom","_element_width_tablet":"initial","_element_width_mobile":"inherit","_element_custom_width_tablet":{"unit":"%","size":"50","sizes":[]}},"elements":[],"isInner":false,"widgetType":"image","elType":"widget"},{"id":"4e5965d0","settings":{"image":{"id":344,"url":"http:\/\/library.elementor.com\/wp-content\/uploads\/2020\/05\/What-we-are-all-about-pic3.jpg"},"css_filters_contrast":{"unit":"px","size":"50","sizes":[]},"css_filters_saturate":{"unit":"px","size":"0","sizes":[]},"_element_width":"initial","_element_custom_width":{"unit":"%","size":"100","sizes":[]},"width":{"unit":"%","size":"88","sizes":[]},"width_tablet":{"unit":"%","size":"100","sizes":[]},"_margin_mobile":{"unit":"px","top":"0","right":"0","bottom":"0","left":"0","isLinked":""},"align":"right","_element_width_tablet":"initial","_element_width_mobile":"inherit","_element_custom_width_tablet":{"unit":"%","size":"50","sizes":[]},"align_mobile":"left","width_mobile":{"unit":"%","size":"85","sizes":[]}},"elements":[],"isInner":false,"widgetType":"image","elType":"widget"}],"isInner":"","elType":"column"},{"id":"3cab610f","settings":{"_column_size":"50","background_background":"classic","background_position":"top center","background_size":"cover","padding":{"unit":"px","top":"0","right":"0","bottom":"0","left":"0","isLinked":""},"_inline_size_tablet":"100","background_overlay_background":"classic","background_overlay_opacity":{"unit":"px","size":"0.43","sizes":[]},"background_overlay_position":"center center","background_overlay_repeat":"no-repeat","background_overlay_size":"cover","css_filters_contrast":{"unit":"px","size":"68","sizes":[]},"css_filters_saturate":{"unit":"px","size":"0","sizes":[]},"padding_tablet":{"unit":"%","top":"","right":"","bottom":"","left":"","isLinked":"1"},"padding_mobile":{"unit":"%","top":"0","right":"0","bottom":"0","left":"0","isLinked":"1"},"background_color":"#FFFFFF"},"elements":[{"id":"722442f3","settings":{"background_background":"classic","padding":{"unit":"px","top":"0","right":"0","bottom":"0","left":"0","isLinked":""},"layout":"full_width","margin":{"unit":"px","top":"0","right":"0","bottom":"0","left":"0","isLinked":""}},"elements":[{"id":"2b857773","settings":{"_column_size":"100","padding":{"unit":"%","top":"8","right":"8","bottom":"8","left":"8","isLinked":"1"},"padding_mobile":{"unit":"%","top":"12","right":"8","bottom":"12","left":"8","isLinked":""},"content_position":"center"},"elements":[{"id":"23b8ab10","settings":{"title":"See What We Are All About","align":"center","_offset_x":{"unit":"%","size":"-28","sizes":[]},"_offset_y":{"unit":"%","size":"30","sizes":[]},"_padding":{"unit":"%","top":"0","right":"0","bottom":"1","left":"0","isLinked":""},"_element_width_tablet":"initial","_element_custom_width":{"unit":"%","size":"55","sizes":[]},"_element_custom_width_tablet":{"unit":"%","size":"100","sizes":[]},"_offset_x_tablet":{"unit":"%","size":"0","sizes":[]},"_offset_y_tablet":{"unit":"%","size":"0","sizes":[]},"_offset_x_mobile":{"unit":"%","size":"5","sizes":[]},"_offset_y_mobile":{"unit":"%","size":"10","sizes":[]},"_element_custom_width_mobile":{"unit":"%","size":"90","sizes":[]},"_padding_mobile":{"unit":"%","top":"","right":"","bottom":"","left":"","isLinked":"1"},"title_color":"#003AF1","_animation":"fadeInUp","animation_duration":"fast","typography_typography":"custom","typography_font_family":"Domine","typography_font_size":{"unit":"px","size":"40","sizes":[]},"typography_font_size_tablet":{"unit":"px","size":"32","sizes":[]},"typography_font_size_mobile":{"unit":"px","size":"22","sizes":[]},"typography_font_weight":"bold","typography_text_transform":"uppercase","typography_line_height":{"unit":"px","size":"56","sizes":[]},"typography_line_height_tablet":{"unit":"px","size":"40","sizes":[]},"typography_line_height_mobile":{"unit":"px","size":"30","sizes":[]},"typography_letter_spacing":{"unit":"px","size":"2.55","sizes":[]},"typography_letter_spacing_mobile":{"unit":"px","size":"2","sizes":[]}},"elements":[],"isInner":false,"widgetType":"heading","elType":"widget"},{"id":"98765f9","settings":{"editor":"Lorem ipsum dolor sit amet, consectetur adipiscing elit. Quisque vel dolor a sapien sodales molestie at non libero. Integer rutrum dolor at justo finibus tempus. Sed fermentum , mi vel fringilla elementum, felis turpis cursus.","_padding":{"unit":"%","top":"0","right":"0","bottom":"2","left":"0","isLinked":""},"align":"center","_padding_tablet":{"unit":"%","top":"0","right":"0","bottom":"4","left":"0","isLinked":""},"align_tablet":"center","text_color":"#000000","typography_typography":"custom","typography_font_family":"Work Sans","typography_font_size":{"unit":"px","size":"20","sizes":[]},"typography_font_size_tablet":{"unit":"px","size":"18","sizes":[]},"typography_font_size_mobile":{"unit":"px","size":"16","sizes":[]},"typography_font_weight":"normal","typography_line_height":{"unit":"px","size":"33","sizes":[]},"typography_line_height_tablet":{"unit":"px","size":"29","sizes":[]},"typography_line_height_mobile":{"unit":"px","size":"26","sizes":[]},"_padding_mobile":{"unit":"%","top":"0","right":"0","bottom":"6","left":"0","isLinked":""},"_animation":"fadeInUp"},"elements":[],"isInner":false,"widgetType":"text-editor","elType":"widget"},{"id":"1d48f6f5","settings":{"text":"view our work","align":"center","button_text_color":"#FFFFFF","background_color":"#000000","button_background_hover_color":"#003AF1","_animation":"fadeInUp","typography_typography":"custom","typography_font_family":"Work Sans","typography_font_weight":"bold","typography_text_transform":"uppercase","typography_line_height":{"unit":"px","size":"28","sizes":[]},"typography_letter_spacing":{"unit":"px","size":"2.5","sizes":[]},"border_radius":{"unit":"px","top":"0","right":"0","bottom":"0","left":"0","isLinked":"1"},"_margin":{"unit":"%","top":"","right":"","bottom":"","left":"","isLinked":"1"},"motion_fx_translateY_speed":{"unit":"px","size":"0.4","sizes":[]},"animation_duration":"slow"},"elements":[],"isInner":false,"widgetType":"button","elType":"widget"}],"isInner":"1","elType":"column"}],"isInner":"1","elType":"section"},{"id":"3f5d5abc","settings":{"image":{"id":345,"url":"http:\/\/library.elementor.com\/wp-content\/uploads\/2020\/05\/What-we-are-all-about-bg-pic-ver2.jpg"},"width":{"unit":"%","size":"100","sizes":[]}},"elements":[],"isInner":false,"widgetType":"image","elType":"widget"}],"isInner":"","elType":"column"}],"isInner":"","elType":"section"},{"id":"26ec2185","settings":{"layout":"full_width","height":"min-height","custom_height":{"unit":"vh","size":"50","sizes":[]},"custom_height_tablet":{"unit":"vh","size":"46","sizes":[]},"custom_height_mobile":{"unit":"vh","size":"75","sizes":[]},"column_position":"stretch","padding":{"unit":"%","top":"0","right":"0","bottom":"0","left":"12","isLinked":""},"padding_tablet":{"unit":"px","top":"0","right":"0","bottom":"0","left":"0","isLinked":"1"},"margin":{"unit":"px","top":"","right":"0","bottom":"","left":"0","isLinked":"1"},"_title":"kingshead membership","overflow":"hidden","background_background":"classic","_timestamp_":"v1UDBjV1ZKV2V5WXFrM3hsRHQ3eEpNdz09"},"elements":[{"id":"88a7b3f","settings":{"_column_size":"100","content_position":"center","background_background":"classic","background_color":"#003AF1","padding":{"unit":"%","top":"0","right":"20","bottom":"0","left":"20","isLinked":""},"padding_tablet":{"unit":"%","top":"0","right":"10","bottom":"0","left":"10","isLinked":""},"motion_fx_motion_fx_scrolling":"yes"},"elements":[{"id":"1f444533","settings":{"title":"kingshead membership","align":"center","_offset_x":{"unit":"%","size":"-40","sizes":[]},"_offset_y":{"unit":"%","size":"50","sizes":[]},"_padding":{"unit":"%","top":"","right":"","bottom":"","left":"","isLinked":"1"},"_element_custom_width":{"unit":"%","size":"80","sizes":[]},"_element_custom_width_tablet":{"unit":"%","size":"90","sizes":[]},"_offset_x_tablet":{"unit":"vw","size":"5","sizes":[]},"_offset_y_tablet":{"unit":"%","size":"","sizes":[]},"_offset_x_mobile":{"unit":"%","size":"","sizes":[]},"_offset_y_mobile":{"unit":"%","size":"48","sizes":[]},"_margin":{"unit":"%","top":"0","right":"0","bottom":"1","left":"0","isLinked":""},"title_color":"#FFFFFF","typography_typography":"custom","typography_font_family":"Domine","typography_font_size":{"unit":"px","size":"40","sizes":[]},"typography_font_size_tablet":{"unit":"px","size":"32","sizes":[]},"typography_font_size_mobile":{"unit":"px","size":"22","sizes":[]},"typography_font_weight":"bold","typography_text_transform":"uppercase","typography_line_height":{"unit":"px","size":"56","sizes":[]},"typography_line_height_tablet":{"unit":"px","size":"40","sizes":[]},"typography_line_height_mobile":{"unit":"px","size":"30","sizes":[]},"typography_letter_spacing":{"unit":"px","size":"2.55","sizes":[]},"typography_letter_spacing_mobile":{"unit":"px","size":"2","sizes":[]},"_padding_mobile":{"unit":"%","top":"0","right":"4","bottom":"0","left":"4","isLinked":""},"_animation":"fadeInUp","animation_duration":"fast"},"elements":[],"isInner":false,"widgetType":"heading","elType":"widget"},{"id":"7fdf6678","settings":{"editor":"Lorem ipsum dolor sit amet, consectetur adipiscing elit. Quisque vel dolor a sapien sodales molestie at non libero. Integer rutrum dolor at justo finibus tempus. Sed fermentum , mi vel fringilla elementum, felis turpis cursus.","text_color":"#FFFFFF","_padding":{"unit":"%","top":"0","right":"0","bottom":"2","left":"0","isLinked":""},"align":"center","align_tablet":"center","typography_typography":"custom","typography_font_family":"Work Sans","typography_font_size":{"unit":"px","size":"20","sizes":[]},"typography_font_size_tablet":{"unit":"px","size":"18","sizes":[]},"typography_font_size_mobile":{"unit":"px","size":"16","sizes":[]},"typography_font_weight":"normal","typography_line_height":{"unit":"px","size":"33","sizes":[]},"typography_line_height_tablet":{"unit":"px","size":"29","sizes":[]},"typography_line_height_mobile":{"unit":"px","size":"26","sizes":[]},"_padding_tablet":{"unit":"%","top":"","right":"","bottom":"","left":"","isLinked":"1"},"_padding_mobile":{"unit":"%","top":"","right":"","bottom":"","left":"","isLinked":"1"},"_animation":"fadeInUp"},"elements":[],"isInner":false,"widgetType":"text-editor","elType":"widget"},{"id":"549f3a76","settings":{"text":"more information","align":"center","button_text_color":"#FFFFFF","background_color":"#000000","button_background_hover_color":"#FFFFFF","hover_color":"#003AF1","_animation":"fadeInUp","align_tablet":"center","typography_typography":"custom","typography_font_family":"Work Sans","typography_font_weight":"bold","typography_text_transform":"uppercase","typography_line_height":{"unit":"px","size":"28","sizes":[]},"typography_letter_spacing":{"unit":"px","size":"2.5","sizes":[]},"border_radius":{"unit":"px","top":"0","right":"0","bottom":"0","left":"0","isLinked":"1"},"_margin":{"unit":"%","top":"","right":"","bottom":"","left":"","isLinked":"1"},"motion_fx_translateY_speed":{"unit":"px","size":"0.4","sizes":[]},"animation_duration":"slow"},"elements":[],"isInner":false,"widgetType":"button","elType":"widget"}],"isInner":"","elType":"column"}],"isInner":"","elType":"section"},{"id":"23620552","settings":{"layout":"full_width","margin":{"unit":"%","top":"20","right":"0","bottom":"18","left":"0","isLinked":""},"padding":{"unit":"%","top":"0","right":"15","bottom":"0","left":"15","isLinked":""},"_title":"Blog","background_background":"classic","background_image":{"id":"329","url":"http:\/\/library.elementor.com\/wp-content\/uploads\/2020\/05\/blog_blue_Rectangle_bg.jpg"},"background_repeat":"no-repeat","background_size":"initial","background_bg_width":{"unit":"%","size":"11.5","sizes":[]},"background_overlay_background":"classic","background_overlay_image":{"id":"330","url":"http:\/\/library.elementor.com\/wp-content\/uploads\/2020\/05\/blog_bg_overlay_pic.jpg"},"background_overlay_repeat":"no-repeat","background_overlay_opacity":{"unit":"px","size":"1","sizes":[]},"css_filters_css_filter":"custom","css_filters_contrast":{"unit":"px","size":"68","sizes":[]},"css_filters_saturate":{"unit":"px","size":"0","sizes":[]},"background_size_tablet":"initial","background_bg_width_tablet":{"unit":"%","size":"12","sizes":[]},"background_overlay_position_mobile":"center left","background_overlay_size_tablet":"initial","background_overlay_size_mobile":"initial","background_overlay_bg_width_tablet":{"unit":"%","size":"22","sizes":[]},"background_overlay_bg_width_mobile":{"unit":"%","size":"25","sizes":[]},"margin_tablet":{"unit":"%","top":"26","right":"0","bottom":"20","left":"0","isLinked":""},"margin_mobile":{"unit":"%","top":"32","right":"0","bottom":"24","left":"0","isLinked":""},"padding_tablet":{"unit":"%","top":"0","right":"8","bottom":"0","left":"8","isLinked":""},"background_motion_fx_motion_fx_scrolling":"yes","background_motion_fx_translateY_speed":{"unit":"px","size":"0.1","sizes":[]},"overflow":"hidden","background_motion_fx_translateY_affectedRange":{"unit":"%","size":"","sizes":{"start":"15","end":"75"}},"background_motion_fx_translateX_effect":"yes","background_motion_fx_translateX_direction":"negative","background_motion_fx_translateX_speed":{"unit":"px","size":"0.6","sizes":[]},"background_motion_fx_range":"viewport","_timestamp_":"v1UDBjV1ZKV2V5WXFrM3hsRHQ3eEpNdz09"},"elements":[{"id":"4fd5ea02","settings":{"_column_size":"100","padding":{"unit":"px","top":"0","right":"0","bottom":"0","left":"0","isLinked":""},"space_between_widgets":"0"},"elements":[{"id":"10cb9326","settings":{"title":"Blog","align":"center","_offset_x":{"unit":"%","size":"-40","sizes":[]},"_offset_y":{"unit":"%","size":"50","sizes":[]},"_padding":{"unit":"%","top":"","right":"","bottom":"","left":"","isLinked":"1"},"_element_custom_width":{"unit":"%","size":"80","sizes":[]},"_element_custom_width_tablet":{"unit":"%","size":"90","sizes":[]},"_offset_x_tablet":{"unit":"vw","size":"5","sizes":[]},"_offset_y_tablet":{"unit":"%","size":"","sizes":[]},"_offset_x_mobile":{"unit":"%","size":"","sizes":[]},"_offset_y_mobile":{"unit":"%","size":"48","sizes":[]},"_margin":{"unit":"%","top":"0","right":"0","bottom":"5","left":"0","isLinked":""},"_margin_mobile":{"unit":"%","top":"0","right":"0","bottom":"14","left":"0","isLinked":""},"_margin_tablet":{"unit":"%","top":"0","right":"0","bottom":"8","left":"0","isLinked":""},"title_color":"#FFFFFF","typography_typography":"custom","typography_font_family":"Domine","typography_font_size":{"unit":"px","size":"40","sizes":[]},"typography_font_size_tablet":{"unit":"px","size":"32","sizes":[]},"typography_font_size_mobile":{"unit":"px","size":"22","sizes":[]},"typography_font_weight":"bold","typography_text_transform":"uppercase","typography_line_height":{"unit":"px","size":"56","sizes":[]},"typography_line_height_tablet":{"unit":"px","size":"40","sizes":[]},"typography_line_height_mobile":{"unit":"px","size":"30","sizes":[]},"typography_letter_spacing":{"unit":"px","size":"2.55","sizes":[]},"typography_letter_spacing_mobile":{"unit":"px","size":"2","sizes":[]},"_padding_mobile":{"unit":"%","top":"","right":"","bottom":"","left":"","isLinked":"1"}},"elements":[],"isInner":false,"widgetType":"heading","elType":"widget"},{"id":"71a3bf80","settings":{"classic_columns":"2","classic_meta_data":[],"classic_meta_separator":"\/\/\/","classic_read_more_text":"I want To Read More","cards_meta_separator":"\u2022","cards_read_more_text":"Read More \u00bb","full_content_meta_separator":"\/\/\/","pagination_page_limit":"5","pagination_prev_label":"&laquo; Previous","pagination_next_label":"Next &raquo;","classic_posts_per_page":"2","classic_thumbnail_size_size":"large","classic_item_ratio":{"unit":"px","size":"0.7","sizes":[]},"posts_order":"asc","classic_column_gap":{"unit":"px","size":"70","sizes":[]},"classic_row_gap":{"unit":"px","size":"40","sizes":[]},"classic_image_spacing":{"unit":"px","size":"40","sizes":[]},"classic_title_spacing":{"unit":"px","size":"20","sizes":[]},"classic_excerpt_color":"#414C4C","classic_excerpt_typography_typography":"custom","classic_excerpt_typography_font_size":{"unit":"px","size":"16","sizes":[]},"classic_excerpt_typography_line_height":{"unit":"px","size":"26","sizes":[]},"classic_excerpt_spacing":{"unit":"px","size":"45","sizes":[]},"classic_read_more_color":"#000000","classic_read_more_typography_typography":"custom","classic_read_more_typography_font_family":"Domine","classic_read_more_typography_font_size":{"unit":"px","size":"18","sizes":[]},"classic_read_more_typography_font_weight":"bold","classic_read_more_typography_text_transform":"uppercase","classic_read_more_typography_text_decoration":"underline","classic_read_more_typography_letter_spacing":{"unit":"px","size":"3.75","sizes":[]},"_margin":{"unit":"%","top":"0","right":"0","bottom":"6","left":"0","isLinked":""},"classic_item_ratio_mobile":{"unit":"px","size":"0.8","sizes":[]},"classic_content_padding":{"unit":"px","top":"0","right":"0","bottom":"40","left":"0","isLinked":""},"classic_read_more_typography_font_size_tablet":{"unit":"px","size":"12","sizes":[]},"classic_thumbnail_hover_filters_css_filter":"custom","classic_thumbnail_hover_filters_brightness":{"unit":"px","size":"85","sizes":[]},"classic_title_color":"#000000","classic_title_typography_typography":"custom","classic_title_typography_font_family":"Domine","classic_title_typography_font_size":{"unit":"px","size":"22","sizes":[]},"classic_title_typography_font_size_tablet":{"unit":"px","size":"18","sizes":[]},"classic_title_typography_font_weight":"bold","classic_title_typography_text_transform":"uppercase","classic_title_typography_line_height":{"unit":"px","size":"28","sizes":[]},"classic_title_typography_line_height_tablet":{"unit":"px","size":"24","sizes":[]},"classic_title_typography_letter_spacing":{"unit":"px","size":"4.58","sizes":[]},"classic_title_typography_letter_spacing_tablet":{"unit":"px","size":"3.4","sizes":[]},"classic_read_more_typography_letter_spacing_tablet":{"unit":"px","size":"2.45","sizes":[]}},"elements":[],"isInner":false,"widgetType":"posts","elType":"widget"},{"id":"5bc0dbda","settings":{"text":"see all posts","align":"center","button_text_color":"#FFFFFF","background_color":"#000000","button_background_hover_color":"#003AF1","typography_typography":"custom","typography_font_family":"Work Sans","typography_font_weight":"bold","typography_text_transform":"uppercase","typography_line_height":{"unit":"px","size":"28","sizes":[]},"typography_letter_spacing":{"unit":"px","size":"2.5","sizes":[]},"border_radius":{"unit":"px","top":"0","right":"0","bottom":"0","left":"0","isLinked":"1"},"_margin":{"unit":"%","top":"","right":"","bottom":"","left":"","isLinked":"1"},"motion_fx_translateY_speed":{"unit":"px","size":"0.4","sizes":[]},"_animation":"fadeInUp"},"elements":[],"isInner":false,"widgetType":"button","elType":"widget"}],"isInner":"","elType":"column"}],"isInner":"","elType":"section"}]}