{"version":"0.4","title":"13604","type":"page","content":[{"id":"3dc555b7","settings":{"layout":"full_width","content_width":{"unit":"px","size":"1340","sizes":[]},"padding":{"unit":"%","top":"3","right":"15","bottom":"0","left":"15","isLinked":""},"padding_tablet":{"unit":"%","top":"0","right":"8","bottom":"0","left":"8","isLinked":""},"_element_id":"footer","_title":"contact form","_timestamp_":"v1UDBjV1ZKV2V5WXFrM3hsRHQ3eEpNdz09"},"elements":[{"id":"2f8bbe1b","settings":{"_column_size":"100","padding":{"unit":"px","top":"0","right":"0","bottom":"0","left":"0","isLinked":""}},"elements":[{"id":"4fa6727b","settings":{"title":"Schedule An Appointment","align":"center","_offset_x":{"unit":"%","size":"-40","sizes":[]},"_offset_y":{"unit":"%","size":"50","sizes":[]},"_padding":{"unit":"%","top":"0","right":"0","bottom":"2","left":"0","isLinked":""},"_element_custom_width":{"unit":"%","size":"80","sizes":[]},"_element_custom_width_tablet":{"unit":"%","size":"90","sizes":[]},"_offset_x_tablet":{"unit":"vw","size":"5","sizes":[]},"_offset_y_tablet":{"unit":"%","size":"","sizes":[]},"_offset_x_mobile":{"unit":"%","size":"","sizes":[]},"_offset_y_mobile":{"unit":"%","size":"48","sizes":[]},"title_color":"#FFFFFF","typography_typography":"custom","typography_font_family":"Domine","typography_font_size":{"unit":"px","size":"40","sizes":[]},"typography_font_size_tablet":{"unit":"px","size":"32","sizes":[]},"typography_font_size_mobile":{"unit":"px","size":"22","sizes":[]},"typography_font_weight":"bold","typography_text_transform":"uppercase","typography_line_height":{"unit":"px","size":"56","sizes":[]},"typography_line_height_tablet":{"unit":"px","size":"40","sizes":[]},"typography_line_height_mobile":{"unit":"px","size":"30","sizes":[]},"typography_letter_spacing":{"unit":"px","size":"2.55","sizes":[]},"typography_letter_spacing_mobile":{"unit":"px","size":"2","sizes":[]},"_padding_tablet":{"unit":"px","top":"0","right":"0","bottom":"4","left":"0","isLinked":""},"_padding_mobile":{"unit":"%","top":"","right":"","bottom":"","left":"","isLinked":"1"}},"elements":[],"isInner":false,"widgetType":"heading","elType":"widget"},{"id":"51ad92e5","settings":{"editor":"<p>Fill out your details below with the service that you need, date, and preferred hour, and we\u2019ll get back to you to complete the booking<\/p>","text_color":"#FFFFFF","_padding":{"unit":"%","top":"0","right":"12","bottom":"3","left":"12","isLinked":""},"align":"center","_margin_tablet":{"unit":"%","top":"0","right":"0","bottom":"0","left":"0","isLinked":""},"_padding_tablet":{"unit":"%","top":"0","right":"0","bottom":"6","left":"0","isLinked":""},"typography_typography":"custom","typography_font_family":"Work Sans","typography_font_size":{"unit":"px","size":"20","sizes":[]},"typography_font_size_tablet":{"unit":"px","size":"18","sizes":[]},"typography_font_size_mobile":{"unit":"px","size":"16","sizes":[]},"typography_font_weight":"normal","typography_line_height":{"unit":"px","size":"33","sizes":[]},"typography_line_height_tablet":{"unit":"px","size":"29","sizes":[]},"typography_line_height_mobile":{"unit":"px","size":"26","sizes":[]},"_padding_mobile":{"unit":"%","top":"0","right":"0","bottom":"6","left":"0","isLinked":""}},"elements":[],"isInner":false,"widgetType":"text-editor","elType":"widget"},{"id":"7e742112","settings":{"form_name":"Footer Form","form_fields":[{"custom_id":"name","field_type":"text","field_label":"Your Name","placeholder":"","width":"33","_id":"9724ad2","required":"true","field_options":"","allow_multiple":"","select_size":"","inline_list":"","field_html":"","width_tablet":"50","width_mobile":"","rows":"4","recaptcha_size":"normal","recaptcha_style":"light","recaptcha_badge":"bottomright","css_classes":"","field_value":"","file_sizes":"","file_types":"","allow_multiple_upload":"","max_files":"","acceptance_text":"","checked_by_default":"","field_min":"","field_max":"","min_date":"","max_date":"","use_native_date":"","use_native_time":""},{"custom_id":"field_0fbfb8e","field_type":"tel","field_label":"Your phone","placeholder":"","width":"33","required":"true","field_options":"","allow_multiple":"","select_size":"","inline_list":"","field_html":"","width_tablet":"50","width_mobile":"","rows":"4","recaptcha_size":"normal","recaptcha_style":"light","recaptcha_badge":"bottomright","css_classes":"","field_value":"","_id":"0fbfb8e","file_sizes":"","file_types":"","allow_multiple_upload":"","max_files":"","acceptance_text":"","checked_by_default":"","field_min":"","field_max":"","min_date":"","max_date":"","use_native_date":"","use_native_time":""},{"custom_id":"email","field_type":"email","required":"true","field_label":"Your Email","placeholder":"","width":"33","_id":"5f96c8c","field_options":"","allow_multiple":"","select_size":"","inline_list":"","field_html":"","width_tablet":"100","width_mobile":"","rows":"4","recaptcha_size":"normal","recaptcha_style":"light","recaptcha_badge":"bottomright","css_classes":"","field_value":"","file_sizes":"","file_types":"","allow_multiple_upload":"","max_files":"","acceptance_text":"","checked_by_default":"","field_min":"","field_max":"","min_date":"","max_date":"","use_native_date":"","use_native_time":""},{"custom_id":"field_135f29d","field_type":"select","required":"","field_label":"Select Service","placeholder":"","width":"50","field_options":"Hair cut\nShaving\nBeards\nFacial\ncoloring","allow_multiple":"","select_size":"","inline_list":"","field_html":"","width_tablet":"","width_mobile":"","rows":"4","recaptcha_size":"normal","recaptcha_style":"light","recaptcha_badge":"bottomright","css_classes":"","field_value":"","_id":"135f29d","file_sizes":"","file_types":"","allow_multiple_upload":"","max_files":"","acceptance_text":"","checked_by_default":"","field_min":"","field_max":"","min_date":"","max_date":"","use_native_date":"","use_native_time":""},{"custom_id":"field_6c0986e","field_type":"select","required":"","field_label":"With Whom?","placeholder":"","width":"50","field_options":"Anyone\nErik Bridges\nNick Brooks\nLorraine Herrera\nFranklin Knight\nCalvin Lewis","allow_multiple":"","select_size":"","inline_list":"","field_html":"","width_tablet":"","width_mobile":"","rows":"4","recaptcha_size":"normal","recaptcha_style":"light","recaptcha_badge":"bottomright","css_classes":"","field_value":"","_id":"6c0986e","file_sizes":"","file_types":"","allow_multiple_upload":"","max_files":"","acceptance_text":"","checked_by_default":"","field_min":"","field_max":"","min_date":"","max_date":"","use_native_date":"","use_native_time":""},{"custom_id":"field_b0fe699","field_type":"date","required":"","field_label":"Select a Date","placeholder":"click to select a date","width":"50","field_options":"Erik Bridges\nNick Brooks\nLorraine Herrera\nFranklin Knight\nCalvin Lewis","allow_multiple":"","select_size":"","inline_list":"","field_html":"","width_tablet":"","width_mobile":"","rows":"4","recaptcha_size":"normal","recaptcha_style":"light","recaptcha_badge":"bottomright","css_classes":"","field_value":"","_id":"b0fe699","file_sizes":"","file_types":"","allow_multiple_upload":"","max_files":"","acceptance_text":"","checked_by_default":"","field_min":"","field_max":"","min_date":"","max_date":"","use_native_date":"","use_native_time":""},{"custom_id":"field_a532e6f","field_type":"time","required":"","field_label":"Select Time","placeholder":"click to select an hour","width":"50","field_options":"Erik Bridges\nNick Brooks\nLorraine Herrera\nFranklin Knight\nCalvin Lewis","allow_multiple":"","select_size":"","inline_list":"","field_html":"","width_tablet":"","width_mobile":"","rows":"4","recaptcha_size":"normal","recaptcha_style":"light","recaptcha_badge":"bottomright","css_classes":"","field_value":"","_id":"a532e6f","file_sizes":"","file_types":"","allow_multiple_upload":"","max_files":"","acceptance_text":"","checked_by_default":"","field_min":"","field_max":"","min_date":"","max_date":"","use_native_date":"","use_native_time":""},{"custom_id":"message","field_type":"textarea","field_label":"A note to your barber","placeholder":"Write a message","width":"100","_id":"4a973f0","required":"","field_options":"","allow_multiple":"","select_size":"","inline_list":"","field_html":"","width_tablet":"","width_mobile":"","rows":"4","recaptcha_size":"normal","recaptcha_style":"light","recaptcha_badge":"bottomright","css_classes":"","field_value":"","file_sizes":"","file_types":"","allow_multiple_upload":"","max_files":"","acceptance_text":"","checked_by_default":"","field_min":"","field_max":"","min_date":"","max_date":"","use_native_date":"","use_native_time":""}],"input_size":"lg","mark_required":"yes","button_text":"Schedule Now","button_align":"center","email_content":"[all-fields]","email_content_2":"[all-fields]","success_message":"The form was sent successfully.","error_message":"An error occured.","required_field_message":"This field is required.","invalid_message":"There's something wrong. The form is invalid.","column_gap":{"unit":"px","size":"26","sizes":[]},"row_gap":{"unit":"px","size":"24","sizes":[]},"label_spacing":{"unit":"px","size":"12","sizes":[]},"button_align_mobile":"stretch","success_message_color":"#003AF1","error_message_color":"#FF0000","inline_message_color":"#FFFFFF","animation_duration":"slow","label_color":"#000000","mark_required_color":"#000000","label_typography_typography":"custom","label_typography_font_family":"Work Sans","label_typography_font_size":{"unit":"px","size":"12","sizes":[]},"label_typography_font_weight":"normal","label_typography_text_transform":"capitalize","field_text_color":"#000000","field_typography_typography":"custom","field_typography_font_family":"Work Sans","field_typography_font_size":{"unit":"px","size":"14","sizes":[]},"field_typography_text_transform":"capitalize","field_background_color":"#FFFFFF","field_border_color":"#B0B6B6","field_border_width":{"unit":"px","top":"0","right":"0","bottom":"0","left":"0","isLinked":"1"},"field_border_radius":{"unit":"px","top":"0","right":"0","bottom":"0","left":"0","isLinked":"1"},"button_background_color":"#003AF1","button_typography_typography":"custom","button_typography_font_family":"Work Sans","button_typography_font_size":{"unit":"px","size":"14","sizes":[]},"button_typography_font_weight":"bold","button_typography_text_transform":"uppercase","button_typography_line_height":{"unit":"px","size":"28","sizes":[]},"button_typography_letter_spacing":{"unit":"px","size":"2.92","sizes":[]},"button_border_radius":{"unit":"px","top":"0","right":"0","bottom":"0","left":"0","isLinked":"1"},"button_background_hover_color":"#000000","button_text_color":"#FFFFFF"},"elements":[],"isInner":false,"widgetType":"form","elType":"widget"}],"isInner":"","elType":"column"}],"isInner":"","elType":"section"},{"id":"3ae412f9","settings":{"layout":"full_width","content_width":{"unit":"px","size":"1340","sizes":[]},"height":"min-height","custom_height":{"unit":"vh","size":"38","sizes":[]},"column_position":"bottom","padding":{"unit":"%","top":"0","right":"15","bottom":"2","left":"15","isLinked":""},"padding_tablet":{"unit":"%","top":"0","right":"8","bottom":"0","left":"8","isLinked":""},"custom_height_mobile":{"unit":"vh","size":"55","sizes":[]},"_title":"footer","_timestamp_":"v1UDBjV1ZKV2V5WXFrM3hsRHQ3eEpNdz09"},"elements":[{"id":"4dd2cde2","settings":{"_column_size":"100","space_between_widgets":"10"},"elements":[{"id":"e9dc932","settings":{"title":"Follow Us","header_size":"h6","align":"center","typography_typography":"custom","typography_font_family":"Work Sans","typography_font_size":{"unit":"px","size":"12","sizes":[]},"typography_font_weight":"normal","typography_text_transform":"uppercase","typography_line_height":{"unit":"px","size":"28","sizes":[]},"typography_letter_spacing":{"unit":"px","size":"2","sizes":[]},"title_color":"#000000"},"elements":[],"isInner":false,"widgetType":"heading","elType":"widget"},{"id":"2b6d4413","settings":{"social_icon_list":[{"social_icon":{"value":"fab fa-facebook-f","library":"fa-brands"},"_id":"7aad70b","link":{"url":"","is_external":"true","nofollow":"","custom_attributes":""},"item_icon_color":"default","item_icon_primary_color":"","item_icon_secondary_color":""},{"social_icon":{"value":"fab fa-instagram","library":"fa-brands"},"_id":"c97bc5f","link":{"url":"","is_external":"true","nofollow":"","custom_attributes":""},"item_icon_color":"default","item_icon_primary_color":"","item_icon_secondary_color":""},{"social_icon":{"value":"fab fa-youtube","library":"fa-brands"},"_id":"01265f6","link":{"url":"","is_external":"true","nofollow":"","custom_attributes":""},"item_icon_color":"default","item_icon_primary_color":"","item_icon_secondary_color":""}],"icon_color":"custom","icon_primary_color":"rgba(2, 1, 1, 0)","icon_size":{"unit":"px","size":"20","sizes":[]},"_element_vertical_align":"center","icon_secondary_color":"#003AF1","hover_secondary_color":"#FFFFFF","icon_size_tablet":{"unit":"px","size":"18","sizes":[]},"icon_size_mobile":{"unit":"px","size":"16","sizes":[]},"_margin_tablet":{"unit":"px","top":"0","right":"0","bottom":"0","left":"0","isLinked":""}},"elements":[],"isInner":false,"widgetType":"social-icons","elType":"widget"},{"id":"538392ec","settings":{"width":{"unit":"px","size":"90","sizes":[]},"align":"center","text":"Divider","color":"#003AF1","gap":{"unit":"px","size":"2","sizes":[]},"_padding":{"unit":"%","top":"1","right":"0","bottom":"1","left":"0","isLinked":""}},"elements":[],"isInner":false,"widgetType":"divider","elType":"widget"},{"id":"5bedeac3","settings":{"editor":"<p>kingshead barber shop, 3958 Sundown Lane, Austin TX 78736<br \/>512-555-0194 | info@kingsheadbarber.com<\/p>","align":"center","typography_typography":"custom","typography_letter_spacing":{"unit":"px","size":"0","sizes":[]},"typography_font_family":"Work Sans","typography_font_size":{"unit":"px","size":"12","sizes":[]},"typography_font_weight":"normal","typography_text_transform":"uppercase","typography_line_height":{"unit":"px","size":"28","sizes":[]},"text_color":"#000000"},"elements":[],"isInner":false,"widgetType":"text-editor","elType":"widget"}],"isInner":"","elType":"column"}],"isInner":"","elType":"section"}]}