{"version":"0.4","title":"13621","type":"page","content":[{"id":"737f7ea","settings":{"layout":"full_width","height":"min-height","custom_height":{"unit":"vh","size":"100","sizes":[]},"column_position":"stretch","structure":"20","_title":"hero section","reverse_order_tablet":"reverse-tablet","reverse_order_mobile":"reverse-mobile","custom_height_tablet":{"unit":"vh","size":"100","sizes":[]},"custom_height_mobile":{"unit":"vh","size":"100","sizes":[]},"margin_mobile":{"unit":"px","top":"","right":"0","bottom":"","left":"0","isLinked":"1"},"_timestamp_":"v1UDBjV1ZKV2V5WXFrM3hsRHQ3eEpNdz09"},"elements":[{"id":"30488ece","settings":{"_column_size":"50","content_position":"center","space_between_widgets":"0","padding":{"unit":"%","top":"2","right":"33","bottom":"0","left":"0","isLinked":""},"_inline_size_tablet":"100","content_position_tablet":"top","padding_tablet":{"unit":"px","top":"0","right":"0","bottom":"0","left":"0","isLinked":""},"margin_tablet":{"unit":"px","top":"0","right":"0","bottom":"0","left":"0","isLinked":""}},"elements":[{"id":"1ebf6289","settings":{"layout":"full_width","background_background":"classic","margin_tablet":{"unit":"px","top":"0","right":"0","bottom":"0","left":"0","isLinked":""},"padding":{"unit":"%","top":"0","right":"8","bottom":"0","left":"0","isLinked":""},"padding_tablet":{"unit":"%","top":"0","right":"0","bottom":"0","left":"0","isLinked":""}},"elements":[{"id":"2d4ab8d2","settings":{"_column_size":"100","content_position":"center","background_background":"classic","background_color":"#003AF1","padding":{"unit":"%","top":"10","right":"10","bottom":"10","left":"10","isLinked":"1"},"padding_tablet":{"unit":"%","top":"7","right":"7","bottom":"7","left":"7","isLinked":"1"}},"elements":[{"id":"3f0fd62a","settings":{"view":"traditional","icon_list":[{"type":"author","selected_icon":{"value":"far fa-user-circle","library":"fa-regular"},"_id":"2668df1","date_format":"default","custom_date_format":"F j, Y","time_format":"default","custom_time_format":"g:i a","taxonomy":[],"text_prefix":"by","show_avatar":"","avatar_size":{"unit":"px","size":"","sizes":[]},"avatar_size_tablet":{"unit":"px","size":"","sizes":[]},"avatar_size_mobile":{"unit":"px","size":"","sizes":[]},"comments_custom_strings":"","string_no_comments":"","string_one_comment":"","string_comments":"","custom_text":"","link":"","custom_url":{"url":"","is_external":"","nofollow":"","custom_attributes":""},"show_icon":"none"},{"type":"date","selected_icon":{"value":"fas fa-calendar","library":"fa-solid"},"_id":"468ba8b","date_format":"0","custom_date_format":"F j, Y","time_format":"default","custom_time_format":"g:i a","taxonomy":[],"text_prefix":"published","show_avatar":"","avatar_size":{"unit":"px","size":"","sizes":[]},"avatar_size_tablet":{"unit":"px","size":"","sizes":[]},"avatar_size_mobile":{"unit":"px","size":"","sizes":[]},"comments_custom_strings":"","string_no_comments":"","string_one_comment":"","string_comments":"","custom_text":"","link":"","custom_url":{"url":"","is_external":"","nofollow":"","custom_attributes":""},"show_icon":"none"}],"text_color":"#FFFFFF","_margin":{"unit":"%","top":"0","right":"0","bottom":"0","left":"0","isLinked":""},"_margin_tablet":{"unit":"px","top":"0","right":"0","bottom":"0","left":"0","isLinked":""},"_padding":{"unit":"%","top":"","right":"","bottom":"","left":"","isLinked":"1"},"_background_background":"classic","icon_align_tablet":"center","_padding_tablet":{"unit":"px","top":"0","right":"0","bottom":"0","left":"0","isLinked":""},"icon_typography_typography":"custom","icon_typography_font_family":"Work Sans","icon_typography_font_size":{"unit":"px","size":"20","sizes":[]},"icon_typography_font_size_tablet":{"unit":"px","size":"18","sizes":[]},"icon_typography_font_size_mobile":{"unit":"px","size":"16","sizes":[]},"icon_typography_line_height":{"unit":"px","size":"33","sizes":[]},"icon_typography_line_height_tablet":{"unit":"px","size":"29","sizes":[]},"icon_typography_line_height_mobile":{"unit":"px","size":"26","sizes":[]}},"elements":[],"isInner":false,"widgetType":"post-info","elType":"widget"}],"isInner":"1","elType":"column"}],"isInner":"1","elType":"section"},{"id":"3bbf1355","settings":{"image":{"id":"333","url":"http:\/\/library.elementor.com\/wp-content\/uploads\/2020\/05\/barber1-pic.jpg"},"css_filters_contrast":{"unit":"px","size":"50","sizes":[]},"css_filters_saturate":{"unit":"px","size":"0","sizes":[]},"_element_width":"initial","_element_custom_width":{"unit":"%","size":"100","sizes":[]},"width":{"unit":"%","size":"100","sizes":[]},"width_tablet":{"unit":"%","size":"80","sizes":[]},"_margin_tablet":{"unit":"px","top":"0","right":"0","bottom":"0","left":"0","isLinked":""},"_z_index":"0","_margin_mobile":{"unit":"px","top":"0","right":"0","bottom":"0","left":"0","isLinked":""},"align":"left","css_filters_css_filter":"custom"},"elements":[],"isInner":false,"widgetType":"image","elType":"widget"}],"isInner":"","elType":"column"},{"id":"e44281e","settings":{"_column_size":"50","background_background":"classic","background_position":"center center","background_size":"cover","padding":{"unit":"px","top":"0","right":"0","bottom":"0","left":"0","isLinked":""},"_inline_size_tablet":"100","content_position":"bottom","background_overlay_background":"classic","background_overlay_opacity":{"unit":"px","size":"1","sizes":[]},"padding_tablet":{"unit":"%","top":"80","right":"0","bottom":"0","left":"0","isLinked":""},"padding_mobile":{"unit":"%","top":"130","right":"0","bottom":"0","left":"0","isLinked":""},"background_overlay_repeat":"no-repeat","background_overlay_size":"cover","css_filters_css_filter":"custom","css_filters_contrast":{"unit":"px","size":"68","sizes":[]},"css_filters_saturate":{"unit":"px","size":"0","sizes":[]},"__dynamic__":{"background_image":"[elementor-tag id=\"17f0ae6\" name=\"post-featured-image\" settings=\"%7B%7D\"]"}},"elements":[{"id":"5ea6aa82","settings":{"layout":"full_width","background_background":"classic","background_color":"#FFFFFF","padding":{"unit":"%","top":"11","right":"10","bottom":"11","left":"10","isLinked":""},"padding_tablet":{"unit":"%","top":"6","right":"6","bottom":"6","left":"6","isLinked":"1"},"padding_mobile":{"unit":"%","top":"8","right":"4","bottom":"8","left":"4","isLinked":""}},"elements":[{"id":"8e764ef","settings":{"_column_size":"100","padding":{"unit":"%","top":"0","right":"0","bottom":"0","left":"0","isLinked":""}},"elements":[{"id":"4f968072","settings":{"title":"","header_size":"h1","align":"center","_offset_x":{"unit":"%","size":"-40","sizes":[]},"_offset_y":{"unit":"%","size":"50","sizes":[]},"_padding":{"unit":"%","top":"","right":"","bottom":"","left":"","isLinked":"1"},"_element_custom_width":{"unit":"%","size":"80","sizes":[]},"_element_custom_width_tablet":{"unit":"%","size":"","sizes":[]},"_offset_x_tablet":{"unit":"vw","size":"5","sizes":[]},"_offset_y_tablet":{"unit":"%","size":"","sizes":[]},"_offset_x_mobile":{"unit":"%","size":"","sizes":[]},"_offset_y_mobile":{"unit":"%","size":"45","sizes":[]},"_background_background":"classic","_padding_mobile":{"unit":"%","top":"","right":"","bottom":"","left":"","isLinked":"1"},"_padding_tablet":{"unit":"%","top":"","right":"","bottom":"","left":"","isLinked":"1"},"__dynamic__":{"title":"[elementor-tag id=\"e2a0e7b\" name=\"post-title\" settings=\"%7B%7D\"]"},"title_color":"#003AF1","typography_typography":"custom","typography_font_family":"Domine","typography_font_size":{"unit":"px","size":"50","sizes":[]},"typography_font_size_tablet":{"unit":"px","size":"42","sizes":[]},"typography_font_size_mobile":{"unit":"px","size":"26","sizes":[]},"typography_font_weight":"bold","typography_text_transform":"uppercase","typography_line_height":{"unit":"px","size":"64","sizes":[]},"typography_line_height_tablet":{"unit":"px","size":"54","sizes":[]},"typography_line_height_mobile":{"unit":"px","size":"38","sizes":[]},"typography_letter_spacing":{"unit":"px","size":"3.43","sizes":[]},"typography_letter_spacing_mobile":{"unit":"px","size":"2","sizes":[]},"motion_fx_scale_speed":{"unit":"px","size":"1","sizes":[]},"_animation":"none","animation_duration":"slow"},"elements":[],"isInner":false,"widgetType":"heading","elType":"widget"}],"isInner":"1","elType":"column"}],"isInner":"1","elType":"section"}],"isInner":"","elType":"column"}],"isInner":"","elType":"section"},{"id":"56d6f7a","settings":{"layout":"full_width","custom_height":{"unit":"vh","size":"100","sizes":[]},"column_position":"stretch","_title":"scroll down icon","custom_height_tablet":{"unit":"vh","size":"100","sizes":[]},"custom_height_mobile":{"unit":"vh","size":"100","sizes":[]},"margin":{"unit":"px","top":"-70","right":"0","bottom":"0","left":"0","isLinked":""},"padding":{"unit":"%","top":"0","right":"0","bottom":"0","left":"50","isLinked":""},"padding_tablet":{"unit":"px","top":"0","right":"0","bottom":"0","left":"0","isLinked":"1"},"margin_mobile":{"unit":"px","top":"-60","right":"0","bottom":"0","left":"0","isLinked":""},"_timestamp_":"v1UDBjV1ZKV2V5WXFrM3hsRHQ3eEpNdz09"},"elements":[{"id":"6cc50cd8","settings":{"_column_size":"100","background_background":"classic","background_position":"center center","background_size":"cover","padding":{"unit":"px","top":"0","right":"0","bottom":"0","left":"0","isLinked":""},"_inline_size_tablet":"100","content_position":"bottom","background_overlay_background":"classic","background_overlay_opacity":{"unit":"px","size":"","sizes":[]},"padding_tablet":{"unit":"%","top":"","right":"","bottom":"","left":"","isLinked":"1"},"padding_mobile":{"unit":"%","top":"","right":"","bottom":"","left":"","isLinked":"1"}},"elements":[{"id":"5cd34dd","settings":{"selected_icon":{"value":{"id":"302","url":"http:\/\/library.elementor.com\/wp-content\/uploads\/2020\/05\/hero-scrollicon.svg"},"library":"svg"},"view":"stacked","shape":"square","primary_color":"#003AF1","secondary_color":"#FFFFFF","size":{"unit":"px","size":"30","sizes":[]},"icon_padding":{"unit":"px","size":"20","sizes":[]},"_margin":{"unit":"px","top":"0","right":"0","bottom":"-10","left":"0","isLinked":""},"_element_vertical_align":"flex-end","_offset_x":{"unit":"%","size":"","sizes":[]},"_offset_orientation_v":"end","_offset_y_end":{"unit":"%","size":"0","sizes":[]},"_offset_y_end_tablet":{"unit":"vh","size":"","sizes":[]},"link":{"url":"#postcontent","is_external":"","nofollow":"","custom_attributes":""},"_offset_x_tablet":{"unit":"%","size":"","sizes":[]},"_offset_x_mobile":{"unit":"%","size":"","sizes":[]},"size_mobile":{"unit":"px","size":"20","sizes":[]},"align":"left","hover_primary_color":"#000000","_animation":"fadeIn"},"elements":[],"isInner":false,"widgetType":"icon","elType":"widget"}],"isInner":"","elType":"column"}],"isInner":"","elType":"section"},{"id":"479208ab","settings":{"margin":{"unit":"%","top":"12","right":"0","bottom":"12","left":"0","isLinked":""},"_element_id":"postcontent","content_width":{"unit":"px","size":"914","sizes":[]},"background_background":"classic","background_image":{"id":362,"url":"http:\/\/library.elementor.com\/wp-content\/uploads\/2020\/05\/blog_blue_Rectangle_bg-3.jpg"},"background_position":"initial","background_xpos":{"unit":"%","size":"100","sizes":[]},"background_ypos":{"unit":"%","size":"58.18","sizes":[]},"background_repeat":"no-repeat","background_size":"initial","background_size_tablet":"initial","background_bg_width":{"unit":"%","size":"8","sizes":[]},"background_bg_width_tablet":{"unit":"%","size":"8","sizes":[]},"background_bg_width_mobile":{"unit":"px","size":"0","sizes":[]},"background_overlay_background":"classic","background_overlay_position":"initial","background_overlay_xpos":{"unit":"%","size":"0","sizes":[]},"background_overlay_xpos_tablet":{"unit":"%","size":"100","sizes":[]},"background_overlay_xpos_mobile":{"unit":"%","size":"20","sizes":[]},"background_overlay_ypos":{"unit":"%","size":"30","sizes":[]},"background_overlay_ypos_tablet":{"unit":"%","size":"79","sizes":[]},"background_overlay_repeat":"no-repeat","background_overlay_size_tablet":"initial","background_overlay_bg_width_tablet":{"unit":"%","size":"7","sizes":[]},"background_overlay_opacity":{"unit":"px","size":"1","sizes":[]},"css_filters_contrast":{"unit":"px","size":"67","sizes":[]},"css_filters_saturate":{"unit":"px","size":"0","sizes":[]},"margin_tablet":{"unit":"%","top":"20","right":"0","bottom":"20","left":"0","isLinked":"1"},"margin_mobile":{"unit":"%","top":"32","right":"0","bottom":"32","left":"0","isLinked":"1"},"padding_tablet":{"unit":"%","top":"0","right":"12","bottom":"0","left":"12","isLinked":""},"_title":"post content","padding_mobile":{"unit":"%","top":"0","right":"10","bottom":"0","left":"10","isLinked":""},"background_motion_fx_translateY_speed":{"unit":"px","size":"0.8","sizes":[]},"background_motion_fx_motion_fx_scrolling":"yes","background_motion_fx_translateY_effect":"yes","background_motion_fx_translateX_speed":{"unit":"px","size":"0.8","sizes":[]},"_timestamp_":"v1UDBjV1ZKV2V5WXFrM3hsRHQ3eEpNdz09"},"elements":[{"id":"5ec646d3","settings":{"_column_size":"100","padding":{"unit":"px","top":"0","right":"0","bottom":"0","left":"0","isLinked":""}},"elements":[{"id":"2108e83","settings":{"text_color":"#414C4C","typography_typography":"custom","typography_font_size":{"unit":"px","size":"16","sizes":[]},"typography_font_size_tablet":{"unit":"px","size":"15","sizes":[]},"typography_font_size_mobile":{"unit":"px","size":"14","sizes":[]},"typography_line_height":{"unit":"px","size":"26","sizes":[]},"typography_line_height_tablet":{"unit":"px","size":"25","sizes":[]},"typography_line_height_mobile":{"unit":"px","size":"24","sizes":[]},"_padding":{"unit":"%","top":"0","right":"0","bottom":"4","left":"0","isLinked":""},"typography_font_family":"Work Sans"},"elements":[],"isInner":false,"widgetType":"theme-post-content","elType":"widget"},{"id":"48831ac2","settings":{"social_icon_list":[{"social_icon":{"value":"fab fa-youtube","library":"fa-brands"},"_id":"01265f6","link":{"url":"","is_external":"true","nofollow":"","custom_attributes":""},"item_icon_color":"default","item_icon_primary_color":"","item_icon_secondary_color":""},{"social_icon":{"value":"fab fa-instagram","library":"fa-brands"},"_id":"c97bc5f","link":{"url":"","is_external":"true","nofollow":"","custom_attributes":""},"item_icon_color":"default","item_icon_primary_color":"","item_icon_secondary_color":""},{"social_icon":{"value":"fab fa-facebook-f","library":"fa-brands"},"_id":"7aad70b","link":{"url":"","is_external":"true","nofollow":"","custom_attributes":""},"item_icon_color":"default","item_icon_primary_color":"","item_icon_secondary_color":""}],"icon_color":"custom","icon_primary_color":"rgba(2, 1, 1, 0)","icon_size":{"unit":"px","size":"18","sizes":[]},"_margin":{"unit":"%","top":"0","right":"0","bottom":"2","left":"0","isLinked":""},"_element_vertical_align":"center","icon_secondary_color":"#003AF1","hover_secondary_color":"#FFFFFF","_margin_tablet":{"unit":"%","top":"0","right":"0","bottom":"4","left":"0","isLinked":""}},"elements":[],"isInner":false,"widgetType":"social-icons","elType":"widget"},{"id":"20808931","settings":{"prev_label":"Previous Article","next_label":"Next Article","show_arrow":"","show_title":"","show_borders":"","label_color":"#000000","label_typography_typography":"custom","label_typography_font_family":"Domine","label_typography_font_weight":"bold","label_typography_text_transform":"uppercase","label_typography_text_decoration":"underline","label_typography_letter_spacing":{"unit":"px","size":"3.33","sizes":[]},"_margin":{"unit":"%","top":"0","right":"0","bottom":"0","left":"0","isLinked":""},"_padding":{"unit":"%","top":"1.5","right":"0","bottom":"5","left":"0","isLinked":""},"_padding_tablet":{"unit":"%","top":"3","right":"0","bottom":"8","left":"0","isLinked":""},"_padding_mobile":{"unit":"%","top":"4","right":"0","bottom":"20","left":"0","isLinked":""},"_border_border":"solid","_border_width":{"unit":"px","top":"1","right":"0","bottom":"0","left":"0","isLinked":""},"_border_color":"#414C4C","_border_radius":{"unit":"px","top":"0","right":"0","bottom":"0","left":"0","isLinked":"1"},"label_hover_color":"#003AF1"},"elements":[],"isInner":false,"widgetType":"post-navigation","elType":"widget"},{"id":"4777301f","settings":{"title":"You\u2019ll also like","header_size":"h3","align":"center","_margin":{"unit":"%","top":"0","right":"0","bottom":"4","left":"0","isLinked":""},"_animation":"fadeInUp","title_color":"#000000","typography_typography":"custom","typography_font_family":"Domine","typography_font_size_tablet":{"unit":"px","size":"18","sizes":[]},"typography_font_weight":"bold","typography_text_transform":"uppercase","typography_letter_spacing_tablet":{"unit":"px","size":"2.75","sizes":[]},"typography_letter_spacing_mobile":{"unit":"px","size":"2","sizes":[]},"typography_font_size":{"unit":"rem","size":1.75,"sizes":[]},"typography_letter_spacing":{"unit":"px","size":4.58,"sizes":[]}},"elements":[],"isInner":false,"widgetType":"heading","elType":"widget"},{"id":"21cd8d9","settings":{"classic_columns":"2","classic_meta_data":[],"classic_meta_separator":"\/\/\/","classic_read_more_text":"I want To Read More","cards_meta_separator":"\u2022","cards_read_more_text":"Read More \u00bb","full_content_meta_separator":"\/\/\/","pagination_page_limit":"5","pagination_prev_label":"&laquo; Previous","pagination_next_label":"Next &raquo;","classic_posts_per_page":"2","classic_thumbnail_size_size":"large","classic_item_ratio":{"unit":"px","size":"0.7","sizes":[]},"posts_order":"asc","classic_column_gap":{"unit":"px","size":"70","sizes":[]},"classic_row_gap":{"unit":"px","size":"40","sizes":[]},"classic_image_spacing":{"unit":"px","size":"40","sizes":[]},"classic_title_spacing":{"unit":"px","size":"20","sizes":[]},"classic_excerpt_color":"#414C4C","classic_excerpt_typography_typography":"custom","classic_excerpt_typography_font_size":{"unit":"px","size":"16","sizes":[]},"classic_excerpt_typography_line_height":{"unit":"px","size":"26","sizes":[]},"classic_excerpt_spacing":{"unit":"px","size":"45","sizes":[]},"classic_read_more_color":"#000000","classic_read_more_typography_typography":"custom","classic_read_more_typography_font_family":"Domine","classic_read_more_typography_font_size":{"unit":"px","size":"18","sizes":[]},"classic_read_more_typography_font_weight":"bold","classic_read_more_typography_text_transform":"uppercase","classic_read_more_typography_text_decoration":"underline","classic_read_more_typography_letter_spacing":{"unit":"px","size":"3.75","sizes":[]},"_margin":{"unit":"%","top":"0","right":"0","bottom":"6","left":"0","isLinked":""},"classic_item_ratio_mobile":{"unit":"px","size":"0.8","sizes":[]},"classic_content_padding":{"unit":"px","top":"0","right":"0","bottom":"40","left":"0","isLinked":""},"classic_read_more_typography_font_size_tablet":{"unit":"px","size":"12","sizes":[]},"posts_exclude":["current_post"],"posts_avoid_duplicates":"yes","classic_thumbnail_hover_filters_css_filter":"custom","classic_thumbnail_hover_filters_brightness":{"unit":"px","size":"85","sizes":[]},"classic_title_color":"#000000","classic_title_typography_typography":"custom","classic_title_typography_font_family":"Domine","classic_title_typography_font_size":{"unit":"px","size":"22","sizes":[]},"classic_title_typography_font_size_tablet":{"unit":"px","size":"18","sizes":[]},"classic_title_typography_font_weight":"bold","classic_title_typography_text_transform":"uppercase","classic_title_typography_line_height":{"unit":"px","size":"28","sizes":[]},"classic_title_typography_line_height_tablet":{"unit":"px","size":"24","sizes":[]},"classic_title_typography_letter_spacing":{"unit":"px","size":"4.58","sizes":[]},"classic_title_typography_letter_spacing_tablet":{"unit":"px","size":"3.4","sizes":[]},"classic_read_more_typography_letter_spacing_tablet":{"unit":"px","size":"2.45","sizes":[]}},"elements":[],"isInner":false,"widgetType":"posts","elType":"widget"}],"isInner":"","elType":"column"}],"isInner":"","elType":"section"}]}