{"version":"0.4","title":"13917","type":"page","content":[{"id":"2f715fc6","settings":{"height":"min-height","custom_height":{"unit":"vh","size":"80","sizes":[]},"content_position":"middle","structure":"20","background_position":"center right","background_repeat":"no-repeat","custom_height_tablet":{"unit":"vh","size":"","sizes":[]},"custom_height_mobile":{"unit":"vh","size":"80","sizes":[]},"column_position":"stretch","padding_tablet":{"unit":"%","top":"4","right":"5","bottom":"0","left":"5","isLinked":""},"padding_mobile":{"unit":"%","top":"0","right":"5","bottom":"0","left":"5","isLinked":""},"margin":{"unit":"%","top":"2","right":"0","bottom":"0","left":"0","isLinked":""},"margin_tablet":{"unit":"%","top":"","right":"0","bottom":"","left":"0","isLinked":"1"},"_title":"Hero","background_background":"classic","background_image":{"id":"2778","url":"https:\/\/library.elementor.com\/wp-content\/uploads\/2020\/06\/AboutPage-Hero-Shape.png"},"background_position_tablet":"bottom right","background_size":"auto","background_size_tablet":"initial","background_bg_width_tablet":{"unit":"%","size":"23","sizes":[]},"background_motion_fx_motion_fx_scrolling":"yes","background_motion_fx_translateY_effect":"yes","background_motion_fx_translateX_direction":"negative","background_motion_fx_translateX_speed":{"unit":"px","size":"2.1","sizes":[]},"background_motion_fx_devices":["desktop"],"background_motion_fx_range":"page","content_width":{"unit":"px","size":1600,"sizes":[]},"_timestamp_":"v1UDBjV1ZKV2V5WXFrM3hsRHQ3eEpNdz09"},"elements":[{"id":"2e2c708d","settings":{"_column_size":"50","_inline_size_tablet":"100","space_between_widgets_tablet":"15","margin":{"unit":"%","top":"0","right":"15","bottom":"0","left":"0","isLinked":""},"margin_mobile":{"unit":"%","top":"12","right":"0","bottom":"3","left":"0","isLinked":""}},"elements":[{"id":"e97ae9a","settings":{"title":"Japanese Fusion <br>\nCuisine","header_size":"h1","title_color":"#FEF8EE","typography_typography":"custom","typography_font_family":"Nanum Gothic","typography_font_size":{"unit":"px","size":"54","sizes":[]},"typography_font_size_tablet":{"unit":"px","size":"32","sizes":[]},"typography_font_size_mobile":{"unit":"px","size":"28","sizes":[]},"typography_font_weight":"300","typography_text_transform":"uppercase","typography_line_height":{"unit":"px","size":"64","sizes":[]},"typography_line_height_tablet":{"unit":"px","size":"44","sizes":[]},"typography_line_height_mobile":{"unit":"px","size":"36","sizes":[]},"typography_letter_spacing":{"unit":"px","size":"0.75","sizes":[]}},"elements":[],"isInner":false,"widgetType":"heading","elType":"widget"},{"id":"4ec5cc1d","settings":{"view":"inline","icon_list":[{"text":"","selected_icon":{"value":{"id":"2745","url":"https:\/\/library.elementor.com\/wp-content\/uploads\/2020\/06\/h2shape_2.svg"},"library":"svg"},"link":{"url":"","is_external":"","nofollow":"","custom_attributes":""},"_id":"7ac53fa"},{"text":"","selected_icon":{"value":{"id":"2744","url":"https:\/\/library.elementor.com\/wp-content\/uploads\/2020\/06\/h2shape_1.svg"},"library":"svg"},"link":{"url":"","is_external":"","nofollow":"","custom_attributes":""},"_id":"696b74a"},{"text":"","selected_icon":{"value":{"id":"2746","url":"https:\/\/library.elementor.com\/wp-content\/uploads\/2020\/06\/h2shape_3.svg"},"library":"svg"},"link":{"url":"","is_external":"","nofollow":"","custom_attributes":""},"_id":"c01ad2c"},{"text":"","selected_icon":{"value":{"id":"2748","url":"https:\/\/library.elementor.com\/wp-content\/uploads\/2020\/06\/h2shape_5.svg"},"library":"svg"},"link":{"url":"","is_external":"","nofollow":"","custom_attributes":""},"_id":"635c78c"},{"text":"","selected_icon":{"value":{"id":"2747","url":"https:\/\/library.elementor.com\/wp-content\/uploads\/2020\/06\/h2shape_4.svg"},"library":"svg"},"link":{"url":"","is_external":"","nofollow":"","custom_attributes":""},"_id":"80edf78"}],"space_between":{"unit":"px","size":"0","sizes":[]},"icon_color":"#FEF8EE","icon_size":{"unit":"px","size":"37","sizes":[]},"icon_self_align":"left","text_indent":{"unit":"px","size":"0","sizes":[]},"space_between_tablet":{"unit":"px","size":"6","sizes":[]},"space_between_mobile":{"unit":"px","size":"6","sizes":[]},"icon_size_tablet":{"unit":"px","size":"16","sizes":[]},"icon_size_mobile":{"unit":"px","size":"14","sizes":[]},"icon_typography_line_height":{"unit":"em","size":"0.5","sizes":[]},"icon_typography_line_height_tablet":{"unit":"em","size":"0.1","sizes":[]},"icon_typography_line_height_mobile":{"unit":"em","size":"0.1","sizes":[]}},"elements":[],"isInner":false,"widgetType":"icon-list","elType":"widget"},{"id":"8b082ff","settings":{"width":{"unit":"px","size":"42.5","sizes":[]},"align":"left","text":"Divider","color":"#CB3522","gap_tablet":{"unit":"px","size":"5","sizes":[]},"motion_fx_translateX_direction":"negative","motion_fx_translateX_speed":{"unit":"px","size":"10","sizes":[]},"motion_fx_translateX_affectedRange":{"unit":"%","size":"","sizes":{"start":"44","end":"100"}},"animation_duration":"slow"},"elements":[],"isInner":false,"widgetType":"divider","elType":"widget"},{"id":"532ad939","settings":{"editor":"Lorem ipsum dolor sit amet, te putent habemus vis, per ei mundi feugiat laboramus. Ei sit inani error, meis illum partem ei eum. Ex cibo ullum eum, ex vidit impetus vix, sit ut eruditi corpora. Praesent efficiendi ad duo, vix appetere vulputate eu. No atqui novum ullamcorper mei, nam mazim aperiam id. Mundi dolor constituto eu ius, ne eam zril nostro temporibus, quo et nominati pericula. Vis argumentum voluptatibus ut, sed case ludus graeci at, id ius dicat sonet persecuti. Duo voluptua officiis evertitur eu, putent salutandi efficiantur mei te. Insolens neglegentur accommodare usu at, aliquam nominavi vix ne. Ex mei magna oportere. Populo contentiones signiferumque pri no, simul soleat cu eam. His homero doctus ea, ne vix porro albucius pericula. An quis zril equidem pro.","column_gap":{"unit":"%","size":"","sizes":[]},"_margin":{"unit":"%","top":"","right":"","bottom":"","left":"","isLinked":"1"},"_margin_tablet":{"unit":"px","top":"0","right":"0","bottom":"0","left":"0","isLinked":"1"},"text_color":"#DADADA","typography_typography":"custom","typography_font_family":"Poppins","typography_font_size":{"unit":"px","size":"14","sizes":[]},"typography_font_size_mobile":{"unit":"px","size":"12","sizes":[]},"typography_font_weight":"300","typography_line_height":{"unit":"px","size":"22","sizes":[]},"typography_letter_spacing":{"unit":"px","size":"0.76","sizes":[]}},"elements":[],"isInner":false,"widgetType":"text-editor","elType":"widget"}],"isInner":"","elType":"column"},{"id":"7ff11534","settings":{"_column_size":"50","background_background":"classic","background_image":{"id":2804,"url":"https:\/\/library.elementor.com\/wp-content\/uploads\/2020\/06\/AboutPage-Hero-BG.jpg"},"background_position":"center center","background_repeat":"no-repeat","background_size":"cover","background_size_mobile":"cover","_inline_size_tablet":"100","animation_duration":"slow"},"elements":[{"id":"13a26454","settings":{"space_mobile":{"unit":"vh","size":"30","sizes":[]},"space_tablet":{"unit":"vh","size":"30","sizes":[]}},"elements":[],"isInner":false,"widgetType":"spacer","elType":"widget"}],"isInner":"","elType":"column"}],"isInner":"","elType":"section"},{"id":"64073d52","settings":{"height":"min-height","custom_height":{"unit":"vh","size":"80","sizes":[]},"content_position":"middle","structure":"20","background_position":"bottom right","background_repeat":"no-repeat","custom_height_tablet":{"unit":"vh","size":"","sizes":[]},"custom_height_mobile":{"unit":"vh","size":"80","sizes":[]},"column_position":"stretch","padding_tablet":{"unit":"%","top":"4","right":"5","bottom":"0","left":"5","isLinked":""},"padding_mobile":{"unit":"%","top":"0","right":"5","bottom":"0","left":"5","isLinked":""},"margin":{"unit":"%","top":"15","right":"0","bottom":"0","left":"0","isLinked":""},"margin_tablet":{"unit":"%","top":"","right":"0","bottom":"","left":"0","isLinked":"1"},"_title":"Our Chef","margin_mobile":{"unit":"%","top":"30","right":"0","bottom":"0","left":"0","isLinked":""},"reverse_order_tablet":"reverse-tablet","reverse_order_mobile":"reverse-mobile","content_width":{"unit":"px","size":1600,"sizes":[]},"_timestamp_":"v1UDBjV1ZKV2V5WXFrM3hsRHQ3eEpNdz09"},"elements":[{"id":"18566349","settings":{"_column_size":"50","background_background":"classic","background_image":{"id":2806,"url":"https:\/\/library.elementor.com\/wp-content\/uploads\/2020\/06\/Chef-Yamamoto-Haruto.jpg"},"background_position":"center center","background_repeat":"no-repeat","background_size":"cover","background_size_mobile":"cover","_inline_size_tablet":"100","background_position_tablet":"top center"},"elements":[{"id":"5c73bc9","settings":{"image":{"id":2805,"url":"https:\/\/library.elementor.com\/wp-content\/uploads\/2020\/06\/AboutPage-ChefSection-Shape.png"},"image_size":"full","align":"left","_margin":{"unit":"%","top":"","right":"","bottom":"","left":"","isLinked":"1"},"_element_width":"initial","_position":"absolute","_offset_y_end":{"unit":"vh","size":"25","sizes":[]},"_offset_y_end_tablet":{"unit":"vh","size":"0","sizes":[]},"_offset_y_end_mobile":{"unit":"vh","size":"-52","sizes":[]},"_element_width_tablet":"initial","_element_custom_width":{"unit":"%","size":"50","sizes":[]},"_element_custom_width_tablet":{"unit":"%","size":"30","sizes":[]},"_offset_x":{"unit":"px","size":"-50","sizes":[]},"_offset_x_tablet":{"unit":"px","size":"-45","sizes":[]},"_offset_y_tablet":{"unit":"px","size":"0","sizes":[]},"motion_fx_motion_fx_scrolling":"yes","motion_fx_translateY_effect":"yes","motion_fx_translateY_speed":{"unit":"px","size":"2","sizes":[]},"motion_fx_devices":["desktop","tablet"]},"elements":[],"isInner":false,"widgetType":"image","elType":"widget"},{"id":"3f5357ee","settings":{"space_mobile":{"unit":"vh","size":"30","sizes":[]},"space_tablet":{"unit":"vh","size":"30","sizes":[]}},"elements":[],"isInner":false,"widgetType":"spacer","elType":"widget"}],"isInner":"","elType":"column"},{"id":"32c8158e","settings":{"_column_size":"50","_inline_size_tablet":"100","space_between_widgets_tablet":"15","margin":{"unit":"%","top":"0","right":"0","bottom":"0","left":"15","isLinked":""},"margin_mobile":{"unit":"%","top":"0","right":"0","bottom":"3","left":"0","isLinked":""},"margin_tablet":{"unit":"px","top":"0","right":"0","bottom":"0","left":"0","isLinked":"1"}},"elements":[{"id":"2ca7e0fc","settings":{"title":"Meet Our Executive Chef","header_size":"h4","title_color":"#FFFFFF","typography_typography":"custom","typography_font_family":"Nanum Gothic","typography_font_size":{"unit":"px","size":"16","sizes":[]},"typography_font_weight":"300","typography_text_transform":"uppercase","typography_line_height":{"unit":"px","size":"19","sizes":[]},"typography_letter_spacing":{"unit":"px","size":"0.87","sizes":[]}},"elements":[],"isInner":false,"widgetType":"heading","elType":"widget"},{"id":"7505189c","settings":{"title":"Yamamoto Haruto","header_size":"h1","title_color":"#FEF8EE","typography_typography":"custom","typography_font_family":"Nanum Gothic","typography_font_size":{"unit":"px","size":"54","sizes":[]},"typography_font_size_tablet":{"unit":"px","size":"32","sizes":[]},"typography_font_size_mobile":{"unit":"px","size":"28","sizes":[]},"typography_font_weight":"300","typography_text_transform":"uppercase","typography_line_height":{"unit":"px","size":"64","sizes":[]},"typography_line_height_tablet":{"unit":"px","size":"44","sizes":[]},"typography_line_height_mobile":{"unit":"px","size":"36","sizes":[]},"typography_letter_spacing":{"unit":"px","size":"0.75","sizes":[]}},"elements":[],"isInner":false,"widgetType":"heading","elType":"widget"},{"id":"5066332a","settings":{"view":"inline","icon_list":[{"text":"","selected_icon":{"value":{"id":"2745","url":"https:\/\/library.elementor.com\/wp-content\/uploads\/2020\/06\/h2shape_2.svg"},"library":"svg"},"link":{"url":"","is_external":"","nofollow":"","custom_attributes":""},"_id":"7ac53fa"},{"text":"","selected_icon":{"value":{"id":"2761","url":"https:\/\/library.elementor.com\/wp-content\/uploads\/2020\/06\/h2shape_9.svg"},"library":"svg"},"link":{"url":"","is_external":"","nofollow":"","custom_attributes":""},"_id":"696b74a"},{"text":"","selected_icon":{"value":{"id":"2746","url":"https:\/\/library.elementor.com\/wp-content\/uploads\/2020\/06\/h2shape_3.svg"},"library":"svg"},"link":{"url":"","is_external":"","nofollow":"","custom_attributes":""},"_id":"c01ad2c"},{"text":"","selected_icon":{"value":{"id":"2747","url":"https:\/\/library.elementor.com\/wp-content\/uploads\/2020\/06\/h2shape_4.svg"},"library":"svg"},"link":{"url":"","is_external":"","nofollow":"","custom_attributes":""},"_id":"80edf78"}],"space_between":{"unit":"px","size":"0","sizes":[]},"icon_color":"#FEF8EE","icon_size":{"unit":"px","size":"37","sizes":[]},"icon_self_align":"left","text_indent":{"unit":"px","size":"0","sizes":[]},"space_between_tablet":{"unit":"px","size":"6","sizes":[]},"space_between_mobile":{"unit":"px","size":"6","sizes":[]},"icon_size_tablet":{"unit":"px","size":"16","sizes":[]},"icon_size_mobile":{"unit":"px","size":"14","sizes":[]},"icon_typography_line_height":{"unit":"em","size":"0.5","sizes":[]},"icon_typography_line_height_tablet":{"unit":"em","size":"0.1","sizes":[]},"icon_typography_line_height_mobile":{"unit":"em","size":"0.1","sizes":[]}},"elements":[],"isInner":false,"widgetType":"icon-list","elType":"widget"},{"id":"4ac54264","settings":{"width":{"unit":"px","size":"42.5","sizes":[]},"align":"left","text":"Divider","color":"#CB3522","gap_tablet":{"unit":"px","size":"5","sizes":[]}},"elements":[],"isInner":false,"widgetType":"divider","elType":"widget"},{"id":"14958e02","settings":{"editor":"Vis argumentum voluptatibus ut, sed case ludus graeci at, id ius dicat sonet persecuti. Duo voluptua officiis evertitur eu, putent salutandi efficiantur mei te. Insolens neglegentur accommodare usu at, aliquam nominavi vix ne. Ex mei magna oportere. Populo contentiones signiferumque pri no, simul soleat cu eam. His homero doctus ea, ne vix porro albucius pericula. An quis zril equidem pro.\n\nTe nec persecuti consetetur, in ludus mucius intellegebat pri. Munere habemus sed ex. Ne eam vero graeco pertinacia. Eu novum euripidis conceptam vis, paulo deserunt sit no.","column_gap":{"unit":"%","size":"","sizes":[]},"_margin":{"unit":"%","top":"","right":"","bottom":"","left":"","isLinked":"1"},"_margin_tablet":{"unit":"px","top":"0","right":"0","bottom":"0","left":"0","isLinked":"1"},"text_color":"#DADADA","typography_typography":"custom","typography_font_family":"Poppins","typography_font_size":{"unit":"px","size":"14","sizes":[]},"typography_font_size_mobile":{"unit":"px","size":"12","sizes":[]},"typography_font_weight":"300","typography_line_height":{"unit":"px","size":"22","sizes":[]},"typography_letter_spacing":{"unit":"px","size":"0.76","sizes":[]}},"elements":[],"isInner":false,"widgetType":"text-editor","elType":"widget"}],"isInner":"","elType":"column"}],"isInner":"","elType":"section"},{"id":"753191a4","settings":{"height":"min-height","custom_height":{"unit":"vh","size":"70","sizes":[]},"column_position":"stretch","content_position":"middle","margin":{"unit":"%","top":"8","right":"0","bottom":"0","left":"0","isLinked":""},"custom_height_tablet":{"unit":"vh","size":"30","sizes":[]},"padding_tablet":{"unit":"%","top":"0","right":"5","bottom":"0","left":"5","isLinked":""},"padding_mobile":{"unit":"%","top":"0","right":"0","bottom":"0","left":"0","isLinked":""},"_title":"Newsletter CTA","padding":{"unit":"px","top":"0","right":"10","bottom":"0","left":"10","isLinked":""},"custom_height_mobile":{"unit":"vh","size":"60","sizes":[]},"motion_fx_translateY_speed":{"unit":"px","size":"0.6","sizes":[]},"motion_fx_translateY_affectedRange":{"unit":"%","size":"","sizes":{"start":"0","end":"21"}},"motion_fx_range":"page","margin_mobile":{"unit":"px","top":"50","right":"0","bottom":"0","left":"0","isLinked":""},"content_width":{"unit":"px","size":1600,"sizes":[]},"_timestamp_":"v1UDBjV1ZKV2V5WXFrM3hsRHQ3eEpNdz09"},"elements":[{"id":"59057bcb","settings":{"_column_size":"100","background_background":"classic","background_color":"#CB3522","background_image":{"id":"2759","url":"https:\/\/library.elementor.com\/wp-content\/uploads\/2020\/06\/HappyHour-CTA-BG.png"},"background_repeat":"no-repeat","background_size":"cover","background_position_tablet":"center right","background_xpos_tablet":{"unit":"px","size":"-75","sizes":[]},"background_ypos_tablet":{"unit":"px","size":"25","sizes":[]},"background_bg_width_tablet":{"unit":"%","size":"100","sizes":[]},"space_between_widgets_tablet":"15","background_motion_fx_scale_speed":{"unit":"px","size":"-10","sizes":[]},"background_motion_fx_mouseTrack_effect":"yes","margin_mobile":{"unit":"%","top":"0","right":"5","bottom":"0","left":"5","isLinked":""},"padding":{"unit":"%","top":"0","right":"35","bottom":"0","left":"35","isLinked":""},"background_position_mobile":"center left","background_bg_width_mobile":{"unit":"vw","size":"100","sizes":[]},"padding_tablet":{"unit":"%","top":"0","right":"15","bottom":"0","left":"15","isLinked":""}},"elements":[{"id":"18f2e234","settings":{"title":"Join The club","align":"center","title_color":"#FEF8EE","typography_typography":"custom","typography_font_family":"Nanum Gothic","typography_font_size":{"unit":"px","size":"42","sizes":[]},"typography_font_size_tablet":{"unit":"px","size":"22","sizes":[]},"typography_font_size_mobile":{"unit":"px","size":"18","sizes":[]},"typography_font_weight":"300","typography_text_transform":"uppercase","typography_line_height":{"unit":"px","size":"64","sizes":[]},"typography_line_height_tablet":{"unit":"px","size":"22","sizes":[]},"typography_line_height_mobile":{"unit":"px","size":"18","sizes":[]},"typography_letter_spacing":{"unit":"px","size":"0.58","sizes":[]}},"elements":[],"isInner":false,"widgetType":"heading","elType":"widget"},{"id":"5c946e90","settings":{"view":"inline","icon_list":[{"text":"","selected_icon":{"value":{"id":"2744","url":"https:\/\/library.elementor.com\/wp-content\/uploads\/2020\/06\/h2shape_1.svg"},"library":"svg"},"link":{"url":"","is_external":"","nofollow":"","custom_attributes":""},"_id":"696b74a"},{"text":"","selected_icon":{"value":{"id":"2745","url":"https:\/\/library.elementor.com\/wp-content\/uploads\/2020\/06\/h2shape_2.svg"},"library":"svg"},"link":{"url":"","is_external":"","nofollow":"","custom_attributes":""},"_id":"7ac53fa"},{"text":"","selected_icon":{"value":{"id":"2746","url":"https:\/\/library.elementor.com\/wp-content\/uploads\/2020\/06\/h2shape_3.svg"},"library":"svg"},"link":{"url":"","is_external":"","nofollow":"","custom_attributes":""},"_id":"c01ad2c"},{"text":"","selected_icon":{"value":{"id":"2772","url":"https:\/\/library.elementor.com\/wp-content\/uploads\/2020\/06\/h2shape_10.svg"},"library":"svg"},"link":{"url":"","is_external":"","nofollow":"","custom_attributes":""},"_id":"635c78c"},{"text":"","selected_icon":{"value":{"id":"2747","url":"https:\/\/library.elementor.com\/wp-content\/uploads\/2020\/06\/h2shape_4.svg"},"library":"svg"},"link":{"url":"","is_external":"","nofollow":"","custom_attributes":""},"_id":"f97241c"},{"text":"","selected_icon":{"value":{"id":"2773","url":"https:\/\/library.elementor.com\/wp-content\/uploads\/2020\/06\/h2shape_11.svg"},"library":"svg"},"link":{"url":"","is_external":"","nofollow":"","custom_attributes":""},"_id":"52c576a"}],"space_between":{"unit":"px","size":"0","sizes":[]},"icon_align":"center","icon_color":"#FEF8EE","icon_size":{"unit":"px","size":"37","sizes":[]},"icon_self_align":"left","text_indent":{"unit":"px","size":"0","sizes":[]},"space_between_tablet":{"unit":"px","size":"6","sizes":[]},"space_between_mobile":{"unit":"px","size":"6","sizes":[]},"icon_size_tablet":{"unit":"px","size":"16","sizes":[]},"icon_size_mobile":{"unit":"px","size":"14","sizes":[]},"icon_typography_line_height":{"unit":"em","size":"0.5","sizes":[]},"icon_typography_line_height_tablet":{"unit":"em","size":"0.1","sizes":[]},"icon_typography_line_height_mobile":{"unit":"em","size":"0.1","sizes":[]}},"elements":[],"isInner":false,"widgetType":"icon-list","elType":"widget"},{"id":"1f58344f","settings":{"editor":"<p>Get updates on special events and receive your first drink on us!<\/p>","align":"center","text_color":"#DADADA","typography_typography":"custom","typography_font_family":"Poppins","typography_font_size":{"unit":"px","size":"14","sizes":[]},"typography_font_size_mobile":{"unit":"px","size":"12","sizes":[]},"typography_font_weight":"300","typography_line_height":{"unit":"px","size":"22","sizes":[]},"typography_letter_spacing":{"unit":"px","size":"0.76","sizes":[]},"column_gap":{"unit":"%","size":"","sizes":[]},"_margin":{"unit":"%","top":"","right":"","bottom":"","left":"","isLinked":"1"},"_margin_tablet":{"unit":"px","top":"0","right":"0","bottom":"0","left":"0","isLinked":"1"}},"elements":[],"isInner":false,"widgetType":"text-editor","elType":"widget"},{"id":"5fba3d0a","settings":{"form_name":"Newsletter","form_fields":[{"custom_id":"email","field_type":"email","required":"true","field_label":"Email","placeholder":"Email","width":"66","_id":"eec2eec","field_options":"","allow_multiple":"","select_size":"","inline_list":"","field_html":"","width_tablet":"","width_mobile":"","rows":"4","recaptcha_size":"normal","recaptcha_style":"light","recaptcha_badge":"bottomright","css_classes":"","field_value":"","file_sizes":"","file_types":"","allow_multiple_upload":"","max_files":"","acceptance_text":"","checked_by_default":"","field_min":"","field_max":"","min_date":"","max_date":"","use_native_date":"","use_native_time":"","previous_button":"","next_button":"","selected_icon":{"value":"fas fa-star","library":"fa-solid"}}],"show_labels":"","button_text":"SUBSCRIBE","button_width":"33","email_content":"[all-fields]","email_content_2":"[all-fields]","success_message":"The form was sent successfully.","error_message":"An error occured.","required_field_message":"This field is required.","invalid_message":"There's something wrong. The form is invalid.","field_background_color":"","column_gap":{"unit":"px","size":"20","sizes":[]},"button_text_padding":{"unit":"px","top":"0","right":"0","bottom":"0","left":"0","isLinked":"1"},"_margin":{"unit":"%","top":"3","right":"0","bottom":"0","left":"0","isLinked":""},"button_text_color":"rgba(255, 255, 255, 0.67)","button_border_border":"solid","button_border_color":"#FFFFFF","button_hover_color":"#FFFFFF","_margin_mobile":{"unit":"%","top":"5","right":"0","bottom":"0","left":"0","isLinked":""},"motion_fx_translateY_effect":"yes","motion_fx_translateY_speed":{"unit":"px","size":"1","sizes":[]},"motion_fx_translateY_affectedRange":{"unit":"%","size":"","sizes":{"start":"0","end":"50"}},"motion_fx_translateX_direction":"negative","motion_fx_translateX_affectedRange":{"unit":"%","size":"","sizes":{"start":"32","end":"50"}},"motion_fx_opacity_range":{"unit":"%","size":"","sizes":{"start":"9","end":"71"}},"motion_fx_scale_range":{"unit":"%","size":"","sizes":{"start":"20","end":"100"}},"field_text_color":"#DADADA","field_typography_typography":"custom","field_typography_font_family":"Poppins","field_typography_font_size":{"unit":"px","size":"12","sizes":[]},"field_border_color":"#FFFFFF","field_border_width":{"unit":"px","top":"0","right":"0","bottom":"1","left":"0","isLinked":""},"field_border_radius":{"unit":"px","top":"0","right":"0","bottom":"0","left":"0","isLinked":"1"},"button_typography_typography":"custom","button_typography_font_family":"Nanum Gothic","button_typography_font_size":{"unit":"px","size":"14","sizes":[]},"button_typography_font_weight":"300","button_typography_text_transform":"uppercase","button_typography_line_height":{"unit":"px","size":"16","sizes":[]},"button_typography_letter_spacing":{"unit":"px","size":"0.19","sizes":[]},"button_border_width":{"unit":"px","top":"0","right":"0","bottom":"1","left":"0","isLinked":""},"button_border_radius":{"unit":"px","top":"0","right":"0","bottom":"0","left":"0","isLinked":"1"},"button_background_color":"rgba(2, 1, 1, 0)","step_next_label":"\u0628\u0639\u062f","step_previous_label":"\u0642\u0628\u0644"},"elements":[],"isInner":false,"widgetType":"form","elType":"widget"}],"isInner":"","elType":"column"}],"isInner":"","elType":"section"}]}