{"version":"0.4","title":"13960","type":"page","content":[{"id":"3caee49c","settings":{"height":"min-height","custom_height":{"unit":"vh","size":"80","sizes":[]},"content_position":"middle","structure":"20","background_position":"bottom right","background_repeat":"no-repeat","custom_height_tablet":{"unit":"vh","size":"","sizes":[]},"custom_height_mobile":{"unit":"vh","size":"80","sizes":[]},"column_position":"stretch","padding_tablet":{"unit":"%","top":"4","right":"5","bottom":"0","left":"5","isLinked":""},"padding_mobile":{"unit":"%","top":"0","right":"5","bottom":"0","left":"5","isLinked":""},"margin":{"unit":"%","top":"2","right":"0","bottom":"0","left":"0","isLinked":""},"margin_tablet":{"unit":"%","top":"","right":"0","bottom":"","left":"0","isLinked":"1"},"_title":"Hero","content_width":{"unit":"px","size":"1600","sizes":[]},"_timestamp_":"v1UDBjV1ZKV2V5WXFrM3hsRHQ3eEpNdz09"},"elements":[{"id":"70d75531","settings":{"_column_size":"50","_inline_size_tablet":"100","space_between_widgets_tablet":"15","margin":{"unit":"%","top":"0","right":"10","bottom":"0","left":"0","isLinked":""},"margin_mobile":{"unit":"%","top":"0","right":"0","bottom":"3","left":"0","isLinked":""}},"elements":[{"id":"4c5ce06f","settings":{"title":"JAPANESE FUSION <br>\nSUSHI &amp; BAR","header_size":"h1","title_color":"#FEF8EE","typography_typography":"custom","typography_font_family":"Nanum Gothic","typography_font_size":{"unit":"px","size":"54","sizes":[]},"typography_font_size_tablet":{"unit":"px","size":"32","sizes":[]},"typography_font_size_mobile":{"unit":"px","size":"28","sizes":[]},"typography_font_weight":"300","typography_text_transform":"uppercase","typography_line_height":{"unit":"px","size":"64","sizes":[]},"typography_line_height_tablet":{"unit":"px","size":"44","sizes":[]},"typography_line_height_mobile":{"unit":"px","size":"36","sizes":[]},"typography_letter_spacing":{"unit":"px","size":"0.75","sizes":[]}},"elements":[],"isInner":false,"widgetType":"heading","elType":"widget"},{"id":"5ffadebf","settings":{"view":"inline","icon_list":[{"text":"","selected_icon":{"value":{"id":2744,"url":"https:\/\/library.elementor.com\/wp-content\/uploads\/2020\/06\/h2shape_1.svg"},"library":"svg"},"link":{"url":"","is_external":"","nofollow":"","custom_attributes":""},"_id":"696b74a"},{"text":"","selected_icon":{"value":{"id":2745,"url":"https:\/\/library.elementor.com\/wp-content\/uploads\/2020\/06\/h2shape_2.svg"},"library":"svg"},"link":{"url":"","is_external":"","nofollow":"","custom_attributes":""},"_id":"e13b96e"},{"text":"","selected_icon":{"value":{"id":2746,"url":"https:\/\/library.elementor.com\/wp-content\/uploads\/2020\/06\/h2shape_3.svg"},"library":"svg"},"link":{"url":"","is_external":"","nofollow":"","custom_attributes":""},"_id":"7ac53fa"},{"text":"","selected_icon":{"value":{"id":2747,"url":"https:\/\/library.elementor.com\/wp-content\/uploads\/2020\/06\/h2shape_4.svg"},"library":"svg"},"link":{"url":"","is_external":"","nofollow":"","custom_attributes":""},"_id":"b91cee1"},{"text":"","selected_icon":{"value":{"id":2748,"url":"https:\/\/library.elementor.com\/wp-content\/uploads\/2020\/06\/h2shape_5.svg"},"library":"svg"},"link":{"url":"","is_external":"","nofollow":"","custom_attributes":""},"_id":"30bd558"},{"text":"","selected_icon":{"value":{"id":2749,"url":"https:\/\/library.elementor.com\/wp-content\/uploads\/2020\/06\/h2shape_6.svg"},"library":"svg"},"link":{"url":"","is_external":"","nofollow":"","custom_attributes":""},"_id":"528fbb5"}],"space_between":{"unit":"px","size":"0","sizes":[]},"icon_align":"left","icon_color":"#FEF8EE","icon_size":{"unit":"px","size":"37","sizes":[]},"icon_self_align":"left","text_indent":{"unit":"px","size":"0","sizes":[]},"space_between_tablet":{"unit":"px","size":"6","sizes":[]},"space_between_mobile":{"unit":"px","size":"6","sizes":[]},"icon_size_tablet":{"unit":"px","size":"16","sizes":[]},"icon_size_mobile":{"unit":"px","size":"14","sizes":[]},"icon_typography_line_height":{"unit":"em","size":"0.5","sizes":[]},"icon_typography_line_height_tablet":{"unit":"em","size":"0.1","sizes":[]},"icon_typography_line_height_mobile":{"unit":"em","size":"0.1","sizes":[]}},"elements":[],"isInner":false,"widgetType":"icon-list","elType":"widget"},{"id":"552ae69b","settings":{"width":{"unit":"px","size":"42.5","sizes":[]},"align":"left","text":"Divider","color":"#CB3522","gap_tablet":{"unit":"px","size":"5","sizes":[]}},"elements":[],"isInner":false,"widgetType":"divider","elType":"widget"},{"id":"7ed62078","settings":{"structure":"20"},"elements":[{"id":"2b1ad07e","settings":{"_column_size":"50","_inline_size":"30","_inline_size_mobile":"50","padding":{"unit":"%","top":"0","right":"1","bottom":"0","left":"0","isLinked":""},"margin_tablet":{"unit":"%","top":"","right":"","bottom":"","left":"","isLinked":"1"}},"elements":[{"id":"43629f3d","settings":{"title":"OPENING HOURS","header_size":"h4","_margin":{"unit":"px","top":"0","right":"0","bottom":"-8","left":"0","isLinked":""},"title_color":"#FFFFFF","typography_typography":"custom","typography_font_family":"Nanum Gothic","typography_font_size":{"unit":"px","size":"16","sizes":[]},"typography_font_size_tablet":{"unit":"px","size":"14","sizes":[]},"typography_font_weight":"300","typography_text_transform":"uppercase","typography_line_height":{"unit":"px","size":"19","sizes":[]},"typography_letter_spacing":{"unit":"px","size":"0.87","sizes":[]}},"elements":[],"isInner":false,"widgetType":"heading","elType":"widget"},{"id":"6308aeaa","settings":{"icon_list":[{"text":"Monday - Friday:","selected_icon":{"value":"","library":""},"_id":"cdd01e8","link":{"url":"","is_external":"","nofollow":"","custom_attributes":""}},{"text":"11:00AM - 3:00PM","selected_icon":{"value":"","library":""},"link":{"url":"","is_external":"","nofollow":"","custom_attributes":""},"_id":"d9c0077"},{"text":"4:30PM - 10:00PM","selected_icon":{"value":"","library":""},"link":{"url":"","is_external":"","nofollow":"","custom_attributes":""},"_id":"1b49fef"},{"text":"Saturday - Sunday:","selected_icon":{"value":"","library":""},"link":{"url":"","is_external":"","nofollow":"","custom_attributes":""},"_id":"deddee3"},{"text":"4:30PM - 10:00PM","selected_icon":{"value":"","library":""},"link":{"url":"","is_external":"","nofollow":"","custom_attributes":""},"_id":"76f7236"}],"space_between":{"unit":"px","size":"2","sizes":[]},"text_color":"#DADADA","icon_typography_typography":"custom","icon_typography_font_family":"Poppins","icon_typography_font_size":{"unit":"px","size":"14","sizes":[]},"icon_typography_font_size_mobile":{"unit":"px","size":"12","sizes":[]},"icon_typography_font_weight":"300","icon_typography_line_height":{"unit":"px","size":"22","sizes":[]},"icon_typography_letter_spacing":{"unit":"px","size":"0.76","sizes":[]},"_margin":{"unit":"%","top":"0","right":"0","bottom":"3","left":"0","isLinked":""},"_margin_tablet":{"unit":"px","top":"0","right":"0","bottom":"0","left":"0","isLinked":"1"}},"elements":[],"isInner":false,"widgetType":"icon-list","elType":"widget"}],"isInner":"1","elType":"column"},{"id":"29fe05d5","settings":{"_column_size":"50","_inline_size":"70","_inline_size_mobile":"50","padding":{"unit":"px","top":"0","right":"0","bottom":"0","left":"0","isLinked":"1"},"padding_mobile":{"unit":"px","top":"0","right":"0","bottom":"0","left":"0","isLinked":"1"}},"elements":[{"id":"3c8b5c84","settings":{"title":"ADDRESS","header_size":"h4","_margin":{"unit":"px","top":"0","right":"0","bottom":"-8","left":"0","isLinked":""},"title_color":"#FFFFFF","typography_typography":"custom","typography_font_family":"Nanum Gothic","typography_font_size":{"unit":"px","size":"16","sizes":[]},"typography_font_size_tablet":{"unit":"px","size":"14","sizes":[]},"typography_font_weight":"300","typography_text_transform":"uppercase","typography_line_height":{"unit":"px","size":"19","sizes":[]},"typography_letter_spacing":{"unit":"px","size":"0.87","sizes":[]}},"elements":[],"isInner":false,"widgetType":"heading","elType":"widget"},{"id":"62cfe7a4","settings":{"editor":"<p>2477 Briercliff Road,<br \/>New York 10001<\/p>","_margin":{"unit":"px","top":"0","right":"0","bottom":"-10","left":"0","isLinked":""},"text_color":"#DADADA","typography_typography":"custom","typography_font_family":"Poppins","typography_font_size":{"unit":"px","size":"14","sizes":[]},"typography_font_size_mobile":{"unit":"px","size":"12","sizes":[]},"typography_font_weight":"300","typography_line_height":{"unit":"px","size":"22","sizes":[]},"typography_letter_spacing":{"unit":"px","size":"0.76","sizes":[]},"column_gap":{"unit":"%","size":"","sizes":[]},"_margin_tablet":{"unit":"px","top":"0","right":"0","bottom":"-10","left":"0","isLinked":""}},"elements":[],"isInner":false,"widgetType":"text-editor","elType":"widget"},{"id":"430955fc","settings":{"title":"PHONE","header_size":"h4","_margin":{"unit":"px","top":"0","right":"0","bottom":"0","left":"0","isLinked":"1"},"title_color":"#FFFFFF","typography_typography":"custom","typography_font_family":"Nanum Gothic","typography_font_size":{"unit":"px","size":"16","sizes":[]},"typography_font_size_tablet":{"unit":"px","size":"14","sizes":[]},"typography_font_weight":"300","typography_text_transform":"uppercase","typography_line_height":{"unit":"px","size":"19","sizes":[]},"typography_letter_spacing":{"unit":"px","size":"0.87","sizes":[]}},"elements":[],"isInner":false,"widgetType":"heading","elType":"widget"},{"id":"730b144c","settings":{"editor":"+1 212-203-7540","_margin":{"unit":"px","top":"-10","right":"0","bottom":"0","left":"0","isLinked":""},"text_color":"#DADADA","typography_typography":"custom","typography_font_family":"Poppins","typography_font_size":{"unit":"px","size":"14","sizes":[]},"typography_font_size_mobile":{"unit":"px","size":"12","sizes":[]},"typography_font_weight":"300","typography_line_height":{"unit":"px","size":"22","sizes":[]},"typography_letter_spacing":{"unit":"px","size":"0.76","sizes":[]},"column_gap":{"unit":"%","size":"","sizes":[]}},"elements":[],"isInner":false,"widgetType":"text-editor","elType":"widget"}],"isInner":"1","elType":"column"}],"isInner":"1","elType":"section"}],"isInner":"","elType":"column"},{"id":"2532cfd1","settings":{"_column_size":"50","background_background":"classic","background_image":{"id":2751,"url":"https:\/\/library.elementor.com\/wp-content\/uploads\/2020\/06\/HomePage-Hero-BG.jpg"},"background_position":"center center","background_repeat":"no-repeat","background_size":"cover","background_size_mobile":"cover","_inline_size_tablet":"100"},"elements":[{"id":"3750e171","settings":{"space_mobile":{"unit":"vh","size":"30","sizes":[]},"space_tablet":{"unit":"vh","size":"30","sizes":[]}},"elements":[],"isInner":false,"widgetType":"spacer","elType":"widget"},{"id":"4237ba26","settings":{"image":{"id":2750,"url":"https:\/\/library.elementor.com\/wp-content\/uploads\/2020\/06\/HomePage-Hero-Shape.png"},"_element_width":"auto","_element_custom_width":{"unit":"%","size":"39","sizes":[]},"_position":"absolute","_offset_orientation_h":"end","_offset_x_end":{"unit":"px","size":"-50","sizes":[]},"image_size":"full","align":"right","width_tablet":{"unit":"%","size":"70","sizes":[]},"width_mobile":{"unit":"%","size":"40","sizes":[]},"_offset_x_end_tablet":{"unit":"px","size":"-30","sizes":[]},"_offset_x_end_mobile":{"unit":"px","size":"-15","sizes":[]},"_offset_y":{"unit":"%","size":"40","sizes":[]},"_offset_y_tablet":{"unit":"px","size":"100","sizes":[]},"_offset_y_mobile":{"unit":"%","size":"","sizes":[]},"motion_fx_motion_fx_scrolling":"yes","motion_fx_translateY_effect":"yes","motion_fx_translateY_speed":{"unit":"px","size":"2","sizes":[]},"motion_fx_devices":["desktop","tablet"]},"elements":[],"isInner":false,"widgetType":"image","elType":"widget"}],"isInner":"","elType":"column"}],"isInner":"","elType":"section"},{"id":"4bfcfb06","settings":{"height":"min-height","custom_height":{"unit":"vh","size":"90","sizes":[]},"padding":{"unit":"%","top":"0","right":"15","bottom":"0","left":"15","isLinked":""},"custom_height_tablet":{"unit":"vh","size":"70","sizes":[]},"padding_tablet":{"unit":"%","top":"0","right":"5","bottom":"0","left":"5","isLinked":""},"custom_height_mobile":{"unit":"vh","size":"100","sizes":[]},"padding_mobile":{"unit":"%","top":"35","right":"5","bottom":"20","left":"5","isLinked":""},"_title":"About","content_width":{"unit":"px","size":"1600","sizes":[]},"_timestamp_":"v1UDBjV1ZKV2V5WXFrM3hsRHQ3eEpNdz09"},"elements":[{"id":"135db776","settings":{"_column_size":"100","space_between_widgets_tablet":"15"},"elements":[{"id":"321661fb","settings":{"title":"About Okawari","align":"center","title_color":"#FEF8EE","typography_typography":"custom","typography_font_family":"Nanum Gothic","typography_font_size":{"unit":"px","size":"42","sizes":[]},"typography_font_size_tablet":{"unit":"px","size":"22","sizes":[]},"typography_font_size_mobile":{"unit":"px","size":"18","sizes":[]},"typography_font_weight":"300","typography_text_transform":"uppercase","typography_line_height":{"unit":"px","size":"64","sizes":[]},"typography_line_height_tablet":{"unit":"px","size":"22","sizes":[]},"typography_line_height_mobile":{"unit":"px","size":"18","sizes":[]},"typography_letter_spacing":{"unit":"px","size":"0.58","sizes":[]}},"elements":[],"isInner":false,"widgetType":"heading","elType":"widget"},{"id":"3e916bce","settings":{"view":"inline","icon_list":[{"text":"","selected_icon":{"value":{"id":2745,"url":"https:\/\/library.elementor.com\/wp-content\/uploads\/2020\/06\/h2shape_2.svg"},"library":"svg"},"link":{"url":"","is_external":"","nofollow":"","custom_attributes":""},"_id":"e13b96e"},{"text":"","selected_icon":{"value":{"id":2744,"url":"https:\/\/library.elementor.com\/wp-content\/uploads\/2020\/06\/h2shape_1.svg"},"library":"svg"},"link":{"url":"","is_external":"","nofollow":"","custom_attributes":""},"_id":"696b74a"},{"text":"","selected_icon":{"value":{"id":2746,"url":"https:\/\/library.elementor.com\/wp-content\/uploads\/2020\/06\/h2shape_3.svg"},"library":"svg"},"link":{"url":"","is_external":"","nofollow":"","custom_attributes":""},"_id":"7ac53fa"},{"text":"","selected_icon":{"value":{"id":2749,"url":"https:\/\/library.elementor.com\/wp-content\/uploads\/2020\/06\/h2shape_6.svg"},"library":"svg"},"link":{"url":"","is_external":"","nofollow":"","custom_attributes":""},"_id":"528fbb5"},{"text":"","selected_icon":{"value":{"id":2748,"url":"https:\/\/library.elementor.com\/wp-content\/uploads\/2020\/06\/h2shape_5.svg"},"library":"svg"},"link":{"url":"","is_external":"","nofollow":"","custom_attributes":""},"_id":"30bd558"},{"text":"","selected_icon":{"value":{"id":2747,"url":"https:\/\/library.elementor.com\/wp-content\/uploads\/2020\/06\/h2shape_4.svg"},"library":"svg"},"link":{"url":"","is_external":"","nofollow":"","custom_attributes":""},"_id":"b91cee1"}],"space_between":{"unit":"px","size":"0","sizes":[]},"icon_align":"center","icon_color":"#FEF8EE","icon_size":{"unit":"px","size":"37","sizes":[]},"icon_self_align":"left","text_indent":{"unit":"px","size":"0","sizes":[]},"space_between_tablet":{"unit":"px","size":"6","sizes":[]},"space_between_mobile":{"unit":"px","size":"6","sizes":[]},"icon_size_tablet":{"unit":"px","size":"16","sizes":[]},"icon_size_mobile":{"unit":"px","size":"14","sizes":[]},"icon_typography_line_height":{"unit":"em","size":"0.5","sizes":[]},"icon_typography_line_height_tablet":{"unit":"em","size":"0.1","sizes":[]},"icon_typography_line_height_mobile":{"unit":"em","size":"0.1","sizes":[]}},"elements":[],"isInner":false,"widgetType":"icon-list","elType":"widget"},{"id":"3d99b7cb","settings":{"width":{"unit":"px","size":"42.5","sizes":[]},"align":"center","text":"Divider","color":"#CB3522","gap_tablet":{"unit":"px","size":"5","sizes":[]}},"elements":[],"isInner":false,"widgetType":"divider","elType":"widget"},{"id":"63f64ae7","settings":{"editor":"Vis argumentum voluptatibus ut, sed case ludus graeci at, id ius dicat sonet persecuti. Duo voluptua officiis evertitur eu, putent salutandi efficiantur mei te. Insolens neglegentur accomm usu at, aliquam nominavi vix ne. Ex mei magna oportere. Populo contentiones signiferumque pri no, simul soleat cu eam. His homero doctus ea, ne vix porro albucius pericula. An quis zril equidem pro Vis argumentum voluptatibus ut, sed case ludus graeci at, id ius dicat sonet persecuti. Duo voluptua officiis evertitur eu, putent salutandi efficiantur mei te. Insolens neglegentur accomm usu at, aliquam nominavi vix ne. Ex mei magna oportere. Populo contentiones signiferumque pri no, simul soleat cu eam. His homero doctus ea, ne vix porro albucius pericula. An quis zril equidem pro..","align":"center","text_color":"#DADADA","typography_typography":"custom","typography_font_family":"Poppins","typography_font_size":{"unit":"px","size":"14","sizes":[]},"typography_font_size_mobile":{"unit":"px","size":"12","sizes":[]},"typography_font_weight":"300","typography_line_height":{"unit":"px","size":"22","sizes":[]},"typography_letter_spacing":{"unit":"px","size":"0.76","sizes":[]},"column_gap":{"unit":"%","size":"","sizes":[]},"_margin":{"unit":"%","top":"","right":"","bottom":"","left":"","isLinked":"1"},"_margin_tablet":{"unit":"px","top":"0","right":"0","bottom":"0","left":"0","isLinked":"1"}},"elements":[],"isInner":false,"widgetType":"text-editor","elType":"widget"},{"id":"73fd37f2","settings":{"text":"Find Out More","align":"center","typography_typography":"custom","typography_font_family":"Nanum Gothic","typography_font_size":{"unit":"px","size":"14","sizes":[]},"typography_font_weight":"300","typography_text_transform":"uppercase","typography_line_height":{"unit":"px","size":"16","sizes":[]},"typography_letter_spacing":{"unit":"px","size":"0.19","sizes":[]},"button_text_color":"#FFFFFF","hover_color":"#CB3522","border_border":"solid","border_width":{"unit":"px","top":"0","right":"0","bottom":"1","left":"0","isLinked":""},"border_color":"#CB3522","border_radius":{"unit":"px","top":"0","right":"0","bottom":"0","left":"0","isLinked":"1"},"text_padding":{"unit":"px","top":"14.5","right":"36","bottom":"14.5","left":"36","isLinked":""},"_margin":{"unit":"%","top":"3","right":"0","bottom":"0","left":"0","isLinked":""},"background_color":"rgba(2, 1, 1, 0)"},"elements":[],"isInner":false,"widgetType":"button","elType":"widget"}],"isInner":"","elType":"column"}],"isInner":"","elType":"section"},{"id":"58c841f2","settings":{"background_background":"classic","background_image":{"id":2756,"url":"https:\/\/library.elementor.com\/wp-content\/uploads\/2020\/06\/Bar-CTA-Shape.png"},"background_position":"initial","background_repeat":"no-repeat","background_size":"auto","background_xpos":{"unit":"%","size":"100","sizes":[]},"background_ypos":{"unit":"%","size":"70","sizes":[]},"background_position_mobile":"initial","background_ypos_mobile":{"unit":"%","size":"0","sizes":[]},"margin_tablet":{"unit":"px","top":"","right":"0","bottom":"","left":"0","isLinked":"1"},"padding_tablet":{"unit":"%","top":"0","right":"4","bottom":"0","left":"4","isLinked":""},"_title":"CTA Menus","background_motion_fx_motion_fx_scrolling":"yes","background_motion_fx_translateY_effect":"yes","background_motion_fx_devices":["tablet","mobile"],"content_width":{"unit":"px","size":"1600","sizes":[]},"_timestamp_":"v1UDBjV1ZKV2V5WXFrM3hsRHQ3eEpNdz09"},"elements":[{"id":"41458df3","settings":{"_column_size":"100","space_between_widgets":"200","space_between_widgets_tablet":"100","space_between_widgets_mobile":"50"},"elements":[{"id":"5d206240","settings":{"skin":"cover","bg_image":{"id":2752,"url":"https:\/\/library.elementor.com\/wp-content\/uploads\/2020\/06\/Kitchen-CTA-BG.jpg"},"bg_image_size":"full","title":"Chef\u2019s menu","description":"","button":"EXPLORE THE MENU","link":{"url":"#","is_external":"","nofollow":"","custom_attributes":""},"min-height":{"unit":"vh","size":"80","sizes":[]},"vertical_position":"middle","title_spacing":{"unit":"px","size":"60","sizes":[]},"description_typography_typography":"custom","description_typography_font_family":"Nanum Gothic","description_typography_font_size":{"unit":"px","size":"32","sizes":[]},"description_typography_font_weight":"300","description_typography_line_height":{"unit":"px","size":"36","sizes":[]},"description_typography_letter_spacing":{"unit":"px","size":"1.74","sizes":[]},"description_spacing":{"unit":"px","size":"65","sizes":[]},"button_border_color":"#CB3522","content_animation":"","content_animation_duration":{"unit":"px","size":"800","sizes":[]},"bg_filters_hover_contrast":{"unit":"px","size":"200","sizes":[]},"bg_filters_hover_saturate":{"unit":"px","size":"200","sizes":[]},"min-height_tablet":{"unit":"vh","size":"50","sizes":[]},"description_spacing_tablet":{"unit":"px","size":"30","sizes":[]},"effect_duration":{"unit":"px","size":"2500","sizes":[]},"title_typography_typography":"custom","title_typography_font_family":"Nanum Gothic","title_typography_font_size":{"unit":"px","size":"42","sizes":[]},"title_typography_font_size_tablet":{"unit":"px","size":"22","sizes":[]},"title_typography_font_size_mobile":{"unit":"px","size":"18","sizes":[]},"title_typography_font_weight":"300","title_typography_text_transform":"uppercase","title_typography_line_height":{"unit":"px","size":"64","sizes":[]},"title_typography_line_height_tablet":{"unit":"px","size":"44","sizes":[]},"title_typography_letter_spacing":{"unit":"px","size":"0.58","sizes":[]},"description_typography_font_size_tablet":{"unit":"px","size":"18","sizes":[]},"description_typography_font_size_mobile":{"unit":"px","size":"16","sizes":[]},"title_color":"#FFFFFF","description_color":"#FFFFFF","button_typography_typography":"custom","button_typography_font_family":"Nanum Gothic","button_typography_font_size":{"unit":"px","size":"14","sizes":[]},"button_typography_font_weight":"300","button_typography_text_transform":"uppercase","button_typography_line_height":{"unit":"px","size":"16","sizes":[]},"button_typography_letter_spacing":{"unit":"px","size":"0.19","sizes":[]},"button_text_color":"#FFFFFF","button_hover_text_color":"#CB3522","button_border_width":{"unit":"px","size":"1","sizes":[]},"button_border_radius":{"unit":"px","size":"0","sizes":[]},"graphic_element":"","title_spacing_tablet":{"unit":"px","size":"40","sizes":[]},"title_spacing_mobile":{"unit":"px","size":"20","sizes":[]},"graphic_image":{"id":2753,"url":"https:\/\/library.elementor.com\/wp-content\/uploads\/2020\/06\/placeholder.png"}},"elements":[],"isInner":false,"widgetType":"call-to-action","elType":"widget"},{"id":"794bcb7f","settings":{"image":{"id":2754,"url":"https:\/\/library.elementor.com\/wp-content\/uploads\/2020\/06\/Kitchen-CTA-Shape.png"},"_element_width":"auto","_position":"absolute","_offset_x":{"unit":"px","size":"-20","sizes":[]},"_offset_y":{"unit":"%","size":"5","sizes":[]},"image_size":"full","_offset_y_mobile":{"unit":"%","size":"","sizes":[]},"hide_mobile":"hidden-phone","_offset_y_tablet":{"unit":"%","size":"","sizes":[]},"align":"left","hide_tablet":"hidden-tablet"},"elements":[],"isInner":false,"widgetType":"image","elType":"widget"},{"id":"31bae739","settings":{"skin":"cover","bg_image":{"id":2755,"url":"https:\/\/library.elementor.com\/wp-content\/uploads\/2020\/06\/Bar-CTA-BG-130520.jpg"},"bg_image_size":"full","title":"BAR","description":"","button":"EXPLORE THE BAR","link":{"url":"#","is_external":"","nofollow":"","custom_attributes":""},"min-height":{"unit":"vh","size":"80","sizes":[]},"vertical_position":"middle","title_spacing":{"unit":"px","size":"60","sizes":[]},"description_typography_typography":"custom","description_typography_font_family":"Nanum Gothic","description_typography_font_size":{"unit":"px","size":"32","sizes":[]},"description_typography_font_weight":"300","description_typography_line_height":{"unit":"px","size":"36","sizes":[]},"description_typography_letter_spacing":{"unit":"px","size":"1.74","sizes":[]},"description_spacing":{"unit":"px","size":"65","sizes":[]},"button_border_color":"#CB3522","content_animation":"","bg_filters_hover_contrast":{"unit":"px","size":"200","sizes":[]},"bg_filters_hover_saturate":{"unit":"px","size":"200","sizes":[]},"min-height_tablet":{"unit":"vh","size":"50","sizes":[]},"description_spacing_tablet":{"unit":"px","size":"30","sizes":[]},"effect_duration":{"unit":"px","size":"2500","sizes":[]},"title_typography_typography":"custom","title_typography_font_family":"Nanum Gothic","title_typography_font_size":{"unit":"px","size":"42","sizes":[]},"title_typography_font_size_tablet":{"unit":"px","size":"22","sizes":[]},"title_typography_font_size_mobile":{"unit":"px","size":"18","sizes":[]},"title_typography_font_weight":"300","title_typography_text_transform":"uppercase","title_typography_line_height":{"unit":"px","size":"64","sizes":[]},"title_typography_line_height_tablet":{"unit":"px","size":"44","sizes":[]},"title_typography_letter_spacing":{"unit":"px","size":"0.58","sizes":[]},"description_typography_font_size_tablet":{"unit":"px","size":"18","sizes":[]},"description_typography_font_size_mobile":{"unit":"px","size":"16","sizes":[]},"title_color":"#FFFFFF","description_color":"#FFFFFF","button_typography_typography":"custom","button_typography_font_family":"Nanum Gothic","button_typography_font_size":{"unit":"px","size":"14","sizes":[]},"button_typography_font_weight":"300","button_typography_text_transform":"uppercase","button_typography_line_height":{"unit":"px","size":"16","sizes":[]},"button_typography_letter_spacing":{"unit":"px","size":"0.19","sizes":[]},"button_text_color":"#FFFFFF","button_hover_text_color":"#CB3522","button_border_width":{"unit":"px","size":"1","sizes":[]},"button_border_radius":{"unit":"px","size":"0","sizes":[]},"content_animation_duration":{"unit":"px","size":"800","sizes":[]},"title_spacing_tablet":{"unit":"px","size":"40","sizes":[]},"title_spacing_mobile":{"unit":"px","size":"20","sizes":[]},"graphic_image":{"id":2753,"url":"https:\/\/library.elementor.com\/wp-content\/uploads\/2020\/06\/placeholder.png"}},"elements":[],"isInner":false,"widgetType":"call-to-action","elType":"widget"}],"isInner":"","elType":"column"}],"isInner":"","elType":"section"},{"id":"691a95fc","settings":{"height":"min-height","custom_height":{"unit":"vh","size":"70","sizes":[]},"column_position":"stretch","content_position":"middle","margin":{"unit":"%","top":"10","right":"0","bottom":"0","left":"0","isLinked":""},"custom_height_tablet":{"unit":"vh","size":"30","sizes":[]},"padding_tablet":{"unit":"%","top":"0","right":"5","bottom":"0","left":"5","isLinked":""},"padding_mobile":{"unit":"%","top":"0","right":"0","bottom":"0","left":"0","isLinked":""},"_title":"Happy Hour CTA","padding":{"unit":"px","top":"0","right":"10","bottom":"0","left":"10","isLinked":""},"custom_height_mobile":{"unit":"vh","size":"40","sizes":[]},"content_width":{"unit":"px","size":"1600","sizes":[]},"_timestamp_":"v1UDBjV1ZKV2V5WXFrM3hsRHQ3eEpNdz09"},"elements":[{"id":"6a197138","settings":{"_column_size":"100","background_background":"classic","background_color":"#CB3522","background_image":{"id":2759,"url":"https:\/\/library.elementor.com\/wp-content\/uploads\/2020\/06\/HappyHour-CTA-BG.png"},"background_repeat":"no-repeat","background_size":"cover","background_position_tablet":"center right","background_xpos_tablet":{"unit":"px","size":"-75","sizes":[]},"background_ypos_tablet":{"unit":"px","size":"25","sizes":[]},"background_bg_width_tablet":{"unit":"%","size":"100","sizes":[]},"space_between_widgets_tablet":"15","background_motion_fx_scale_speed":{"unit":"px","size":"-10","sizes":[]},"background_motion_fx_mouseTrack_effect":"yes","margin_mobile":{"unit":"%","top":"0","right":"5","bottom":"0","left":"5","isLinked":""}},"elements":[{"id":"88434f4","settings":{"title":"HAPPY HOUR Everyday<br> 5PM-7PM","align":"center","title_color":"#FEF8EE","typography_typography":"custom","typography_font_family":"Nanum Gothic","typography_font_size":{"unit":"px","size":"42","sizes":[]},"typography_font_size_tablet":{"unit":"px","size":"22","sizes":[]},"typography_font_size_mobile":{"unit":"px","size":"18","sizes":[]},"typography_font_weight":"300","typography_text_transform":"uppercase","typography_line_height":{"unit":"px","size":"64","sizes":[]},"typography_line_height_tablet":{"unit":"px","size":"22","sizes":[]},"typography_line_height_mobile":{"unit":"px","size":"18","sizes":[]},"typography_letter_spacing":{"unit":"px","size":"0.58","sizes":[]}},"elements":[],"isInner":false,"widgetType":"heading","elType":"widget"},{"id":"3aa81da5","settings":{"view":"inline","icon_list":[{"text":"","selected_icon":{"value":{"id":2746,"url":"https:\/\/library.elementor.com\/wp-content\/uploads\/2020\/06\/h2shape_3.svg"},"library":"svg"},"link":{"url":"","is_external":"","nofollow":"","custom_attributes":""},"_id":"7ac53fa"},{"text":"","selected_icon":{"value":{"id":2744,"url":"https:\/\/library.elementor.com\/wp-content\/uploads\/2020\/06\/h2shape_1.svg"},"library":"svg"},"link":{"url":"","is_external":"","nofollow":"","custom_attributes":""},"_id":"696b74a"},{"text":"","selected_icon":{"value":{"id":2745,"url":"https:\/\/library.elementor.com\/wp-content\/uploads\/2020\/06\/h2shape_2.svg"},"library":"svg"},"link":{"url":"","is_external":"","nofollow":"","custom_attributes":""},"_id":"e13b96e"},{"text":"","selected_icon":{"value":{"id":2757,"url":"https:\/\/library.elementor.com\/wp-content\/uploads\/2020\/06\/h2shape_8.svg"},"library":"svg"},"link":{"url":"","is_external":"","nofollow":"","custom_attributes":""},"_id":"3c6d8ad"},{"text":"","selected_icon":{"value":{"id":2747,"url":"https:\/\/library.elementor.com\/wp-content\/uploads\/2020\/06\/h2shape_4.svg"},"library":"svg"},"link":{"url":"","is_external":"","nofollow":"","custom_attributes":""},"_id":"b91cee1"},{"text":"","selected_icon":{"value":{"id":2748,"url":"https:\/\/library.elementor.com\/wp-content\/uploads\/2020\/06\/h2shape_5.svg"},"library":"svg"},"link":{"url":"","is_external":"","nofollow":"","custom_attributes":""},"_id":"30bd558"},{"text":"","selected_icon":{"value":{"id":2758,"url":"https:\/\/library.elementor.com\/wp-content\/uploads\/2020\/06\/h2shape_7.svg"},"library":"svg"},"link":{"url":"","is_external":"","nofollow":"","custom_attributes":""},"_id":"528fbb5"}],"space_between":{"unit":"px","size":"0","sizes":[]},"icon_align":"center","icon_color":"#FEF8EE","icon_size":{"unit":"px","size":"37","sizes":[]},"icon_self_align":"left","text_indent":{"unit":"px","size":"0","sizes":[]},"space_between_tablet":{"unit":"px","size":"6","sizes":[]},"space_between_mobile":{"unit":"px","size":"6","sizes":[]},"icon_size_tablet":{"unit":"px","size":"16","sizes":[]},"icon_size_mobile":{"unit":"px","size":"14","sizes":[]},"icon_typography_line_height":{"unit":"em","size":"0.5","sizes":[]},"icon_typography_line_height_tablet":{"unit":"em","size":"0.1","sizes":[]},"icon_typography_line_height_mobile":{"unit":"em","size":"0.1","sizes":[]}},"elements":[],"isInner":false,"widgetType":"icon-list","elType":"widget"},{"id":"24ac6866","settings":{"editor":"Up to 50% off on beer, sake, wine and cocktails","align":"center","text_color":"#DADADA","typography_typography":"custom","typography_font_family":"Poppins","typography_font_size":{"unit":"px","size":"14","sizes":[]},"typography_font_size_mobile":{"unit":"px","size":"12","sizes":[]},"typography_font_weight":"300","typography_line_height":{"unit":"px","size":"22","sizes":[]},"typography_letter_spacing":{"unit":"px","size":"0.76","sizes":[]},"column_gap":{"unit":"%","size":"","sizes":[]},"_margin":{"unit":"%","top":"","right":"","bottom":"","left":"","isLinked":"1"},"_margin_tablet":{"unit":"px","top":"0","right":"0","bottom":"0","left":"0","isLinked":"1"}},"elements":[],"isInner":false,"widgetType":"text-editor","elType":"widget"}],"isInner":"","elType":"column"}],"isInner":"","elType":"section"},{"id":"440aea68","settings":{"height":"min-height","custom_height":{"unit":"vh","size":"100","sizes":[]},"content_position":"middle","structure":"20","padding":{"unit":"%","top":"0","right":"18","bottom":"0","left":"18","isLinked":""},"custom_height_tablet":{"unit":"vh","size":"70","sizes":[]},"padding_tablet":{"unit":"%","top":"10","right":"5","bottom":"5","left":"5","isLinked":""},"padding_mobile":{"unit":"%","top":"35","right":"5","bottom":"15","left":"5","isLinked":""},"reverse_order_tablet":"reverse-tablet","reverse_order_mobile":"reverse-mobile","_title":"Gift Card","content_width":{"unit":"px","size":"1600","sizes":[]},"_timestamp_":"v1UDBjV1ZKV2V5WXFrM3hsRHQ3eEpNdz09"},"elements":[{"id":"2247f036","settings":{"_column_size":"50","_inline_size":"60","_inline_size_tablet":"100","padding_tablet":{"unit":"%","top":"5","right":"0","bottom":"0","left":"0","isLinked":""},"padding":{"unit":"%","top":"0","right":"10","bottom":"0","left":"0","isLinked":""},"padding_mobile":{"unit":"%","top":"10","right":"0","bottom":"0","left":"0","isLinked":""}},"elements":[{"id":"35c0cf43","settings":{"image":{"id":2760,"url":"https:\/\/library.elementor.com\/wp-content\/uploads\/2020\/06\/Gift_Card-140520.png"},"image_size":"full","align_tablet":"center","width_tablet":{"unit":"%","size":"60","sizes":[]},"width_mobile":{"unit":"%","size":"100","sizes":[]},"_padding_mobile":{"unit":"%","top":"","right":"","bottom":"","left":"","isLinked":"1"},"motion_fx_motion_fx_mouse":"yes","motion_fx_tilt_effect":"yes","motion_fx_tilt_speed":{"unit":"px","size":"1","sizes":[]},"align_mobile":"center","image_border_radius":{"unit":"px","top":"26","right":"26","bottom":"26","left":"26","isLinked":"1"},"image_box_shadow_box_shadow_type":"yes","image_box_shadow_box_shadow":{"horizontal":"13","vertical":"55","blur":"31","spread":"0","color":"rgba(0, 0, 0, 0.41)"}},"elements":[],"isInner":false,"widgetType":"image","elType":"widget"}],"isInner":"","elType":"column"},{"id":"61cbd59f","settings":{"_column_size":"50","_inline_size":"39.998","_inline_size_tablet":"100","space_between_widgets_tablet":"15"},"elements":[{"id":"115754a4","settings":{"title":"Give someone a gift card","align_tablet":"center","title_color":"#FEF8EE","typography_typography":"custom","typography_font_family":"Nanum Gothic","typography_font_size":{"unit":"px","size":"42","sizes":[]},"typography_font_size_tablet":{"unit":"px","size":"22","sizes":[]},"typography_font_size_mobile":{"unit":"px","size":"18","sizes":[]},"typography_font_weight":"300","typography_text_transform":"uppercase","typography_line_height":{"unit":"px","size":"64","sizes":[]},"typography_line_height_tablet":{"unit":"px","size":"22","sizes":[]},"typography_line_height_mobile":{"unit":"px","size":"18","sizes":[]},"typography_letter_spacing":{"unit":"px","size":"0.58","sizes":[]}},"elements":[],"isInner":false,"widgetType":"heading","elType":"widget"},{"id":"38b2b8a0","settings":{"view":"inline","icon_list":[{"text":"","selected_icon":{"value":{"id":2761,"url":"https:\/\/library.elementor.com\/wp-content\/uploads\/2020\/06\/h2shape_9.svg"},"library":"svg"},"link":{"url":"","is_external":"","nofollow":"","custom_attributes":""},"_id":"696b74a"},{"text":"","selected_icon":{"value":{"id":2745,"url":"https:\/\/library.elementor.com\/wp-content\/uploads\/2020\/06\/h2shape_2.svg"},"library":"svg"},"link":{"url":"","is_external":"","nofollow":"","custom_attributes":""},"_id":"7ac53fa"},{"text":"","selected_icon":{"value":{"id":2747,"url":"https:\/\/library.elementor.com\/wp-content\/uploads\/2020\/06\/h2shape_4.svg"},"library":"svg"},"link":{"url":"","is_external":"","nofollow":"","custom_attributes":""},"_id":"b91cee1"},{"text":"","selected_icon":{"value":{"id":2746,"url":"https:\/\/library.elementor.com\/wp-content\/uploads\/2020\/06\/h2shape_3.svg"},"library":"svg"},"link":{"url":"","is_external":"","nofollow":"","custom_attributes":""},"_id":"e13b96e"},{"text":"","selected_icon":{"value":{"id":2749,"url":"https:\/\/library.elementor.com\/wp-content\/uploads\/2020\/06\/h2shape_6.svg"},"library":"svg"},"link":{"url":"","is_external":"","nofollow":"","custom_attributes":""},"_id":"3c6d8ad"},{"text":"","selected_icon":{"value":{"id":2748,"url":"https:\/\/library.elementor.com\/wp-content\/uploads\/2020\/06\/h2shape_5.svg"},"library":"svg"},"link":{"url":"","is_external":"","nofollow":"","custom_attributes":""},"_id":"30bd558"}],"space_between":{"unit":"px","size":"0","sizes":[]},"icon_color":"#FEF8EE","icon_size":{"unit":"px","size":"37","sizes":[]},"icon_self_align":"left","text_indent":{"unit":"px","size":"0","sizes":[]},"space_between_tablet":{"unit":"px","size":"6","sizes":[]},"space_between_mobile":{"unit":"px","size":"6","sizes":[]},"icon_size_tablet":{"unit":"px","size":"16","sizes":[]},"icon_size_mobile":{"unit":"px","size":"14","sizes":[]},"icon_align_tablet":"center","icon_typography_line_height":{"unit":"em","size":"0.5","sizes":[]},"icon_typography_line_height_tablet":{"unit":"em","size":"0.1","sizes":[]},"icon_typography_line_height_mobile":{"unit":"em","size":"0.1","sizes":[]}},"elements":[],"isInner":false,"widgetType":"icon-list","elType":"widget"},{"id":"33c989a6","settings":{"editor":"Lorem ipsum dolor sit amet, consectetur adipiscing elit, sed do eiusmod tempor incididunt ut labore et dolore magna aliqua. Ut enim ad minim veniam, quis nostrud fugiat nulla pariatur. Excepteur sint occaecat cupidatat non proident, sunt in culpa qui officia deserunt mollit anim id est laborum.","align_tablet":"center","text_color":"#DADADA","typography_typography":"custom","typography_font_family":"Poppins","typography_font_size":{"unit":"px","size":"14","sizes":[]},"typography_font_size_mobile":{"unit":"px","size":"12","sizes":[]},"typography_font_weight":"300","typography_line_height":{"unit":"px","size":"22","sizes":[]},"typography_letter_spacing":{"unit":"px","size":"0.76","sizes":[]},"column_gap":{"unit":"%","size":"","sizes":[]},"_margin":{"unit":"%","top":"","right":"","bottom":"","left":"","isLinked":"1"},"_margin_tablet":{"unit":"px","top":"0","right":"0","bottom":"0","left":"0","isLinked":"1"}},"elements":[],"isInner":false,"widgetType":"text-editor","elType":"widget"},{"id":"6825f5a4","settings":{"text":"CONTACT US","align_tablet":"center","typography_typography":"custom","typography_font_family":"Nanum Gothic","typography_font_size":{"unit":"px","size":"14","sizes":[]},"typography_font_weight":"300","typography_text_transform":"uppercase","typography_line_height":{"unit":"px","size":"16","sizes":[]},"typography_letter_spacing":{"unit":"px","size":"0.19","sizes":[]},"button_text_color":"#FFFFFF","hover_color":"#CB3522","border_border":"solid","border_width":{"unit":"px","top":"0","right":"0","bottom":"1","left":"0","isLinked":""},"border_color":"#CB3522","border_radius":{"unit":"px","top":"0","right":"0","bottom":"0","left":"0","isLinked":"1"},"text_padding":{"unit":"px","top":"14.5","right":"36","bottom":"14.5","left":"36","isLinked":""},"_margin":{"unit":"%","top":"3","right":"0","bottom":"0","left":"0","isLinked":""},"background_color":"rgba(2, 1, 1, 0)"},"elements":[],"isInner":false,"widgetType":"button","elType":"widget"}],"isInner":"","elType":"column"}],"isInner":"","elType":"section"},{"id":"ffddb59","settings":{"height":"min-height","custom_height":{"unit":"vh","size":"100","sizes":[]},"content_position":"middle","structure":"20","padding":{"unit":"%","top":"","right":"","bottom":"","left":"","isLinked":"1"},"background_background":"classic","background_image":{"id":2764,"url":"https:\/\/library.elementor.com\/wp-content\/uploads\/2020\/06\/HomePage-GallerySection-Shape.png"},"background_position":"initial","background_xpos":{"unit":"%","size":"100","sizes":[]},"background_repeat":"no-repeat","background_size":"auto","custom_height_tablet":{"unit":"vh","size":"70","sizes":[]},"padding_tablet":{"unit":"%","top":"0","right":"3","bottom":"0","left":"3","isLinked":""},"padding_mobile":{"unit":"%","top":"","right":"","bottom":"","left":"","isLinked":"1"},"background_position_mobile":"initial","background_xpos_mobile":{"unit":"%","size":"0","sizes":[]},"background_ypos_mobile":{"unit":"vh","size":"60","sizes":[]},"background_size_mobile":"initial","background_bg_width_mobile":{"unit":"%","size":"34","sizes":[]},"background_motion_fx_motion_fx_scrolling":"yes","background_motion_fx_translateY_effect":"yes","reverse_order_tablet":"reverse-tablet","reverse_order_mobile":"reverse-mobile","_title":"Gallery","custom_height_mobile":{"unit":"vh","size":"100","sizes":[]},"content_width":{"unit":"px","size":"1600","sizes":[]},"_timestamp_":"v1UDBjV1ZKV2V5WXFrM3hsRHQ3eEpNdz09"},"elements":[{"id":"58be8381","settings":{"_column_size":"50","_inline_size_tablet":"100","margin_tablet":{"unit":"%","top":"0","right":"0","bottom":"5","left":"0","isLinked":""}},"elements":[{"id":"9675504","settings":{"gallery":[{"id":2762,"url":"https:\/\/library.elementor.com\/wp-content\/uploads\/2020\/06\/HomePage-GallerySection-1-130520.jpg"},{"id":2763,"url":"https:\/\/library.elementor.com\/wp-content\/uploads\/2020\/06\/HomePage-GallerySection-2-130520.jpg"}],"galleries":[{"gallery_title":"New Gallery","_id":"4a1650c","multiple_gallery":[]}],"columns":"2","ideal_row_height":{"unit":"px","size":"500","sizes":[]},"gap":{"unit":"px","size":"38","sizes":[]},"thumbnail_image_size":"full","show_all_galleries_label":"All","link_to":"","aspect_ratio":"9:16","overlay_background":"","image_css_filters_hover_contrast":{"unit":"px","size":"200","sizes":[]},"image_css_filters_hover_saturate":{"unit":"px","size":"200","sizes":[]},"image_hover_animation":"grow","gallery_layout":"masonry","ideal_row_height_tablet":{"unit":"px","size":"500","sizes":[]},"columns_mobile":"2"},"elements":[],"isInner":false,"widgetType":"gallery","elType":"widget"}],"isInner":"","elType":"column"},{"id":"45f26214","settings":{"_column_size":"50","_inline_size_tablet":"100","space_between_widgets_tablet":"15","margin_tablet":{"unit":"%","top":"0","right":"0","bottom":"3","left":"0","isLinked":""}},"elements":[{"id":"8938259","settings":{"title":"GALLERY","align":"center","align_tablet":"center","title_color":"#FEF8EE","typography_typography":"custom","typography_font_family":"Nanum Gothic","typography_font_size":{"unit":"px","size":"42","sizes":[]},"typography_font_size_tablet":{"unit":"px","size":"22","sizes":[]},"typography_font_size_mobile":{"unit":"px","size":"18","sizes":[]},"typography_font_weight":"300","typography_text_transform":"uppercase","typography_line_height":{"unit":"px","size":"64","sizes":[]},"typography_line_height_tablet":{"unit":"px","size":"22","sizes":[]},"typography_line_height_mobile":{"unit":"px","size":"18","sizes":[]},"typography_letter_spacing":{"unit":"px","size":"0.58","sizes":[]}},"elements":[],"isInner":false,"widgetType":"heading","elType":"widget"},{"id":"22033247","settings":{"view":"inline","icon_list":[{"text":"","selected_icon":{"value":{"id":2745,"url":"https:\/\/library.elementor.com\/wp-content\/uploads\/2020\/06\/h2shape_2.svg"},"library":"svg"},"link":{"url":"","is_external":"","nofollow":"","custom_attributes":""},"_id":"e13b96e"},{"text":"","selected_icon":{"value":{"id":2746,"url":"https:\/\/library.elementor.com\/wp-content\/uploads\/2020\/06\/h2shape_3.svg"},"library":"svg"},"link":{"url":"","is_external":"","nofollow":"","custom_attributes":""},"_id":"7ac53fa"},{"text":"","selected_icon":{"value":{"id":2748,"url":"https:\/\/library.elementor.com\/wp-content\/uploads\/2020\/06\/h2shape_5.svg"},"library":"svg"},"link":{"url":"","is_external":"","nofollow":"","custom_attributes":""},"_id":"696b74a"},{"text":"","selected_icon":{"value":{"id":2749,"url":"https:\/\/library.elementor.com\/wp-content\/uploads\/2020\/06\/h2shape_6.svg"},"library":"svg"},"link":{"url":"","is_external":"","nofollow":"","custom_attributes":""},"_id":"3c6d8ad"}],"space_between":{"unit":"px","size":"0","sizes":[]},"icon_align":"center","icon_color":"#FEF8EE","icon_size":{"unit":"px","size":"37","sizes":[]},"icon_self_align":"left","text_indent":{"unit":"px","size":"0","sizes":[]},"space_between_tablet":{"unit":"px","size":"6","sizes":[]},"space_between_mobile":{"unit":"px","size":"6","sizes":[]},"icon_size_tablet":{"unit":"px","size":"16","sizes":[]},"icon_size_mobile":{"unit":"px","size":"14","sizes":[]},"icon_typography_line_height":{"unit":"em","size":"0.5","sizes":[]},"icon_typography_line_height_tablet":{"unit":"em","size":"0.1","sizes":[]},"icon_typography_line_height_mobile":{"unit":"em","size":"0.1","sizes":[]}},"elements":[],"isInner":false,"widgetType":"icon-list","elType":"widget"},{"id":"773ff26f","settings":{"text":"EXPLORE THE DISHES","align":"center","align_tablet":"center","typography_typography":"custom","typography_font_family":"Nanum Gothic","typography_font_size":{"unit":"px","size":"14","sizes":[]},"typography_font_weight":"300","typography_text_transform":"uppercase","typography_line_height":{"unit":"px","size":"16","sizes":[]},"typography_letter_spacing":{"unit":"px","size":"0.19","sizes":[]},"button_text_color":"#FFFFFF","hover_color":"#CB3522","border_border":"solid","border_width":{"unit":"px","top":"0","right":"0","bottom":"1","left":"0","isLinked":""},"border_color":"#CB3522","border_radius":{"unit":"px","top":"0","right":"0","bottom":"0","left":"0","isLinked":"1"},"text_padding":{"unit":"px","top":"14.5","right":"36","bottom":"14.5","left":"36","isLinked":""},"_margin":{"unit":"%","top":"3","right":"0","bottom":"0","left":"0","isLinked":""},"background_color":"rgba(2, 1, 1, 0)"},"elements":[],"isInner":false,"widgetType":"button","elType":"widget"}],"isInner":"","elType":"column"}],"isInner":"","elType":"section"},{"id":"7b7c66b8","settings":{"background_background":"classic","background_image":{"id":2766,"url":"https:\/\/library.elementor.com\/wp-content\/uploads\/2020\/06\/HomePage-TestimonialsSection-Shape.png"},"background_position":"initial","background_repeat":"no-repeat","background_size":"auto","background_xpos":{"unit":"%","size":"0","sizes":[]},"background_ypos":{"unit":"vh","size":"40","sizes":[]},"custom_height":{"unit":"vh","size":"89","sizes":[]},"margin":{"unit":"px","top":"","right":"0","bottom":"","left":"0","isLinked":"1"},"padding":{"unit":"%","top":"20","right":"0","bottom":"0","left":"0","isLinked":""},"custom_height_tablet":{"unit":"vh","size":"70","sizes":[]},"background_position_tablet":"top left","background_xpos_tablet":{"unit":"%","size":"0","sizes":[]},"background_ypos_tablet":{"unit":"%","size":"0","sizes":[]},"background_size_tablet":"initial","background_bg_width_tablet":{"unit":"%","size":"31","sizes":[]},"background_position_mobile":"initial","background_xpos_mobile":{"unit":"%","size":"0","sizes":[]},"background_ypos_mobile":{"unit":"%","size":"25","sizes":[]},"padding_mobile":{"unit":"%","top":"15","right":"5","bottom":"0","left":"5","isLinked":""},"_title":"Testimonials + Free Delivery","content_width":{"unit":"px","size":"1600","sizes":[]},"_timestamp_":"v1UDBjV1ZKV2V5WXFrM3hsRHQ3eEpNdz09"},"elements":[{"id":"780df7a8","settings":{"_column_size":"100","padding_mobile":{"unit":"px","top":"0","right":"0","bottom":"0","left":"0","isLinked":"1"}},"elements":[{"id":"4134fdca","settings":{"_title":"Testimonials"},"elements":[{"id":"422af443","settings":{"_column_size":"100","space_between_widgets_tablet":"15"},"elements":[{"id":"a7f4bf4","settings":{"title":"we love to serve our customers","align":"center","align_tablet":"center","title_color":"#FEF8EE","typography_typography":"custom","typography_font_family":"Nanum Gothic","typography_font_size":{"unit":"px","size":"42","sizes":[]},"typography_font_size_tablet":{"unit":"px","size":"22","sizes":[]},"typography_font_size_mobile":{"unit":"px","size":"18","sizes":[]},"typography_font_weight":"300","typography_text_transform":"uppercase","typography_line_height":{"unit":"px","size":"64","sizes":[]},"typography_line_height_tablet":{"unit":"px","size":"22","sizes":[]},"typography_line_height_mobile":{"unit":"px","size":"18","sizes":[]},"typography_letter_spacing":{"unit":"px","size":"0.58","sizes":[]}},"elements":[],"isInner":false,"widgetType":"heading","elType":"widget"},{"id":"31e45522","settings":{"view":"inline","icon_list":[{"text":"","selected_icon":{"value":{"id":2748,"url":"https:\/\/library.elementor.com\/wp-content\/uploads\/2020\/06\/h2shape_5.svg"},"library":"svg"},"link":{"url":"","is_external":"","nofollow":"","custom_attributes":""},"_id":"30bd558"},{"text":"","selected_icon":{"value":{"id":2744,"url":"https:\/\/library.elementor.com\/wp-content\/uploads\/2020\/06\/h2shape_1.svg"},"library":"svg"},"link":{"url":"","is_external":"","nofollow":"","custom_attributes":""},"_id":"696b74a"},{"text":"","selected_icon":{"value":{"id":2745,"url":"https:\/\/library.elementor.com\/wp-content\/uploads\/2020\/06\/h2shape_2.svg"},"library":"svg"},"link":{"url":"","is_external":"","nofollow":"","custom_attributes":""},"_id":"e13b96e"},{"text":"","selected_icon":{"value":{"id":2746,"url":"https:\/\/library.elementor.com\/wp-content\/uploads\/2020\/06\/h2shape_3.svg"},"library":"svg"},"link":{"url":"","is_external":"","nofollow":"","custom_attributes":""},"_id":"7ac53fa"},{"text":"","selected_icon":{"value":{"id":2747,"url":"https:\/\/library.elementor.com\/wp-content\/uploads\/2020\/06\/h2shape_4.svg"},"library":"svg"},"link":{"url":"","is_external":"","nofollow":"","custom_attributes":""},"_id":"b91cee1"},{"text":"","selected_icon":{"value":{"id":2749,"url":"https:\/\/library.elementor.com\/wp-content\/uploads\/2020\/06\/h2shape_6.svg"},"library":"svg"},"link":{"url":"","is_external":"","nofollow":"","custom_attributes":""},"_id":"3c6d8ad"},{"text":"","selected_icon":{"value":{"id":2744,"url":"https:\/\/library.elementor.com\/wp-content\/uploads\/2020\/06\/h2shape_1.svg"},"library":"svg"},"link":{"url":"","is_external":"","nofollow":"","custom_attributes":""},"_id":"5223148"}],"space_between":{"unit":"px","size":"0","sizes":[]},"icon_align":"center","icon_color":"#FEF8EE","icon_size":{"unit":"px","size":"37","sizes":[]},"icon_self_align":"left","text_indent":{"unit":"px","size":"0","sizes":[]},"space_between_tablet":{"unit":"px","size":"6","sizes":[]},"space_between_mobile":{"unit":"px","size":"6","sizes":[]},"icon_size_tablet":{"unit":"px","size":"16","sizes":[]},"icon_size_mobile":{"unit":"px","size":"14","sizes":[]},"icon_typography_line_height":{"unit":"em","size":"0.5","sizes":[]},"icon_typography_line_height_tablet":{"unit":"em","size":"0.1","sizes":[]},"icon_typography_line_height_mobile":{"unit":"em","size":"0.1","sizes":[]}},"elements":[],"isInner":false,"widgetType":"icon-list","elType":"widget"},{"id":"364d4850","settings":{"width":{"unit":"px","size":"42.5","sizes":[]},"align":"center","text":"Divider","color":"#CB3522","gap_tablet":{"unit":"px","size":"5","sizes":[]}},"elements":[],"isInner":false,"widgetType":"divider","elType":"widget"},{"id":"6c0c8cff","settings":{"slides":[{"content":"\u201c I have had sushi all over the world but this was by far the best. Great atmosphere and phenomenal service!\u201d","name":"Michelle Olson","title":"","image":{"url":"","id":""},"_id":"b41245a"},{"content":"\u201c I have had sushi all over the world but this was by far the best. Great atmosphere and phenomenal service!\u201d","name":"Michelle Olson","title":"","image":{"url":"","id":""},"_id":"13545a2"},{"content":"\u201c I have had sushi all over the world but this was by far the best. Great atmosphere and phenomenal service!\u201d","name":"Michelle Olson","title":"","image":{"url":"","id":""},"_id":"5913b95"}],"show_arrows":"","autoplay_speed":"3000","slide_padding":{"unit":"px","top":"0","right":"0","bottom":"0","left":"0","isLinked":"1"},"content_typography_typography":"custom","content_typography_font_size":{"unit":"px","size":"14","sizes":[]},"content_typography_font_weight":"300","content_typography_font_style":"normal","content_typography_line_height":{"unit":"px","size":"","sizes":[]},"name_color":"#FFFFFF","name_typography_typography":"custom","name_typography_font_family":"Nanum Gothic","name_typography_font_size":{"unit":"px","size":"16","sizes":[]},"name_typography_font_weight":"300","name_typography_text_transform":"uppercase","name_typography_letter_spacing":{"unit":"px","size":"0.22","sizes":[]},"pagination_color":"#CB3522","width_tablet":{"unit":"%","size":"80","sizes":[]},"width_mobile":{"unit":"%","size":"100","sizes":[]},"content_color":"#DADADA","content_typography_font_family":"Poppins","content_typography_font_size_mobile":{"unit":"px","size":"12","sizes":[]},"name_typography_font_size_mobile":{"unit":"px","size":"14","sizes":[]},"pause_on_hover":"","pause_on_interaction":""},"elements":[],"isInner":false,"widgetType":"testimonial-carousel","elType":"widget"}],"isInner":"1","elType":"column"}],"isInner":"1","elType":"section"},{"id":"3372c2fd","settings":{"content_position":"middle","structure":"20","margin":{"unit":"%","top":"23","right":"0","bottom":"0","left":"0","isLinked":""},"height_inner":"min-height","custom_height_inner_tablet":{"unit":"px","size":"600","sizes":[]},"padding_tablet":{"unit":"%","top":"10","right":"3","bottom":"0","left":"3","isLinked":""},"custom_height_inner":{"unit":"px","size":"700","sizes":[]},"padding":{"unit":"%","top":"","right":"","bottom":"","left":"","isLinked":"1"},"padding_mobile":{"unit":"%","top":"10","right":"0","bottom":"0","left":"0","isLinked":""},"_title":"Free Delivery","custom_height_inner_mobile":{"unit":"px","size":"500","sizes":[]},"content_width":{"unit":"px","size":"1600","sizes":[]}},"elements":[{"id":"375f03e1","settings":{"_column_size":"50","_inline_size_tablet":"100","space_between_widgets_tablet":"15","padding":{"unit":"%","top":"0","right":"10","bottom":"0","left":"18","isLinked":""},"padding_tablet":{"unit":"%","top":"0","right":"0","bottom":"3","left":"0","isLinked":""}},"elements":[{"id":"4f8c4b63","settings":{"title":"Free Delivery","align_tablet":"center","title_color":"#FEF8EE","typography_typography":"custom","typography_font_family":"Nanum Gothic","typography_font_size":{"unit":"px","size":"42","sizes":[]},"typography_font_size_tablet":{"unit":"px","size":"22","sizes":[]},"typography_font_size_mobile":{"unit":"px","size":"18","sizes":[]},"typography_font_weight":"300","typography_text_transform":"uppercase","typography_line_height":{"unit":"px","size":"64","sizes":[]},"typography_line_height_tablet":{"unit":"px","size":"22","sizes":[]},"typography_line_height_mobile":{"unit":"px","size":"18","sizes":[]},"typography_letter_spacing":{"unit":"px","size":"0.58","sizes":[]}},"elements":[],"isInner":false,"widgetType":"heading","elType":"widget"},{"id":"7c2df26c","settings":{"view":"inline","icon_list":[{"text":"","selected_icon":{"value":{"id":2744,"url":"https:\/\/library.elementor.com\/wp-content\/uploads\/2020\/06\/h2shape_1.svg"},"library":"svg"},"link":{"url":"","is_external":"","nofollow":"","custom_attributes":""},"_id":"696b74a"},{"text":"","selected_icon":{"value":{"id":2745,"url":"https:\/\/library.elementor.com\/wp-content\/uploads\/2020\/06\/h2shape_2.svg"},"library":"svg"},"link":{"url":"","is_external":"","nofollow":"","custom_attributes":""},"_id":"7ac53fa"},{"text":"","selected_icon":{"value":{"id":2748,"url":"https:\/\/library.elementor.com\/wp-content\/uploads\/2020\/06\/h2shape_5.svg"},"library":"svg"},"link":{"url":"","is_external":"","nofollow":"","custom_attributes":""},"_id":"30bd558"},{"text":"","selected_icon":{"value":{"id":2758,"url":"https:\/\/library.elementor.com\/wp-content\/uploads\/2020\/06\/h2shape_7.svg"},"library":"svg"},"link":{"url":"","is_external":"","nofollow":"","custom_attributes":""},"_id":"528fbb5"}],"space_between":{"unit":"px","size":"0","sizes":[]},"icon_color":"#FEF8EE","icon_size":{"unit":"px","size":"37","sizes":[]},"icon_self_align":"left","text_indent":{"unit":"px","size":"0","sizes":[]},"space_between_tablet":{"unit":"px","size":"6","sizes":[]},"space_between_mobile":{"unit":"px","size":"6","sizes":[]},"icon_size_tablet":{"unit":"px","size":"16","sizes":[]},"icon_size_mobile":{"unit":"px","size":"14","sizes":[]},"icon_align_tablet":"center","icon_typography_line_height":{"unit":"em","size":"0.5","sizes":[]},"icon_typography_line_height_tablet":{"unit":"em","size":"0.1","sizes":[]},"icon_typography_line_height_mobile":{"unit":"em","size":"0.1","sizes":[]}},"elements":[],"isInner":false,"widgetType":"icon-list","elType":"widget"},{"id":"7b6ffe5e","settings":{"width":{"unit":"px","size":"42.5","sizes":[]},"text":"Divider","color":"#CB3522","align_tablet":"center","align_mobile":"center","gap_tablet":{"unit":"px","size":"5","sizes":[]}},"elements":[],"isInner":false,"widgetType":"divider","elType":"widget"},{"id":"32641061","settings":{"editor":"<p>Order minimum $25 | Within a 0.5 mile radius<br \/>For deliveries please call +1 212-203-7540<\/p>","align_tablet":"center","text_color":"#DADADA","typography_typography":"custom","typography_font_family":"Poppins","typography_font_size":{"unit":"px","size":"14","sizes":[]},"typography_font_size_mobile":{"unit":"px","size":"12","sizes":[]},"typography_font_weight":"300","typography_line_height":{"unit":"px","size":"22","sizes":[]},"typography_letter_spacing":{"unit":"px","size":"0.76","sizes":[]},"column_gap":{"unit":"%","size":"","sizes":[]},"_margin":{"unit":"%","top":"","right":"","bottom":"","left":"","isLinked":"1"},"_margin_tablet":{"unit":"px","top":"0","right":"0","bottom":"0","left":"0","isLinked":"1"}},"elements":[],"isInner":false,"widgetType":"text-editor","elType":"widget"}],"isInner":"1","elType":"column"},{"id":"2bbef078","settings":{"_column_size":"50","_inline_size_tablet":"100","background_background":"classic","background_image":{"id":2765,"url":"https:\/\/library.elementor.com\/wp-content\/uploads\/2020\/06\/FreeDelivery.jpg"},"background_position":"center center","background_position_tablet":"center center","background_repeat":"no-repeat","background_size":"cover","margin_mobile":{"unit":"%","top":"0","right":"0","bottom":"5","left":"0","isLinked":""},"padding":{"unit":"px","top":"0","right":"0","bottom":"0","left":"0","isLinked":"1"},"padding_mobile":{"unit":"%","top":"","right":"","bottom":"","left":"","isLinked":"1"}},"elements":[{"id":"1e038e7b","settings":{"space_tablet":{"unit":"vh","size":"30","sizes":[]},"space_mobile":{"unit":"vh","size":"30","sizes":[]}},"elements":[],"isInner":false,"widgetType":"spacer","elType":"widget"}],"isInner":"1","elType":"column"}],"isInner":"1","elType":"section"}],"isInner":"","elType":"column"}],"isInner":"","elType":"section"}],"page_settings":{"background_background":"classic","background_color":"#0B0B0B"}}