{"version":"0.4","title":"13993","type":"page","content":[{"id":"2a63ace3","settings":{"height":"min-height","custom_height":{"unit":"vh","size":"80","sizes":[]},"content_position":"middle","structure":"20","background_position":"center right","background_repeat":"no-repeat","custom_height_tablet":{"unit":"vh","size":"","sizes":[]},"custom_height_mobile":{"unit":"vh","size":"80","sizes":[]},"column_position":"stretch","padding_tablet":{"unit":"%","top":"4","right":"5","bottom":"0","left":"5","isLinked":""},"padding_mobile":{"unit":"%","top":"0","right":"5","bottom":"0","left":"5","isLinked":""},"margin":{"unit":"%","top":"2","right":"0","bottom":"0","left":"0","isLinked":""},"margin_tablet":{"unit":"%","top":"","right":"0","bottom":"","left":"0","isLinked":"1"},"_title":"Hero","background_size_mobile":"initial","background_bg_width_mobile":{"unit":"%","size":"50","sizes":[]},"content_width":{"unit":"px","size":"1600","sizes":[]},"_timestamp_":"v1UDBjV1ZKV2V5WXFrM3hsRHQ3eEpNdz09"},"elements":[{"id":"47582a1f","settings":{"_column_size":"50","_inline_size_tablet":"100","space_between_widgets_tablet":"15","margin":{"unit":"%","top":"0","right":"15","bottom":"0","left":"0","isLinked":""},"margin_mobile":{"unit":"%","top":"0","right":"0","bottom":"3","left":"0","isLinked":""}},"elements":[{"id":"255171bd","settings":{"title":"Chef\u2019s menu","header_size":"h1","title_color":"#FEF8EE","typography_typography":"custom","typography_font_family":"Nanum Gothic","typography_font_size":{"unit":"px","size":"54","sizes":[]},"typography_font_size_tablet":{"unit":"px","size":"32","sizes":[]},"typography_font_size_mobile":{"unit":"px","size":"28","sizes":[]},"typography_font_weight":"300","typography_text_transform":"uppercase","typography_line_height":{"unit":"px","size":"64","sizes":[]},"typography_line_height_tablet":{"unit":"px","size":"44","sizes":[]},"typography_line_height_mobile":{"unit":"px","size":"36","sizes":[]},"typography_letter_spacing":{"unit":"px","size":"0.75","sizes":[]}},"elements":[],"isInner":false,"widgetType":"heading","elType":"widget"},{"id":"2d8e1d12","settings":{"view":"inline","icon_list":[{"text":"","selected_icon":{"value":{"id":"2747","url":"https:\/\/library.elementor.com\/wp-content\/uploads\/2020\/06\/h2shape_4.svg"},"library":"svg"},"link":{"url":"","is_external":"","nofollow":"","custom_attributes":""},"_id":"b91cee1"},{"text":"","selected_icon":{"value":{"id":2772,"url":"https:\/\/library.elementor.com\/wp-content\/uploads\/2020\/06\/h2shape_10.svg"},"library":"svg"},"link":{"url":"","is_external":"","nofollow":"","custom_attributes":""},"_id":"f0e095c"},{"text":"","selected_icon":{"value":{"id":2773,"url":"https:\/\/library.elementor.com\/wp-content\/uploads\/2020\/06\/h2shape_11.svg"},"library":"svg"},"link":{"url":"","is_external":"","nofollow":"","custom_attributes":""},"_id":"528fbb5"},{"text":"","selected_icon":{"value":{"id":"2744","url":"https:\/\/library.elementor.com\/wp-content\/uploads\/2020\/06\/h2shape_1.svg"},"library":"svg"},"link":{"url":"","is_external":"","nofollow":"","custom_attributes":""},"_id":"7ac53fa"},{"text":"","selected_icon":{"value":{"id":"2745","url":"https:\/\/library.elementor.com\/wp-content\/uploads\/2020\/06\/h2shape_2.svg"},"library":"svg"},"link":{"url":"","is_external":"","nofollow":"","custom_attributes":""},"_id":"e13b96e"},{"text":"","selected_icon":{"value":{"id":2772,"url":"https:\/\/library.elementor.com\/wp-content\/uploads\/2020\/06\/h2shape_10.svg"},"library":"svg"},"link":{"url":"","is_external":"","nofollow":"","custom_attributes":""},"_id":"696b74a"}],"space_between":{"unit":"px","size":"0","sizes":[]},"icon_color":"#FEF8EE","icon_size":{"unit":"px","size":"37","sizes":[]},"icon_self_align":"left","text_indent":{"unit":"px","size":"0","sizes":[]},"space_between_tablet":{"unit":"px","size":"6","sizes":[]},"space_between_mobile":{"unit":"px","size":"6","sizes":[]},"icon_size_tablet":{"unit":"px","size":"16","sizes":[]},"icon_size_mobile":{"unit":"px","size":"14","sizes":[]},"icon_typography_line_height":{"unit":"em","size":"0.5","sizes":[]},"icon_typography_line_height_tablet":{"unit":"em","size":"0.1","sizes":[]},"icon_typography_line_height_mobile":{"unit":"em","size":"0.1","sizes":[]}},"elements":[],"isInner":false,"widgetType":"icon-list","elType":"widget"}],"isInner":"","elType":"column"},{"id":"c2e56c0","settings":{"_column_size":"50","background_background":"classic","background_image":{"id":2775,"url":"https:\/\/library.elementor.com\/wp-content\/uploads\/2020\/06\/KitchenMenu-Hero-BG.jpg"},"background_position":"center center","background_repeat":"no-repeat","background_size":"cover","background_size_mobile":"cover","_inline_size_tablet":"100"},"elements":[{"id":"6bdb648d","settings":{"space_mobile":{"unit":"vh","size":"30","sizes":[]},"space_tablet":{"unit":"vh","size":"30","sizes":[]}},"elements":[],"isInner":false,"widgetType":"spacer","elType":"widget"},{"id":"2472ce2","settings":{"image":{"id":2774,"url":"https:\/\/library.elementor.com\/wp-content\/uploads\/2020\/06\/KitchenMenuPage-Hero-Shape.png"},"_element_width":"auto","_element_custom_width":{"unit":"%","size":"39","sizes":[]},"_position":"absolute","_offset_orientation_h":"end","_offset_x_end":{"unit":"px","size":"-50","sizes":[]},"image_size":"full","align":"right","width_tablet":{"unit":"%","size":"70","sizes":[]},"width_mobile":{"unit":"%","size":"40","sizes":[]},"_offset_x_end_tablet":{"unit":"px","size":"-30","sizes":[]},"_offset_x_end_mobile":{"unit":"px","size":"-15","sizes":[]},"_offset_y":{"unit":"%","size":"0","sizes":[]},"_offset_y_tablet":{"unit":"px","size":"100","sizes":[]},"_offset_y_mobile":{"unit":"%","size":"","sizes":[]}},"elements":[],"isInner":false,"widgetType":"image","elType":"widget"}],"isInner":"","elType":"column"}],"isInner":"","elType":"section"},{"id":"143f9d1b","settings":{"custom_height":{"unit":"px","size":"","sizes":[]},"background_background":"classic","background_color":"#0B0B0B","background_color_stop":{"unit":"%","size":"99","sizes":[]},"background_color_b":"rgba(255, 255, 255, 0.2)","background_color_b_stop":{"unit":"%","size":"99","sizes":[]},"background_motion_fx_opacity_effect":"yes","background_motion_fx_opacity_range":{"unit":"%","size":"","sizes":{"start":"75","end":"80"}},"margin":{"unit":"%","top":"3","right":"0","bottom":"0","left":"0","isLinked":""},"padding":{"unit":"%","top":"","right":"","bottom":"","left":"","isLinked":"1"},"_title":"Mobile Kitchen Menu","height":"min-height","custom_height_mobile":{"unit":"px","size":"80","sizes":[]},"content_position":"middle","margin_mobile":{"unit":"px","top":"","right":"0","bottom":"","left":"0","isLinked":"1"},"sticky":"top","z_index":"90","content_width":{"unit":"px","size":"1600","sizes":[]},"_timestamp_":"v1UDBjV1ZKV2V5WXFrM3hsRHQ3eEpNdz09"},"elements":[{"id":"7b579ed9","settings":{"_column_size":"100","space_between_widgets_mobile":"0","margin":{"unit":"px","top":"79","right":"0","bottom":"0","left":"0","isLinked":""}},"elements":[{"id":"33750e6a","settings":{"align_items":"center","menu_typography_typography":"custom","menu_typography_font_size":{"unit":"px","size":"16","sizes":[]},"menu_typography_text_transform":"uppercase","menu_typography_letter_spacing":{"unit":"px","size":"-0.03","sizes":[]},"pointer_color_menu_item_hover":"#CB3522","color_menu_item_active":"#CB3522","pointer_color_menu_item_active":"#CB3522","pointer_width":{"unit":"px","size":"1","sizes":[]},"dropdown":"mobile","full_width":"stretch","toggle_align":"left","menu_typography_font_size_tablet":{"unit":"px","size":"12","sizes":[]},"background_color_dropdown_item":"#CB3522","color_dropdown_item_hover":"#0B0B0B","background_color_dropdown_item_hover":"rgba(218, 218, 218, 0)","dropdown_top_distance_mobile":{"unit":"px","size":"24","sizes":[]},"toggle_color":"#FFFFFF","toggle_color_hover":"#FFFFFF","_element_width_mobile":"initial","_element_custom_width_mobile":{"unit":"%","size":"12","sizes":[]},"pointer":"none","menu_typography_font_family":"Nanum Gothic","color_menu_item":"#FFFFFF","color_menu_item_hover":"#CB3522","color_dropdown_item":"#FFFFFF"},"elements":[],"isInner":false,"widgetType":"nav-menu","elType":"widget"},{"id":"61f14f49","settings":{"width_mobile":{"unit":"%","size":"100","sizes":[]},"align_mobile":"left","look":"line_text","text":"Kitchen Menu","color":"#CB3522","gap_mobile":{"unit":"px","size":"5","sizes":[]},"text_color":"#DADADA","typography_typography":"custom","text_align":"left","_element_width_mobile":"initial","_element_custom_width_mobile":{"unit":"%","size":"86","sizes":[]},"hide_desktop":"hidden-desktop","hide_tablet":"hidden-tablet"},"elements":[],"isInner":false,"widgetType":"divider","elType":"widget"}],"isInner":"","elType":"column"}],"isInner":"","elType":"section"},{"id":"58784994","settings":{"height":"min-height","custom_height":{"unit":"vh","size":"100","sizes":[]},"content_position":"middle","structure":"20","background_position":"center right","background_repeat":"no-repeat","custom_height_tablet":{"unit":"vh","size":"","sizes":[]},"custom_height_mobile":{"unit":"vh","size":"80","sizes":[]},"column_position":"stretch","padding_tablet":{"unit":"%","top":"4","right":"5","bottom":"0","left":"5","isLinked":""},"padding_mobile":{"unit":"%","top":"0","right":"5","bottom":"0","left":"5","isLinked":""},"margin":{"unit":"%","top":"2","right":"0","bottom":"0","left":"0","isLinked":""},"margin_tablet":{"unit":"%","top":"","right":"0","bottom":"","left":"0","isLinked":"1"},"_title":"Appetizers &amp; Salads","background_size_mobile":"initial","background_bg_width_mobile":{"unit":"%","size":"50","sizes":[]},"_element_id":"appetizers_salads","content_width":{"unit":"px","size":"1600","sizes":[]},"_timestamp_":"v1UDBjV1ZKV2V5WXFrM3hsRHQ3eEpNdz09"},"elements":[{"id":"7d8c0eea","settings":{"_column_size":"50","background_background":"classic","background_image":{"id":2776,"url":"https:\/\/library.elementor.com\/wp-content\/uploads\/2020\/06\/Appetizers_and_Salads.jpg"},"background_position":"center center","background_repeat":"no-repeat","background_size":"cover","background_size_mobile":"cover","_inline_size_tablet":"100"},"elements":[{"id":"2cb28d8f","settings":{"space_mobile":{"unit":"vh","size":"30","sizes":[]},"space_tablet":{"unit":"vh","size":"30","sizes":[]}},"elements":[],"isInner":false,"widgetType":"spacer","elType":"widget"}],"isInner":"","elType":"column"},{"id":"79259ec3","settings":{"_column_size":"50","_inline_size_tablet":"100","space_between_widgets_tablet":"15","margin":{"unit":"%","top":"0","right":"0","bottom":"0","left":"15","isLinked":""},"margin_mobile":{"unit":"%","top":"3","right":"0","bottom":"0","left":"0","isLinked":""},"margin_tablet":{"unit":"%","top":"5","right":"0","bottom":"0","left":"0","isLinked":""}},"elements":[{"id":"d04a9e7","settings":{"animation":"fadeIn","animation_duration":"slow"},"elements":[{"id":"7212f0c","settings":{"_column_size":"100","padding":{"unit":"px","top":"0","right":"0","bottom":"0","left":"0","isLinked":"1"}},"elements":[{"id":"50b4e295","settings":{"title":"APPETIZERS","header_size":"h4","_margin":{"unit":"%","top":"0","right":"0","bottom":"-1","left":"0","isLinked":""},"title_color":"#FFFFFF","typography_typography":"custom","typography_font_family":"Nanum Gothic","typography_font_size":{"unit":"px","size":"16","sizes":[]},"typography_font_size_tablet":{"unit":"px","size":"14","sizes":[]},"typography_font_weight":"300","typography_text_transform":"uppercase","typography_line_height":{"unit":"px","size":"19","sizes":[]},"typography_letter_spacing":{"unit":"px","size":"0.87","sizes":[]}},"elements":[],"isInner":false,"widgetType":"heading","elType":"widget"},{"id":"53454bdd","settings":{"align":"left","text":"Divider","color":"#CB3522","gap_tablet":{"unit":"px","size":"5","sizes":[]},"gap":{"unit":"px","size":"0","sizes":[]}},"elements":[],"isInner":false,"widgetType":"divider","elType":"widget"},{"id":"309dee3","settings":{"price_list":[{"title":"First item on the list","item_description":"Lorem ipsum dolor sit amet, te putent habemus vis, per ei mundi feugiat ","price":"$16","link":{"url":"","is_external":"","nofollow":"","custom_attributes":""},"_id":"0e425d8","image":{"url":"","id":""}},{"title":"Second item on the list","item_description":"Lorem ipsum dolor sit amet, te putent habemus vis, per ei mundi feugiat ","price":"$16","link":{"url":"","is_external":"","nofollow":"","custom_attributes":""},"_id":"70c101a","image":{"url":"","id":""}},{"title":"Third item on the list","item_description":"Lorem ipsum dolor sit amet, te putent habemus vis, per ei mundi feugiat ","price":"$16","link":{"url":"","is_external":"","nofollow":"","custom_attributes":""},"_id":"0fd386e","image":{"url":"","id":""}},{"title":"Fourth item on the list","item_description":"Lorem ipsum dolor sit amet, te putent habemus vis, per ei mundi feugiat ","price":"$16","link":{"url":"","is_external":"","nofollow":"","custom_attributes":""},"image":{"url":"","id":""},"_id":"5483921"}],"heading_typography_typography":"custom","heading_typography_font_size":{"unit":"px","size":"12","sizes":[]},"heading_typography_font_weight":"300","heading_typography_line_height":{"unit":"px","size":"22","sizes":[]},"heading_typography_letter_spacing":{"unit":"px","size":"0.65","sizes":[]},"description_typography_typography":"custom","description_typography_font_size":{"unit":"px","size":"12","sizes":[]},"separator_style":"none","_margin":{"unit":"%","top":"4","right":"0","bottom":"0","left":"0","isLinked":""},"heading_color":"#DADADA","description_color":"#DADADA"},"elements":[],"isInner":false,"widgetType":"price-list","elType":"widget"}],"isInner":"1","elType":"column"}],"isInner":"1","elType":"section"},{"id":"2d16cafb","settings":{"margin":{"unit":"%","top":"10","right":"0","bottom":"0","left":"0","isLinked":""},"animation":"fadeIn","animation_duration":"slow"},"elements":[{"id":"6b328fa8","settings":{"_column_size":"100","padding":{"unit":"px","top":"0","right":"0","bottom":"0","left":"0","isLinked":"1"}},"elements":[{"id":"78ab5db","settings":{"title":"Salads","header_size":"h4","_margin":{"unit":"%","top":"0","right":"0","bottom":"-1","left":"0","isLinked":""},"title_color":"#FFFFFF","typography_typography":"custom","typography_font_family":"Nanum Gothic","typography_font_size":{"unit":"px","size":"16","sizes":[]},"typography_font_size_tablet":{"unit":"px","size":"14","sizes":[]},"typography_font_weight":"300","typography_text_transform":"uppercase","typography_line_height":{"unit":"px","size":"19","sizes":[]},"typography_letter_spacing":{"unit":"px","size":"0.87","sizes":[]}},"elements":[],"isInner":false,"widgetType":"heading","elType":"widget"},{"id":"6b98cc4d","settings":{"align":"left","text":"Divider","color":"#CB3522","gap_tablet":{"unit":"px","size":"5","sizes":[]},"gap":{"unit":"px","size":"0","sizes":[]}},"elements":[],"isInner":false,"widgetType":"divider","elType":"widget"},{"id":"78a1936d","settings":{"price_list":[{"title":"First item on the list","item_description":"Lorem ipsum dolor sit amet, te putent habemus vis, per ei mundi feugiat ","price":"$16","link":{"url":"","is_external":"","nofollow":"","custom_attributes":""},"_id":"0e425d8","image":{"url":"","id":""}},{"title":"Second item on the list","item_description":"Lorem ipsum dolor sit amet, te putent habemus vis, per ei mundi feugiat ","price":"$16","link":{"url":"","is_external":"","nofollow":"","custom_attributes":""},"_id":"70c101a","image":{"url":"","id":""}},{"title":"Third item on the list","item_description":"Lorem ipsum dolor sit amet, te putent habemus vis, per ei mundi feugiat ","price":"$16","link":{"url":"","is_external":"","nofollow":"","custom_attributes":""},"_id":"0fd386e","image":{"url":"","id":""}},{"title":"Fourth item on the list","item_description":"Lorem ipsum dolor sit amet, te putent habemus vis, per ei mundi feugiat ","price":"$16","link":{"url":"","is_external":"","nofollow":"","custom_attributes":""},"image":{"url":"","id":""},"_id":"5483921"}],"heading_typography_typography":"custom","heading_typography_font_size":{"unit":"px","size":"12","sizes":[]},"heading_typography_font_weight":"300","heading_typography_line_height":{"unit":"px","size":"22","sizes":[]},"heading_typography_letter_spacing":{"unit":"px","size":"0.65","sizes":[]},"description_typography_typography":"custom","description_typography_font_size":{"unit":"px","size":"12","sizes":[]},"separator_style":"none","_margin":{"unit":"%","top":"4","right":"0","bottom":"0","left":"0","isLinked":""},"heading_color":"#DADADA","description_color":"#DADADA"},"elements":[],"isInner":false,"widgetType":"price-list","elType":"widget"}],"isInner":"1","elType":"column"}],"isInner":"1","elType":"section"}],"isInner":"","elType":"column"}],"isInner":"","elType":"section"},{"id":"62ec88bb","settings":{"height":"min-height","custom_height":{"unit":"vh","size":"100","sizes":[]},"content_position":"middle","structure":"20","background_position":"bottom right","background_repeat":"no-repeat","custom_height_tablet":{"unit":"vh","size":"","sizes":[]},"custom_height_mobile":{"unit":"vh","size":"80","sizes":[]},"column_position":"stretch","padding_tablet":{"unit":"%","top":"8","right":"5","bottom":"0","left":"5","isLinked":""},"padding_mobile":{"unit":"%","top":"20","right":"5","bottom":"0","left":"5","isLinked":""},"margin":{"unit":"%","top":"8","right":"0","bottom":"0","left":"0","isLinked":""},"margin_tablet":{"unit":"%","top":"","right":"0","bottom":"","left":"0","isLinked":"1"},"_title":"Sashimi &amp; Nigiri","background_size_mobile":"initial","background_bg_width_mobile":{"unit":"%","size":"50","sizes":[]},"_element_id":"sashimi_nigiri","reverse_order_tablet":"reverse-tablet","reverse_order_mobile":"reverse-mobile","background_background":"classic","background_image":{"id":2778,"url":"https:\/\/library.elementor.com\/wp-content\/uploads\/2020\/06\/AboutPage-Hero-Shape.png"},"background_position_tablet":"top right","content_width":{"unit":"px","size":"1600","sizes":[]},"_timestamp_":"v1UDBjV1ZKV2V5WXFrM3hsRHQ3eEpNdz09"},"elements":[{"id":"71f0f850","settings":{"_column_size":"50","_inline_size_tablet":"100","space_between_widgets_tablet":"15","margin":{"unit":"%","top":"0","right":"15","bottom":"0","left":"0","isLinked":""},"margin_mobile":{"unit":"%","top":"3","right":"0","bottom":"0","left":"0","isLinked":""},"margin_tablet":{"unit":"%","top":"5","right":"0","bottom":"0","left":"0","isLinked":""}},"elements":[{"id":"3f43ad7b","settings":{"animation":"fadeIn","animation_duration":"slow"},"elements":[{"id":"5d4ed579","settings":{"_column_size":"100","padding":{"unit":"px","top":"0","right":"0","bottom":"0","left":"0","isLinked":"1"}},"elements":[{"id":"2a64aa8f","settings":{"title":"SASHIMI","header_size":"h4","_margin":{"unit":"%","top":"0","right":"0","bottom":"-1","left":"0","isLinked":""},"title_color":"#FFFFFF","typography_typography":"custom","typography_font_family":"Nanum Gothic","typography_font_size":{"unit":"px","size":"16","sizes":[]},"typography_font_size_tablet":{"unit":"px","size":"14","sizes":[]},"typography_font_weight":"300","typography_text_transform":"uppercase","typography_line_height":{"unit":"px","size":"19","sizes":[]},"typography_letter_spacing":{"unit":"px","size":"0.87","sizes":[]}},"elements":[],"isInner":false,"widgetType":"heading","elType":"widget"},{"id":"51297ab2","settings":{"align":"left","text":"Divider","color":"#CB3522","gap_tablet":{"unit":"px","size":"5","sizes":[]},"gap":{"unit":"px","size":"0","sizes":[]}},"elements":[],"isInner":false,"widgetType":"divider","elType":"widget"},{"id":"4bec716b","settings":{"price_list":[{"title":"First item on the list","item_description":"Lorem ipsum dolor sit amet, te putent habemus vis, per ei mundi feugiat ","price":"$16","link":{"url":"","is_external":"","nofollow":"","custom_attributes":""},"_id":"0e425d8","image":{"url":"","id":""}},{"title":"Second item on the list","item_description":"Lorem ipsum dolor sit amet, te putent habemus vis, per ei mundi feugiat ","price":"$16","link":{"url":"","is_external":"","nofollow":"","custom_attributes":""},"_id":"70c101a","image":{"url":"","id":""}},{"title":"Third item on the list","item_description":"Lorem ipsum dolor sit amet, te putent habemus vis, per ei mundi feugiat ","price":"$16","link":{"url":"","is_external":"","nofollow":"","custom_attributes":""},"_id":"0fd386e","image":{"url":"","id":""}},{"title":"Fourth item on the list","item_description":"Lorem ipsum dolor sit amet, te putent habemus vis, per ei mundi feugiat ","price":"$16","link":{"url":"","is_external":"","nofollow":"","custom_attributes":""},"image":{"url":"","id":""},"_id":"5483921"}],"heading_typography_typography":"custom","heading_typography_font_size":{"unit":"px","size":"12","sizes":[]},"heading_typography_font_weight":"300","heading_typography_line_height":{"unit":"px","size":"22","sizes":[]},"heading_typography_letter_spacing":{"unit":"px","size":"0.65","sizes":[]},"description_typography_typography":"custom","description_typography_font_size":{"unit":"px","size":"12","sizes":[]},"separator_style":"none","_margin":{"unit":"%","top":"4","right":"0","bottom":"0","left":"0","isLinked":""},"heading_color":"#DADADA","description_color":"#DADADA"},"elements":[],"isInner":false,"widgetType":"price-list","elType":"widget"}],"isInner":"1","elType":"column"}],"isInner":"1","elType":"section"},{"id":"43fa3b9a","settings":{"margin":{"unit":"%","top":"10","right":"0","bottom":"0","left":"0","isLinked":""},"animation":"fadeIn","animation_duration":"slow"},"elements":[{"id":"39b01be1","settings":{"_column_size":"100","padding":{"unit":"px","top":"0","right":"0","bottom":"0","left":"0","isLinked":"1"}},"elements":[{"id":"66779cdc","settings":{"title":"NIGIRI","header_size":"h4","_margin":{"unit":"%","top":"0","right":"0","bottom":"-1","left":"0","isLinked":""},"title_color":"#FFFFFF","typography_typography":"custom","typography_font_family":"Nanum Gothic","typography_font_size":{"unit":"px","size":"16","sizes":[]},"typography_font_size_tablet":{"unit":"px","size":"14","sizes":[]},"typography_font_weight":"300","typography_text_transform":"uppercase","typography_line_height":{"unit":"px","size":"19","sizes":[]},"typography_letter_spacing":{"unit":"px","size":"0.87","sizes":[]}},"elements":[],"isInner":false,"widgetType":"heading","elType":"widget"},{"id":"34d70ad9","settings":{"align":"left","text":"Divider","color":"#CB3522","gap_tablet":{"unit":"px","size":"5","sizes":[]},"gap":{"unit":"px","size":"0","sizes":[]}},"elements":[],"isInner":false,"widgetType":"divider","elType":"widget"},{"id":"3ef3db03","settings":{"price_list":[{"title":"First item on the list","item_description":"Lorem ipsum dolor sit amet, te putent habemus vis, per ei mundi feugiat ","price":"$16","link":{"url":"","is_external":"","nofollow":"","custom_attributes":""},"_id":"0e425d8","image":{"url":"","id":""}},{"title":"Second item on the list","item_description":"Lorem ipsum dolor sit amet, te putent habemus vis, per ei mundi feugiat ","price":"$16","link":{"url":"","is_external":"","nofollow":"","custom_attributes":""},"_id":"70c101a","image":{"url":"","id":""}},{"title":"Third item on the list","item_description":"Lorem ipsum dolor sit amet, te putent habemus vis, per ei mundi feugiat ","price":"$16","link":{"url":"","is_external":"","nofollow":"","custom_attributes":""},"_id":"0fd386e","image":{"url":"","id":""}},{"title":"Fourth item on the list","item_description":"Lorem ipsum dolor sit amet, te putent habemus vis, per ei mundi feugiat ","price":"$16","link":{"url":"","is_external":"","nofollow":"","custom_attributes":""},"image":{"url":"","id":""},"_id":"5483921"}],"heading_typography_typography":"custom","heading_typography_font_size":{"unit":"px","size":"12","sizes":[]},"heading_typography_font_weight":"300","heading_typography_line_height":{"unit":"px","size":"22","sizes":[]},"heading_typography_letter_spacing":{"unit":"px","size":"0.65","sizes":[]},"description_typography_typography":"custom","description_typography_font_size":{"unit":"px","size":"12","sizes":[]},"separator_style":"none","_margin":{"unit":"%","top":"4","right":"0","bottom":"0","left":"0","isLinked":""},"heading_color":"#DADADA","description_color":"#DADADA"},"elements":[],"isInner":false,"widgetType":"price-list","elType":"widget"}],"isInner":"1","elType":"column"}],"isInner":"1","elType":"section"}],"isInner":"","elType":"column"},{"id":"71417ea5","settings":{"_column_size":"50","background_background":"classic","background_image":{"id":2777,"url":"https:\/\/library.elementor.com\/wp-content\/uploads\/2020\/06\/Sashimi_and_Nigiri.jpg"},"background_position":"center center","background_repeat":"no-repeat","background_size":"cover","background_size_mobile":"cover","_inline_size_tablet":"100"},"elements":[{"id":"60111316","settings":{"space_mobile":{"unit":"vh","size":"30","sizes":[]},"space_tablet":{"unit":"vh","size":"30","sizes":[]}},"elements":[],"isInner":false,"widgetType":"spacer","elType":"widget"}],"isInner":"","elType":"column"}],"isInner":"","elType":"section"},{"id":"2bbe14fb","settings":{"height":"min-height","custom_height":{"unit":"vh","size":"80","sizes":[]},"content_position":"middle","structure":"20","background_position":"center left","background_repeat":"no-repeat","custom_height_tablet":{"unit":"vh","size":"0","sizes":[]},"custom_height_mobile":{"unit":"vh","size":"30","sizes":[]},"column_position":"stretch","padding_tablet":{"unit":"%","top":"8","right":"5","bottom":"0","left":"5","isLinked":""},"padding_mobile":{"unit":"%","top":"","right":"","bottom":"","left":"","isLinked":"1"},"margin":{"unit":"%","top":"8","right":"0","bottom":"0","left":"0","isLinked":""},"margin_tablet":{"unit":"%","top":"","right":"0","bottom":"","left":"0","isLinked":"1"},"_title":"Images Section","margin_mobile":{"unit":"%","top":"20","right":"0","bottom":"0","left":"0","isLinked":""},"content_width":{"unit":"px","size":"1600","sizes":[]},"_timestamp_":"v1UDBjV1ZKV2V5WXFrM3hsRHQ3eEpNdz09"},"elements":[{"id":"31f2ae4d","settings":{"_column_size":"50","background_background":"classic","background_image":{"id":2780,"url":"https:\/\/library.elementor.com\/wp-content\/uploads\/2020\/06\/Sushi_Rolls_1.jpg"},"background_position":"center center","background_repeat":"no-repeat","background_size":"cover","background_size_mobile":"cover","_inline_size_tablet":"50","background_ypos_tablet":{"unit":"px","size":"-142","sizes":[]},"background_hover_position":"top center","background_hover_repeat":"no-repeat","background_hover_size":"cover","background_hover_transition":{"unit":"px","size":"0.5","sizes":[]},"margin":{"unit":"%","top":"0","right":"2","bottom":"0","left":"0","isLinked":""},"margin_tablet":{"unit":"%","top":"0","right":"2","bottom":"0","left":"0","isLinked":""},"margin_mobile":{"unit":"%","top":"0","right":"2","bottom":"0","left":"0","isLinked":""},"_inline_size_mobile":"50"},"elements":[{"id":"63bb40d7","settings":{"space_mobile":{"unit":"vh","size":"30","sizes":[]},"space_tablet":{"unit":"vh","size":"30","sizes":[]}},"elements":[],"isInner":false,"widgetType":"spacer","elType":"widget"},{"id":"1c0a499d","settings":{"image":{"id":2779,"url":"https:\/\/library.elementor.com\/wp-content\/uploads\/2020\/06\/KitchenMenuPage-Shape_1.png"},"image_size":"full","align":"left","_margin":{"unit":"%","top":"","right":"","bottom":"","left":"","isLinked":"1"},"_element_width":"initial","_position":"absolute","_offset_y_end":{"unit":"vh","size":"25","sizes":[]},"_offset_y_end_tablet":{"unit":"vh","size":"0","sizes":[]},"_offset_y_end_mobile":{"unit":"vh","size":"-52","sizes":[]},"_element_width_tablet":"initial","_element_custom_width":{"unit":"%","size":"50","sizes":[]},"_element_custom_width_tablet":{"unit":"%","size":"30","sizes":[]},"_offset_x":{"unit":"px","size":"-50","sizes":[]},"_offset_x_tablet":{"unit":"px","size":"-45","sizes":[]},"_offset_y_tablet":{"unit":"px","size":"0","sizes":[]}},"elements":[],"isInner":false,"widgetType":"image","elType":"widget"}],"isInner":"","elType":"column"},{"id":"9ad6106","settings":{"_column_size":"50","background_background":"classic","background_image":{"id":2781,"url":"https:\/\/library.elementor.com\/wp-content\/uploads\/2020\/06\/Sushi_Rolls_2.jpg"},"background_position":"center center","background_repeat":"no-repeat","background_size":"cover","background_size_mobile":"cover","_inline_size_tablet":"50","background_position_tablet":"initial","background_xpos_tablet":{"unit":"%","size":"54","sizes":[]},"background_ypos_tablet":{"unit":"%","size":"20","sizes":[]},"background_hover_position":"top center","background_hover_repeat":"no-repeat","background_hover_size":"cover","background_hover_transition":{"unit":"px","size":"0.5","sizes":[]},"margin":{"unit":"%","top":"0","right":"0","bottom":"0","left":"2","isLinked":""},"margin_tablet":{"unit":"%","top":"0","right":"0","bottom":"0","left":"2","isLinked":""},"margin_mobile":{"unit":"%","top":"0","right":"0","bottom":"0","left":"2","isLinked":""},"_inline_size_mobile":"50"},"elements":[{"id":"79a10167","settings":{"space_mobile":{"unit":"vh","size":"30","sizes":[]},"space_tablet":{"unit":"vh","size":"30","sizes":[]}},"elements":[],"isInner":false,"widgetType":"spacer","elType":"widget"}],"isInner":"","elType":"column"}],"isInner":"","elType":"section"},{"id":"17d1fa0d","settings":{"height":"min-height","custom_height":{"unit":"vh","size":"50","sizes":[]},"content_position":"middle","structure":"20","background_position":"center right","background_repeat":"no-repeat","custom_height_tablet":{"unit":"vh","size":"","sizes":[]},"custom_height_mobile":{"unit":"vh","size":"80","sizes":[]},"column_position":"stretch","padding_tablet":{"unit":"%","top":"2","right":"5","bottom":"0","left":"5","isLinked":""},"padding_mobile":{"unit":"%","top":"0","right":"5","bottom":"0","left":"5","isLinked":""},"margin":{"unit":"%","top":"5","right":"0","bottom":"0","left":"0","isLinked":""},"margin_tablet":{"unit":"%","top":"","right":"0","bottom":"","left":"0","isLinked":"1"},"_title":"Sushi Rolls","background_size_mobile":"initial","background_bg_width_mobile":{"unit":"%","size":"50","sizes":[]},"_element_id":"sushi_rolls","content_width":{"unit":"px","size":"1600","sizes":[]},"_timestamp_":"v1UDBjV1ZKV2V5WXFrM3hsRHQ3eEpNdz09"},"elements":[{"id":"160ab430","settings":{"_column_size":"50","_inline_size_tablet":"100","space_between_widgets_tablet":"15","margin":{"unit":"%","top":"0","right":"15","bottom":"0","left":"0","isLinked":""},"margin_mobile":{"unit":"%","top":"3","right":"0","bottom":"3","left":"0","isLinked":""},"margin_tablet":{"unit":"%","top":"","right":"","bottom":"","left":"","isLinked":""}},"elements":[{"id":"7b25c732","settings":{"animation":"fadeIn","animation_duration":"slow"},"elements":[{"id":"36cbaca3","settings":{"_column_size":"100","padding":{"unit":"px","top":"0","right":"0","bottom":"0","left":"0","isLinked":"1"}},"elements":[{"id":"b0f8a77","settings":{"title":"SPECIALTY ROLLS","header_size":"h4","_margin":{"unit":"%","top":"0","right":"0","bottom":"-1","left":"0","isLinked":""},"title_color":"#FFFFFF","typography_typography":"custom","typography_font_family":"Nanum Gothic","typography_font_size":{"unit":"px","size":"16","sizes":[]},"typography_font_size_tablet":{"unit":"px","size":"14","sizes":[]},"typography_font_weight":"300","typography_text_transform":"uppercase","typography_line_height":{"unit":"px","size":"19","sizes":[]},"typography_letter_spacing":{"unit":"px","size":"0.87","sizes":[]}},"elements":[],"isInner":false,"widgetType":"heading","elType":"widget"},{"id":"191fc215","settings":{"align":"left","text":"Divider","color":"#CB3522","gap_tablet":{"unit":"px","size":"5","sizes":[]},"gap":{"unit":"px","size":"0","sizes":[]}},"elements":[],"isInner":false,"widgetType":"divider","elType":"widget"},{"id":"61d8316a","settings":{"price_list":[{"title":"First item on the list","item_description":"Lorem ipsum dolor sit amet, te putent habemus vis, per ei mundi feugiat ","price":"$16","link":{"url":"","is_external":"","nofollow":"","custom_attributes":""},"_id":"0e425d8","image":{"url":"","id":""}},{"title":"Second item on the list","item_description":"Lorem ipsum dolor sit amet, te putent habemus vis, per ei mundi feugiat ","price":"$16","link":{"url":"","is_external":"","nofollow":"","custom_attributes":""},"_id":"70c101a","image":{"url":"","id":""}},{"title":"Third item on the list","item_description":"Lorem ipsum dolor sit amet, te putent habemus vis, per ei mundi feugiat ","price":"$16","link":{"url":"","is_external":"","nofollow":"","custom_attributes":""},"_id":"0fd386e","image":{"url":"","id":""}},{"title":"Fourth item on the list","item_description":"Lorem ipsum dolor sit amet, te putent habemus vis, per ei mundi feugiat ","price":"$16","link":{"url":"","is_external":"","nofollow":"","custom_attributes":""},"image":{"url":"","id":""},"_id":"5483921"}],"heading_typography_typography":"custom","heading_typography_font_size":{"unit":"px","size":"12","sizes":[]},"heading_typography_font_weight":"300","heading_typography_line_height":{"unit":"px","size":"22","sizes":[]},"heading_typography_letter_spacing":{"unit":"px","size":"0.65","sizes":[]},"description_typography_typography":"custom","description_typography_font_size":{"unit":"px","size":"12","sizes":[]},"separator_style":"none","_margin":{"unit":"%","top":"4","right":"0","bottom":"0","left":"0","isLinked":""},"heading_color":"#DADADA","description_color":"#DADADA"},"elements":[],"isInner":false,"widgetType":"price-list","elType":"widget"}],"isInner":"1","elType":"column"}],"isInner":"1","elType":"section"}],"isInner":"","elType":"column"},{"id":"7964a15d","settings":{"_column_size":"50","_inline_size_tablet":"100","space_between_widgets_tablet":"15","margin":{"unit":"%","top":"0","right":"0","bottom":"0","left":"15","isLinked":""},"margin_mobile":{"unit":"%","top":"0","right":"0","bottom":"3","left":"0","isLinked":""},"margin_tablet":{"unit":"%","top":"5","right":"0","bottom":"0","left":"0","isLinked":""}},"elements":[{"id":"1056fe9d","settings":{"animation":"fadeIn","animation_duration":"slow"},"elements":[{"id":"39416e0b","settings":{"_column_size":"100","padding":{"unit":"px","top":"0","right":"0","bottom":"0","left":"0","isLinked":"1"}},"elements":[{"id":"43a5d513","settings":{"title":"MAKI ROLLS","header_size":"h4","_margin":{"unit":"%","top":"0","right":"0","bottom":"-1","left":"0","isLinked":""},"title_color":"#FFFFFF","typography_typography":"custom","typography_font_family":"Nanum Gothic","typography_font_size":{"unit":"px","size":"16","sizes":[]},"typography_font_size_tablet":{"unit":"px","size":"14","sizes":[]},"typography_font_weight":"300","typography_text_transform":"uppercase","typography_line_height":{"unit":"px","size":"19","sizes":[]},"typography_letter_spacing":{"unit":"px","size":"0.87","sizes":[]}},"elements":[],"isInner":false,"widgetType":"heading","elType":"widget"},{"id":"4bd0021b","settings":{"align":"left","text":"Divider","color":"#CB3522","gap_tablet":{"unit":"px","size":"5","sizes":[]},"gap":{"unit":"px","size":"0","sizes":[]}},"elements":[],"isInner":false,"widgetType":"divider","elType":"widget"},{"id":"f3b3e98","settings":{"price_list":[{"title":"First item on the list","item_description":"Lorem ipsum dolor sit amet, te putent habemus vis, per ei mundi feugiat ","price":"$16","link":{"url":"","is_external":"","nofollow":"","custom_attributes":""},"_id":"0e425d8","image":{"url":"","id":""}},{"title":"Second item on the list","item_description":"Lorem ipsum dolor sit amet, te putent habemus vis, per ei mundi feugiat ","price":"$16","link":{"url":"","is_external":"","nofollow":"","custom_attributes":""},"_id":"70c101a","image":{"url":"","id":""}},{"title":"Third item on the list","item_description":"Lorem ipsum dolor sit amet, te putent habemus vis, per ei mundi feugiat ","price":"$16","link":{"url":"","is_external":"","nofollow":"","custom_attributes":""},"_id":"0fd386e","image":{"url":"","id":""}},{"title":"Fourth item on the list","item_description":"Lorem ipsum dolor sit amet, te putent habemus vis, per ei mundi feugiat ","price":"$16","link":{"url":"","is_external":"","nofollow":"","custom_attributes":""},"image":{"url":"","id":""},"_id":"5483921"}],"heading_typography_typography":"custom","heading_typography_font_size":{"unit":"px","size":"12","sizes":[]},"heading_typography_font_weight":"300","heading_typography_line_height":{"unit":"px","size":"22","sizes":[]},"heading_typography_letter_spacing":{"unit":"px","size":"0.65","sizes":[]},"description_typography_typography":"custom","description_typography_font_size":{"unit":"px","size":"12","sizes":[]},"separator_style":"none","_margin":{"unit":"%","top":"4","right":"0","bottom":"0","left":"0","isLinked":""},"heading_color":"#DADADA","description_color":"#DADADA"},"elements":[],"isInner":false,"widgetType":"price-list","elType":"widget"}],"isInner":"1","elType":"column"}],"isInner":"1","elType":"section"}],"isInner":"","elType":"column"}],"isInner":"","elType":"section"},{"id":"7762a030","settings":{"height":"min-height","custom_height":{"unit":"vh","size":"100","sizes":[]},"content_position":"middle","structure":"20","background_position":"center right","background_repeat":"no-repeat","custom_height_tablet":{"unit":"vh","size":"","sizes":[]},"custom_height_mobile":{"unit":"vh","size":"80","sizes":[]},"column_position":"stretch","padding_tablet":{"unit":"%","top":"8","right":"5","bottom":"0","left":"5","isLinked":""},"padding_mobile":{"unit":"%","top":"20","right":"5","bottom":"0","left":"5","isLinked":""},"margin":{"unit":"%","top":"8","right":"0","bottom":"0","left":"0","isLinked":""},"margin_tablet":{"unit":"%","top":"","right":"0","bottom":"","left":"0","isLinked":"1"},"_title":"Noodles + Donburi","background_size_mobile":"initial","background_bg_width_mobile":{"unit":"%","size":"50","sizes":[]},"reverse_order_tablet":"reverse-tablet","reverse_order_mobile":"reverse-mobile","content_width":{"unit":"px","size":"1600","sizes":[]},"_timestamp_":"v1UDBjV1ZKV2V5WXFrM3hsRHQ3eEpNdz09"},"elements":[{"id":"20fffd3f","settings":{"_column_size":"50","_inline_size_tablet":"100","space_between_widgets_tablet":"15","margin":{"unit":"%","top":"0","right":"15","bottom":"0","left":"0","isLinked":""},"margin_mobile":{"unit":"%","top":"3","right":"0","bottom":"0","left":"0","isLinked":""},"margin_tablet":{"unit":"%","top":"5","right":"0","bottom":"0","left":"0","isLinked":""}},"elements":[{"id":"61a6f9be","settings":{"_element_id":"noodles","animation":"fadeIn","animation_duration":"slow"},"elements":[{"id":"32dff78d","settings":{"_column_size":"100","padding":{"unit":"px","top":"0","right":"0","bottom":"0","left":"0","isLinked":"1"}},"elements":[{"id":"1d2035e9","settings":{"title":"NOODLES","header_size":"h4","_margin":{"unit":"%","top":"0","right":"0","bottom":"-1","left":"0","isLinked":""},"title_color":"#FFFFFF","typography_typography":"custom","typography_font_family":"Nanum Gothic","typography_font_size":{"unit":"px","size":"16","sizes":[]},"typography_font_size_tablet":{"unit":"px","size":"14","sizes":[]},"typography_font_weight":"300","typography_text_transform":"uppercase","typography_line_height":{"unit":"px","size":"19","sizes":[]},"typography_letter_spacing":{"unit":"px","size":"0.87","sizes":[]}},"elements":[],"isInner":false,"widgetType":"heading","elType":"widget"},{"id":"3d1d0390","settings":{"align":"left","text":"Divider","color":"#CB3522","gap_tablet":{"unit":"px","size":"5","sizes":[]},"gap":{"unit":"px","size":"0","sizes":[]}},"elements":[],"isInner":false,"widgetType":"divider","elType":"widget"},{"id":"3edb4f17","settings":{"price_list":[{"title":"First item on the list","item_description":"Lorem ipsum dolor sit amet, te putent habemus vis, per ei mundi feugiat ","price":"$16","link":{"url":"","is_external":"","nofollow":"","custom_attributes":""},"_id":"0e425d8","image":{"url":"","id":""}},{"title":"Second item on the list","item_description":"Lorem ipsum dolor sit amet, te putent habemus vis, per ei mundi feugiat ","price":"$16","link":{"url":"","is_external":"","nofollow":"","custom_attributes":""},"_id":"70c101a","image":{"url":"","id":""}},{"title":"Third item on the list","item_description":"Lorem ipsum dolor sit amet, te putent habemus vis, per ei mundi feugiat ","price":"$16","link":{"url":"","is_external":"","nofollow":"","custom_attributes":""},"_id":"0fd386e","image":{"url":"","id":""}},{"title":"Fourth item on the list","item_description":"Lorem ipsum dolor sit amet, te putent habemus vis, per ei mundi feugiat ","price":"$16","link":{"url":"","is_external":"","nofollow":"","custom_attributes":""},"image":{"url":"","id":""},"_id":"5483921"}],"heading_typography_typography":"custom","heading_typography_font_size":{"unit":"px","size":"12","sizes":[]},"heading_typography_font_weight":"300","heading_typography_line_height":{"unit":"px","size":"22","sizes":[]},"heading_typography_letter_spacing":{"unit":"px","size":"0.65","sizes":[]},"description_typography_typography":"custom","description_typography_font_size":{"unit":"px","size":"12","sizes":[]},"separator_style":"none","_margin":{"unit":"%","top":"4","right":"0","bottom":"0","left":"0","isLinked":""},"heading_color":"#DADADA","description_color":"#DADADA"},"elements":[],"isInner":false,"widgetType":"price-list","elType":"widget"}],"isInner":"1","elType":"column"}],"isInner":"1","elType":"section"},{"id":"417cb4b1","settings":{"margin":{"unit":"%","top":"10","right":"0","bottom":"0","left":"0","isLinked":""},"_element_id":"donburi","animation":"fadeIn","animation_duration":"slow"},"elements":[{"id":"68cc8656","settings":{"_column_size":"100","padding":{"unit":"px","top":"0","right":"0","bottom":"0","left":"0","isLinked":"1"}},"elements":[{"id":"48ea1bbd","settings":{"title":"Donburi","header_size":"h4","_margin":{"unit":"%","top":"0","right":"0","bottom":"-1","left":"0","isLinked":""},"title_color":"#FFFFFF","typography_typography":"custom","typography_font_family":"Nanum Gothic","typography_font_size":{"unit":"px","size":"16","sizes":[]},"typography_font_size_tablet":{"unit":"px","size":"14","sizes":[]},"typography_font_weight":"300","typography_text_transform":"uppercase","typography_line_height":{"unit":"px","size":"19","sizes":[]},"typography_letter_spacing":{"unit":"px","size":"0.87","sizes":[]}},"elements":[],"isInner":false,"widgetType":"heading","elType":"widget"},{"id":"4cdda5d","settings":{"align":"left","text":"Divider","color":"#CB3522","gap_tablet":{"unit":"px","size":"5","sizes":[]},"gap":{"unit":"px","size":"0","sizes":[]}},"elements":[],"isInner":false,"widgetType":"divider","elType":"widget"},{"id":"2fb8d0ea","settings":{"price_list":[{"title":"First item on the list","item_description":"Lorem ipsum dolor sit amet, te putent habemus vis, per ei mundi feugiat ","price":"$16","link":{"url":"","is_external":"","nofollow":"","custom_attributes":""},"_id":"0e425d8","image":{"url":"","id":""}},{"title":"Second item on the list","item_description":"Lorem ipsum dolor sit amet, te putent habemus vis, per ei mundi feugiat ","price":"$16","link":{"url":"","is_external":"","nofollow":"","custom_attributes":""},"_id":"70c101a","image":{"url":"","id":""}},{"title":"Third item on the list","item_description":"Lorem ipsum dolor sit amet, te putent habemus vis, per ei mundi feugiat ","price":"$16","link":{"url":"","is_external":"","nofollow":"","custom_attributes":""},"_id":"0fd386e","image":{"url":"","id":""}},{"title":"Fourth item on the list","item_description":"Lorem ipsum dolor sit amet, te putent habemus vis, per ei mundi feugiat ","price":"$16","link":{"url":"","is_external":"","nofollow":"","custom_attributes":""},"image":{"url":"","id":""},"_id":"5483921"}],"heading_typography_typography":"custom","heading_typography_font_size":{"unit":"px","size":"12","sizes":[]},"heading_typography_font_weight":"300","heading_typography_line_height":{"unit":"px","size":"22","sizes":[]},"heading_typography_letter_spacing":{"unit":"px","size":"0.65","sizes":[]},"description_typography_typography":"custom","description_typography_font_size":{"unit":"px","size":"12","sizes":[]},"separator_style":"none","_margin":{"unit":"%","top":"4","right":"0","bottom":"0","left":"0","isLinked":""},"heading_color":"#DADADA","description_color":"#DADADA"},"elements":[],"isInner":false,"widgetType":"price-list","elType":"widget"}],"isInner":"1","elType":"column"}],"isInner":"1","elType":"section"}],"isInner":"","elType":"column"},{"id":"3f39f49f","settings":{"_column_size":"50","background_background":"classic","background_image":{"id":2783,"url":"https:\/\/library.elementor.com\/wp-content\/uploads\/2020\/06\/Noodles.jpg"},"background_position":"center center","background_repeat":"no-repeat","background_size":"cover","background_size_mobile":"cover","_inline_size_tablet":"100"},"elements":[{"id":"6d6b5c4","settings":{"space_mobile":{"unit":"vh","size":"30","sizes":[]},"space_tablet":{"unit":"vh","size":"30","sizes":[]}},"elements":[],"isInner":false,"widgetType":"spacer","elType":"widget"},{"id":"1a0603e1","settings":{"image":{"id":2782,"url":"https:\/\/library.elementor.com\/wp-content\/uploads\/2020\/06\/EventsPage-TestimonialsSection-Shape.png"},"_element_width":"auto","_element_custom_width":{"unit":"%","size":"39","sizes":[]},"_position":"absolute","_offset_orientation_h":"end","_offset_x_end":{"unit":"px","size":"-50","sizes":[]},"image_size":"full","align":"right","width_tablet":{"unit":"%","size":"70","sizes":[]},"width_mobile":{"unit":"%","size":"40","sizes":[]},"_offset_x_end_tablet":{"unit":"px","size":"-30","sizes":[]},"_offset_x_end_mobile":{"unit":"px","size":"-15","sizes":[]},"_offset_y":{"unit":"%","size":"70","sizes":[]},"_offset_y_tablet":{"unit":"px","size":"100","sizes":[]},"_offset_y_mobile":{"unit":"%","size":"","sizes":[]}},"elements":[],"isInner":false,"widgetType":"image","elType":"widget"}],"isInner":"","elType":"column"}],"isInner":"","elType":"section"},{"id":"447f06ff","settings":{"height":"min-height","custom_height":{"unit":"vh","size":"100","sizes":[]},"content_position":"middle","structure":"20","background_position":"center right","background_repeat":"no-repeat","custom_height_tablet":{"unit":"vh","size":"","sizes":[]},"custom_height_mobile":{"unit":"vh","size":"80","sizes":[]},"column_position":"stretch","padding_tablet":{"unit":"%","top":"8","right":"5","bottom":"0","left":"5","isLinked":""},"padding_mobile":{"unit":"%","top":"20","right":"5","bottom":"0","left":"5","isLinked":""},"margin":{"unit":"%","top":"8","right":"0","bottom":"0","left":"0","isLinked":""},"margin_tablet":{"unit":"%","top":"","right":"0","bottom":"","left":"0","isLinked":"1"},"_title":"Desserts","background_size_mobile":"initial","background_bg_width_mobile":{"unit":"%","size":"50","sizes":[]},"_element_id":"desserts","content_width":{"unit":"px","size":"1600","sizes":[]},"_timestamp_":"v1UDBjV1ZKV2V5WXFrM3hsRHQ3eEpNdz09"},"elements":[{"id":"47530ce3","settings":{"_column_size":"50","background_background":"classic","background_image":{"id":2784,"url":"https:\/\/library.elementor.com\/wp-content\/uploads\/2020\/06\/Desserts.jpg"},"background_position":"center center","background_repeat":"no-repeat","background_size":"cover","background_size_mobile":"cover","_inline_size_tablet":"100"},"elements":[{"id":"300be41e","settings":{"space_mobile":{"unit":"vh","size":"30","sizes":[]},"space_tablet":{"unit":"vh","size":"30","sizes":[]}},"elements":[],"isInner":false,"widgetType":"spacer","elType":"widget"}],"isInner":"","elType":"column"},{"id":"bf15d00","settings":{"_column_size":"50","_inline_size_tablet":"100","space_between_widgets_tablet":"15","margin":{"unit":"%","top":"0","right":"0","bottom":"0","left":"15","isLinked":""},"margin_mobile":{"unit":"%","top":"3","right":"0","bottom":"0","left":"0","isLinked":""},"margin_tablet":{"unit":"px","top":"0","right":"0","bottom":"0","left":"0","isLinked":""}},"elements":[{"id":"1eed2e7f","settings":{"animation":"fadeIn","animation_duration":"slow"},"elements":[{"id":"f5a8122","settings":{"_column_size":"100","padding":{"unit":"px","top":"0","right":"0","bottom":"0","left":"0","isLinked":"1"}},"elements":[{"id":"274cec53","settings":{"title":"Desserts","header_size":"h4","_margin":{"unit":"%","top":"0","right":"0","bottom":"-1","left":"0","isLinked":""},"title_color":"#FFFFFF","typography_typography":"custom","typography_font_family":"Nanum Gothic","typography_font_size":{"unit":"px","size":"16","sizes":[]},"typography_font_size_tablet":{"unit":"px","size":"14","sizes":[]},"typography_font_weight":"300","typography_text_transform":"uppercase","typography_line_height":{"unit":"px","size":"19","sizes":[]},"typography_letter_spacing":{"unit":"px","size":"0.87","sizes":[]}},"elements":[],"isInner":false,"widgetType":"heading","elType":"widget"},{"id":"27f28b62","settings":{"align":"left","text":"Divider","color":"#CB3522","gap_tablet":{"unit":"px","size":"5","sizes":[]},"gap":{"unit":"px","size":"0","sizes":[]}},"elements":[],"isInner":false,"widgetType":"divider","elType":"widget"},{"id":"6197e4f4","settings":{"price_list":[{"title":"First item on the list","item_description":"Lorem ipsum dolor sit amet, te putent habemus vis, per ei mundi feugiat ","price":"$16","link":{"url":"","is_external":"","nofollow":"","custom_attributes":""},"_id":"0e425d8","image":{"url":"","id":""}},{"title":"Second item on the list","item_description":"Lorem ipsum dolor sit amet, te putent habemus vis, per ei mundi feugiat ","price":"$16","link":{"url":"","is_external":"","nofollow":"","custom_attributes":""},"_id":"70c101a","image":{"url":"","id":""}},{"title":"Third item on the list","item_description":"Lorem ipsum dolor sit amet, te putent habemus vis, per ei mundi feugiat ","price":"$16","link":{"url":"","is_external":"","nofollow":"","custom_attributes":""},"_id":"0fd386e","image":{"url":"","id":""}},{"title":"Fourth item on the list","item_description":"Lorem ipsum dolor sit amet, te putent habemus vis, per ei mundi feugiat ","price":"$16","link":{"url":"","is_external":"","nofollow":"","custom_attributes":""},"image":{"url":"","id":""},"_id":"5483921"}],"heading_typography_typography":"custom","heading_typography_font_size":{"unit":"px","size":"12","sizes":[]},"heading_typography_font_weight":"300","heading_typography_line_height":{"unit":"px","size":"22","sizes":[]},"heading_typography_letter_spacing":{"unit":"px","size":"0.65","sizes":[]},"description_typography_typography":"custom","description_typography_font_size":{"unit":"px","size":"12","sizes":[]},"separator_style":"none","_margin":{"unit":"%","top":"4","right":"0","bottom":"0","left":"0","isLinked":""},"heading_color":"#DADADA","description_color":"#DADADA"},"elements":[],"isInner":false,"widgetType":"price-list","elType":"widget"}],"isInner":"1","elType":"column"}],"isInner":"1","elType":"section"}],"isInner":"","elType":"column"}],"isInner":"","elType":"section"},{"id":"492bec2c","settings":{"height":"min-height","custom_height":{"unit":"vh","size":"80","sizes":[]},"content_position":"middle","structure":"20","background_position":"top left","background_repeat":"no-repeat","custom_height_tablet":{"unit":"vh","size":"","sizes":[]},"custom_height_mobile":{"unit":"vh","size":"80","sizes":[]},"column_position":"stretch","padding_tablet":{"unit":"%","top":"4","right":"5","bottom":"0","left":"5","isLinked":""},"padding_mobile":{"unit":"%","top":"20","right":"5","bottom":"0","left":"5","isLinked":""},"margin":{"unit":"%","top":"","right":"0","bottom":"","left":"0","isLinked":"1"},"margin_tablet":{"unit":"%","top":"","right":"0","bottom":"","left":"0","isLinked":"1"},"_title":"Free Delivery","background_bg_width_mobile":{"unit":"%","size":"20","sizes":[]},"background_background":"classic","background_image":{"id":2785,"url":"https:\/\/library.elementor.com\/wp-content\/uploads\/2020\/06\/KitchenMenuPage-DeliverySection-Shape.png"},"background_xpos":{"unit":"%","size":"0","sizes":[]},"background_ypos":{"unit":"%","size":"-95","sizes":[]},"background_size":"auto","background_size_tablet":"initial","background_bg_width_tablet":{"unit":"%","size":"20","sizes":[]},"background_motion_fx_motion_fx_scrolling":"yes","background_motion_fx_translateY_effect":"yes","background_motion_fx_devices":["desktop","tablet"],"padding":{"unit":"%","top":"8","right":"0","bottom":"0","left":"0","isLinked":""},"content_width":{"unit":"px","size":"1600","sizes":[]},"_timestamp_":"v1UDBjV1ZKV2V5WXFrM3hsRHQ3eEpNdz09"},"elements":[{"id":"b4e6635","settings":{"_column_size":"50","_inline_size_tablet":"100","space_between_widgets_tablet":"15","padding":{"unit":"%","top":"0","right":"10","bottom":"0","left":"18","isLinked":""},"padding_tablet":{"unit":"%","top":"0","right":"0","bottom":"3","left":"0","isLinked":""}},"elements":[{"id":"5268db92","settings":{"title":"Free Delivery","align_tablet":"center","title_color":"#FEF8EE","typography_typography":"custom","typography_font_family":"Nanum Gothic","typography_font_size":{"unit":"px","size":"42","sizes":[]},"typography_font_size_tablet":{"unit":"px","size":"22","sizes":[]},"typography_font_size_mobile":{"unit":"px","size":"18","sizes":[]},"typography_font_weight":"300","typography_text_transform":"uppercase","typography_line_height":{"unit":"px","size":"64","sizes":[]},"typography_line_height_tablet":{"unit":"px","size":"22","sizes":[]},"typography_line_height_mobile":{"unit":"px","size":"18","sizes":[]},"typography_letter_spacing":{"unit":"px","size":"0.58","sizes":[]}},"elements":[],"isInner":false,"widgetType":"heading","elType":"widget"},{"id":"1f03411d","settings":{"view":"inline","icon_list":[{"text":"","selected_icon":{"value":{"id":"2744","url":"https:\/\/library.elementor.com\/wp-content\/uploads\/2020\/06\/h2shape_1.svg"},"library":"svg"},"link":{"url":"","is_external":"","nofollow":"","custom_attributes":""},"_id":"696b74a"},{"text":"","selected_icon":{"value":{"id":"2745","url":"https:\/\/library.elementor.com\/wp-content\/uploads\/2020\/06\/h2shape_2.svg"},"library":"svg"},"link":{"url":"","is_external":"","nofollow":"","custom_attributes":""},"_id":"7ac53fa"},{"text":"","selected_icon":{"value":{"id":"2748","url":"https:\/\/library.elementor.com\/wp-content\/uploads\/2020\/06\/h2shape_5.svg"},"library":"svg"},"link":{"url":"","is_external":"","nofollow":"","custom_attributes":""},"_id":"30bd558"},{"text":"","selected_icon":{"value":{"id":"2758","url":"https:\/\/library.elementor.com\/wp-content\/uploads\/2020\/06\/h2shape_7.svg"},"library":"svg"},"link":{"url":"","is_external":"","nofollow":"","custom_attributes":""},"_id":"528fbb5"}],"space_between":{"unit":"px","size":"0","sizes":[]},"icon_color":"#FEF8EE","icon_size":{"unit":"px","size":"37","sizes":[]},"icon_self_align":"left","text_indent":{"unit":"px","size":"0","sizes":[]},"space_between_tablet":{"unit":"px","size":"6","sizes":[]},"space_between_mobile":{"unit":"px","size":"6","sizes":[]},"icon_size_tablet":{"unit":"px","size":"16","sizes":[]},"icon_size_mobile":{"unit":"px","size":"14","sizes":[]},"icon_align_tablet":"center","icon_typography_line_height":{"unit":"em","size":"0.5","sizes":[]},"icon_typography_line_height_tablet":{"unit":"em","size":"0.1","sizes":[]},"icon_typography_line_height_mobile":{"unit":"em","size":"0.1","sizes":[]}},"elements":[],"isInner":false,"widgetType":"icon-list","elType":"widget"},{"id":"3d0c8ee","settings":{"width":{"unit":"px","size":"42.5","sizes":[]},"text":"Divider","color":"#CB3522","align_tablet":"center","align_mobile":"center","gap_tablet":{"unit":"px","size":"5","sizes":[]}},"elements":[],"isInner":false,"widgetType":"divider","elType":"widget"},{"id":"712cae5b","settings":{"editor":"<p>Order minimum $25 | Within a 0.5 mile radius<br \/>For deliveries please call +1 212-203-7540<\/p>","align_tablet":"center","text_color":"#DADADA","typography_typography":"custom","typography_font_family":"Poppins","typography_font_size":{"unit":"px","size":"14","sizes":[]},"typography_font_size_mobile":{"unit":"px","size":"12","sizes":[]},"typography_font_weight":"300","typography_line_height":{"unit":"px","size":"22","sizes":[]},"typography_letter_spacing":{"unit":"px","size":"0.76","sizes":[]},"column_gap":{"unit":"%","size":"","sizes":[]},"_margin":{"unit":"%","top":"","right":"","bottom":"","left":"","isLinked":"1"},"_margin_tablet":{"unit":"px","top":"0","right":"0","bottom":"0","left":"0","isLinked":"1"}},"elements":[],"isInner":false,"widgetType":"text-editor","elType":"widget"}],"isInner":"","elType":"column"},{"id":"7be92b58","settings":{"_column_size":"50","background_background":"classic","background_image":{"id":"2765","url":"https:\/\/library.elementor.com\/wp-content\/uploads\/2020\/06\/FreeDelivery.jpg"},"background_position":"center center","background_repeat":"no-repeat","background_size":"cover","background_size_mobile":"cover","_inline_size_tablet":"100"},"elements":[{"id":"39d0b7dc","settings":{"space_mobile":{"unit":"vh","size":"30","sizes":[]},"space_tablet":{"unit":"vh","size":"30","sizes":[]}},"elements":[],"isInner":false,"widgetType":"spacer","elType":"widget"}],"isInner":"","elType":"column"}],"isInner":"","elType":"section"}]}