{"version":"0.4","title":"14012","type":"page","content":[{"id":"6c157fe9","settings":{"height":"min-height","custom_height":{"unit":"vh","size":"80","sizes":[]},"content_position":"middle","structure":"20","background_position":"center right","background_repeat":"no-repeat","custom_height_tablet":{"unit":"vh","size":"","sizes":[]},"custom_height_mobile":{"unit":"vh","size":"80","sizes":[]},"column_position":"stretch","padding_tablet":{"unit":"%","top":"4","right":"5","bottom":"0","left":"5","isLinked":""},"padding_mobile":{"unit":"%","top":"0","right":"5","bottom":"0","left":"5","isLinked":""},"margin":{"unit":"%","top":"2","right":"0","bottom":"0","left":"0","isLinked":""},"margin_tablet":{"unit":"%","top":"","right":"0","bottom":"","left":"0","isLinked":"1"},"_title":"Hero","background_size_mobile":"initial","background_bg_width_mobile":{"unit":"%","size":"50","sizes":[]},"content_width":{"unit":"px","size":"1600","sizes":[]},"_timestamp_":"v1UDBjV1ZKV2V5WXFrM3hsRHQ3eEpNdz09"},"elements":[{"id":"73ce3f4a","settings":{"_column_size":"50","_inline_size_tablet":"100","space_between_widgets_tablet":"15","margin":{"unit":"%","top":"0","right":"15","bottom":"0","left":"0","isLinked":""},"margin_mobile":{"unit":"%","top":"0","right":"0","bottom":"3","left":"0","isLinked":""}},"elements":[{"id":"31223700","settings":{"title":"BAR menu","header_size":"h1","title_color":"#FEF8EE","typography_typography":"custom","typography_font_family":"Nanum Gothic","typography_font_size":{"unit":"px","size":"54","sizes":[]},"typography_font_size_tablet":{"unit":"px","size":"32","sizes":[]},"typography_font_size_mobile":{"unit":"px","size":"28","sizes":[]},"typography_font_weight":"300","typography_text_transform":"uppercase","typography_line_height":{"unit":"px","size":"64","sizes":[]},"typography_line_height_tablet":{"unit":"px","size":"44","sizes":[]},"typography_line_height_mobile":{"unit":"px","size":"36","sizes":[]},"typography_letter_spacing":{"unit":"px","size":"0.75","sizes":[]}},"elements":[],"isInner":false,"widgetType":"heading","elType":"widget"},{"id":"660229d6","settings":{"view":"inline","icon_list":[{"text":"","selected_icon":{"value":{"id":"2773","url":"https:\/\/library.elementor.com\/wp-content\/uploads\/2020\/06\/h2shape_11.svg"},"library":"svg"},"link":{"url":"","is_external":"","nofollow":"","custom_attributes":""},"_id":"696b74a"},{"text":"","selected_icon":{"value":{"id":"2747","url":"https:\/\/library.elementor.com\/wp-content\/uploads\/2020\/06\/h2shape_4.svg"},"library":"svg"},"link":{"url":"","is_external":"","nofollow":"","custom_attributes":""},"_id":"7ac53fa"},{"text":"","selected_icon":{"value":{"id":"2745","url":"https:\/\/library.elementor.com\/wp-content\/uploads\/2020\/06\/h2shape_2.svg"},"library":"svg"},"link":{"url":"","is_external":"","nofollow":"","custom_attributes":""},"_id":"30bd558"}],"space_between":{"unit":"px","size":"0","sizes":[]},"icon_color":"#FEF8EE","icon_size":{"unit":"px","size":"37","sizes":[]},"icon_self_align":"left","text_indent":{"unit":"px","size":"0","sizes":[]},"space_between_tablet":{"unit":"px","size":"6","sizes":[]},"space_between_mobile":{"unit":"px","size":"6","sizes":[]},"icon_size_tablet":{"unit":"px","size":"16","sizes":[]},"icon_size_mobile":{"unit":"px","size":"14","sizes":[]},"icon_typography_line_height":{"unit":"em","size":"0.5","sizes":[]},"icon_typography_line_height_tablet":{"unit":"em","size":"0.1","sizes":[]},"icon_typography_line_height_mobile":{"unit":"em","size":"0.1","sizes":[]}},"elements":[],"isInner":false,"widgetType":"icon-list","elType":"widget"}],"isInner":"","elType":"column"},{"id":"20f06e8d","settings":{"_column_size":"50","background_background":"classic","background_image":{"id":2790,"url":"https:\/\/library.elementor.com\/wp-content\/uploads\/2020\/06\/BarMenu-Hero-BG.jpg"},"background_position":"center center","background_repeat":"no-repeat","background_size":"cover","background_size_mobile":"cover","_inline_size_tablet":"100"},"elements":[{"id":"64ac9f50","settings":{"space_mobile":{"unit":"vh","size":"30","sizes":[]},"space_tablet":{"unit":"vh","size":"30","sizes":[]}},"elements":[],"isInner":false,"widgetType":"spacer","elType":"widget"},{"id":"7cdc87f7","settings":{"image":{"id":"2750","url":"https:\/\/library.elementor.com\/wp-content\/uploads\/2020\/06\/HomePage-Hero-Shape.png"},"_element_width":"auto","_element_custom_width":{"unit":"%","size":"39","sizes":[]},"_position":"absolute","_offset_orientation_h":"end","_offset_x_end":{"unit":"px","size":"-50","sizes":[]},"image_size":"full","align":"right","width_tablet":{"unit":"%","size":"70","sizes":[]},"width_mobile":{"unit":"%","size":"40","sizes":[]},"_offset_x_end_tablet":{"unit":"px","size":"-30","sizes":[]},"_offset_x_end_mobile":{"unit":"px","size":"-15","sizes":[]},"_offset_y":{"unit":"%","size":"40","sizes":[]},"_offset_y_tablet":{"unit":"px","size":"100","sizes":[]},"_offset_y_mobile":{"unit":"%","size":"30","sizes":[]},"motion_fx_motion_fx_scrolling":"yes","motion_fx_translateY_effect":"yes","motion_fx_translateY_speed":{"unit":"px","size":"2","sizes":[]},"motion_fx_devices":["desktop","tablet"]},"elements":[],"isInner":false,"widgetType":"image","elType":"widget"}],"isInner":"","elType":"column"}],"isInner":"","elType":"section"},{"id":"1646dd1f","settings":{"custom_height":{"unit":"px","size":"","sizes":[]},"background_background":"classic","background_color":"#0B0B0B","background_color_stop":{"unit":"%","size":"99","sizes":[]},"background_color_b":"rgba(255, 255, 255, 0.2)","background_color_b_stop":{"unit":"%","size":"99","sizes":[]},"background_motion_fx_opacity_effect":"yes","background_motion_fx_opacity_range":{"unit":"%","size":"","sizes":{"start":"75","end":"80"}},"margin":{"unit":"%","top":"3","right":"0","bottom":"0","left":"0","isLinked":""},"_title":"Mobile Bar Menu","height":"min-height","custom_height_mobile":{"unit":"px","size":"80","sizes":[]},"content_position":"middle","margin_mobile":{"unit":"px","top":"","right":"0","bottom":"","left":"0","isLinked":"1"},"padding":{"unit":"px","top":"79","right":"0","bottom":"0","left":"0","isLinked":""},"z_index":"90","sticky":"top","content_width":{"unit":"px","size":"1600","sizes":[]},"_timestamp_":"v1UDBjV1ZKV2V5WXFrM3hsRHQ3eEpNdz09"},"elements":[{"id":"f05de1f","settings":{"_column_size":"100","space_between_widgets_mobile":"0"},"elements":[{"id":"b1d6a41","settings":{"align_items":"center","menu_typography_typography":"custom","menu_typography_font_size":{"unit":"px","size":"16","sizes":[]},"menu_typography_text_transform":"uppercase","menu_typography_letter_spacing":{"unit":"px","size":"-0.03","sizes":[]},"pointer_color_menu_item_hover":"#CB3522","color_menu_item_active":"#CB3522","pointer_color_menu_item_active":"#CB3522","pointer_width":{"unit":"px","size":"1","sizes":[]},"pointer":"none","dropdown":"mobile","full_width":"stretch","toggle_align":"left","menu_typography_font_size_tablet":{"unit":"px","size":"12","sizes":[]},"background_color_dropdown_item":"#CB3522","color_dropdown_item_hover":"#0B0B0B","background_color_dropdown_item_hover":"rgba(218, 218, 218, 0)","dropdown_top_distance_mobile":{"unit":"px","size":"24","sizes":[]},"toggle_color":"#FFFFFF","toggle_color_hover":"#FFFFFF","_element_width_mobile":"initial","_element_custom_width_mobile":{"unit":"%","size":"12","sizes":[]},"menu_typography_font_family":"Nanum Gothic","color_menu_item":"#FFFFFF","color_menu_item_hover":"#CB3522","color_dropdown_item":"#FFFFFF"},"elements":[],"isInner":false,"widgetType":"nav-menu","elType":"widget"},{"id":"2d2c26da","settings":{"width_mobile":{"unit":"%","size":"100","sizes":[]},"align_mobile":"left","look":"line_text","text":"Bar Menu","color":"#CB3522","gap_mobile":{"unit":"px","size":"5","sizes":[]},"text_color":"#DADADA","typography_typography":"custom","text_align":"left","_element_width_mobile":"initial","_element_custom_width_mobile":{"unit":"%","size":"86","sizes":[]},"hide_desktop":"hidden-desktop","hide_tablet":"hidden-tablet"},"elements":[],"isInner":false,"widgetType":"divider","elType":"widget"}],"isInner":"","elType":"column"}],"isInner":"","elType":"section"},{"id":"52601739","settings":{"height":"min-height","custom_height":{"unit":"vh","size":"100","sizes":[]},"content_position":"middle","structure":"20","background_position":"center right","background_repeat":"no-repeat","custom_height_tablet":{"unit":"vh","size":"","sizes":[]},"custom_height_mobile":{"unit":"vh","size":"80","sizes":[]},"column_position":"stretch","padding_tablet":{"unit":"%","top":"4","right":"5","bottom":"0","left":"5","isLinked":""},"padding_mobile":{"unit":"%","top":"0","right":"5","bottom":"0","left":"5","isLinked":""},"margin":{"unit":"%","top":"2","right":"0","bottom":"0","left":"0","isLinked":""},"margin_tablet":{"unit":"%","top":"","right":"0","bottom":"","left":"0","isLinked":"1"},"_title":"Sake","background_size_mobile":"initial","background_bg_width_mobile":{"unit":"%","size":"50","sizes":[]},"_element_id":"sake","content_width":{"unit":"px","size":"1600","sizes":[]},"_timestamp_":"v1UDBjV1ZKV2V5WXFrM3hsRHQ3eEpNdz09"},"elements":[{"id":"91669f7","settings":{"_column_size":"50","background_background":"classic","background_image":{"id":2791,"url":"https:\/\/library.elementor.com\/wp-content\/uploads\/2020\/06\/Sake.jpg"},"background_position":"center center","background_repeat":"no-repeat","background_size":"cover","background_size_mobile":"cover","_inline_size_tablet":"100"},"elements":[{"id":"2ef9b23c","settings":{"space_mobile":{"unit":"vh","size":"30","sizes":[]},"space_tablet":{"unit":"vh","size":"30","sizes":[]}},"elements":[],"isInner":false,"widgetType":"spacer","elType":"widget"}],"isInner":"","elType":"column"},{"id":"339a337","settings":{"_column_size":"50","_inline_size_tablet":"100","space_between_widgets_tablet":"15","margin":{"unit":"%","top":"0","right":"0","bottom":"0","left":"15","isLinked":""},"margin_mobile":{"unit":"%","top":"3","right":"0","bottom":"0","left":"0","isLinked":""},"margin_tablet":{"unit":"%","top":"5","right":"0","bottom":"0","left":"0","isLinked":""}},"elements":[{"id":"6eb848f","settings":{"animation":"fadeIn","animation_duration":"slow"},"elements":[{"id":"5c07e50b","settings":{"_column_size":"100","padding":{"unit":"px","top":"0","right":"0","bottom":"0","left":"0","isLinked":"1"},"align":"space-between"},"elements":[{"id":"2791f92f","settings":{"title":"Sake","header_size":"h4","_margin":{"unit":"%","top":"","right":"","bottom":"","left":"","isLinked":"1"},"_element_width":"auto","title_color":"#FFFFFF","typography_typography":"custom","typography_font_family":"Nanum Gothic","typography_font_size":{"unit":"px","size":"16","sizes":[]},"typography_font_size_tablet":{"unit":"px","size":"14","sizes":[]},"typography_font_weight":"300","typography_text_transform":"uppercase","typography_line_height":{"unit":"px","size":"19","sizes":[]},"typography_letter_spacing":{"unit":"px","size":"0.87","sizes":[]}},"elements":[],"isInner":false,"widgetType":"heading","elType":"widget"},{"id":"2a5d0eda","settings":{"title":"Glass \/ Carafe \/ Bottle ","header_size":"h4","_margin":{"unit":"%","top":"","right":"","bottom":"","left":"","isLinked":"1"},"_element_width":"initial","align":"right","title_color":"#FFFFFF","typography_typography":"custom","typography_font_family":"Nanum Gothic","typography_font_size":{"unit":"px","size":"16","sizes":[]},"typography_font_size_tablet":{"unit":"px","size":"14","sizes":[]},"typography_font_weight":"300","typography_text_transform":"uppercase","typography_line_height":{"unit":"px","size":"19","sizes":[]},"typography_letter_spacing":{"unit":"px","size":"0.87","sizes":[]},"_element_custom_width":{"unit":"%","size":"50","sizes":[]}},"elements":[],"isInner":false,"widgetType":"heading","elType":"widget"},{"id":"65991372","settings":{"align":"left","text":"Divider","color":"#CB3522","gap_tablet":{"unit":"px","size":"5","sizes":[]},"gap":{"unit":"px","size":"0","sizes":[]},"_margin":{"unit":"%","top":"2","right":"0","bottom":"0","left":"0","isLinked":""}},"elements":[],"isInner":false,"widgetType":"divider","elType":"widget"},{"id":"4f244966","settings":{"price_list":[{"title":"First item on the list","item_description":"Lorem ipsum dolor sit amet, te putent habemus vis, per ei mundi feugiat ","price":"14 \/ 55 \/ 78","link":{"url":"","is_external":"","nofollow":"","custom_attributes":""},"_id":"0e425d8","image":{"url":"","id":""}},{"title":"Second item on the list","item_description":"Lorem ipsum dolor sit amet, te putent habemus vis, per ei mundi feugiat ","price":"14 \/ 55 \/ 78","link":{"url":"","is_external":"","nofollow":"","custom_attributes":""},"_id":"70c101a","image":{"url":"","id":""}},{"title":"Third item on the list","item_description":"Lorem ipsum dolor sit amet, te putent habemus vis, per ei mundi feugiat ","price":"14 \/ 55 \/ 78","link":{"url":"","is_external":"","nofollow":"","custom_attributes":""},"_id":"0fd386e","image":{"url":"","id":""}},{"title":"Fourth item on the list","item_description":"Lorem ipsum dolor sit amet, te putent habemus vis, per ei mundi feugiat ","price":"14 \/ 55 \/ 78","link":{"url":"","is_external":"","nofollow":"","custom_attributes":""},"image":{"url":"","id":""},"_id":"5483921"},{"title":"Fourth item on the list","item_description":"Lorem ipsum dolor sit amet, te putent habemus vis, per ei mundi feugiat ","price":"14 \/ 55 \/ 78","link":{"url":"","is_external":"","nofollow":"","custom_attributes":""},"image":{"url":"","id":""},"_id":"76838e6"},{"title":"Fourth item on the list","item_description":"Lorem ipsum dolor sit amet, te putent habemus vis, per ei mundi feugiat ","price":"14 \/ 55 \/ 78","link":{"url":"","is_external":"","nofollow":"","custom_attributes":""},"image":{"url":"","id":""},"_id":"52f8bb9"},{"title":"Fourth item on the list","item_description":"Lorem ipsum dolor sit amet, te putent habemus vis, per ei mundi feugiat ","price":"14 \/ 55 \/ 78","link":{"url":"","is_external":"","nofollow":"","custom_attributes":""},"image":{"url":"","id":""},"_id":"6573f88"}],"heading_typography_typography":"custom","heading_typography_font_size":{"unit":"px","size":"12","sizes":[]},"heading_typography_font_weight":"300","heading_typography_line_height":{"unit":"px","size":"22","sizes":[]},"heading_typography_letter_spacing":{"unit":"px","size":"0.65","sizes":[]},"description_typography_typography":"custom","description_typography_font_size":{"unit":"px","size":"12","sizes":[]},"separator_style":"none","_margin":{"unit":"%","top":"4","right":"0","bottom":"0","left":"0","isLinked":""},"heading_color":"#DADADA","description_color":"#DADADA"},"elements":[],"isInner":false,"widgetType":"price-list","elType":"widget"}],"isInner":"1","elType":"column"}],"isInner":"1","elType":"section"}],"isInner":"","elType":"column"}],"isInner":"","elType":"section"},{"id":"4dcd7f9a","settings":{"height":"min-height","custom_height":{"unit":"vh","size":"100","sizes":[]},"content_position":"middle","structure":"20","background_position":"center right","background_repeat":"no-repeat","custom_height_tablet":{"unit":"vh","size":"","sizes":[]},"custom_height_mobile":{"unit":"vh","size":"80","sizes":[]},"column_position":"stretch","padding_tablet":{"unit":"%","top":"8","right":"5","bottom":"0","left":"5","isLinked":""},"padding_mobile":{"unit":"%","top":"20","right":"5","bottom":"0","left":"5","isLinked":""},"margin":{"unit":"%","top":"8","right":"0","bottom":"0","left":"0","isLinked":""},"margin_tablet":{"unit":"%","top":"","right":"0","bottom":"","left":"0","isLinked":"1"},"_title":"Beer","background_size_mobile":"initial","background_bg_width_mobile":{"unit":"%","size":"50","sizes":[]},"reverse_order_tablet":"reverse-tablet","reverse_order_mobile":"reverse-mobile","_element_id":"beer","content_width":{"unit":"px","size":"1600","sizes":[]},"_timestamp_":"v1UDBjV1ZKV2V5WXFrM3hsRHQ3eEpNdz09"},"elements":[{"id":"db12d2f","settings":{"_column_size":"50","_inline_size_tablet":"100","space_between_widgets_tablet":"15","margin":{"unit":"%","top":"0","right":"15","bottom":"0","left":"0","isLinked":""},"margin_mobile":{"unit":"%","top":"3","right":"0","bottom":"0","left":"0","isLinked":""},"margin_tablet":{"unit":"%","top":"5","right":"0","bottom":"0","left":"0","isLinked":""}},"elements":[{"id":"7a0e6b73","settings":{"animation":"fadeIn","animation_duration":"slow"},"elements":[{"id":"39f9bd28","settings":{"_column_size":"100","padding":{"unit":"px","top":"0","right":"0","bottom":"0","left":"0","isLinked":"1"}},"elements":[{"id":"68d96699","settings":{"title":"Beer","header_size":"h4","_margin":{"unit":"%","top":"0","right":"0","bottom":"-1","left":"0","isLinked":""},"title_color":"#FFFFFF","typography_typography":"custom","typography_font_family":"Nanum Gothic","typography_font_size":{"unit":"px","size":"16","sizes":[]},"typography_font_size_tablet":{"unit":"px","size":"14","sizes":[]},"typography_font_weight":"300","typography_text_transform":"uppercase","typography_line_height":{"unit":"px","size":"19","sizes":[]},"typography_letter_spacing":{"unit":"px","size":"0.87","sizes":[]}},"elements":[],"isInner":false,"widgetType":"heading","elType":"widget"},{"id":"7455209b","settings":{"align":"left","text":"Divider","color":"#CB3522","gap_tablet":{"unit":"px","size":"5","sizes":[]},"gap":{"unit":"px","size":"0","sizes":[]}},"elements":[],"isInner":false,"widgetType":"divider","elType":"widget"},{"id":"1b0f11ec","settings":{"title":"DRAFT","header_size":"h4","_margin":{"unit":"%","top":"2","right":"0","bottom":"0","left":"0","isLinked":""},"title_color":"#FFFFFF","typography_typography":"custom","typography_font_family":"Nanum Gothic","typography_font_size":{"unit":"px","size":"16","sizes":[]},"typography_font_size_tablet":{"unit":"px","size":"14","sizes":[]},"typography_font_weight":"300","typography_text_transform":"uppercase","typography_line_height":{"unit":"px","size":"19","sizes":[]},"typography_letter_spacing":{"unit":"px","size":"0.87","sizes":[]}},"elements":[],"isInner":false,"widgetType":"heading","elType":"widget"},{"id":"65994e26","settings":{"price_list":[{"title":"First item on the list","item_description":"Lorem ipsum dolor sit amet, te putent habemus vis, per ei mundi feugiat ","price":"$8","link":{"url":"","is_external":"","nofollow":"","custom_attributes":""},"_id":"0e425d8","image":{"url":"","id":""}},{"title":"Second item on the list","item_description":"Lorem ipsum dolor sit amet, te putent habemus vis, per ei mundi feugiat ","price":"$8","link":{"url":"","is_external":"","nofollow":"","custom_attributes":""},"_id":"70c101a","image":{"url":"","id":""}},{"title":"Third item on the list","item_description":"Lorem ipsum dolor sit amet, te putent habemus vis, per ei mundi feugiat ","price":"$8","link":{"url":"","is_external":"","nofollow":"","custom_attributes":""},"_id":"0fd386e","image":{"url":"","id":""}},{"title":"Fourth item on the list","item_description":"Lorem ipsum dolor sit amet, te putent habemus vis, per ei mundi feugiat ","price":"$8","link":{"url":"","is_external":"","nofollow":"","custom_attributes":""},"image":{"url":"","id":""},"_id":"5483921"}],"heading_typography_typography":"custom","heading_typography_font_size":{"unit":"px","size":"12","sizes":[]},"heading_typography_font_weight":"300","heading_typography_line_height":{"unit":"px","size":"22","sizes":[]},"heading_typography_letter_spacing":{"unit":"px","size":"0.65","sizes":[]},"description_typography_typography":"custom","description_typography_font_size":{"unit":"px","size":"12","sizes":[]},"separator_style":"none","_margin":{"unit":"%","top":"0","right":"0","bottom":"4","left":"0","isLinked":""},"heading_color":"#DADADA","description_color":"#DADADA"},"elements":[],"isInner":false,"widgetType":"price-list","elType":"widget"},{"id":"76714d18","settings":{"title":"BOTTLE","header_size":"h4","_margin":{"unit":"%","top":"","right":"","bottom":"","left":"","isLinked":"1"},"title_color":"#FFFFFF","typography_typography":"custom","typography_font_family":"Nanum Gothic","typography_font_size":{"unit":"px","size":"16","sizes":[]},"typography_font_size_tablet":{"unit":"px","size":"14","sizes":[]},"typography_font_weight":"300","typography_text_transform":"uppercase","typography_line_height":{"unit":"px","size":"19","sizes":[]},"typography_letter_spacing":{"unit":"px","size":"0.87","sizes":[]}},"elements":[],"isInner":false,"widgetType":"heading","elType":"widget"},{"id":"75f80939","settings":{"price_list":[{"title":"First item on the list","item_description":"Lorem ipsum dolor sit amet, te putent habemus vis, per ei mundi feugiat ","price":"$10","link":{"url":"","is_external":"","nofollow":"","custom_attributes":""},"_id":"0e425d8","image":{"url":"","id":""}},{"title":"Second item on the list","item_description":"Lorem ipsum dolor sit amet, te putent habemus vis, per ei mundi feugiat ","price":"$10","link":{"url":"","is_external":"","nofollow":"","custom_attributes":""},"_id":"70c101a","image":{"url":"","id":""}},{"title":"Third item on the list","item_description":"Lorem ipsum dolor sit amet, te putent habemus vis, per ei mundi feugiat ","price":"$10","link":{"url":"","is_external":"","nofollow":"","custom_attributes":""},"_id":"0fd386e","image":{"url":"","id":""}}],"heading_typography_typography":"custom","heading_typography_font_size":{"unit":"px","size":"12","sizes":[]},"heading_typography_font_weight":"300","heading_typography_line_height":{"unit":"px","size":"22","sizes":[]},"heading_typography_letter_spacing":{"unit":"px","size":"0.65","sizes":[]},"description_typography_typography":"custom","description_typography_font_size":{"unit":"px","size":"12","sizes":[]},"separator_style":"none","_margin":{"unit":"%","top":"","right":"","bottom":"","left":"","isLinked":"1"},"heading_color":"#DADADA","description_color":"#DADADA"},"elements":[],"isInner":false,"widgetType":"price-list","elType":"widget"}],"isInner":"1","elType":"column"}],"isInner":"1","elType":"section"}],"isInner":"","elType":"column"},{"id":"172040ae","settings":{"_column_size":"50","background_background":"classic","background_image":{"id":2793,"url":"https:\/\/library.elementor.com\/wp-content\/uploads\/2020\/06\/Beer.jpg"},"background_position":"center center","background_repeat":"no-repeat","background_size":"cover","background_size_mobile":"cover","_inline_size_tablet":"100"},"elements":[{"id":"414f3f9c","settings":{"space_mobile":{"unit":"vh","size":"30","sizes":[]},"space_tablet":{"unit":"vh","size":"30","sizes":[]}},"elements":[],"isInner":false,"widgetType":"spacer","elType":"widget"},{"id":"348abeee","settings":{"image":{"id":2792,"url":"https:\/\/library.elementor.com\/wp-content\/uploads\/2020\/06\/BarMenuPage-Shape_1.png"},"_element_width":"auto","_element_custom_width":{"unit":"%","size":"39","sizes":[]},"_position":"absolute","_offset_orientation_h":"end","_offset_x_end":{"unit":"px","size":"-50","sizes":[]},"image_size":"full","align":"right","width_tablet":{"unit":"%","size":"70","sizes":[]},"width_mobile":{"unit":"%","size":"40","sizes":[]},"_offset_x_end_tablet":{"unit":"px","size":"-30","sizes":[]},"_offset_x_end_mobile":{"unit":"px","size":"-15","sizes":[]},"_offset_y":{"unit":"%","size":"70","sizes":[]},"_offset_y_tablet":{"unit":"%","size":"10","sizes":[]},"_offset_y_mobile":{"unit":"%","size":"","sizes":[]}},"elements":[],"isInner":false,"widgetType":"image","elType":"widget"}],"isInner":"","elType":"column"}],"isInner":"","elType":"section"},{"id":"2f8edc3b","settings":{"height":"min-height","custom_height":{"unit":"vh","size":"80","sizes":[]},"content_position":"middle","structure":"20","background_position":"center left","background_repeat":"no-repeat","custom_height_tablet":{"unit":"vh","size":"0","sizes":[]},"custom_height_mobile":{"unit":"vh","size":"30","sizes":[]},"column_position":"stretch","padding_tablet":{"unit":"%","top":"8","right":"5","bottom":"0","left":"5","isLinked":""},"padding_mobile":{"unit":"%","top":"","right":"","bottom":"","left":"","isLinked":"1"},"margin":{"unit":"%","top":"8","right":"0","bottom":"0","left":"0","isLinked":""},"margin_tablet":{"unit":"%","top":"","right":"0","bottom":"","left":"0","isLinked":"1"},"_title":"Images Section","margin_mobile":{"unit":"%","top":"20","right":"0","bottom":"0","left":"0","isLinked":""},"content_width":{"unit":"px","size":"1600","sizes":[]},"_timestamp_":"v1UDBjV1ZKV2V5WXFrM3hsRHQ3eEpNdz09"},"elements":[{"id":"36902342","settings":{"_column_size":"50","background_background":"classic","background_image":{"id":2794,"url":"https:\/\/library.elementor.com\/wp-content\/uploads\/2020\/06\/BarMenu-img_1.jpg"},"background_position":"center center","background_repeat":"no-repeat","background_size":"cover","background_size_mobile":"cover","_inline_size_tablet":"50","background_ypos_tablet":{"unit":"px","size":"-142","sizes":[]},"background_hover_position":"top center","background_hover_repeat":"no-repeat","background_hover_size":"cover","background_hover_transition":{"unit":"px","size":"0.5","sizes":[]},"margin":{"unit":"%","top":"0","right":"2","bottom":"0","left":"0","isLinked":""},"margin_tablet":{"unit":"%","top":"0","right":"2","bottom":"0","left":"0","isLinked":""},"margin_mobile":{"unit":"%","top":"0","right":"2","bottom":"0","left":"0","isLinked":""},"_inline_size_mobile":"50"},"elements":[{"id":"6379a8d9","settings":{"space_mobile":{"unit":"vh","size":"30","sizes":[]},"space_tablet":{"unit":"vh","size":"30","sizes":[]}},"elements":[],"isInner":false,"widgetType":"spacer","elType":"widget"}],"isInner":"","elType":"column"},{"id":"16c8de06","settings":{"_column_size":"50","background_background":"classic","background_image":{"id":2795,"url":"https:\/\/library.elementor.com\/wp-content\/uploads\/2020\/06\/BarMenu-img_2.jpg"},"background_position":"center center","background_repeat":"no-repeat","background_size":"cover","background_size_mobile":"cover","_inline_size_tablet":"50","background_position_tablet":"initial","background_xpos_tablet":{"unit":"%","size":"54","sizes":[]},"background_ypos_tablet":{"unit":"%","size":"20","sizes":[]},"background_hover_position":"top center","background_hover_repeat":"no-repeat","background_hover_size":"cover","background_hover_transition":{"unit":"px","size":"0.5","sizes":[]},"margin":{"unit":"%","top":"0","right":"0","bottom":"0","left":"2","isLinked":""},"margin_tablet":{"unit":"%","top":"0","right":"0","bottom":"0","left":"2","isLinked":""},"margin_mobile":{"unit":"%","top":"0","right":"0","bottom":"0","left":"2","isLinked":""},"_inline_size_mobile":"50"},"elements":[{"id":"1ca3bcc3","settings":{"space_mobile":{"unit":"vh","size":"30","sizes":[]},"space_tablet":{"unit":"vh","size":"30","sizes":[]}},"elements":[],"isInner":false,"widgetType":"spacer","elType":"widget"}],"isInner":"","elType":"column"}],"isInner":"","elType":"section"},{"id":"11454f4c","settings":{"height":"min-height","custom_height":{"unit":"vh","size":"100","sizes":[]},"content_position":"middle","structure":"20","background_position":"center right","background_repeat":"no-repeat","custom_height_tablet":{"unit":"vh","size":"","sizes":[]},"custom_height_mobile":{"unit":"vh","size":"80","sizes":[]},"column_position":"stretch","padding_tablet":{"unit":"%","top":"4","right":"5","bottom":"0","left":"5","isLinked":""},"padding_mobile":{"unit":"%","top":"0","right":"5","bottom":"0","left":"5","isLinked":""},"margin":{"unit":"%","top":"8","right":"0","bottom":"0","left":"0","isLinked":""},"margin_tablet":{"unit":"%","top":"","right":"0","bottom":"","left":"0","isLinked":"1"},"_title":"Wine","background_size_mobile":"initial","background_bg_width_mobile":{"unit":"%","size":"50","sizes":[]},"_element_id":"wine","content_width":{"unit":"px","size":"1600","sizes":[]},"_timestamp_":"v1UDBjV1ZKV2V5WXFrM3hsRHQ3eEpNdz09"},"elements":[{"id":"7d789707","settings":{"_column_size":"50","background_background":"classic","background_image":{"id":2796,"url":"https:\/\/library.elementor.com\/wp-content\/uploads\/2020\/06\/Wine.jpg"},"background_position":"center center","background_repeat":"no-repeat","background_size":"cover","background_size_mobile":"cover","_inline_size_tablet":"100"},"elements":[{"id":"403d8790","settings":{"space_mobile":{"unit":"vh","size":"30","sizes":[]},"space_tablet":{"unit":"vh","size":"30","sizes":[]}},"elements":[],"isInner":false,"widgetType":"spacer","elType":"widget"}],"isInner":"","elType":"column"},{"id":"27ceed20","settings":{"_column_size":"50","_inline_size_tablet":"100","space_between_widgets_tablet":"15","margin":{"unit":"%","top":"0","right":"0","bottom":"0","left":"15","isLinked":""},"margin_mobile":{"unit":"%","top":"3","right":"0","bottom":"0","left":"0","isLinked":""},"margin_tablet":{"unit":"%","top":"5","right":"0","bottom":"0","left":"0","isLinked":""}},"elements":[{"id":"68390446","settings":{"animation":"fadeIn","animation_duration":"slow"},"elements":[{"id":"710c9259","settings":{"_column_size":"100","padding":{"unit":"px","top":"0","right":"0","bottom":"0","left":"0","isLinked":"1"},"align":"space-between"},"elements":[{"id":"3724d150","settings":{"title":"Wine","header_size":"h4","_margin":{"unit":"%","top":"","right":"","bottom":"","left":"","isLinked":"1"},"_element_width":"auto","title_color":"#FFFFFF","typography_typography":"custom","typography_font_family":"Nanum Gothic","typography_font_size":{"unit":"px","size":"16","sizes":[]},"typography_font_size_tablet":{"unit":"px","size":"14","sizes":[]},"typography_font_weight":"300","typography_text_transform":"uppercase","typography_line_height":{"unit":"px","size":"19","sizes":[]},"typography_letter_spacing":{"unit":"px","size":"0.87","sizes":[]}},"elements":[],"isInner":false,"widgetType":"heading","elType":"widget"},{"id":"681ae90f","settings":{"title":"Glass \/ Bottle ","header_size":"h4","_margin":{"unit":"%","top":"","right":"","bottom":"","left":"","isLinked":"1"},"_element_width":"auto","title_color":"#FFFFFF","typography_typography":"custom","typography_font_family":"Nanum Gothic","typography_font_size":{"unit":"px","size":"16","sizes":[]},"typography_font_size_tablet":{"unit":"px","size":"14","sizes":[]},"typography_font_weight":"300","typography_text_transform":"uppercase","typography_line_height":{"unit":"px","size":"19","sizes":[]},"typography_letter_spacing":{"unit":"px","size":"0.87","sizes":[]}},"elements":[],"isInner":false,"widgetType":"heading","elType":"widget"},{"id":"290070e4","settings":{"align":"left","text":"Divider","color":"#CB3522","gap_tablet":{"unit":"px","size":"5","sizes":[]},"gap":{"unit":"px","size":"0","sizes":[]},"_margin":{"unit":"%","top":"2","right":"0","bottom":"0","left":"0","isLinked":""}},"elements":[],"isInner":false,"widgetType":"divider","elType":"widget"},{"id":"4c280f57","settings":{"title":"SPARKLING","header_size":"h4","_margin":{"unit":"%","top":"2","right":"0","bottom":"0","left":"0","isLinked":""},"title_color":"#FFFFFF","typography_typography":"custom","typography_font_family":"Nanum Gothic","typography_font_size":{"unit":"px","size":"16","sizes":[]},"typography_font_size_tablet":{"unit":"px","size":"14","sizes":[]},"typography_font_weight":"300","typography_text_transform":"uppercase","typography_line_height":{"unit":"px","size":"19","sizes":[]},"typography_letter_spacing":{"unit":"px","size":"0.87","sizes":[]}},"elements":[],"isInner":false,"widgetType":"heading","elType":"widget"},{"id":"4bf2641a","settings":{"price_list":[{"title":"First item on the list","item_description":"Lorem ipsum dolor sit amet, te putent habemus vis, per ei mundi feugiat ","price":"14 \/ 48","link":{"url":"","is_external":"","nofollow":"","custom_attributes":""},"_id":"0e425d8","image":{"url":"","id":""}},{"title":"Second item on the list","item_description":"Lorem ipsum dolor sit amet, te putent habemus vis, per ei mundi feugiat ","price":"14 \/ 48","link":{"url":"","is_external":"","nofollow":"","custom_attributes":""},"_id":"70c101a","image":{"url":"","id":""}}],"heading_typography_typography":"custom","heading_typography_font_size":{"unit":"px","size":"12","sizes":[]},"heading_typography_font_weight":"300","heading_typography_line_height":{"unit":"px","size":"22","sizes":[]},"heading_typography_letter_spacing":{"unit":"px","size":"0.65","sizes":[]},"description_typography_typography":"custom","description_typography_font_size":{"unit":"px","size":"12","sizes":[]},"separator_style":"none","_margin":{"unit":"%","top":"","right":"","bottom":"","left":"","isLinked":"1"},"heading_color":"#DADADA","description_color":"#DADADA"},"elements":[],"isInner":false,"widgetType":"price-list","elType":"widget"},{"id":"49d06763","settings":{"title":"WHITE","header_size":"h4","_margin":{"unit":"%","top":"2","right":"0","bottom":"0","left":"0","isLinked":""},"title_color":"#FFFFFF","typography_typography":"custom","typography_font_family":"Nanum Gothic","typography_font_size":{"unit":"px","size":"16","sizes":[]},"typography_font_size_tablet":{"unit":"px","size":"14","sizes":[]},"typography_font_weight":"300","typography_text_transform":"uppercase","typography_line_height":{"unit":"px","size":"19","sizes":[]},"typography_letter_spacing":{"unit":"px","size":"0.87","sizes":[]}},"elements":[],"isInner":false,"widgetType":"heading","elType":"widget"},{"id":"13c325eb","settings":{"price_list":[{"title":"First item on the list","item_description":"Lorem ipsum dolor sit amet, te putent habemus vis, per ei mundi feugiat ","price":"14 \/ 48","link":{"url":"","is_external":"","nofollow":"","custom_attributes":""},"_id":"0e425d8","image":{"url":"","id":""}},{"title":"Second item on the list","item_description":"Lorem ipsum dolor sit amet, te putent habemus vis, per ei mundi feugiat ","price":"14 \/ 48","link":{"url":"","is_external":"","nofollow":"","custom_attributes":""},"_id":"70c101a","image":{"url":"","id":""}}],"heading_typography_typography":"custom","heading_typography_font_size":{"unit":"px","size":"12","sizes":[]},"heading_typography_font_weight":"300","heading_typography_line_height":{"unit":"px","size":"22","sizes":[]},"heading_typography_letter_spacing":{"unit":"px","size":"0.65","sizes":[]},"description_typography_typography":"custom","description_typography_font_size":{"unit":"px","size":"12","sizes":[]},"separator_style":"none","_margin":{"unit":"%","top":"0","right":"0","bottom":"4","left":"0","isLinked":""},"heading_color":"#DADADA","description_color":"#DADADA"},"elements":[],"isInner":false,"widgetType":"price-list","elType":"widget"},{"id":"275ed317","settings":{"title":"RED","header_size":"h4","_margin":{"unit":"%","top":"","right":"","bottom":"","left":"","isLinked":"1"},"title_color":"#FFFFFF","typography_typography":"custom","typography_font_family":"Nanum Gothic","typography_font_size":{"unit":"px","size":"16","sizes":[]},"typography_font_size_tablet":{"unit":"px","size":"14","sizes":[]},"typography_font_weight":"300","typography_text_transform":"uppercase","typography_line_height":{"unit":"px","size":"19","sizes":[]},"typography_letter_spacing":{"unit":"px","size":"0.87","sizes":[]}},"elements":[],"isInner":false,"widgetType":"heading","elType":"widget"},{"id":"6ec4d1bc","settings":{"price_list":[{"title":"First item on the list","item_description":"Lorem ipsum dolor sit amet, te putent habemus vis, per ei mundi feugiat ","price":"14 \/ 48","link":{"url":"","is_external":"","nofollow":"","custom_attributes":""},"_id":"0e425d8","image":{"url":"","id":""}},{"title":"Second item on the list","item_description":"Lorem ipsum dolor sit amet, te putent habemus vis, per ei mundi feugiat ","price":"14 \/ 48","link":{"url":"","is_external":"","nofollow":"","custom_attributes":""},"_id":"70c101a","image":{"url":"","id":""}}],"heading_typography_typography":"custom","heading_typography_font_size":{"unit":"px","size":"12","sizes":[]},"heading_typography_font_weight":"300","heading_typography_line_height":{"unit":"px","size":"22","sizes":[]},"heading_typography_letter_spacing":{"unit":"px","size":"0.65","sizes":[]},"description_typography_typography":"custom","description_typography_font_size":{"unit":"px","size":"12","sizes":[]},"separator_style":"none","_margin":{"unit":"%","top":"","right":"","bottom":"","left":"","isLinked":"1"},"heading_color":"#DADADA","description_color":"#DADADA"},"elements":[],"isInner":false,"widgetType":"price-list","elType":"widget"}],"isInner":"1","elType":"column"}],"isInner":"1","elType":"section"}],"isInner":"","elType":"column"}],"isInner":"","elType":"section"},{"id":"42e03f87","settings":{"height":"min-height","custom_height":{"unit":"vh","size":"100","sizes":[]},"content_position":"middle","structure":"20","background_position":"center right","background_repeat":"no-repeat","custom_height_tablet":{"unit":"vh","size":"","sizes":[]},"custom_height_mobile":{"unit":"vh","size":"80","sizes":[]},"column_position":"stretch","padding_tablet":{"unit":"%","top":"8","right":"5","bottom":"0","left":"5","isLinked":""},"padding_mobile":{"unit":"%","top":"20","right":"5","bottom":"0","left":"5","isLinked":""},"margin":{"unit":"%","top":"8","right":"0","bottom":"0","left":"0","isLinked":""},"margin_tablet":{"unit":"%","top":"","right":"0","bottom":"","left":"0","isLinked":"1"},"_title":"Cocktails","background_size_mobile":"initial","background_bg_width_mobile":{"unit":"%","size":"50","sizes":[]},"reverse_order_tablet":"reverse-tablet","reverse_order_mobile":"reverse-mobile","_element_id":"cocktails","content_width":{"unit":"px","size":"1600","sizes":[]},"_timestamp_":"v1UDBjV1ZKV2V5WXFrM3hsRHQ3eEpNdz09"},"elements":[{"id":"16ac139a","settings":{"_column_size":"50","_inline_size_tablet":"100","space_between_widgets_tablet":"15","margin":{"unit":"%","top":"0","right":"15","bottom":"0","left":"0","isLinked":""},"margin_mobile":{"unit":"%","top":"3","right":"0","bottom":"0","left":"0","isLinked":""},"margin_tablet":{"unit":"%","top":"5","right":"0","bottom":"0","left":"0","isLinked":""}},"elements":[{"id":"231b4e1a","settings":{"animation":"fadeIn","animation_duration":"slow"},"elements":[{"id":"2eccd141","settings":{"_column_size":"100","padding":{"unit":"px","top":"0","right":"0","bottom":"0","left":"0","isLinked":"1"}},"elements":[{"id":"361d16f1","settings":{"title":"COCKTAILS","header_size":"h4","_margin":{"unit":"%","top":"0","right":"0","bottom":"-1","left":"0","isLinked":""},"title_color":"#FFFFFF","typography_typography":"custom","typography_font_family":"Nanum Gothic","typography_font_size":{"unit":"px","size":"16","sizes":[]},"typography_font_size_tablet":{"unit":"px","size":"14","sizes":[]},"typography_font_weight":"300","typography_text_transform":"uppercase","typography_line_height":{"unit":"px","size":"19","sizes":[]},"typography_letter_spacing":{"unit":"px","size":"0.87","sizes":[]}},"elements":[],"isInner":false,"widgetType":"heading","elType":"widget"},{"id":"1039310f","settings":{"align":"left","text":"Divider","color":"#CB3522","gap_tablet":{"unit":"px","size":"5","sizes":[]},"gap":{"unit":"px","size":"0","sizes":[]}},"elements":[],"isInner":false,"widgetType":"divider","elType":"widget"},{"id":"2e7fc3ed","settings":{"price_list":[{"title":"First item on the list","item_description":"Lorem ipsum dolor sit amet, te putent habemus vis, per ei mundi feugiat ","price":"14","link":{"url":"","is_external":"","nofollow":"","custom_attributes":""},"_id":"0e425d8","image":{"url":"","id":""}},{"title":"Second item on the list","item_description":"Lorem ipsum dolor sit amet, te putent habemus vis, per ei mundi feugiat ","price":"14","link":{"url":"","is_external":"","nofollow":"","custom_attributes":""},"_id":"70c101a","image":{"url":"","id":""}},{"title":"Third item on the list","item_description":"Lorem ipsum dolor sit amet, te putent habemus vis, per ei mundi feugiat ","price":"14","link":{"url":"","is_external":"","nofollow":"","custom_attributes":""},"_id":"0fd386e","image":{"url":"","id":""}},{"title":"Fourth item on the list","item_description":"Lorem ipsum dolor sit amet, te putent habemus vis, per ei mundi feugiat ","price":"14","link":{"url":"","is_external":"","nofollow":"","custom_attributes":""},"image":{"url":"","id":""},"_id":"5483921"},{"title":"Fourth item on the list","item_description":"Lorem ipsum dolor sit amet, te putent habemus vis, per ei mundi feugiat ","price":"14","link":{"url":"","is_external":"","nofollow":"","custom_attributes":""},"image":{"url":"","id":""},"_id":"76838e6"},{"title":"Fourth item on the list","item_description":"Lorem ipsum dolor sit amet, te putent habemus vis, per ei mundi feugiat ","price":"14","link":{"url":"","is_external":"","nofollow":"","custom_attributes":""},"image":{"url":"","id":""},"_id":"52f8bb9"},{"title":"Fourth item on the list","item_description":"Lorem ipsum dolor sit amet, te putent habemus vis, per ei mundi feugiat ","price":"14","link":{"url":"","is_external":"","nofollow":"","custom_attributes":""},"image":{"url":"","id":""},"_id":"6573f88"}],"heading_typography_typography":"custom","heading_typography_font_size":{"unit":"px","size":"12","sizes":[]},"heading_typography_font_weight":"300","heading_typography_line_height":{"unit":"px","size":"22","sizes":[]},"heading_typography_letter_spacing":{"unit":"px","size":"0.65","sizes":[]},"description_typography_typography":"custom","description_typography_font_size":{"unit":"px","size":"12","sizes":[]},"separator_style":"none","_margin":{"unit":"%","top":"4","right":"0","bottom":"0","left":"0","isLinked":""},"heading_color":"#DADADA","description_color":"#DADADA"},"elements":[],"isInner":false,"widgetType":"price-list","elType":"widget"}],"isInner":"1","elType":"column"}],"isInner":"1","elType":"section"}],"isInner":"","elType":"column"},{"id":"3efe4ec","settings":{"_column_size":"50","background_background":"classic","background_image":{"id":2797,"url":"https:\/\/library.elementor.com\/wp-content\/uploads\/2020\/06\/Cocktails.jpg"},"background_position":"center center","background_repeat":"no-repeat","background_size":"cover","background_size_mobile":"cover","_inline_size_tablet":"100"},"elements":[{"id":"1be34ea1","settings":{"space_mobile":{"unit":"vh","size":"30","sizes":[]},"space_tablet":{"unit":"vh","size":"30","sizes":[]}},"elements":[],"isInner":false,"widgetType":"spacer","elType":"widget"}],"isInner":"","elType":"column"}],"isInner":"","elType":"section"},{"id":"17429d25","settings":{"height":"min-height","custom_height":{"unit":"vh","size":"100","sizes":[]},"content_position":"middle","structure":"20","background_position":"top right","background_repeat":"no-repeat","custom_height_tablet":{"unit":"vh","size":"","sizes":[]},"custom_height_mobile":{"unit":"vh","size":"80","sizes":[]},"column_position":"stretch","padding_tablet":{"unit":"%","top":"8","right":"5","bottom":"0","left":"5","isLinked":""},"padding_mobile":{"unit":"%","top":"20","right":"5","bottom":"0","left":"5","isLinked":""},"margin":{"unit":"%","top":"","right":"0","bottom":"","left":"0","isLinked":"1"},"margin_tablet":{"unit":"%","top":"","right":"0","bottom":"","left":"0","isLinked":"1"},"_title":"Non Alcoholic","background_size_mobile":"initial","background_bg_width_mobile":{"unit":"%","size":"20","sizes":[]},"background_background":"classic","background_image":{"id":2799,"url":"https:\/\/library.elementor.com\/wp-content\/uploads\/2020\/06\/BarMenuPage-Shape_2.png"},"padding":{"unit":"%","top":"8","right":"0","bottom":"0","left":"0","isLinked":""},"_element_id":"non_alcoholic","content_width":{"unit":"px","size":"1600","sizes":[]},"_timestamp_":"v1UDBjV1ZKV2V5WXFrM3hsRHQ3eEpNdz09"},"elements":[{"id":"773f0953","settings":{"_column_size":"50","background_background":"classic","background_image":{"id":2798,"url":"https:\/\/library.elementor.com\/wp-content\/uploads\/2020\/06\/Non_Alcoholic.jpg"},"background_position":"center center","background_repeat":"no-repeat","background_size":"cover","background_size_mobile":"cover","_inline_size_tablet":"100"},"elements":[{"id":"282d589","settings":{"space_mobile":{"unit":"vh","size":"30","sizes":[]},"space_tablet":{"unit":"vh","size":"30","sizes":[]}},"elements":[],"isInner":false,"widgetType":"spacer","elType":"widget"}],"isInner":"","elType":"column"},{"id":"6e610092","settings":{"_column_size":"50","_inline_size_tablet":"100","space_between_widgets_tablet":"15","margin":{"unit":"%","top":"0","right":"0","bottom":"0","left":"15","isLinked":""},"margin_mobile":{"unit":"%","top":"3","right":"0","bottom":"0","left":"0","isLinked":""},"margin_tablet":{"unit":"px","top":"0","right":"0","bottom":"0","left":"0","isLinked":""}},"elements":[{"id":"39175a95","settings":{"animation":"fadeIn","animation_duration":"slow"},"elements":[{"id":"19081a08","settings":{"_column_size":"100","padding":{"unit":"px","top":"0","right":"0","bottom":"0","left":"0","isLinked":"1"}},"elements":[{"id":"6caaa13f","settings":{"title":"Non-Alcoholic","header_size":"h4","_margin":{"unit":"%","top":"0","right":"0","bottom":"-1","left":"0","isLinked":""},"title_color":"#FFFFFF","typography_typography":"custom","typography_font_family":"Nanum Gothic","typography_font_size":{"unit":"px","size":"16","sizes":[]},"typography_font_size_tablet":{"unit":"px","size":"14","sizes":[]},"typography_font_weight":"300","typography_text_transform":"uppercase","typography_line_height":{"unit":"px","size":"19","sizes":[]},"typography_letter_spacing":{"unit":"px","size":"0.87","sizes":[]}},"elements":[],"isInner":false,"widgetType":"heading","elType":"widget"},{"id":"2755e40c","settings":{"align":"left","text":"Divider","color":"#CB3522","gap_tablet":{"unit":"px","size":"5","sizes":[]},"gap":{"unit":"px","size":"0","sizes":[]}},"elements":[],"isInner":false,"widgetType":"divider","elType":"widget"},{"id":"39f2d52b","settings":{"price_list":[{"title":"First item on the list","item_description":"Lorem ipsum dolor sit amet, te putent habemus vis, per ei mundi feugiat ","price":"4","link":{"url":"","is_external":"","nofollow":"","custom_attributes":""},"_id":"0e425d8","image":{"url":"","id":""}},{"title":"Second item on the list","item_description":"Lorem ipsum dolor sit amet, te putent habemus vis, per ei mundi feugiat ","price":"4","link":{"url":"","is_external":"","nofollow":"","custom_attributes":""},"_id":"70c101a","image":{"url":"","id":""}},{"title":"Third item on the list","item_description":"Lorem ipsum dolor sit amet, te putent habemus vis, per ei mundi feugiat ","price":"4","link":{"url":"","is_external":"","nofollow":"","custom_attributes":""},"_id":"0fd386e","image":{"url":"","id":""}},{"title":"Fourth item on the list","item_description":"Lorem ipsum dolor sit amet, te putent habemus vis, per ei mundi feugiat ","price":"4","link":{"url":"","is_external":"","nofollow":"","custom_attributes":""},"image":{"url":"","id":""},"_id":"5483921"},{"title":"Fourth item on the list","item_description":"Lorem ipsum dolor sit amet, te putent habemus vis, per ei mundi feugiat ","price":"4","link":{"url":"","is_external":"","nofollow":"","custom_attributes":""},"image":{"url":"","id":""},"_id":"b8d3f97"},{"title":"Fourth item on the list","item_description":"Lorem ipsum dolor sit amet, te putent habemus vis, per ei mundi feugiat ","price":"4","link":{"url":"","is_external":"","nofollow":"","custom_attributes":""},"image":{"url":"","id":""},"_id":"09678f0"}],"heading_typography_typography":"custom","heading_typography_font_size":{"unit":"px","size":"12","sizes":[]},"heading_typography_font_weight":"300","heading_typography_line_height":{"unit":"px","size":"22","sizes":[]},"heading_typography_letter_spacing":{"unit":"px","size":"0.65","sizes":[]},"description_typography_typography":"custom","description_typography_font_size":{"unit":"px","size":"12","sizes":[]},"separator_style":"none","_margin":{"unit":"%","top":"4","right":"0","bottom":"0","left":"0","isLinked":""},"heading_color":"#DADADA","description_color":"#DADADA"},"elements":[],"isInner":false,"widgetType":"price-list","elType":"widget"}],"isInner":"1","elType":"column"}],"isInner":"1","elType":"section"}],"isInner":"","elType":"column"}],"isInner":"","elType":"section"},{"id":"5565a303","settings":{"height":"min-height","custom_height":{"unit":"vh","size":"80","sizes":[]},"content_position":"middle","structure":"20","background_position":"top left","background_repeat":"no-repeat","custom_height_tablet":{"unit":"vh","size":"","sizes":[]},"custom_height_mobile":{"unit":"vh","size":"80","sizes":[]},"column_position":"stretch","padding_tablet":{"unit":"%","top":"4","right":"5","bottom":"0","left":"5","isLinked":""},"padding_mobile":{"unit":"%","top":"20","right":"5","bottom":"0","left":"5","isLinked":""},"margin":{"unit":"%","top":"","right":"0","bottom":"","left":"0","isLinked":"1"},"margin_tablet":{"unit":"%","top":"","right":"0","bottom":"","left":"0","isLinked":"1"},"_title":"Free Delivery","background_bg_width_mobile":{"unit":"%","size":"20","sizes":[]},"background_background":"classic","background_image":{"id":"2785","url":"https:\/\/library.elementor.com\/wp-content\/uploads\/2020\/06\/KitchenMenuPage-DeliverySection-Shape.png"},"background_xpos":{"unit":"%","size":"0","sizes":[]},"background_ypos":{"unit":"%","size":"-95","sizes":[]},"background_size":"auto","background_size_tablet":"initial","background_bg_width_tablet":{"unit":"%","size":"20","sizes":[]},"background_motion_fx_motion_fx_scrolling":"yes","background_motion_fx_translateY_effect":"yes","background_motion_fx_devices":["desktop","tablet"],"padding":{"unit":"%","top":"8","right":"0","bottom":"0","left":"0","isLinked":""},"content_width":{"unit":"px","size":"1600","sizes":[]},"_timestamp_":"v1UDBjV1ZKV2V5WXFrM3hsRHQ3eEpNdz09"},"elements":[{"id":"4648d79c","settings":{"_column_size":"50","_inline_size_tablet":"100","space_between_widgets_tablet":"15","padding":{"unit":"%","top":"0","right":"10","bottom":"0","left":"18","isLinked":""},"padding_tablet":{"unit":"%","top":"0","right":"0","bottom":"3","left":"0","isLinked":""}},"elements":[{"id":"67396544","settings":{"title":"Free Delivery","align_tablet":"center","title_color":"#FEF8EE","typography_typography":"custom","typography_font_family":"Nanum Gothic","typography_font_size":{"unit":"px","size":"42","sizes":[]},"typography_font_size_tablet":{"unit":"px","size":"22","sizes":[]},"typography_font_size_mobile":{"unit":"px","size":"18","sizes":[]},"typography_font_weight":"300","typography_text_transform":"uppercase","typography_line_height":{"unit":"px","size":"42","sizes":[]},"typography_line_height_tablet":{"unit":"px","size":"22","sizes":[]},"typography_line_height_mobile":{"unit":"px","size":"18","sizes":[]},"typography_letter_spacing":{"unit":"px","size":"0.58","sizes":[]}},"elements":[],"isInner":false,"widgetType":"heading","elType":"widget"},{"id":"8e3217f","settings":{"view":"inline","icon_list":[{"text":"","selected_icon":{"value":{"id":"2744","url":"https:\/\/library.elementor.com\/wp-content\/uploads\/2020\/06\/h2shape_1.svg"},"library":"svg"},"link":{"url":"","is_external":"","nofollow":"","custom_attributes":""},"_id":"696b74a"},{"text":"","selected_icon":{"value":{"id":"2745","url":"https:\/\/library.elementor.com\/wp-content\/uploads\/2020\/06\/h2shape_2.svg"},"library":"svg"},"link":{"url":"","is_external":"","nofollow":"","custom_attributes":""},"_id":"7ac53fa"},{"text":"","selected_icon":{"value":{"id":"2748","url":"https:\/\/library.elementor.com\/wp-content\/uploads\/2020\/06\/h2shape_5.svg"},"library":"svg"},"link":{"url":"","is_external":"","nofollow":"","custom_attributes":""},"_id":"30bd558"},{"text":"","selected_icon":{"value":{"id":"2758","url":"https:\/\/library.elementor.com\/wp-content\/uploads\/2020\/06\/h2shape_7.svg"},"library":"svg"},"link":{"url":"","is_external":"","nofollow":"","custom_attributes":""},"_id":"528fbb5"}],"space_between":{"unit":"px","size":"0","sizes":[]},"icon_color":"#FEF8EE","icon_size":{"unit":"px","size":"37","sizes":[]},"icon_self_align":"left","text_indent":{"unit":"px","size":"0","sizes":[]},"space_between_tablet":{"unit":"px","size":"6","sizes":[]},"space_between_mobile":{"unit":"px","size":"6","sizes":[]},"icon_size_tablet":{"unit":"px","size":"16","sizes":[]},"icon_size_mobile":{"unit":"px","size":"14","sizes":[]},"icon_align_tablet":"center","icon_typography_line_height":{"unit":"em","size":"0.5","sizes":[]},"icon_typography_line_height_tablet":{"unit":"em","size":"0.1","sizes":[]},"icon_typography_line_height_mobile":{"unit":"em","size":"0.1","sizes":[]}},"elements":[],"isInner":false,"widgetType":"icon-list","elType":"widget"},{"id":"19948562","settings":{"width":{"unit":"px","size":"42.5","sizes":[]},"text":"Divider","color":"#CB3522","align_tablet":"center","align_mobile":"center","gap_tablet":{"unit":"px","size":"5","sizes":[]}},"elements":[],"isInner":false,"widgetType":"divider","elType":"widget"},{"id":"34624750","settings":{"editor":"<p>Order minimum $25 | Within a 0.5 mile radius<br \/>For deliveries please call +1 212-203-7540<\/p>","align_tablet":"center","text_color":"#DADADA","typography_typography":"custom","typography_font_family":"Poppins","typography_font_size":{"unit":"px","size":"14","sizes":[]},"typography_font_size_mobile":{"unit":"px","size":"12","sizes":[]},"typography_font_weight":"300","typography_line_height":{"unit":"px","size":"22","sizes":[]},"typography_letter_spacing":{"unit":"px","size":"0.76","sizes":[]},"column_gap":{"unit":"%","size":"","sizes":[]},"_margin":{"unit":"%","top":"","right":"","bottom":"","left":"","isLinked":"1"},"_margin_tablet":{"unit":"px","top":"0","right":"0","bottom":"0","left":"0","isLinked":"1"}},"elements":[],"isInner":false,"widgetType":"text-editor","elType":"widget"}],"isInner":"","elType":"column"},{"id":"30b412de","settings":{"_column_size":"50","background_background":"classic","background_image":{"id":"2765","url":"https:\/\/library.elementor.com\/wp-content\/uploads\/2020\/06\/FreeDelivery.jpg"},"background_position":"center center","background_repeat":"no-repeat","background_size":"cover","background_size_mobile":"cover","_inline_size_tablet":"100"},"elements":[{"id":"58ec13","settings":{"space_mobile":{"unit":"vh","size":"30","sizes":[]},"space_tablet":{"unit":"vh","size":"30","sizes":[]}},"elements":[],"isInner":false,"widgetType":"spacer","elType":"widget"}],"isInner":"","elType":"column"}],"isInner":"","elType":"section"}]}