{"version":"0.4","title":"14058","type":"page","content":[{"id":"58a2d8a3","settings":{"height":"min-height","custom_height":{"unit":"vh","size":"80","sizes":[]},"content_position":"middle","structure":"21","background_position":"center right","background_repeat":"no-repeat","custom_height_tablet":{"unit":"vh","size":"80","sizes":[]},"custom_height_mobile":{"unit":"vh","size":"80","sizes":[]},"column_position":"stretch","padding_tablet":{"unit":"%","top":"4","right":"5","bottom":"0","left":"5","isLinked":""},"padding_mobile":{"unit":"%","top":"0","right":"5","bottom":"0","left":"5","isLinked":""},"margin":{"unit":"%","top":"2","right":"0","bottom":"0","left":"0","isLinked":""},"margin_tablet":{"unit":"%","top":"","right":"0","bottom":"","left":"0","isLinked":"1"},"_title":"Hero","background_position_tablet":"bottom right","background_size_tablet":"initial","background_bg_width_tablet":{"unit":"%","size":"67","sizes":[]},"background_bg_width_mobile":{"unit":"%","size":"67","sizes":[]},"content_width":{"unit":"px","size":"1600","sizes":[]},"_timestamp_":"v1UDBjV1ZKV2V5WXFrM3hsRHQ3eEpNdz09"},"elements":[{"id":"1a471aee","settings":{"_column_size":"33","_inline_size_tablet":"100","space_between_widgets_tablet":"15","margin":{"unit":"%","top":"0","right":"5","bottom":"0","left":"0","isLinked":""},"margin_mobile":{"unit":"%","top":"0","right":"0","bottom":"3","left":"0","isLinked":""},"_inline_size":"40"},"elements":[{"id":"31723dfd","settings":{"title":"page not found","header_size":"h1","title_color":"#FEF8EE","typography_typography":"custom","typography_font_family":"Nanum Gothic","typography_font_size":{"unit":"px","size":"54","sizes":[]},"typography_font_size_tablet":{"unit":"px","size":"32","sizes":[]},"typography_font_size_mobile":{"unit":"px","size":"28","sizes":[]},"typography_font_weight":"300","typography_text_transform":"uppercase","typography_line_height":{"unit":"px","size":"64","sizes":[]},"typography_line_height_tablet":{"unit":"px","size":"44","sizes":[]},"typography_line_height_mobile":{"unit":"px","size":"36","sizes":[]},"typography_letter_spacing":{"unit":"px","size":"0.75","sizes":[]}},"elements":[],"isInner":false,"widgetType":"heading","elType":"widget"},{"id":"37c8eec4","settings":{"view":"inline","icon_list":[{"text":"","selected_icon":{"value":{"id":"2745","url":"https:\/\/library.elementor.com\/wp-content\/uploads\/2020\/06\/h2shape_2.svg"},"library":"svg"},"link":{"url":"","is_external":"","nofollow":"","custom_attributes":""},"_id":"7ac53fa"},{"text":"","selected_icon":{"value":{"id":"2748","url":"https:\/\/library.elementor.com\/wp-content\/uploads\/2020\/06\/h2shape_5.svg"},"library":"svg"},"link":{"url":"","is_external":"","nofollow":"","custom_attributes":""},"_id":"30bd558"},{"text":"","selected_icon":{"value":{"id":"2749","url":"https:\/\/library.elementor.com\/wp-content\/uploads\/2020\/06\/h2shape_6.svg"},"library":"svg"},"link":{"url":"","is_external":"","nofollow":"","custom_attributes":""},"_id":"528fbb5"},{"text":"","selected_icon":{"value":{"id":"2744","url":"https:\/\/library.elementor.com\/wp-content\/uploads\/2020\/06\/h2shape_1.svg"},"library":"svg"},"link":{"url":"","is_external":"","nofollow":"","custom_attributes":""},"_id":"696b74a"},{"text":"","selected_icon":{"value":{"id":2846,"url":"https:\/\/library.elementor.com\/wp-content\/uploads\/2020\/06\/h2shape_12.svg"},"library":"svg"},"link":{"url":"","is_external":"","nofollow":"","custom_attributes":""},"_id":"91f5f4c"},{"text":"","selected_icon":{"value":{"id":"2772","url":"https:\/\/library.elementor.com\/wp-content\/uploads\/2020\/06\/h2shape_10.svg"},"library":"svg"},"link":{"url":"","is_external":"","nofollow":"","custom_attributes":""},"_id":"4bf9d41"}],"space_between":{"unit":"px","size":"0","sizes":[]},"icon_color":"#FEF8EE","icon_size":{"unit":"px","size":"37","sizes":[]},"icon_self_align":"left","text_indent":{"unit":"px","size":"0","sizes":[]},"space_between_tablet":{"unit":"px","size":"6","sizes":[]},"space_between_mobile":{"unit":"px","size":"6","sizes":[]},"icon_size_tablet":{"unit":"px","size":"16","sizes":[]},"icon_size_mobile":{"unit":"px","size":"14","sizes":[]},"icon_typography_line_height":{"unit":"em","size":"0.5","sizes":[]},"icon_typography_line_height_tablet":{"unit":"em","size":"0.1","sizes":[]},"icon_typography_line_height_mobile":{"unit":"em","size":"0.1","sizes":[]}},"elements":[],"isInner":false,"widgetType":"icon-list","elType":"widget"},{"id":"5a70f9b3","settings":{"width":{"unit":"px","size":"42.5","sizes":[]},"align":"left","text":"Divider","color":"#CB3522","gap_tablet":{"unit":"px","size":"5","sizes":[]}},"elements":[],"isInner":false,"widgetType":"divider","elType":"widget"},{"id":"44742de6","settings":{"padding":{"unit":"%","top":"0","right":"30","bottom":"0","left":"0","isLinked":""},"padding_tablet":{"unit":"px","top":"0","right":"0","bottom":"0","left":"0","isLinked":"1"}},"elements":[{"id":"6b6e7b51","settings":{"_column_size":"100","padding":{"unit":"px","top":"0","right":"0","bottom":"0","left":"0","isLinked":"1"}},"elements":[{"id":"194de63c","settings":{"editor":"Oops, something went wrong. The page you\u2019re looking for either doesn\u2019t exist or has been moved.","column_gap":{"unit":"%","size":"","sizes":[]},"_margin":{"unit":"%","top":"","right":"","bottom":"","left":"","isLinked":"1"},"_margin_tablet":{"unit":"px","top":"","right":"","bottom":"","left":"","isLinked":"1"},"text_color":"#DADADA","typography_typography":"custom","typography_font_family":"Poppins","typography_font_size":{"unit":"px","size":"14","sizes":[]},"typography_font_size_mobile":{"unit":"px","size":"12","sizes":[]},"typography_font_weight":"300","typography_line_height":{"unit":"px","size":"22","sizes":[]},"typography_letter_spacing":{"unit":"px","size":"0.76","sizes":[]},"_margin_mobile":{"unit":"%","top":"","right":"","bottom":"","left":"","isLinked":"1"}},"elements":[],"isInner":false,"widgetType":"text-editor","elType":"widget"},{"id":"1502a67b","settings":{"text":"Back to homepage","__dynamic__":{"link":"[elementor-tag id=\"0492b25\" name=\"site-url\" settings=\"%7B%7D\"]"},"typography_typography":"custom","typography_font_family":"Nanum Gothic","typography_font_size":{"unit":"px","size":"14","sizes":[]},"typography_font_weight":"300","typography_text_transform":"uppercase","typography_line_height":{"unit":"px","size":"16","sizes":[]},"typography_letter_spacing":{"unit":"px","size":"0.19","sizes":[]},"button_text_color":"#FFFFFF","hover_color":"#CB3522","border_border":"solid","border_width":{"unit":"px","top":"0","right":"0","bottom":"1","left":"0","isLinked":""},"border_color":"#CB3522","border_radius":{"unit":"px","top":"0","right":"0","bottom":"0","left":"0","isLinked":"1"},"text_padding":{"unit":"px","top":"14.5","right":"36","bottom":"14.5","left":"36","isLinked":""},"_margin":{"unit":"%","top":"3","right":"0","bottom":"0","left":"0","isLinked":""},"background_color":"rgba(2, 1, 1, 0)"},"elements":[],"isInner":false,"widgetType":"button","elType":"widget"}],"isInner":"1","elType":"column"}],"isInner":"1","elType":"section"},{"id":"50a19f39","settings":{"form_name":"\u0641\u0631\u0645 \u062c\u062f\u06cc\u062f","form_fields":[{"field_type":"step","_id":"e2b0a2e","field_label":"","placeholder":"","required":"","selected_icon":{"value":"far fa-caret-square-down","library":"fa-regular"},"field_options":"","allow_multiple":"","select_size":"","inline_list":"","field_html":"","width":"100","width_tablet":"","width_mobile":"","rows":4,"recaptcha_size":"normal","recaptcha_style":"light","recaptcha_badge":"bottomright","css_classes":"","field_value":"","custom_id":"field_e2b0a2e"},{"custom_id":"name","field_type":"text","field_label":"\u0627\u0633\u0645","placeholder":"\u0627\u0633\u0645","width":"100","_id":"5ac3ace","required":"","selected_icon":{"value":"fas fa-star","library":"fa-solid"},"field_options":"","allow_multiple":"","select_size":"","inline_list":"","field_html":"","width_tablet":"","width_mobile":"","rows":4,"recaptcha_size":"normal","recaptcha_style":"light","recaptcha_badge":"bottomright","css_classes":"","field_value":""},{"custom_id":"message","field_type":"textarea","field_label":"\u067e\u06cc\u063a\u0627\u0645","placeholder":"\u067e\u06cc\u063a\u0627\u0645","width":"100","_id":"4f489d4","required":"","selected_icon":{"value":"fas fa-star","library":"fa-solid"},"field_options":"","allow_multiple":"","select_size":"","inline_list":"","field_html":"","width_tablet":"","width_mobile":"","rows":4,"recaptcha_size":"normal","recaptcha_style":"light","recaptcha_badge":"bottomright","css_classes":"","field_value":""},{"field_type":"step","field_label":"\u0628\u0639\u062f\u06cc","placeholder":"","required":"","previous_button":"\u0642\u0628\u0644\u06cc","next_button":"\u0628\u0639\u062f\u06cc","selected_icon":{"value":"fas fa-caret-square-down","library":"fa-solid"},"field_options":"","allow_multiple":"","select_size":"","inline_list":"","field_html":"","width":"100","width_tablet":"","width_mobile":"","rows":4,"recaptcha_size":"normal","recaptcha_style":"light","recaptcha_badge":"bottomright","css_classes":"","field_value":"","custom_id":"field_8db0d65","_id":"8db0d65"},{"field_type":"text","field_label":"","placeholder":"","required":"","selected_icon":{"value":"fas fa-star","library":"fa-solid"},"field_options":"","allow_multiple":"","select_size":"","inline_list":"","field_html":"","width":"100","width_tablet":"","width_mobile":"","rows":4,"recaptcha_size":"normal","recaptcha_style":"light","recaptcha_badge":"bottomright","css_classes":"","field_value":"","custom_id":"field_3f309be","_id":"3f309be"}],"mark_required":"yes","step_next_label":"\u0628\u0639\u062f","step_previous_label":"\u0642\u0628\u0644","button_text":"\u0641\u0631\u0633\u062a\u0627\u062f\u0646","selected_button_icon":{"value":"far fa-bell","library":"fa-regular"},"email_content":"[all-fields]","email_content_2":"[all-fields]","step_type":"icon","custom_messages":"yes","success_message":"\u0641\u0631\u0645 \u0628\u0627\u0645\u0648\u0641\u0642\u06cc\u062a \u0627\u0631\u0633\u0627\u0644 \u0634\u062f.","error_message":"\u06cc\u06a9 \u0627\u062a\u0641\u0627\u0642\u06cc \u0631\u062e \u062f\u0627\u062f\u0647 \u0627\u0633\u062a.","required_field_message":"\u067e\u0631 \u06a9\u0631\u062f\u0646 \u0627\u06cc\u0646 \u0628\u062e\u0634 \u0627\u0644\u0632\u0627\u0645\u06cc \u0627\u0633\u062a.","invalid_message":"\u062e\u0637\u0627\u06cc\u06cc \u0631\u0647 \u062f\u0627\u062f\u0647 \u0627\u0633\u062a. \u0641\u0631\u0645 \u0646\u0627\u0645\u0639\u062a\u0628\u0631 \u0627\u0633\u062a.","steps_gap":{"unit":"px","size":31,"sizes":[]},"steps_icon_size":{"unit":"px","size":39,"sizes":[]},"steps_padding":{"unit":"px","size":82,"sizes":[]},"step_inactive_primary_color":"#A90909","step_active_primary_color":"#040101"},"elements":[],"isInner":false,"widgetType":"form","elType":"widget"}],"isInner":"","elType":"column"},{"id":"7901690d","settings":{"_column_size":"66","background_position":"center center","background_repeat":"no-repeat","background_size":"cover","background_size_mobile":"cover","_inline_size_tablet":"100","_inline_size":"59.665"},"elements":[{"id":"256458d2","settings":{"selected_icon":{"value":{"id":2847,"url":"https:\/\/library.elementor.com\/wp-content\/uploads\/2020\/06\/404Page_Hero-JapanShape.svg"},"library":"svg"},"align":"right","align_tablet":"center","primary_color":"#FEF8EE","size":{"unit":"px","size":"900","sizes":[]},"size_tablet":{"unit":"px","size":"600","sizes":[]},"size_mobile":{"unit":"px","size":"290","sizes":[]},"_margin":{"unit":"px","top":"-260","right":"0","bottom":"-267","left":"0","isLinked":""},"_margin_tablet":{"unit":"px","top":"-110","right":"0","bottom":"-115","left":"0","isLinked":""},"_margin_mobile":{"unit":"px","top":"-85","right":"0","bottom":"-90","left":"0","isLinked":""},"__dynamic__":[]},"elements":[],"isInner":false,"widgetType":"icon","elType":"widget"}],"isInner":"","elType":"column"}],"isInner":"","elType":"section"}]}