{"version":"0.4","title":"14067","type":"popup","content":[{"id":"b6e8d31","settings":{"_title":"Menu","height":"min-height","custom_height":{"unit":"vh","size":"100","sizes":[]},"custom_height_tablet":{"unit":"vh","size":"","sizes":[]},"custom_height_mobile":{"unit":"vh","size":"","sizes":[]},"column_position":"stretch","content_position":"middle","_timestamp_":"v1UDBjV1ZKV2V5WXFrM3hsRHQ3eEpNdz09"},"elements":[{"id":"2c927c3c","settings":{"_column_size":"100"},"elements":[{"id":"5488429d","settings":{"selected_icon":{"value":{"id":2855,"url":"https:\/\/library.elementor.com\/wp-content\/uploads\/2020\/06\/Close.svg"},"library":"svg"},"align":"left","primary_color":"#FFFFFF","hover_primary_color":"#000000","size":{"unit":"px","size":"24","sizes":[]},"_element_width":"auto","_position":"absolute","_offset_x":{"unit":"px","size":"24","sizes":[]},"_offset_x_mobile":{"unit":"px","size":"7","sizes":[]},"_offset_y":{"unit":"px","size":"24","sizes":[]},"_offset_y_mobile":{"unit":"px","size":"23","sizes":[]},"__dynamic__":{"link":"[elementor-tag id=\"b1cec37\" name=\"popup\" settings=\"%7B%22action%22%3A%22close%22%7D\"]"},"_animation_delay":"1000"},"elements":[],"isInner":false,"widgetType":"icon","elType":"widget"},{"id":"1fe3b88b","settings":{"layout":"vertical","align_items":"center","pointer":"none","animation_line":"grow","dropdown":"none","menu_typography_typography":"custom","menu_typography_font_family":"Nanum Gothic","menu_typography_font_size":{"unit":"px","size":"30","sizes":[]},"menu_typography_font_weight":"300","menu_typography_text_transform":"uppercase","menu_typography_line_height":{"unit":"px","size":"0","sizes":[]},"menu_typography_letter_spacing":{"unit":"px","size":"0","sizes":[]},"color_menu_item":"#FFFFFF","color_menu_item_hover":"#090909","pointer_color_menu_item_hover":"#FFFFFF","color_menu_item_active":"#090909","pointer_width":{"unit":"px","size":"1","sizes":[]},"padding_vertical_menu_item":{"unit":"px","size":"45","sizes":[]},"padding_vertical_menu_item_mobile":{"unit":"px","size":"35","sizes":[]}},"elements":[],"isInner":false,"widgetType":"nav-menu","elType":"widget"}],"isInner":"","elType":"column"}],"isInner":"","elType":"section"}]}