{"version":"0.4","title":"14111","type":"popup","content":[{"id":"42188b11","settings":{"_title":"Popup","padding":{"unit":"%","top":"4","right":"6","bottom":"7","left":"6","isLinked":""},"background_image":{"id":2860,"url":"https:\/\/library.elementor.com\/wp-content\/uploads\/2020\/06\/HappyHour-CTA-BG-Popup_170520.png"},"background_background":"classic","background_color":"#CB3522","background_position":"center center","background_repeat":"no-repeat","background_size":"cover","background_position_tablet":"center right","_timestamp_":"v1UDBjV1ZKV2V5WXFrM3hsRHQ3eEpNdz09"},"elements":[{"id":"72838797","settings":{"_column_size":"100","space_between_widgets_mobile":"15"},"elements":[{"id":"5ace2e47","settings":{"selected_icon":{"value":{"id":"2855","url":"https:\/\/library.elementor.com\/wp-content\/uploads\/2020\/06\/Close.svg"},"library":"svg"},"align":"right","primary_color":"#FFFFFF","hover_primary_color":"#000000","size":{"unit":"px","size":"24","sizes":[]},"_offset_x":{"unit":"px","size":"24","sizes":[]},"_offset_x_mobile":{"unit":"px","size":"7","sizes":[]},"_offset_y":{"unit":"px","size":"25","sizes":[]},"_offset_y_mobile":{"unit":"px","size":"23","sizes":[]},"__dynamic__":{"link":"[elementor-tag id=\"b1cec37\" name=\"popup\" settings=\"%7B%22action%22%3A%22close%22%7D\"]"},"_animation_delay":"1000","_offset_orientation_h":"end","_offset_x_end":{"unit":"px","size":"25","sizes":[]}},"elements":[],"isInner":false,"widgetType":"icon","elType":"widget"},{"id":"258365a0","settings":[],"elements":[{"id":"2c10a70f","settings":{"_column_size":"100"},"elements":[{"id":"62050b7a","settings":{"title":"Join us for","header_size":"h4","align":"center","title_color":"#FFFFFF","typography_typography":"custom","typography_font_family":"Nanum Gothic","typography_font_size":{"unit":"px","size":"16","sizes":[]},"typography_font_size_tablet":{"unit":"px","size":"14","sizes":[]},"typography_font_weight":"300","typography_text_transform":"uppercase","typography_line_height":{"unit":"px","size":"19","sizes":[]},"typography_letter_spacing":{"unit":"px","size":"0.87","sizes":[]},"_margin":{"unit":"%","top":"","right":"","bottom":"","left":"","isLinked":"1"}},"elements":[],"isInner":false,"widgetType":"heading","elType":"widget"},{"id":"508b90ec","settings":{"title":"HAPPY HOUR Everyday <br>5PM-7PM","header_size":"h1","align":"center","title_color":"#FEF8EE","typography_typography":"custom","typography_font_family":"Nanum Gothic","typography_font_size":{"unit":"px","size":"54","sizes":[]},"typography_font_size_tablet":{"unit":"px","size":"32","sizes":[]},"typography_font_size_mobile":{"unit":"px","size":"28","sizes":[]},"typography_font_weight":"300","typography_text_transform":"uppercase","typography_line_height":{"unit":"px","size":"64","sizes":[]},"typography_line_height_tablet":{"unit":"px","size":"44","sizes":[]},"typography_line_height_mobile":{"unit":"px","size":"36","sizes":[]},"typography_letter_spacing":{"unit":"px","size":"0.75","sizes":[]}},"elements":[],"isInner":false,"widgetType":"heading","elType":"widget"},{"id":"39956f8e","settings":{"view":"inline","icon_list":[{"text":"","selected_icon":{"value":"","library":""},"link":{"url":"","is_external":"","nofollow":"","custom_attributes":""},"_id":"696b74a"},{"text":"","selected_icon":{"value":"","library":""},"link":{"url":"","is_external":"","nofollow":"","custom_attributes":""},"_id":"7ac53fa"},{"text":"","selected_icon":{"value":"","library":""},"link":{"url":"","is_external":"","nofollow":"","custom_attributes":""},"_id":"528fbb5"},{"text":"","selected_icon":{"value":"","library":""},"link":{"url":"","is_external":"","nofollow":"","custom_attributes":""},"_id":"46c80f4"},{"text":"","selected_icon":{"value":"","library":""},"link":{"url":"","is_external":"","nofollow":"","custom_attributes":""},"_id":"5167813"},{"text":"","selected_icon":{"value":"","library":""},"link":{"url":"","is_external":"","nofollow":"","custom_attributes":""},"_id":"d2cc94f"},{"text":"","selected_icon":{"value":"","library":""},"link":{"url":"","is_external":"","nofollow":"","custom_attributes":""},"_id":"df45808"}],"space_between":{"unit":"px","size":"0","sizes":[]},"icon_align":"center","icon_color":"#FEF8EE","icon_size":{"unit":"px","size":"37","sizes":[]},"icon_self_align":"left","text_indent":{"unit":"px","size":"0","sizes":[]},"space_between_tablet":{"unit":"px","size":"6","sizes":[]},"space_between_mobile":{"unit":"px","size":"6","sizes":[]},"icon_size_tablet":{"unit":"px","size":"16","sizes":[]},"icon_size_mobile":{"unit":"px","size":"14","sizes":[]},"icon_align_tablet":"center","icon_typography_line_height":{"unit":"em","size":"0.5","sizes":[]},"icon_typography_line_height_tablet":{"unit":"em","size":"0.1","sizes":[]},"icon_typography_line_height_mobile":{"unit":"em","size":"0.1","sizes":[]}},"elements":[],"isInner":false,"widgetType":"icon-list","elType":"widget"},{"id":"348c920b","settings":{"width":{"unit":"px","size":"80","sizes":[]},"align":"center","text":"Divider","color":"#FFFFFF"},"elements":[],"isInner":false,"widgetType":"divider","elType":"widget"},{"id":"498ed2d9","settings":{"editor":"Beer, sake, wine and cocktails","align":"center","text_color":"#DADADA","typography_typography":"custom","typography_font_family":"Poppins","typography_font_size":{"unit":"px","size":"14","sizes":[]},"typography_font_size_mobile":{"unit":"px","size":"12","sizes":[]},"typography_font_weight":"300","typography_line_height":{"unit":"px","size":"22","sizes":[]},"typography_letter_spacing":{"unit":"px","size":"0.76","sizes":[]},"column_gap":{"unit":"%","size":"","sizes":[]},"_margin":{"unit":"%","top":"","right":"","bottom":"","left":"","isLinked":"1"},"_margin_tablet":{"unit":"px","top":"","right":"","bottom":"","left":"","isLinked":"1"},"_margin_mobile":{"unit":"%","top":"","right":"","bottom":"","left":"","isLinked":"1"}},"elements":[],"isInner":false,"widgetType":"text-editor","elType":"widget"},{"id":"72223b2","settings":{"title":"up to 50% off ","align":"center","title_color":"#FEF8EE","typography_typography":"custom","typography_font_family":"Nanum Gothic","typography_font_size":{"unit":"px","size":"32","sizes":[]},"typography_font_size_tablet":{"unit":"px","size":"18","sizes":[]},"typography_font_size_mobile":{"unit":"px","size":"16","sizes":[]},"typography_font_weight":"300","typography_text_transform":"uppercase","typography_line_height":{"unit":"px","size":"36","sizes":[]},"typography_line_height_tablet":{"unit":"px","size":"18","sizes":[]},"typography_line_height_mobile":{"unit":"px","size":"16","sizes":[]},"typography_letter_spacing":{"unit":"px","size":"1.74","sizes":[]}},"elements":[],"isInner":false,"widgetType":"heading","elType":"widget"}],"isInner":"1","elType":"column"}],"isInner":"1","elType":"section"}],"isInner":"","elType":"column"}],"isInner":"","elType":"section"}]}