{"version":"0.4","title":"14763","type":"page","content":[{"id":"3b040875","settings":{"content_width":{"unit":"px","size":"1400","sizes":[]},"height":"min-height","custom_height":{"unit":"px","size":"600","sizes":[]},"column_position":"stretch","structure":"20","background_background":"classic","background_color":"#FFF7F1","_title":"Hero","custom_height_tablet":{"unit":"px","size":"500","sizes":[]},"padding_tablet":{"unit":"%","top":"0","right":"4","bottom":"0","left":"4","isLinked":""},"custom_height_mobile":{"unit":"vh","size":"100","sizes":[]},"_timestamp_":"v1UDBjV1ZKV2V5WXFrM3hsRHQ3eEpNdz09"},"elements":[{"id":"7bda7976","settings":{"_column_size":"50","content_position":"center","border_border":"solid","border_width":{"unit":"px","top":"0","right":"0","bottom":"0","left":"1","isLinked":""},"border_color":"rgba(1, 22, 64, 0.05)","padding":{"unit":"%","top":"0","right":"25","bottom":"0","left":"0","isLinked":""},"_inline_size_tablet":"100","border_width_tablet":{"unit":"px","top":"0","right":"1","bottom":"0","left":"1","isLinked":""},"padding_tablet":{"unit":"%","top":"15","right":"15","bottom":"0","left":"15","isLinked":""},"padding_mobile":{"unit":"%","top":"65","right":"5","bottom":"0","left":"5","isLinked":""}},"elements":[{"id":"7e766623","settings":{"title":"Stay updated","title_color":"#848484","typography_typography":"custom","typography_font_family":"Montserrat","typography_font_size":{"unit":"px","size":"15","sizes":[]},"typography_font_weight":"400","typography_text_transform":"capitalize","header_size":"h3","align_tablet":"center"},"elements":[],"isInner":false,"widgetType":"heading","elType":"widget"},{"id":"575af1c0","settings":{"title":"News<br>&amp; Updates","title_color":"#011640","typography_typography":"custom","typography_font_family":"Montserrat","typography_font_size":{"unit":"px","size":"60","sizes":[]},"typography_font_weight":"300","typography_text_transform":"uppercase","align":"left","header_size":"h1","align_tablet":"center","typography_font_size_tablet":{"unit":"px","size":"50","sizes":[]},"typography_font_size_mobile":{"unit":"px","size":"35","sizes":[]}},"elements":[],"isInner":false,"widgetType":"heading","elType":"widget"}],"isInner":"","elType":"column"},{"id":"6af6012c","settings":{"_column_size":"50","content_position":"center","border_border":"solid","border_width":{"unit":"px","top":"0","right":"1","bottom":"0","left":"0","isLinked":""},"border_color":"rgba(1, 22, 64, 0.05)","padding":{"unit":"%","top":"0","right":"0","bottom":"0","left":"12","isLinked":""},"_inline_size_tablet":"100","border_width_tablet":{"unit":"px","top":"0","right":"1","bottom":"0","left":"1","isLinked":""},"padding_tablet":{"unit":"%","top":"0","right":"10","bottom":"5","left":"10","isLinked":""},"padding_mobile":{"unit":"%","top":"0","right":"5","bottom":"5","left":"5","isLinked":""}},"elements":[{"id":"2e2de5ee","settings":{"editor":"Lorem ipsum dolor sit amet, consectetur adipiscing elit. Quisque in tempor nulla. Etiam nec vulputate odionec vitae sem ornare, hedrerit tortor all eget, vestibulum libero auisque in exllert ante bladit mollis. Sndisse imperdiet erat lorem, at tempor nisi cursus seder.","align":"left","text_color":"#848484","typography_typography":"custom","typography_font_family":"Montserrat","typography_font_size":{"unit":"px","size":"16","sizes":[]},"typography_font_weight":"300","typography_line_height":{"unit":"em","size":"2","sizes":[]},"align_tablet":"center"},"elements":[],"isInner":false,"widgetType":"text-editor","elType":"widget"}],"isInner":"","elType":"column"}],"isInner":"","elType":"section"},{"id":"7e412acf","settings":{"content_width":{"unit":"px","size":"1400","sizes":[]},"_title":"Posts","padding_tablet":{"unit":"%","top":"0","right":"5","bottom":"0","left":"5","isLinked":""},"margin_mobile":{"unit":"%","top":"","right":"0","bottom":"","left":"0","isLinked":"1"},"_timestamp_":"v1UDBjV1ZKV2V5WXFrM3hsRHQ3eEpNdz09"},"elements":[{"id":"4ee5ce1f","settings":{"_column_size":"100","padding":{"unit":"px","top":"200","right":"0","bottom":"200","left":"0","isLinked":""},"border_border":"solid","border_width":{"unit":"px","top":"0","right":"1","bottom":"0","left":"1","isLinked":""},"border_color":"rgba(1, 22, 64, 0.05)","padding_tablet":{"unit":"%","top":"15","right":"0","bottom":"15","left":"0","isLinked":""},"padding_mobile":{"unit":"px","top":"0","right":"0","bottom":"0","left":"0","isLinked":"1"}},"elements":[{"id":"b492d5f","settings":{"classic_meta_separator":"","classic_read_more_text":"Read More \u00bb","cards_meta_separator":"","cards_read_more_text":"Read More \u00bb","full_content_meta_separator":"\/\/\/","posts_include":[],"posts_include_term_ids":["7"],"pagination_page_limit":"5","pagination_prev_label":"&laquo; Previous","pagination_next_label":"Next &raquo;","_skin":"cards","classic_meta_data":["date"],"classic_show_read_more":"","cards_posts_per_page":"9","cards_thumbnail_size_size":"full","cards_item_ratio":{"unit":"px","size":"0.62","sizes":[]},"cards_meta_data":["date"],"cards_show_read_more":"","cards_show_badge":"","cards_show_avatar":"","cards_column_gap":{"unit":"px","size":"50","sizes":[]},"cards_card_padding":{"unit":"px","size":"0","sizes":[]},"cards_box_shadow_box_shadow_type":"","cards_hover_effect":"none","cards_meta_border_color":"#FFFFFF","cards_image_spacing":{"unit":"px","size":"15","sizes":[]},"cards_title_color":"#011640","cards_title_typography_typography":"custom","cards_title_typography_font_family":"Montserrat","cards_title_typography_font_size":{"unit":"px","size":"18","sizes":[]},"cards_title_typography_font_weight":"400","cards_title_typography_text_transform":"uppercase","cards_title_spacing":{"unit":"px","size":"15","sizes":[]},"cards_meta_color":"#011640","cards_meta_typography_typography":"custom","cards_meta_typography_font_family":"Montserrat","cards_meta_typography_font_size":{"unit":"px","size":"15","sizes":[]},"cards_meta_typography_font_weight":"300","cards_excerpt_color":"#848484","cards_excerpt_typography_typography":"custom","cards_excerpt_typography_font_family":"Montserrat","cards_excerpt_typography_font_size":{"unit":"px","size":"16","sizes":[]},"cards_excerpt_typography_font_weight":"300","cards_excerpt_spacing":{"unit":"px","size":"5","sizes":[]},"cards_meta_typography_text_transform":"capitalize","cards_title_typography_font_size_tablet":{"unit":"px","size":"18","sizes":[]},"cards_meta_typography_font_size_tablet":{"unit":"px","size":"14","sizes":[]},"cards_excerpt_typography_font_size_tablet":{"unit":"px","size":"15","sizes":[]},"_margin_mobile":{"unit":"%","top":"15","right":"0","bottom":"30","left":"0","isLinked":""}},"elements":[],"isInner":false,"widgetType":"posts","elType":"widget"},{"id":"47c2139c","settings":{"selected_icon":{"value":{"id":"2871","url":"https:\/\/library.elementor.com\/wp-content\/uploads\/2020\/07\/Shape.svg"},"library":"svg"},"primary_color":"rgba(1, 22, 64, 0.05)","rotate":{"unit":"deg","size":"270","sizes":[]},"_element_width":"auto","_position":"absolute","_offset_x":{"size":"1400","unit":"px"},"_offset_y":{"size":"-128","unit":"px"},"_offset_y_end":{"size":"1439.141","unit":"px"},"_offset_orientation_h":"end","_offset_x_end":{"size":"1399","unit":"px"}},"elements":[],"isInner":false,"widgetType":"icon","elType":"widget"},{"id":"346ac837","settings":{"selected_icon":{"value":{"id":"2871","url":"https:\/\/library.elementor.com\/wp-content\/uploads\/2020\/07\/Shape.svg"},"library":"svg"},"primary_color":"rgba(1, 22, 64, 0.05)","_element_width":"auto","_position":"absolute","_offset_x":{"size":"1400","unit":"px"},"_offset_y":{"size":"1442","unit":"px"},"_offset_y_end":{"size":"1439.141","unit":"px"},"_offset_orientation_h":"end","_offset_x_end":{"size":"-51","unit":"px"}},"elements":[],"isInner":false,"widgetType":"icon","elType":"widget"}],"isInner":"","elType":"column"}],"isInner":"","elType":"section"}]}