{"version":"0.4","title":"14772","type":"page","content":[{"id":"92d69d1","settings":{"height":"min-height","custom_height":{"unit":"vh","size":"95","sizes":[]},"content_width":{"unit":"px","size":"1400","sizes":[]},"background_background":"classic","background_color":"#FFF7F1","background_image":{"id":296,"url":"https:\/\/library.elementor.com\/wp-content\/uploads\/2020\/07\/404-pic.png"},"background_position":"center center","background_repeat":"no-repeat","background_size":"cover","column_position":"stretch","margin":{"unit":"px","top":"","right":"0","bottom":"","left":"0","isLinked":"1"},"_title":"404 Hero","custom_height_tablet":{"unit":"px","size":"800","sizes":[]},"custom_height_mobile":{"unit":"vh","size":"100","sizes":[]},"background_position_tablet":"center center","margin_tablet":{"unit":"%","top":"0","right":"0","bottom":"15","left":"0","isLinked":""},"background_position_mobile":"initial","background_xpos_mobile":{"unit":"px","size":"-400","sizes":[]},"padding_mobile":{"unit":"%","top":"0","right":"0","bottom":"0","left":"0","isLinked":""},"_timestamp_":"v1UDBjV1ZKV2V5WXFrM3hsRHQ3eEpNdz09","ee_display_conditions":[{"ee_condition_key":"authentication","ee_condition_operator":"is","ee_condition_authentication_value":"authenticated","ee_condition_post_meta_name":"","ee_condition_var_get_name":"","ee_condition_var_post_name":"","ee_condition_shortcode_name":"","ee_condition_user_value":"","ee_condition_role_value":"subscriber","ee_condition_os_value":"iphone","ee_condition_browser_value":"ie","ee_condition_date_value":"2020-07-19 to 2020-07-25","ee_condition_date_time_before_value":"2020-07-25 09:00","ee_condition_time_value":"","ee_condition_day_value":"1","ee_condition_page_value":"","ee_condition_post_value":"","ee_condition_static_page_value":"home","ee_condition_post_type_value":"","ee_condition_post_meta_value":"","ee_condition_taxonomy_archive_value":"","ee_condition_term_archive_value":"","ee_condition_post_type_archive_value":"","ee_condition_date_archive_value":"","ee_condition_author_archive_value":"","ee_condition_search_results_value":"","ee_condition_var_get_value":"","ee_condition_var_post_value":"","ee_condition_shortcode_value":"","_id":"15fa9b4"}]},"elements":[{"id":"320973dc","settings":{"_column_size":"100","space_between_widgets":"15","padding":{"unit":"%","top":"0","right":"50","bottom":"0","left":"0","isLinked":""},"content_position":"center","border_border":"solid","border_width":{"unit":"px","top":"0","right":"1","bottom":"0","left":"1","isLinked":""},"border_color":"rgba(1, 22, 64, 0.05)","_inline_size_tablet":"100","padding_tablet":{"unit":"%","top":"15","right":"15","bottom":"15","left":"15","isLinked":""},"padding_mobile":{"unit":"%","top":"20","right":"5","bottom":"5","left":"5","isLinked":""}},"elements":[{"id":"2105b15b","settings":{"title":"404 Eror","title_color":"#848484","typography_typography":"custom","typography_font_family":"Montserrat","typography_font_size":{"unit":"px","size":"15","sizes":[]},"typography_font_weight":"400","typography_text_transform":"capitalize","header_size":"h3","align_tablet":"center","ee_display_conditions":[{"ee_condition_key":"authentication","ee_condition_operator":"is","ee_condition_authentication_value":"authenticated","ee_condition_post_meta_name":"","ee_condition_var_get_name":"","ee_condition_var_post_name":"","ee_condition_shortcode_name":"","ee_condition_user_value":"","ee_condition_role_value":"subscriber","ee_condition_os_value":"iphone","ee_condition_browser_value":"ie","ee_condition_date_value":"2020-07-19 to 2020-07-25","ee_condition_date_time_before_value":"2020-07-25 09:00","ee_condition_time_value":"","ee_condition_day_value":"1","ee_condition_page_value":"","ee_condition_post_value":"","ee_condition_static_page_value":"home","ee_condition_post_type_value":"","ee_condition_post_meta_value":"","ee_condition_taxonomy_archive_value":"","ee_condition_term_archive_value":"","ee_condition_post_type_archive_value":"","ee_condition_date_archive_value":"","ee_condition_author_archive_value":"","ee_condition_search_results_value":"","ee_condition_var_get_value":"","ee_condition_var_post_value":"","ee_condition_shortcode_value":"","_id":"f0ecee8"}],"tooltip_content":"\u0645\u0646 \u0645\u062a\u0646 \u062a\u0648\u0644\u062a\u06cc\u067e \u06cc\u0627 \u0631\u0627\u0647\u0646\u0645\u0627 \u0647\u0633\u062a\u0645"},"elements":[],"isInner":false,"widgetType":"heading","elType":"widget"},{"id":"eb5d03c","settings":{"title":"It seems you got lost through the properties","title_color":"#011640","typography_typography":"custom","typography_font_family":"Montserrat","typography_font_size":{"unit":"px","size":"65","sizes":[]},"typography_font_weight":"300","typography_text_transform":"uppercase","align":"left","header_size":"h1","align_tablet":"center","typography_font_size_tablet":{"unit":"px","size":"55","sizes":[]},"typography_font_size_mobile":{"unit":"px","size":"35","sizes":[]},"ee_display_conditions":[{"ee_condition_key":"authentication","ee_condition_operator":"is","ee_condition_authentication_value":"authenticated","ee_condition_post_meta_name":"","ee_condition_var_get_name":"","ee_condition_var_post_name":"","ee_condition_shortcode_name":"","ee_condition_user_value":"","ee_condition_role_value":"subscriber","ee_condition_os_value":"iphone","ee_condition_browser_value":"ie","ee_condition_date_value":"2020-07-19 to 2020-07-25","ee_condition_date_time_before_value":"2020-07-25 09:00","ee_condition_time_value":"","ee_condition_day_value":"1","ee_condition_page_value":"","ee_condition_post_value":"","ee_condition_static_page_value":"home","ee_condition_post_type_value":"","ee_condition_post_meta_value":"","ee_condition_taxonomy_archive_value":"","ee_condition_term_archive_value":"","ee_condition_post_type_archive_value":"","ee_condition_date_archive_value":"","ee_condition_author_archive_value":"","ee_condition_search_results_value":"","ee_condition_var_get_value":"","ee_condition_var_post_value":"","ee_condition_shortcode_value":"","_id":"799ba87"}],"tooltip_content":"\u0645\u0646 \u0645\u062a\u0646 \u062a\u0648\u0644\u062a\u06cc\u067e \u06cc\u0627 \u0631\u0627\u0647\u0646\u0645\u0627 \u0647\u0633\u062a\u0645"},"elements":[],"isInner":false,"widgetType":"heading","elType":"widget"},{"id":"30ed9e3a","settings":{"editor":"We can\u2019t seem to find the page you are looking for.<br>Please head back home.","align":"left","text_color":"#848484","typography_typography":"custom","typography_font_family":"Montserrat","typography_font_size":{"unit":"px","size":"16","sizes":[]},"typography_font_weight":"300","typography_line_height":{"unit":"em","size":"1.8","sizes":[]},"_padding":{"unit":"px","top":"30","right":"0","bottom":"30","left":"0","isLinked":""},"align_tablet":"center","ee_display_conditions":[{"ee_condition_key":"authentication","ee_condition_operator":"is","ee_condition_authentication_value":"authenticated","ee_condition_post_meta_name":"","ee_condition_var_get_name":"","ee_condition_var_post_name":"","ee_condition_shortcode_name":"","ee_condition_user_value":"","ee_condition_role_value":"subscriber","ee_condition_os_value":"iphone","ee_condition_browser_value":"ie","ee_condition_date_value":"2020-07-19 to 2020-07-25","ee_condition_date_time_before_value":"2020-07-25 09:00","ee_condition_time_value":"","ee_condition_day_value":"1","ee_condition_page_value":"","ee_condition_post_value":"","ee_condition_static_page_value":"home","ee_condition_post_type_value":"","ee_condition_post_meta_value":"","ee_condition_taxonomy_archive_value":"","ee_condition_term_archive_value":"","ee_condition_post_type_archive_value":"","ee_condition_date_archive_value":"","ee_condition_author_archive_value":"","ee_condition_search_results_value":"","ee_condition_var_get_value":"","ee_condition_var_post_value":"","ee_condition_shortcode_value":"","_id":"d244f2b"}],"tooltip_content":"\u0645\u0646 \u0645\u062a\u0646 \u062a\u0648\u0644\u062a\u06cc\u067e \u06cc\u0627 \u0631\u0627\u0647\u0646\u0645\u0627 \u0647\u0633\u062a\u0645"},"elements":[],"isInner":false,"widgetType":"text-editor","elType":"widget"},{"id":"31934704","settings":{"text":"Back to Home Page","align":"left","icon_indent":{"unit":"px","size":"10","sizes":[]},"typography_typography":"custom","typography_font_family":"Montserrat","typography_font_size":{"unit":"px","size":"16","sizes":[]},"typography_font_weight":"400","button_text_color":"#011640","background_color":"#FFD6D6","hover_color":"#FFD6D6","button_background_hover_color":"#011640","border_radius":{"unit":"px","top":"0","right":"0","bottom":"0","left":"0","isLinked":"1"},"text_padding":{"unit":"px","top":"15","right":"30","bottom":"15","left":"26","isLinked":""},"typography_text_transform":"capitalize","align_tablet":"center","link":{"url":"","is_external":"","nofollow":"","custom_attributes":""},"__dynamic__":{"link":"[elementor-tag id=\"fe29a4c\" name=\"site-url\" settings=\"%7B%7D\"]"},"ee_display_conditions":[{"ee_condition_key":"authentication","ee_condition_operator":"is","ee_condition_authentication_value":"authenticated","ee_condition_post_meta_name":"","ee_condition_var_get_name":"","ee_condition_var_post_name":"","ee_condition_shortcode_name":"","ee_condition_user_value":"","ee_condition_role_value":"subscriber","ee_condition_os_value":"iphone","ee_condition_browser_value":"ie","ee_condition_date_value":"2020-07-19 to 2020-07-25","ee_condition_date_time_before_value":"2020-07-25 09:00","ee_condition_time_value":"","ee_condition_day_value":"1","ee_condition_page_value":"","ee_condition_post_value":"","ee_condition_static_page_value":"home","ee_condition_post_type_value":"","ee_condition_post_meta_value":"","ee_condition_taxonomy_archive_value":"","ee_condition_term_archive_value":"","ee_condition_post_type_archive_value":"","ee_condition_date_archive_value":"","ee_condition_author_archive_value":"","ee_condition_search_results_value":"","ee_condition_var_get_value":"","ee_condition_var_post_value":"","ee_condition_shortcode_value":"","_id":"627e319"}],"tooltip_content":"\u0645\u0646 \u0645\u062a\u0646 \u062a\u0648\u0644\u062a\u06cc\u067e \u06cc\u0627 \u0631\u0627\u0647\u0646\u0645\u0627 \u0647\u0633\u062a\u0645"},"elements":[],"isInner":false,"widgetType":"button","elType":"widget"}],"isInner":"","elType":"column"}],"isInner":"","elType":"section"},{"id":"315abeb3","settings":{"content_width":{"unit":"px","size":"1400","sizes":[]},"margin":{"unit":"%","top":"","right":"0","bottom":"","left":"0","isLinked":"1"},"padding":{"unit":"%","top":"","right":"","bottom":"","left":"","isLinked":"1"},"_title":"Explore Properties","padding_tablet":{"unit":"%","top":"0","right":"5","bottom":"0","left":"5","isLinked":""},"_timestamp_":"v1UDBjV1ZKV2V5WXFrM3hsRHQ3eEpNdz09","ee_display_conditions":[{"ee_condition_key":"authentication","ee_condition_operator":"is","ee_condition_authentication_value":"authenticated","ee_condition_post_meta_name":"","ee_condition_var_get_name":"","ee_condition_var_post_name":"","ee_condition_shortcode_name":"","ee_condition_user_value":"","ee_condition_role_value":"subscriber","ee_condition_os_value":"iphone","ee_condition_browser_value":"ie","ee_condition_date_value":"2020-07-19 to 2020-07-25","ee_condition_date_time_before_value":"2020-07-25 09:00","ee_condition_time_value":"","ee_condition_day_value":"1","ee_condition_page_value":"","ee_condition_post_value":"","ee_condition_static_page_value":"home","ee_condition_post_type_value":"","ee_condition_post_meta_value":"","ee_condition_taxonomy_archive_value":"","ee_condition_term_archive_value":"","ee_condition_post_type_archive_value":"","ee_condition_date_archive_value":"","ee_condition_author_archive_value":"","ee_condition_search_results_value":"","ee_condition_var_get_value":"","ee_condition_var_post_value":"","ee_condition_shortcode_value":"","_id":"be77f45"}]},"elements":[{"id":"6bcf9341","settings":{"_column_size":"100","border_border":"solid","border_width":{"unit":"px","top":"0","right":"1","bottom":"0","left":"1","isLinked":""},"border_color":"rgba(1, 22, 64, 0.05)","padding":{"unit":"px","top":"0","right":"0","bottom":"0","left":"0","isLinked":"1"}},"elements":[{"id":"7f372064","settings":{"selected_icon":{"value":"","library":""},"primary_color":"rgba(1, 22, 64, 0.05)","rotate":{"unit":"deg","size":"270","sizes":[]},"_element_width":"auto","_position":"absolute","_offset_y":{"size":"51","unit":"px"},"_offset_x":{"size":"-51","unit":"px"},"_offset_x_tablet":{"size":"0","unit":"px"},"_offset_y_tablet":{"size":"2","unit":"px"},"_offset_x_mobile":{"size":"0","unit":"px"},"_offset_y_mobile":{"size":"70","unit":"px"},"ee_display_conditions":[{"ee_condition_key":"authentication","ee_condition_operator":"is","ee_condition_authentication_value":"authenticated","ee_condition_post_meta_name":"","ee_condition_var_get_name":"","ee_condition_var_post_name":"","ee_condition_shortcode_name":"","ee_condition_user_value":"","ee_condition_role_value":"subscriber","ee_condition_os_value":"iphone","ee_condition_browser_value":"ie","ee_condition_date_value":"2020-07-19 to 2020-07-25","ee_condition_date_time_before_value":"2020-07-25 09:00","ee_condition_time_value":"","ee_condition_day_value":"1","ee_condition_page_value":"","ee_condition_post_value":"","ee_condition_static_page_value":"home","ee_condition_post_type_value":"","ee_condition_post_meta_value":"","ee_condition_taxonomy_archive_value":"","ee_condition_term_archive_value":"","ee_condition_post_type_archive_value":"","ee_condition_date_archive_value":"","ee_condition_author_archive_value":"","ee_condition_search_results_value":"","ee_condition_var_get_value":"","ee_condition_var_post_value":"","ee_condition_shortcode_value":"","_id":"229f91e"}],"tooltip_content":"\u0645\u0646 \u0645\u062a\u0646 \u062a\u0648\u0644\u062a\u06cc\u067e \u06cc\u0627 \u0631\u0627\u0647\u0646\u0645\u0627 \u0647\u0633\u062a\u0645"},"elements":[],"isInner":false,"widgetType":"icon","elType":"widget"},{"id":"4eb1585b","settings":{"content_width":{"unit":"px","size":"1400","sizes":[]},"margin":{"unit":"px","top":"0","right":"0","bottom":"80","left":"0","isLinked":""},"padding":{"unit":"%","top":"10","right":"0","bottom":"0","left":"0","isLinked":""},"structure":"20","margin_mobile":{"unit":"%","top":"30","right":"0","bottom":"0","left":"0","isLinked":""},"ee_display_conditions":[{"ee_condition_key":"authentication","ee_condition_operator":"is","ee_condition_authentication_value":"authenticated","ee_condition_post_meta_name":"","ee_condition_var_get_name":"","ee_condition_var_post_name":"","ee_condition_shortcode_name":"","ee_condition_user_value":"","ee_condition_role_value":"subscriber","ee_condition_os_value":"iphone","ee_condition_browser_value":"ie","ee_condition_date_value":"2020-07-19 to 2020-07-25","ee_condition_date_time_before_value":"2020-07-25 09:00","ee_condition_time_value":"","ee_condition_day_value":"1","ee_condition_page_value":"","ee_condition_post_value":"","ee_condition_static_page_value":"home","ee_condition_post_type_value":"","ee_condition_post_meta_value":"","ee_condition_taxonomy_archive_value":"","ee_condition_term_archive_value":"","ee_condition_post_type_archive_value":"","ee_condition_date_archive_value":"","ee_condition_author_archive_value":"","ee_condition_search_results_value":"","ee_condition_var_get_value":"","ee_condition_var_post_value":"","ee_condition_shortcode_value":"","_id":"e6e15d3"}]},"elements":[{"id":"5ed00f24","settings":{"_column_size":"50","space_between_widgets":"10","content_position":"center","padding":{"unit":"px","top":"0","right":"0","bottom":"0","left":"0","isLinked":"1"},"_inline_size_tablet":"100"},"elements":[{"id":"28e6de44","settings":{"title":"We'll Find You A Home\n","title_color":"#848484","typography_typography":"custom","typography_font_family":"Montserrat","typography_font_size":{"unit":"px","size":"15","sizes":[]},"typography_font_weight":"400","typography_text_transform":"capitalize","align":"left","header_size":"h3","align_tablet":"center","ee_display_conditions":[{"ee_condition_key":"authentication","ee_condition_operator":"is","ee_condition_authentication_value":"authenticated","ee_condition_post_meta_name":"","ee_condition_var_get_name":"","ee_condition_var_post_name":"","ee_condition_shortcode_name":"","ee_condition_user_value":"","ee_condition_role_value":"subscriber","ee_condition_os_value":"iphone","ee_condition_browser_value":"ie","ee_condition_date_value":"2020-07-19 to 2020-07-25","ee_condition_date_time_before_value":"2020-07-25 09:00","ee_condition_time_value":"","ee_condition_day_value":"1","ee_condition_page_value":"","ee_condition_post_value":"","ee_condition_static_page_value":"home","ee_condition_post_type_value":"","ee_condition_post_meta_value":"","ee_condition_taxonomy_archive_value":"","ee_condition_term_archive_value":"","ee_condition_post_type_archive_value":"","ee_condition_date_archive_value":"","ee_condition_author_archive_value":"","ee_condition_search_results_value":"","ee_condition_var_get_value":"","ee_condition_var_post_value":"","ee_condition_shortcode_value":"","_id":"71e7ed2"}],"tooltip_content":"\u0645\u0646 \u0645\u062a\u0646 \u062a\u0648\u0644\u062a\u06cc\u067e \u06cc\u0627 \u0631\u0627\u0647\u0646\u0645\u0627 \u0647\u0633\u062a\u0645"},"elements":[],"isInner":false,"widgetType":"heading","elType":"widget"},{"id":"3fc54815","settings":{"title":"Explore Our Properties","title_color":"#011640","typography_typography":"custom","typography_font_family":"Montserrat","typography_font_size":{"unit":"px","size":"30","sizes":[]},"typography_font_weight":"300","typography_text_transform":"capitalize","align":"left","typography_line_height":{"unit":"em","size":"1.2","sizes":[]},"align_tablet":"center","ee_display_conditions":[{"ee_condition_key":"authentication","ee_condition_operator":"is","ee_condition_authentication_value":"authenticated","ee_condition_post_meta_name":"","ee_condition_var_get_name":"","ee_condition_var_post_name":"","ee_condition_shortcode_name":"","ee_condition_user_value":"","ee_condition_role_value":"subscriber","ee_condition_os_value":"iphone","ee_condition_browser_value":"ie","ee_condition_date_value":"2020-07-19 to 2020-07-25","ee_condition_date_time_before_value":"2020-07-25 09:00","ee_condition_time_value":"","ee_condition_day_value":"1","ee_condition_page_value":"","ee_condition_post_value":"","ee_condition_static_page_value":"home","ee_condition_post_type_value":"","ee_condition_post_meta_value":"","ee_condition_taxonomy_archive_value":"","ee_condition_term_archive_value":"","ee_condition_post_type_archive_value":"","ee_condition_date_archive_value":"","ee_condition_author_archive_value":"","ee_condition_search_results_value":"","ee_condition_var_get_value":"","ee_condition_var_post_value":"","ee_condition_shortcode_value":"","_id":"cb9edf3"}],"tooltip_content":"\u0645\u0646 \u0645\u062a\u0646 \u062a\u0648\u0644\u062a\u06cc\u067e \u06cc\u0627 \u0631\u0627\u0647\u0646\u0645\u0627 \u0647\u0633\u062a\u0645"},"elements":[],"isInner":false,"widgetType":"heading","elType":"widget"}],"isInner":"1","elType":"column"},{"id":"56c862cb","settings":{"_column_size":"50","space_between_widgets":"0","content_position":"center","padding":{"unit":"%","top":"0","right":"10","bottom":"0","left":"5","isLinked":""},"_inline_size_tablet":"100","padding_mobile":{"unit":"%","top":"10","right":"5","bottom":"5","left":"5","isLinked":""}},"elements":[{"id":"7415fff2","settings":{"editor":"Lorem ipsum dolor sit amet, consectetur adipiscing elit, sed do eiusmod tempor incid idunt ut labore ellt dolore magna the alora aliqua alora the tolda on  fouter.","align":"left","text_color":"#848484","typography_typography":"custom","typography_font_family":"Montserrat","typography_font_size":{"unit":"px","size":"16","sizes":[]},"typography_font_weight":"200","typography_line_height":{"unit":"em","size":"1.8","sizes":[]},"align_tablet":"center","ee_display_conditions":[{"ee_condition_key":"authentication","ee_condition_operator":"is","ee_condition_authentication_value":"authenticated","ee_condition_post_meta_name":"","ee_condition_var_get_name":"","ee_condition_var_post_name":"","ee_condition_shortcode_name":"","ee_condition_user_value":"","ee_condition_role_value":"subscriber","ee_condition_os_value":"iphone","ee_condition_browser_value":"ie","ee_condition_date_value":"2020-07-19 to 2020-07-25","ee_condition_date_time_before_value":"2020-07-25 09:00","ee_condition_time_value":"","ee_condition_day_value":"1","ee_condition_page_value":"","ee_condition_post_value":"","ee_condition_static_page_value":"home","ee_condition_post_type_value":"","ee_condition_post_meta_value":"","ee_condition_taxonomy_archive_value":"","ee_condition_term_archive_value":"","ee_condition_post_type_archive_value":"","ee_condition_date_archive_value":"","ee_condition_author_archive_value":"","ee_condition_search_results_value":"","ee_condition_var_get_value":"","ee_condition_var_post_value":"","ee_condition_shortcode_value":"","_id":"b495ce1"}],"tooltip_content":"\u0645\u0646 \u0645\u062a\u0646 \u062a\u0648\u0644\u062a\u06cc\u067e \u06cc\u0627 \u0631\u0627\u0647\u0646\u0645\u0627 \u0647\u0633\u062a\u0645"},"elements":[],"isInner":false,"widgetType":"text-editor","elType":"widget"}],"isInner":"1","elType":"column"}],"isInner":"1","elType":"section"},{"id":"754dc9f0","settings":{"classic_meta_separator":"\/\/\/","classic_read_more_text":"Read More","cards_meta_separator":"","cards_read_more_text":"Read More \u00bb","full_content_meta_separator":"\/\/\/","pagination_page_limit":"5","pagination_prev_label":"&laquo; Previous","pagination_next_label":"Next &raquo;","classic_columns":"2","classic_posts_per_page":"2","classic_thumbnail_size_size":"full","classic_item_ratio":{"unit":"px","size":"0.77","sizes":[]},"classic_meta_data":[],"cards_columns":"2","cards_posts_per_page":"4","cards_thumbnail_size_size":"full","cards_item_ratio":{"unit":"px","size":"0.77","sizes":[]},"cards_meta_data":[],"cards_show_read_more":"","cards_show_badge":"","cards_show_avatar":"","classic_column_gap":{"unit":"px","size":"50","sizes":[]},"classic_row_gap":{"unit":"px","size":"50","sizes":[]},"classic_content_padding":{"unit":"px","top":"0","right":"50","bottom":"0","left":"50","isLinked":""},"classic_box_bg_color":"#FFF7F1","classic_image_spacing":{"unit":"px","size":"30","sizes":[]},"classic_title_color":"#011640","classic_title_typography_typography":"custom","classic_title_typography_font_family":"Montserrat","classic_title_typography_font_size":{"unit":"px","size":"20","sizes":[]},"classic_title_typography_font_weight":"400","classic_title_spacing":{"unit":"px","size":"10","sizes":[]},"classic_excerpt_color":"#848484","classic_excerpt_typography_typography":"custom","classic_excerpt_typography_font_family":"Montserrat","classic_excerpt_typography_font_size":{"unit":"px","size":"18","sizes":[]},"classic_excerpt_typography_font_weight":"300","classic_excerpt_spacing":{"unit":"px","size":"25","sizes":[]},"cards_card_bg_color":"#FFF7F1","cards_box_shadow_box_shadow_type":"","posts_include":[],"posts_include_term_ids":["5"],"classic_show_excerpt":"","classic_read_more_color":"#848484","classic_read_more_typography_typography":"custom","classic_read_more_typography_font_family":"Montserrat","classic_read_more_typography_font_size":{"unit":"px","size":"18","sizes":[]},"classic_read_more_typography_font_weight":"300","classic_read_more_spacing":{"unit":"px","size":"30","sizes":[]},"classic_title_typography_text_transform":"capitalize","classic_title_typography_font_size_tablet":{"unit":"px","size":"18","sizes":[]},"classic_title_typography_line_height_tablet":{"unit":"em","size":"1.4","sizes":[]},"_margin_tablet":{"unit":"%","top":"0","right":"0","bottom":"15","left":"0","isLinked":""},"_margin_mobile":{"unit":"%","top":"10","right":"0","bottom":"30","left":"0","isLinked":""},"_margin":{"unit":"px","top":"0","right":"0","bottom":"200","left":"0","isLinked":""},"ee_display_conditions":[{"ee_condition_key":"authentication","ee_condition_operator":"is","ee_condition_authentication_value":"authenticated","ee_condition_post_meta_name":"","ee_condition_var_get_name":"","ee_condition_var_post_name":"","ee_condition_shortcode_name":"","ee_condition_user_value":"","ee_condition_role_value":"subscriber","ee_condition_os_value":"iphone","ee_condition_browser_value":"ie","ee_condition_date_value":"2020-07-19 to 2020-07-25","ee_condition_date_time_before_value":"2020-07-25 09:00","ee_condition_time_value":"","ee_condition_day_value":"1","ee_condition_page_value":"","ee_condition_post_value":"","ee_condition_static_page_value":"home","ee_condition_post_type_value":"","ee_condition_post_meta_value":"","ee_condition_taxonomy_archive_value":"","ee_condition_term_archive_value":"","ee_condition_post_type_archive_value":"","ee_condition_date_archive_value":"","ee_condition_author_archive_value":"","ee_condition_search_results_value":"","ee_condition_var_get_value":"","ee_condition_var_post_value":"","ee_condition_shortcode_value":"","_id":"7362084"}],"tooltip_content":"\u0645\u0646 \u0645\u062a\u0646 \u062a\u0648\u0644\u062a\u06cc\u067e \u06cc\u0627 \u0631\u0627\u0647\u0646\u0645\u0627 \u0647\u0633\u062a\u0645"},"elements":[],"isInner":false,"widgetType":"posts","elType":"widget"}],"isInner":"","elType":"column"}],"isInner":"","elType":"section"}]}