{"version":"0.4","title":"14779","type":"page","content":[{"id":"552af24c","settings":{"height":"min-height","custom_height":{"unit":"px","size":"180","sizes":[]},"background_background":"classic","margin":{"unit":"px","top":"0","right":"0","bottom":"-90","left":"0","isLinked":""},"z_index":"1","_title":"Newsletter","content_width":{"unit":"px","size":"1400","sizes":[]},"padding_tablet":{"unit":"%","top":"0","right":"5","bottom":"0","left":"5","isLinked":""},"_timestamp_":"v1UDBjV1ZKV2V5WXFrM3hsRHQ3eEpNdz09","ee_display_conditions":[{"ee_condition_key":"authentication","ee_condition_operator":"is","ee_condition_authentication_value":"authenticated","ee_condition_post_meta_name":"","ee_condition_var_get_name":"","ee_condition_var_post_name":"","ee_condition_shortcode_name":"","ee_condition_user_value":"","ee_condition_role_value":"subscriber","ee_condition_os_value":"iphone","ee_condition_browser_value":"ie","ee_condition_date_value":"2020-07-19 to 2020-07-25","ee_condition_date_time_before_value":"2020-07-25 09:01","ee_condition_time_value":"","ee_condition_day_value":"1","ee_condition_page_value":"","ee_condition_post_value":"","ee_condition_static_page_value":"home","ee_condition_post_type_value":"","ee_condition_post_meta_value":"","ee_condition_taxonomy_archive_value":"","ee_condition_term_archive_value":"","ee_condition_post_type_archive_value":"","ee_condition_date_archive_value":"","ee_condition_author_archive_value":"","ee_condition_search_results_value":"","ee_condition_var_get_value":"","ee_condition_var_post_value":"","ee_condition_shortcode_value":"","_id":"5a1896f"}]},"elements":[{"id":"47f7a41c","settings":{"_column_size":"100","padding":{"unit":"px","top":"0","right":"0","bottom":"0","left":"0","isLinked":"1"}},"elements":[{"id":"467003b6","settings":{"content_width":{"unit":"px","size":"1150","sizes":[]},"height_inner":"min-height","custom_height_inner":{"unit":"px","size":"180","sizes":[]},"structure":"20","background_background":"classic","background_color":"#FFF7F1","margin":{"unit":"px","top":"0","right":"0","bottom":"0","left":"0","isLinked":"1"},"ee_display_conditions":[{"ee_condition_key":"authentication","ee_condition_operator":"is","ee_condition_authentication_value":"authenticated","ee_condition_post_meta_name":"","ee_condition_var_get_name":"","ee_condition_var_post_name":"","ee_condition_shortcode_name":"","ee_condition_user_value":"","ee_condition_role_value":"subscriber","ee_condition_os_value":"iphone","ee_condition_browser_value":"ie","ee_condition_date_value":"2020-07-19 to 2020-07-25","ee_condition_date_time_before_value":"2020-07-25 09:01","ee_condition_time_value":"","ee_condition_day_value":"1","ee_condition_page_value":"","ee_condition_post_value":"","ee_condition_static_page_value":"home","ee_condition_post_type_value":"","ee_condition_post_meta_value":"","ee_condition_taxonomy_archive_value":"","ee_condition_term_archive_value":"","ee_condition_post_type_archive_value":"","ee_condition_date_archive_value":"","ee_condition_author_archive_value":"","ee_condition_search_results_value":"","ee_condition_var_get_value":"","ee_condition_var_post_value":"","ee_condition_shortcode_value":"","_id":"b39b937"}]},"elements":[{"id":"1eefe530","settings":{"_column_size":"50","content_position":"center","padding":{"unit":"px","top":"0","right":"50","bottom":"0","left":"0","isLinked":""},"_inline_size_tablet":"100","padding_tablet":{"unit":"%","top":"5","right":"15","bottom":"5","left":"15","isLinked":""},"padding_mobile":{"unit":"%","top":"10","right":"10","bottom":"0","left":"10","isLinked":""}},"elements":[{"id":"738640","settings":{"title":"Get Updates And Stay Connected -Subscribe To Our Newsletter","title_color":"#011640","typography_typography":"custom","typography_font_family":"Montserrat","typography_font_size":{"unit":"px","size":"30","sizes":[]},"typography_font_weight":"300","typography_text_transform":"capitalize","typography_line_height":{"unit":"em","size":"1.2","sizes":[]},"align_tablet":"center","typography_font_size_tablet":{"unit":"px","size":"25","sizes":[]},"typography_font_size_mobile":{"unit":"px","size":"22","sizes":[]},"ee_display_conditions":[{"ee_condition_key":"authentication","ee_condition_operator":"is","ee_condition_authentication_value":"authenticated","ee_condition_post_meta_name":"","ee_condition_var_get_name":"","ee_condition_var_post_name":"","ee_condition_shortcode_name":"","ee_condition_user_value":"","ee_condition_role_value":"subscriber","ee_condition_os_value":"iphone","ee_condition_browser_value":"ie","ee_condition_date_value":"2020-07-19 to 2020-07-25","ee_condition_date_time_before_value":"2020-07-25 09:01","ee_condition_time_value":"","ee_condition_day_value":"1","ee_condition_page_value":"","ee_condition_post_value":"","ee_condition_static_page_value":"home","ee_condition_post_type_value":"","ee_condition_post_meta_value":"","ee_condition_taxonomy_archive_value":"","ee_condition_term_archive_value":"","ee_condition_post_type_archive_value":"","ee_condition_date_archive_value":"","ee_condition_author_archive_value":"","ee_condition_search_results_value":"","ee_condition_var_get_value":"","ee_condition_var_post_value":"","ee_condition_shortcode_value":"","_id":"9d0359e"}],"tooltip_content":"\u0645\u0646 \u0645\u062a\u0646 \u062a\u0648\u0644\u062a\u06cc\u067e \u06cc\u0627 \u0631\u0627\u0647\u0646\u0645\u0627 \u0647\u0633\u062a\u0645"},"elements":[],"isInner":false,"widgetType":"heading","elType":"widget"}],"isInner":"1","elType":"column"},{"id":"10d02016","settings":{"_column_size":"50","content_position":"center","padding":{"unit":"%","top":"0","right":"0","bottom":"0","left":"5","isLinked":""},"border_width":{"unit":"px","top":"0","right":"0","bottom":"0","left":"0","isLinked":"1"},"border_color":"rgba(1, 22, 64, 0.28)","_inline_size_tablet":"100","padding_tablet":{"unit":"%","top":"0","right":"5","bottom":"5","left":"5","isLinked":""},"padding_mobile":{"unit":"%","top":"10","right":"10","bottom":"10","left":"10","isLinked":"1"}},"elements":[{"id":"41b23ede","settings":{"form_name":"New Form","form_fields":[{"custom_id":"email","field_type":"email","required":"true","field_label":"","placeholder":"Email","width":"66","_id":"f4461d3","field_options":"","allow_multiple":"","select_size":"","inline_list":"","field_html":"","width_tablet":"","width_mobile":"","rows":"4","recaptcha_size":"normal","recaptcha_style":"light","recaptcha_badge":"bottomright","css_classes":"","field_value":"","selected_icon":{"value":"fas fa-star","library":"fa-solid"},"previous_button":"","next_button":"","file_sizes":"","file_types":"","allow_multiple_upload":"","max_files":"","acceptance_text":"","checked_by_default":"","field_min":"","field_max":"","min_date":"","max_date":"","use_native_date":"","use_native_time":""}],"show_labels":"","button_text":"Subscribe","button_width":"33","email_content":"[all-fields]","email_content_2":"[all-fields]","success_message":"The form was sent successfully.","error_message":"An error occured.","required_field_message":"This field is required.","invalid_message":"There's something wrong. The form is invalid.","column_gap":{"unit":"px","size":"20","sizes":[]},"field_text_color":"rgba(1, 22, 64, 0.47)","field_typography_typography":"custom","field_typography_font_family":"Montserrat","field_typography_font_size":{"unit":"px","size":"16","sizes":[]},"field_background_color":"","field_border_color":"rgba(1, 22, 64, 0.21)","field_border_width":{"unit":"px","top":"1","right":"1","bottom":"1","left":"1","isLinked":"1"},"field_border_radius":{"unit":"px","top":"0","right":"0","bottom":"0","left":"0","isLinked":"1"},"button_background_color":"#011640","button_text_color":"#FFF7F1","button_typography_typography":"custom","button_typography_font_family":"Montserrat","button_typography_font_size":{"unit":"px","size":"16","sizes":[]},"button_typography_font_weight":"300","button_typography_text_transform":"capitalize","button_border_radius":{"unit":"px","top":"0","right":"0","bottom":"0","left":"0","isLinked":"1"},"button_background_hover_color":"#FFD6D6","button_hover_color":"#011640","field_typography_text_transform":"capitalize","message_typography_typography":"custom","message_typography_font_family":"Montserrat","message_typography_font_size":{"unit":"px","size":"16","sizes":[]},"message_typography_font_weight":"300","success_message_color":"#011640","error_message_color":"#011640","inline_message_color":"#011640","step_next_label":"Next","step_previous_label":"Previous","ee_display_conditions":[{"ee_condition_key":"authentication","ee_condition_operator":"is","ee_condition_authentication_value":"authenticated","ee_condition_post_meta_name":"","ee_condition_var_get_name":"","ee_condition_var_post_name":"","ee_condition_shortcode_name":"","ee_condition_user_value":"","ee_condition_role_value":"subscriber","ee_condition_os_value":"iphone","ee_condition_browser_value":"ie","ee_condition_date_value":"2020-07-19 to 2020-07-25","ee_condition_date_time_before_value":"2020-07-25 09:01","ee_condition_time_value":"","ee_condition_day_value":"1","ee_condition_page_value":"","ee_condition_post_value":"","ee_condition_static_page_value":"home","ee_condition_post_type_value":"","ee_condition_post_meta_value":"","ee_condition_taxonomy_archive_value":"","ee_condition_term_archive_value":"","ee_condition_post_type_archive_value":"","ee_condition_date_archive_value":"","ee_condition_author_archive_value":"","ee_condition_search_results_value":"","ee_condition_var_get_value":"","ee_condition_var_post_value":"","ee_condition_shortcode_value":"","_id":"92a6c00"}],"tooltip_content":"\u0645\u0646 \u0645\u062a\u0646 \u062a\u0648\u0644\u062a\u06cc\u067e \u06cc\u0627 \u0631\u0627\u0647\u0646\u0645\u0627 \u0647\u0633\u062a\u0645"},"elements":[],"isInner":false,"widgetType":"form","elType":"widget"}],"isInner":"1","elType":"column"}],"isInner":"1","elType":"section"}],"isInner":"","elType":"column"}],"isInner":"","elType":"section"},{"id":"58acec49","settings":{"content_width":{"unit":"px","size":"1400","sizes":[]},"height":"min-height","custom_height":{"unit":"px","size":"650","sizes":[]},"column_position":"stretch","background_background":"classic","background_color":"#011640","_title":"Footer","custom_height_tablet":{"unit":"px","size":"750","sizes":[]},"padding_tablet":{"unit":"%","top":"0","right":"5","bottom":"0","left":"5","isLinked":""},"padding_mobile":{"unit":"%","top":"25","right":"5","bottom":"0","left":"5","isLinked":""},"_timestamp_":"v1UDBjV1ZKV2V5WXFrM3hsRHQ3eEpNdz09","ee_display_conditions":[{"ee_condition_key":"authentication","ee_condition_operator":"is","ee_condition_authentication_value":"authenticated","ee_condition_post_meta_name":"","ee_condition_var_get_name":"","ee_condition_var_post_name":"","ee_condition_shortcode_name":"","ee_condition_user_value":"","ee_condition_role_value":"subscriber","ee_condition_os_value":"iphone","ee_condition_browser_value":"ie","ee_condition_date_value":"2020-07-19 to 2020-07-25","ee_condition_date_time_before_value":"2020-07-25 09:01","ee_condition_time_value":"","ee_condition_day_value":"1","ee_condition_page_value":"","ee_condition_post_value":"","ee_condition_static_page_value":"home","ee_condition_post_type_value":"","ee_condition_post_meta_value":"","ee_condition_taxonomy_archive_value":"","ee_condition_term_archive_value":"","ee_condition_post_type_archive_value":"","ee_condition_date_archive_value":"","ee_condition_author_archive_value":"","ee_condition_search_results_value":"","ee_condition_var_get_value":"","ee_condition_var_post_value":"","ee_condition_shortcode_value":"","_id":"fa5c4ed"}]},"elements":[{"id":"2a7824fd","settings":{"_column_size":"100","content_position":"center","space_between_widgets":"30","border_border":"solid","border_width":{"unit":"px","top":"0","right":"1","bottom":"0","left":"1","isLinked":""},"border_color":"rgba(255, 247, 241, 0.22)","padding":{"unit":"px","top":"50","right":"0","bottom":"0","left":"0","isLinked":""}},"elements":[{"id":"22f3fbbc","settings":{"image":{"id":301,"url":"https:\/\/library.elementor.com\/wp-content\/uploads\/2020\/07\/Logo-Footer.png"},"image_size":"full","align":"left","link_to":"custom","__dynamic__":{"link":"[elementor-tag id=\"c0eaed3\" name=\"site-url\" settings=\"%7B%7D\"]"},"align_tablet":"left","align_mobile":"center","ee_display_conditions":[{"ee_condition_key":"authentication","ee_condition_operator":"is","ee_condition_authentication_value":"authenticated","ee_condition_post_meta_name":"","ee_condition_var_get_name":"","ee_condition_var_post_name":"","ee_condition_shortcode_name":"","ee_condition_user_value":"","ee_condition_role_value":"subscriber","ee_condition_os_value":"iphone","ee_condition_browser_value":"ie","ee_condition_date_value":"2020-07-19 to 2020-07-25","ee_condition_date_time_before_value":"2020-07-25 09:01","ee_condition_time_value":"","ee_condition_day_value":"1","ee_condition_page_value":"","ee_condition_post_value":"","ee_condition_static_page_value":"home","ee_condition_post_type_value":"","ee_condition_post_meta_value":"","ee_condition_taxonomy_archive_value":"","ee_condition_term_archive_value":"","ee_condition_post_type_archive_value":"","ee_condition_date_archive_value":"","ee_condition_author_archive_value":"","ee_condition_search_results_value":"","ee_condition_var_get_value":"","ee_condition_var_post_value":"","ee_condition_shortcode_value":"","_id":"ec569d2"}],"tooltip_content":"\u0645\u0646 \u0645\u062a\u0646 \u062a\u0648\u0644\u062a\u06cc\u067e \u06cc\u0627 \u0631\u0627\u0647\u0646\u0645\u0627 \u0647\u0633\u062a\u0645"},"elements":[],"isInner":false,"widgetType":"image","elType":"widget"},{"id":"4ab482c","settings":{"content_width":{"unit":"px","size":"1400","sizes":[]},"structure":"30","padding_mobile":{"unit":"%","top":"0","right":"0","bottom":"30","left":"0","isLinked":""},"margin_tablet":{"unit":"px","top":"10","right":"0","bottom":"0","left":"0","isLinked":""},"margin_mobile":{"unit":"px","top":"0","right":"0","bottom":"0","left":"0","isLinked":""},"ee_display_conditions":[{"ee_condition_key":"authentication","ee_condition_operator":"is","ee_condition_authentication_value":"authenticated","ee_condition_post_meta_name":"","ee_condition_var_get_name":"","ee_condition_var_post_name":"","ee_condition_shortcode_name":"","ee_condition_user_value":"","ee_condition_role_value":"subscriber","ee_condition_os_value":"iphone","ee_condition_browser_value":"ie","ee_condition_date_value":"2020-07-19 to 2020-07-25","ee_condition_date_time_before_value":"2020-07-25 09:01","ee_condition_time_value":"","ee_condition_day_value":"1","ee_condition_page_value":"","ee_condition_post_value":"","ee_condition_static_page_value":"home","ee_condition_post_type_value":"","ee_condition_post_meta_value":"","ee_condition_taxonomy_archive_value":"","ee_condition_term_archive_value":"","ee_condition_post_type_archive_value":"","ee_condition_date_archive_value":"","ee_condition_author_archive_value":"","ee_condition_search_results_value":"","ee_condition_var_get_value":"","ee_condition_var_post_value":"","ee_condition_shortcode_value":"","_id":"f60461f"}]},"elements":[{"id":"40a24b0b","settings":{"_column_size":"33","padding":{"unit":"px","top":"0","right":"50","bottom":"0","left":"0","isLinked":""},"_inline_size_tablet":"50","padding_tablet":{"unit":"%","top":"","right":"","bottom":"","left":"","isLinked":"1"},"padding_mobile":{"unit":"%","top":"10","right":"10","bottom":"10","left":"10","isLinked":"1"}},"elements":[{"id":"453de5e5","settings":{"title":"Luxury Real Estate","title_color":"rgba(255, 255, 255, 0.5)","typography_typography":"custom","typography_font_family":"Montserrat","typography_font_size":{"unit":"px","size":"16","sizes":[]},"typography_font_weight":"300","typography_text_transform":"uppercase","header_size":"h4","align_mobile":"center","ee_display_conditions":[{"ee_condition_key":"authentication","ee_condition_operator":"is","ee_condition_authentication_value":"authenticated","ee_condition_post_meta_name":"","ee_condition_var_get_name":"","ee_condition_var_post_name":"","ee_condition_shortcode_name":"","ee_condition_user_value":"","ee_condition_role_value":"subscriber","ee_condition_os_value":"iphone","ee_condition_browser_value":"ie","ee_condition_date_value":"2020-07-19 to 2020-07-25","ee_condition_date_time_before_value":"2020-07-25 09:01","ee_condition_time_value":"","ee_condition_day_value":"1","ee_condition_page_value":"","ee_condition_post_value":"","ee_condition_static_page_value":"home","ee_condition_post_type_value":"","ee_condition_post_meta_value":"","ee_condition_taxonomy_archive_value":"","ee_condition_term_archive_value":"","ee_condition_post_type_archive_value":"","ee_condition_date_archive_value":"","ee_condition_author_archive_value":"","ee_condition_search_results_value":"","ee_condition_var_get_value":"","ee_condition_var_post_value":"","ee_condition_shortcode_value":"","_id":"d22dee3"}],"tooltip_content":"\u0645\u0646 \u0645\u062a\u0646 \u062a\u0648\u0644\u062a\u06cc\u067e \u06cc\u0627 \u0631\u0627\u0647\u0646\u0645\u0627 \u0647\u0633\u062a\u0645"},"elements":[],"isInner":false,"widgetType":"heading","elType":"widget"},{"id":"77228d58","settings":{"editor":"Lorem ipsum dolor sit amet, cons aring elit sed dllao the eimod tempor inciunt ullaco laboris aliquip alora tolfy alora tolda foucos dondy athlle shalom.","align":"left","text_color":"#FFFFFF","typography_typography":"custom","typography_font_family":"Montserrat","typography_font_size":{"unit":"px","size":"16","sizes":[]},"typography_font_weight":"300","typography_line_height":{"unit":"em","size":"1.8","sizes":[]},"align_mobile":"center","ee_display_conditions":[{"ee_condition_key":"authentication","ee_condition_operator":"is","ee_condition_authentication_value":"authenticated","ee_condition_post_meta_name":"","ee_condition_var_get_name":"","ee_condition_var_post_name":"","ee_condition_shortcode_name":"","ee_condition_user_value":"","ee_condition_role_value":"subscriber","ee_condition_os_value":"iphone","ee_condition_browser_value":"ie","ee_condition_date_value":"2020-07-19 to 2020-07-25","ee_condition_date_time_before_value":"2020-07-25 09:01","ee_condition_time_value":"","ee_condition_day_value":"1","ee_condition_page_value":"","ee_condition_post_value":"","ee_condition_static_page_value":"home","ee_condition_post_type_value":"","ee_condition_post_meta_value":"","ee_condition_taxonomy_archive_value":"","ee_condition_term_archive_value":"","ee_condition_post_type_archive_value":"","ee_condition_date_archive_value":"","ee_condition_author_archive_value":"","ee_condition_search_results_value":"","ee_condition_var_get_value":"","ee_condition_var_post_value":"","ee_condition_shortcode_value":"","_id":"1483f45"}],"tooltip_content":"\u0645\u0646 \u0645\u062a\u0646 \u062a\u0648\u0644\u062a\u06cc\u067e \u06cc\u0627 \u0631\u0627\u0647\u0646\u0645\u0627 \u0647\u0633\u062a\u0645"},"elements":[],"isInner":false,"widgetType":"text-editor","elType":"widget"},{"id":"38ae4e6","settings":{"text":"Read More","icon_align":"right","icon_indent":{"unit":"px","size":"10","sizes":[]},"typography_typography":"custom","typography_font_family":"Montserrat","typography_font_size":{"unit":"px","size":"16","sizes":[]},"typography_font_weight":"400","typography_text_decoration":"underline","button_text_color":"#FFFFFF","background_color":"rgba(255, 255, 255, 0)","text_padding":{"unit":"px","top":"0","right":"0","bottom":"0","left":"0","isLinked":"1"},"align":"left","hover_color":"#FFFFFF","hover_animation":"sink","_margin":{"unit":"px","top":"30","right":"0","bottom":"0","left":"0","isLinked":""},"typography_text_transform":"capitalize","_margin_tablet":{"unit":"px","top":"0","right":"0","bottom":"0","left":"0","isLinked":"1"},"align_mobile":"center","ee_display_conditions":[{"ee_condition_key":"authentication","ee_condition_operator":"is","ee_condition_authentication_value":"authenticated","ee_condition_post_meta_name":"","ee_condition_var_get_name":"","ee_condition_var_post_name":"","ee_condition_shortcode_name":"","ee_condition_user_value":"","ee_condition_role_value":"subscriber","ee_condition_os_value":"iphone","ee_condition_browser_value":"ie","ee_condition_date_value":"2020-07-19 to 2020-07-25","ee_condition_date_time_before_value":"2020-07-25 09:01","ee_condition_time_value":"","ee_condition_day_value":"1","ee_condition_page_value":"","ee_condition_post_value":"","ee_condition_static_page_value":"home","ee_condition_post_type_value":"","ee_condition_post_meta_value":"","ee_condition_taxonomy_archive_value":"","ee_condition_term_archive_value":"","ee_condition_post_type_archive_value":"","ee_condition_date_archive_value":"","ee_condition_author_archive_value":"","ee_condition_search_results_value":"","ee_condition_var_get_value":"","ee_condition_var_post_value":"","ee_condition_shortcode_value":"","_id":"12c2e9a"}],"tooltip_content":"\u0645\u0646 \u0645\u062a\u0646 \u062a\u0648\u0644\u062a\u06cc\u067e \u06cc\u0627 \u0631\u0627\u0647\u0646\u0645\u0627 \u0647\u0633\u062a\u0645"},"elements":[],"isInner":false,"widgetType":"button","elType":"widget"}],"isInner":"1","elType":"column"},{"id":"5769cf3a","settings":{"_column_size":"33","content_position":"top","padding":{"unit":"px","top":"0","right":"50","bottom":"0","left":"65","isLinked":""},"_inline_size_tablet":"50","padding_mobile":{"unit":"%","top":"10","right":"10","bottom":"10","left":"10","isLinked":"1"}},"elements":[{"id":"412e5b49","settings":{"title":"Contact Information","title_color":"rgba(255, 255, 255, 0.5)","typography_typography":"custom","typography_font_family":"Montserrat","typography_font_size":{"unit":"px","size":"16","sizes":[]},"typography_font_weight":"300","typography_text_transform":"uppercase","header_size":"h4","align_mobile":"center","ee_display_conditions":[{"ee_condition_key":"authentication","ee_condition_operator":"is","ee_condition_authentication_value":"authenticated","ee_condition_post_meta_name":"","ee_condition_var_get_name":"","ee_condition_var_post_name":"","ee_condition_shortcode_name":"","ee_condition_user_value":"","ee_condition_role_value":"subscriber","ee_condition_os_value":"iphone","ee_condition_browser_value":"ie","ee_condition_date_value":"2020-07-19 to 2020-07-25","ee_condition_date_time_before_value":"2020-07-25 09:01","ee_condition_time_value":"","ee_condition_day_value":"1","ee_condition_page_value":"","ee_condition_post_value":"","ee_condition_static_page_value":"home","ee_condition_post_type_value":"","ee_condition_post_meta_value":"","ee_condition_taxonomy_archive_value":"","ee_condition_term_archive_value":"","ee_condition_post_type_archive_value":"","ee_condition_date_archive_value":"","ee_condition_author_archive_value":"","ee_condition_search_results_value":"","ee_condition_var_get_value":"","ee_condition_var_post_value":"","ee_condition_shortcode_value":"","_id":"bd37fd7"}],"tooltip_content":"\u0645\u0646 \u0645\u062a\u0646 \u062a\u0648\u0644\u062a\u06cc\u067e \u06cc\u0627 \u0631\u0627\u0647\u0646\u0645\u0627 \u0647\u0633\u062a\u0645"},"elements":[],"isInner":false,"widgetType":"heading","elType":"widget"},{"id":"24de9222","settings":{"icon_list":[{"text":"Phone: +1(456)657-887","selected_icon":{"value":"","library":""},"_id":"7122d7e","link":{"url":"","is_external":"","nofollow":"","custom_attributes":""}},{"text":"mail: info@realet.com","selected_icon":{"value":"","library":""},"link":{"url":"","is_external":"","nofollow":"","custom_attributes":""},"_id":"010f79c"},{"text":"Address: 3557 Derek Drive, Orlando, Florida","selected_icon":{"value":"","library":""},"link":{"url":"","is_external":"","nofollow":"","custom_attributes":""},"_id":"7267aad"}],"space_between":{"unit":"px","size":"20","sizes":[]},"icon_align_mobile":"center","icon_color":"#FFFFFF","icon_color_hover":"#FFFFFF","text_color":"#FFFFFF","text_indent":{"unit":"px","size":"0","sizes":[]},"icon_typography_typography":"custom","icon_typography_font_family":"Montserrat","icon_typography_font_size":{"unit":"px","size":"16","sizes":[]},"icon_typography_font_weight":"300","ee_display_conditions":[{"ee_condition_key":"authentication","ee_condition_operator":"is","ee_condition_authentication_value":"authenticated","ee_condition_post_meta_name":"","ee_condition_var_get_name":"","ee_condition_var_post_name":"","ee_condition_shortcode_name":"","ee_condition_user_value":"","ee_condition_role_value":"subscriber","ee_condition_os_value":"iphone","ee_condition_browser_value":"ie","ee_condition_date_value":"2020-07-19 to 2020-07-25","ee_condition_date_time_before_value":"2020-07-25 09:01","ee_condition_time_value":"","ee_condition_day_value":"1","ee_condition_page_value":"","ee_condition_post_value":"","ee_condition_static_page_value":"home","ee_condition_post_type_value":"","ee_condition_post_meta_value":"","ee_condition_taxonomy_archive_value":"","ee_condition_term_archive_value":"","ee_condition_post_type_archive_value":"","ee_condition_date_archive_value":"","ee_condition_author_archive_value":"","ee_condition_search_results_value":"","ee_condition_var_get_value":"","ee_condition_var_post_value":"","ee_condition_shortcode_value":"","_id":"18420d6"}],"tooltip_content":"\u0645\u0646 \u0645\u062a\u0646 \u062a\u0648\u0644\u062a\u06cc\u067e \u06cc\u0627 \u0631\u0627\u0647\u0646\u0645\u0627 \u0647\u0633\u062a\u0645"},"elements":[],"isInner":false,"widgetType":"icon-list","elType":"widget"}],"isInner":"1","elType":"column"},{"id":"3ec741f7","settings":{"_column_size":"33","content_position":"center","padding":{"unit":"px","top":"0","right":"0","bottom":"0","left":"50","isLinked":""},"_inline_size_tablet":"100","padding_tablet":{"unit":"%","top":"10","right":"0","bottom":"5","left":"0","isLinked":""},"padding_mobile":{"unit":"%","top":"10","right":"10","bottom":"10","left":"10","isLinked":"1"}},"elements":[{"id":"3c51929f","settings":{"title":"EXPLORE OUR PROPERTIES","title_color":"rgba(255, 255, 255, 0.5)","typography_typography":"custom","typography_font_family":"Montserrat","typography_font_size":{"unit":"px","size":"16","sizes":[]},"typography_font_weight":"300","typography_text_transform":"uppercase","header_size":"h4","align_mobile":"center","ee_display_conditions":[{"ee_condition_key":"authentication","ee_condition_operator":"is","ee_condition_authentication_value":"authenticated","ee_condition_post_meta_name":"","ee_condition_var_get_name":"","ee_condition_var_post_name":"","ee_condition_shortcode_name":"","ee_condition_user_value":"","ee_condition_role_value":"subscriber","ee_condition_os_value":"iphone","ee_condition_browser_value":"ie","ee_condition_date_value":"2020-07-19 to 2020-07-25","ee_condition_date_time_before_value":"2020-07-25 09:01","ee_condition_time_value":"","ee_condition_day_value":"1","ee_condition_page_value":"","ee_condition_post_value":"","ee_condition_static_page_value":"home","ee_condition_post_type_value":"","ee_condition_post_meta_value":"","ee_condition_taxonomy_archive_value":"","ee_condition_term_archive_value":"","ee_condition_post_type_archive_value":"","ee_condition_date_archive_value":"","ee_condition_author_archive_value":"","ee_condition_search_results_value":"","ee_condition_var_get_value":"","ee_condition_var_post_value":"","ee_condition_shortcode_value":"","_id":"6cd5679"}],"tooltip_content":"\u0645\u0646 \u0645\u062a\u0646 \u062a\u0648\u0644\u062a\u06cc\u067e \u06cc\u0627 \u0631\u0627\u0647\u0646\u0645\u0627 \u0647\u0633\u062a\u0645"},"elements":[],"isInner":false,"widgetType":"heading","elType":"widget"},{"id":"3ff4dc6","settings":{"classic_columns":"1","classic_posts_per_page":"2","classic_thumbnail":"left","classic_thumbnail_size_size":"full","classic_item_ratio":{"unit":"px","size":"0.78","sizes":[]},"classic_image_width":{"unit":"%","size":"22","sizes":[]},"classic_meta_data":[],"classic_meta_separator":"\/\/\/","classic_read_more_text":"Property Info","cards_meta_separator":"\u2022","cards_read_more_text":"Read More \u00bb","full_content_meta_separator":"\/\/\/","posts_include":[],"posts_include_term_ids":["5"],"classic_alignment":"left","classic_content_padding":{"unit":"px","top":"20","right":"0","bottom":"0","left":"0","isLinked":""},"classic_title_color":"#FFFFFF","classic_title_typography_typography":"custom","classic_title_typography_font_family":"Montserrat","classic_title_typography_font_size":{"unit":"px","size":"18","sizes":[]},"classic_title_typography_font_weight":"300","classic_title_spacing":{"unit":"px","size":"0","sizes":[]},"classic_excerpt_color":"#FFFFFF","classic_excerpt_typography_typography":"custom","classic_excerpt_typography_font_family":"Montserrat","classic_excerpt_typography_font_size":{"unit":"px","size":"15","sizes":[]},"classic_excerpt_typography_font_weight":"200","pagination_page_limit":"5","pagination_prev_label":"&laquo; Previous","pagination_next_label":"Next &raquo;","classic_show_excerpt":"","classic_read_more_color":"#FFFFFF","classic_read_more_typography_typography":"custom","classic_read_more_typography_font_family":"Montserrat","classic_read_more_typography_font_size":{"unit":"px","size":"14","sizes":[]},"classic_read_more_typography_font_weight":"200","classic_title_typography_text_transform":"capitalize","classic_read_more_typography_text_transform":"capitalize","classic_item_ratio_tablet":{"unit":"px","size":"0.86","sizes":[]},"classic_image_width_tablet":{"unit":"%","size":"30","sizes":[]},"classic_title_typography_font_size_tablet":{"unit":"px","size":"15","sizes":[]},"classic_item_ratio_mobile":{"unit":"px","size":"0.85","sizes":[]},"classic_image_width_mobile":{"unit":"%","size":"35","sizes":[]},"posts_exclude":["current_post"],"posts_avoid_duplicates":"yes","ee_display_conditions":[{"ee_condition_key":"authentication","ee_condition_operator":"is","ee_condition_authentication_value":"authenticated","ee_condition_post_meta_name":"","ee_condition_var_get_name":"","ee_condition_var_post_name":"","ee_condition_shortcode_name":"","ee_condition_user_value":"","ee_condition_role_value":"subscriber","ee_condition_os_value":"iphone","ee_condition_browser_value":"ie","ee_condition_date_value":"2020-07-19 to 2020-07-25","ee_condition_date_time_before_value":"2020-07-25 09:01","ee_condition_time_value":"","ee_condition_day_value":"1","ee_condition_page_value":"","ee_condition_post_value":"","ee_condition_static_page_value":"home","ee_condition_post_type_value":"","ee_condition_post_meta_value":"","ee_condition_taxonomy_archive_value":"","ee_condition_term_archive_value":"","ee_condition_post_type_archive_value":"","ee_condition_date_archive_value":"","ee_condition_author_archive_value":"","ee_condition_search_results_value":"","ee_condition_var_get_value":"","ee_condition_var_post_value":"","ee_condition_shortcode_value":"","_id":"64e3dc2"}],"tooltip_content":"\u0645\u0646 \u0645\u062a\u0646 \u062a\u0648\u0644\u062a\u06cc\u067e \u06cc\u0627 \u0631\u0627\u0647\u0646\u0645\u0627 \u0647\u0633\u062a\u0645"},"elements":[],"isInner":false,"widgetType":"posts","elType":"widget"}],"isInner":"1","elType":"column"}],"isInner":"1","elType":"section"}],"isInner":"","elType":"column"}],"isInner":"","elType":"section"},{"id":"4422fa3b","settings":{"layout":"full_width","height":"min-height","custom_height":{"unit":"px","size":"84","sizes":[]},"margin":{"unit":"px","top":"-84","right":"0","bottom":"0","left":"0","isLinked":""},"_title":"Arrow Up","_timestamp_":"v1UDBjV1ZKV2V5WXFrM3hsRHQ3eEpNdz09","ee_display_conditions":[{"ee_condition_key":"authentication","ee_condition_operator":"is","ee_condition_authentication_value":"authenticated","ee_condition_post_meta_name":"","ee_condition_var_get_name":"","ee_condition_var_post_name":"","ee_condition_shortcode_name":"","ee_condition_user_value":"","ee_condition_role_value":"subscriber","ee_condition_os_value":"iphone","ee_condition_browser_value":"ie","ee_condition_date_value":"2020-07-19 to 2020-07-25","ee_condition_date_time_before_value":"2020-07-25 09:01","ee_condition_time_value":"","ee_condition_day_value":"1","ee_condition_page_value":"","ee_condition_post_value":"","ee_condition_static_page_value":"home","ee_condition_post_type_value":"","ee_condition_post_meta_value":"","ee_condition_taxonomy_archive_value":"","ee_condition_term_archive_value":"","ee_condition_post_type_archive_value":"","ee_condition_date_archive_value":"","ee_condition_author_archive_value":"","ee_condition_search_results_value":"","ee_condition_var_get_value":"","ee_condition_var_post_value":"","ee_condition_shortcode_value":"","_id":"467b0cb"}]},"elements":[{"id":"7fe7352f","settings":{"_column_size":"100","padding":{"unit":"px","top":"0","right":"0","bottom":"0","left":"0","isLinked":"1"}},"elements":[{"id":"69056808","settings":{"text":"","align":"right","selected_icon":{"value":{"id":302,"url":"https:\/\/library.elementor.com\/wp-content\/uploads\/2020\/07\/arrow.svg"},"library":"svg"},"button_text_color":"#011640","background_color":"#FFD6D6","border_radius":{"unit":"px","top":"0","right":"0","bottom":"0","left":"0","isLinked":"1"},"text_padding":{"unit":"px","top":"25","right":"25","bottom":"25","left":"30","isLinked":""},"_offset_orientation_h":"end","_offset_x":{"size":"1430","unit":"px"},"_offset_x_end":{"size":"47","unit":"px"},"_offset_orientation_v":"end","_offset_y":{"size":"590","unit":"px"},"_offset_y_end":{"size":"57.125","unit":"px"},"hover_color":"#011640","button_background_hover_color":"#FFFFFF","_padding_tablet":{"unit":"%","top":"0","right":"5","bottom":"0","left":"0","isLinked":""},"_padding_mobile":{"unit":"%","top":"0","right":"5","bottom":"0","left":"0","isLinked":""},"ee_display_conditions":[{"ee_condition_key":"authentication","ee_condition_operator":"is","ee_condition_authentication_value":"authenticated","ee_condition_post_meta_name":"","ee_condition_var_get_name":"","ee_condition_var_post_name":"","ee_condition_shortcode_name":"","ee_condition_user_value":"","ee_condition_role_value":"subscriber","ee_condition_os_value":"iphone","ee_condition_browser_value":"ie","ee_condition_date_value":"2020-07-19 to 2020-07-25","ee_condition_date_time_before_value":"2020-07-25 09:01","ee_condition_time_value":"","ee_condition_day_value":"1","ee_condition_page_value":"","ee_condition_post_value":"","ee_condition_static_page_value":"home","ee_condition_post_type_value":"","ee_condition_post_meta_value":"","ee_condition_taxonomy_archive_value":"","ee_condition_term_archive_value":"","ee_condition_post_type_archive_value":"","ee_condition_date_archive_value":"","ee_condition_author_archive_value":"","ee_condition_search_results_value":"","ee_condition_var_get_value":"","ee_condition_var_post_value":"","ee_condition_shortcode_value":"","_id":"9327e7c"}],"tooltip_content":"\u0645\u0646 \u0645\u062a\u0646 \u062a\u0648\u0644\u062a\u06cc\u067e \u06cc\u0627 \u0631\u0627\u0647\u0646\u0645\u0627 \u0647\u0633\u062a\u0645"},"elements":[],"isInner":false,"widgetType":"button","elType":"widget"}],"isInner":"","elType":"column"}],"isInner":"","elType":"section"}]}