{"version":"0.4","title":"14790","type":"page","content":[{"id":"65f93bfd","settings":{"content_width":{"unit":"px","size":"1400","sizes":[]},"height":"min-height","custom_height":{"unit":"px","size":"110","sizes":[]},"structure":"33","margin":{"unit":"px","top":"0","right":"0","bottom":"-110","left":"0","isLinked":""},"z_index":"10","_title":"Header","padding_tablet":{"unit":"%","top":"0","right":"5","bottom":"0","left":"5","isLinked":""},"custom_height_mobile":{"unit":"px","size":"86","sizes":[]},"padding_mobile":{"unit":"%","top":"0","right":"5","bottom":"0","left":"5","isLinked":""},"margin_mobile":{"unit":"px","top":"0","right":"0","bottom":"-86","left":"0","isLinked":""},"_timestamp_":"v1UDBjV1ZKV2V5WXFrM3hsRHQ3eEpNdz09","ee_display_conditions":[{"ee_condition_key":"authentication","ee_condition_operator":"is","ee_condition_authentication_value":"authenticated","ee_condition_post_meta_name":"","ee_condition_var_get_name":"","ee_condition_var_post_name":"","ee_condition_shortcode_name":"","ee_condition_user_value":"","ee_condition_role_value":"subscriber","ee_condition_os_value":"iphone","ee_condition_browser_value":"ie","ee_condition_date_value":"2020-07-19 to 2020-07-25","ee_condition_date_time_before_value":"2020-07-25 09:02","ee_condition_time_value":"","ee_condition_day_value":"1","ee_condition_page_value":"","ee_condition_post_value":"","ee_condition_static_page_value":"home","ee_condition_post_type_value":"","ee_condition_post_meta_value":"","ee_condition_taxonomy_archive_value":"","ee_condition_term_archive_value":"","ee_condition_post_type_archive_value":"","ee_condition_date_archive_value":"","ee_condition_author_archive_value":"","ee_condition_search_results_value":"","ee_condition_var_get_value":"","ee_condition_var_post_value":"","ee_condition_shortcode_value":"","_id":"1e9981c"}]},"elements":[{"id":"5dbed8dc","settings":{"_column_size":"25","_inline_size":"20","content_position":"center","padding":{"unit":"px","top":"0","right":"0","bottom":"0","left":"0","isLinked":"1"},"_inline_size_tablet":"15","_inline_size_mobile":"30"},"elements":[{"id":"3f9a4fc1","settings":{"image":{"id":305,"url":"https:\/\/library.elementor.com\/wp-content\/uploads\/2020\/07\/Logo-1.png"},"image_size":"full","align":"left","link_to":"custom","__dynamic__":{"link":"[elementor-tag id=\"7845981\" name=\"site-url\" settings=\"%7B%7D\"]"},"ee_display_conditions":[{"ee_condition_key":"authentication","ee_condition_operator":"is","ee_condition_authentication_value":"authenticated","ee_condition_post_meta_name":"","ee_condition_var_get_name":"","ee_condition_var_post_name":"","ee_condition_shortcode_name":"","ee_condition_user_value":"","ee_condition_role_value":"subscriber","ee_condition_os_value":"iphone","ee_condition_browser_value":"ie","ee_condition_date_value":"2020-07-19 to 2020-07-25","ee_condition_date_time_before_value":"2020-07-25 09:02","ee_condition_time_value":"","ee_condition_day_value":"1","ee_condition_page_value":"","ee_condition_post_value":"","ee_condition_static_page_value":"home","ee_condition_post_type_value":"","ee_condition_post_meta_value":"","ee_condition_taxonomy_archive_value":"","ee_condition_term_archive_value":"","ee_condition_post_type_archive_value":"","ee_condition_date_archive_value":"","ee_condition_author_archive_value":"","ee_condition_search_results_value":"","ee_condition_var_get_value":"","ee_condition_var_post_value":"","ee_condition_shortcode_value":"","_id":"72e9dca"}],"tooltip_content":"\u0645\u0646 \u0645\u062a\u0646 \u062a\u0648\u0644\u062a\u06cc\u067e \u06cc\u0627 \u0631\u0627\u0647\u0646\u0645\u0627 \u0647\u0633\u062a\u0645"},"elements":[],"isInner":false,"widgetType":"image","elType":"widget"}],"isInner":"","elType":"column"},{"id":"27bbca84","settings":{"_column_size":"50","_inline_size":"60","content_position":"center","_inline_size_tablet":"50","_inline_size_mobile":"15","content_position_mobile":"center"},"elements":[{"id":"6b2c9957","settings":{"align_items":"right","pointer":"none","menu_typography_typography":"custom","menu_typography_font_family":"Montserrat","menu_typography_font_size":{"unit":"px","size":"16","sizes":[]},"menu_typography_font_weight":"300","color_menu_item":"#A1A1A1","color_menu_item_hover":"#011640","color_menu_item_active":"#011640","menu_typography_text_transform":"capitalize","full_width":"stretch","text_align":"center","toggle_align":"right","color_dropdown_item":"#848484","background_color_dropdown_item":"#FFF7F1","color_dropdown_item_hover":"#011640","background_color_dropdown_item_hover":"#FFF7F1","color_dropdown_item_active":"#011640","background_color_dropdown_item_active":"#FFF7F1","dropdown_box_shadow_box_shadow_type":"yes","dropdown_box_shadow_box_shadow":{"horizontal":"0","vertical":"20","blur":"30","spread":"0","color":"rgba(0, 0, 0, 0.1)"},"padding_vertical_dropdown_item_tablet":{"unit":"px","size":"25","sizes":[]},"dropdown_divider_border":"solid","dropdown_divider_color":"rgba(132, 132, 132, 0.15)","dropdown_divider_width":{"unit":"px","size":"1","sizes":[]},"dropdown_top_distance_tablet":{"unit":"px","size":"20","sizes":[]},"toggle_color":"#011640","toggle_background_color":"#FFF7F1","toggle_size":{"unit":"px","size":"20","sizes":[]},"toggle_border_width":{"unit":"px","size":"0","sizes":[]},"toggle_border_radius":{"unit":"px","size":"0","sizes":[]},"_padding_tablet":{"unit":"%","top":"","right":"","bottom":"","left":"","isLinked":"1"},"dropdown_top_distance_mobile":{"unit":"px","size":"12","sizes":[]},"ee_display_conditions":[{"ee_condition_key":"authentication","ee_condition_operator":"is","ee_condition_authentication_value":"authenticated","ee_condition_post_meta_name":"","ee_condition_var_get_name":"","ee_condition_var_post_name":"","ee_condition_shortcode_name":"","ee_condition_user_value":"","ee_condition_role_value":"subscriber","ee_condition_os_value":"iphone","ee_condition_browser_value":"ie","ee_condition_date_value":"2020-07-19 to 2020-07-25","ee_condition_date_time_before_value":"2020-07-25 09:02","ee_condition_time_value":"","ee_condition_day_value":"1","ee_condition_page_value":"","ee_condition_post_value":"","ee_condition_static_page_value":"home","ee_condition_post_type_value":"","ee_condition_post_meta_value":"","ee_condition_taxonomy_archive_value":"","ee_condition_term_archive_value":"","ee_condition_post_type_archive_value":"","ee_condition_date_archive_value":"","ee_condition_author_archive_value":"","ee_condition_search_results_value":"","ee_condition_var_get_value":"","ee_condition_var_post_value":"","ee_condition_shortcode_value":"","_id":"8b65e2d"}],"tooltip_content":"\u0645\u0646 \u0645\u062a\u0646 \u062a\u0648\u0644\u062a\u06cc\u067e \u06cc\u0627 \u0631\u0627\u0647\u0646\u0645\u0627 \u0647\u0633\u062a\u0645"},"elements":[],"isInner":false,"widgetType":"nav-menu","elType":"widget"}],"isInner":"","elType":"column"},{"id":"60070850","settings":{"_column_size":"25","_inline_size":"19.982","content_position":"center","padding":{"unit":"px","top":"0","right":"0","bottom":"0","left":"0","isLinked":"1"},"_inline_size_tablet":"35","_inline_size_mobile":"55","content_position_mobile":"center"},"elements":[{"id":"37c2cf6e","settings":{"text":"+1-456-657-887","align":"right","selected_icon":{"value":"fas fa-phone-alt","library":"fa-solid"},"icon_indent":{"unit":"px","size":"10","sizes":[]},"typography_typography":"custom","typography_font_family":"Montserrat","typography_font_size":{"unit":"px","size":"16","sizes":[]},"typography_font_weight":"400","button_text_color":"#FFFFFF","background_color":"#011640","hover_color":"#011640","button_background_hover_color":"#FFD6D6","border_radius":{"unit":"px","top":"0","right":"0","bottom":"0","left":"0","isLinked":"1"},"text_padding":{"unit":"px","top":"15","right":"040","bottom":"15","left":"40","isLinked":""},"align_mobile":"right","typography_font_size_mobile":{"unit":"px","size":"15","sizes":[]},"text_padding_mobile":{"unit":"px","top":"15","right":"15","bottom":"16","left":"15","isLinked":""},"ee_display_conditions":[{"ee_condition_key":"authentication","ee_condition_operator":"is","ee_condition_authentication_value":"authenticated","ee_condition_post_meta_name":"","ee_condition_var_get_name":"","ee_condition_var_post_name":"","ee_condition_shortcode_name":"","ee_condition_user_value":"","ee_condition_role_value":"subscriber","ee_condition_os_value":"iphone","ee_condition_browser_value":"ie","ee_condition_date_value":"2020-07-19 to 2020-07-25","ee_condition_date_time_before_value":"2020-07-25 09:02","ee_condition_time_value":"","ee_condition_day_value":"1","ee_condition_page_value":"","ee_condition_post_value":"","ee_condition_static_page_value":"home","ee_condition_post_type_value":"","ee_condition_post_meta_value":"","ee_condition_taxonomy_archive_value":"","ee_condition_term_archive_value":"","ee_condition_post_type_archive_value":"","ee_condition_date_archive_value":"","ee_condition_author_archive_value":"","ee_condition_search_results_value":"","ee_condition_var_get_value":"","ee_condition_var_post_value":"","ee_condition_shortcode_value":"","_id":"77fdc71"}],"tooltip_content":"\u0645\u0646 \u0645\u062a\u0646 \u062a\u0648\u0644\u062a\u06cc\u067e \u06cc\u0627 \u0631\u0627\u0647\u0646\u0645\u0627 \u0647\u0633\u062a\u0645"},"elements":[],"isInner":false,"widgetType":"button","elType":"widget"}],"isInner":"","elType":"column"}],"isInner":"","elType":"section"}]}