{"version":"0.4","title":"14809","type":"page","content":[{"id":"42860724","settings":{"content_width":{"unit":"px","size":"1400","sizes":[]},"height":"min-height","custom_height":{"unit":"px","size":"600","sizes":[]},"column_position":"stretch","structure":"20","background_background":"classic","background_color":"#FFF7F1","_title":"Hero","padding_tablet":{"unit":"%","top":"0","right":"5","bottom":"0","left":"5","isLinked":""},"custom_height_tablet":{"unit":"px","size":"500","sizes":[]},"custom_height_mobile":{"unit":"vh","size":"100","sizes":[]},"margin_mobile":{"unit":"px","top":"","right":"0","bottom":"","left":"0","isLinked":"1"},"_timestamp_":"v1UDBjV1ZKV2V5WXFrM3hsRHQ3eEpNdz09","ee_display_conditions":[{"ee_condition_key":"authentication","ee_condition_operator":"is","ee_condition_authentication_value":"authenticated","ee_condition_post_meta_name":"","ee_condition_var_get_name":"","ee_condition_var_post_name":"","ee_condition_shortcode_name":"","ee_condition_user_value":"","ee_condition_role_value":"subscriber","ee_condition_os_value":"iphone","ee_condition_browser_value":"ie","ee_condition_date_value":"2020-07-19 to 2020-07-25","ee_condition_date_time_before_value":"2020-07-25 09:00","ee_condition_time_value":"","ee_condition_day_value":"1","ee_condition_page_value":"","ee_condition_post_value":"","ee_condition_static_page_value":"home","ee_condition_post_type_value":"","ee_condition_post_meta_value":"","ee_condition_taxonomy_archive_value":"","ee_condition_term_archive_value":"","ee_condition_post_type_archive_value":"","ee_condition_date_archive_value":"","ee_condition_author_archive_value":"","ee_condition_search_results_value":"","ee_condition_var_get_value":"","ee_condition_var_post_value":"","ee_condition_shortcode_value":"","_id":"d99d454"}]},"elements":[{"id":"716b2793","settings":{"_column_size":"50","content_position":"center","border_border":"solid","border_width":{"unit":"px","top":"0","right":"0","bottom":"0","left":"1","isLinked":""},"border_color":"rgba(1, 22, 64, 0.05)","padding":{"unit":"%","top":"0","right":"25","bottom":"0","left":"0","isLinked":""},"_inline_size_tablet":"100","padding_tablet":{"unit":"%","top":"15","right":"15","bottom":"0","left":"15","isLinked":""},"border_width_tablet":{"unit":"px","top":"0","right":"1","bottom":"0","left":"1","isLinked":""},"padding_mobile":{"unit":"%","top":"60","right":"5","bottom":"5","left":"5","isLinked":""}},"elements":[{"id":"28e4ce8a","settings":{"title":"Buy with us","title_color":"#848484","typography_typography":"custom","typography_font_family":"Montserrat","typography_font_size":{"unit":"px","size":"15","sizes":[]},"typography_font_weight":"400","typography_text_transform":"capitalize","header_size":"h3","align_tablet":"center","ee_display_conditions":[{"ee_condition_key":"authentication","ee_condition_operator":"is","ee_condition_authentication_value":"authenticated","ee_condition_post_meta_name":"","ee_condition_var_get_name":"","ee_condition_var_post_name":"","ee_condition_shortcode_name":"","ee_condition_user_value":"","ee_condition_role_value":"subscriber","ee_condition_os_value":"iphone","ee_condition_browser_value":"ie","ee_condition_date_value":"2020-07-19 to 2020-07-25","ee_condition_date_time_before_value":"2020-07-25 09:00","ee_condition_time_value":"","ee_condition_day_value":"1","ee_condition_page_value":"","ee_condition_post_value":"","ee_condition_static_page_value":"home","ee_condition_post_type_value":"","ee_condition_post_meta_value":"","ee_condition_taxonomy_archive_value":"","ee_condition_term_archive_value":"","ee_condition_post_type_archive_value":"","ee_condition_date_archive_value":"","ee_condition_author_archive_value":"","ee_condition_search_results_value":"","ee_condition_var_get_value":"","ee_condition_var_post_value":"","ee_condition_shortcode_value":"","_id":"f3fa265"}],"tooltip_content":"\u0645\u0646 \u0645\u062a\u0646 \u062a\u0648\u0644\u062a\u06cc\u067e \u06cc\u0627 \u0631\u0627\u0647\u0646\u0645\u0627 \u0647\u0633\u062a\u0645"},"elements":[],"isInner":false,"widgetType":"heading","elType":"widget"},{"id":"1f19985d","settings":{"__dynamic__":{"title":"[elementor-tag id=\"\" name=\"archive-title\" settings=\"%7B%22before%22%3A%22EXCLUSIVE%20%22%2C%22include_context%22%3A%22%22%7D\"]"},"title":"Add Your Heading Text Here","title_color":"#011640","typography_typography":"custom","typography_font_family":"Montserrat","typography_font_size":{"unit":"px","size":"60","sizes":[]},"typography_font_weight":"300","typography_text_transform":"uppercase","align_tablet":"center","typography_font_size_tablet":{"unit":"px","size":"50","sizes":[]},"typography_font_size_mobile":{"unit":"px","size":"35","sizes":[]},"ee_display_conditions":[{"ee_condition_key":"authentication","ee_condition_operator":"is","ee_condition_authentication_value":"authenticated","ee_condition_post_meta_name":"","ee_condition_var_get_name":"","ee_condition_var_post_name":"","ee_condition_shortcode_name":"","ee_condition_user_value":"","ee_condition_role_value":"subscriber","ee_condition_os_value":"iphone","ee_condition_browser_value":"ie","ee_condition_date_value":"2020-07-19 to 2020-07-25","ee_condition_date_time_before_value":"2020-07-25 09:00","ee_condition_time_value":"","ee_condition_day_value":"1","ee_condition_page_value":"","ee_condition_post_value":"","ee_condition_static_page_value":"home","ee_condition_post_type_value":"","ee_condition_post_meta_value":"","ee_condition_taxonomy_archive_value":"","ee_condition_term_archive_value":"","ee_condition_post_type_archive_value":"","ee_condition_date_archive_value":"","ee_condition_author_archive_value":"","ee_condition_search_results_value":"","ee_condition_var_get_value":"","ee_condition_var_post_value":"","ee_condition_shortcode_value":"","_id":"7d8dac4"}],"tooltip_content":"\u0645\u0646 \u0645\u062a\u0646 \u062a\u0648\u0644\u062a\u06cc\u067e \u06cc\u0627 \u0631\u0627\u0647\u0646\u0645\u0627 \u0647\u0633\u062a\u0645"},"elements":[],"isInner":false,"widgetType":"theme-archive-title","elType":"widget"}],"isInner":"","elType":"column"},{"id":"3115df75","settings":{"_column_size":"50","content_position":"center","border_border":"solid","border_width":{"unit":"px","top":"0","right":"1","bottom":"0","left":"0","isLinked":""},"border_color":"rgba(1, 22, 64, 0.05)","padding":{"unit":"%","top":"0","right":"0","bottom":"0","left":"12","isLinked":""},"_inline_size_tablet":"100","padding_tablet":{"unit":"%","top":"0","right":"10","bottom":"5","left":"10","isLinked":""},"border_width_tablet":{"unit":"px","top":"0","right":"1","bottom":"0","left":"1","isLinked":""},"padding_mobile":{"unit":"%","top":"0","right":"5","bottom":"5","left":"5","isLinked":""}},"elements":[{"id":"7c689ac9","settings":{"editor":"Lorem ipsum dolor sit amet, consectetur adipiscing elit. Quisque in tempor nulla. Etiam nec vulputate odionec vitae sem ornare, hedrerit tortor all eget, vestibulum libero auisque in exllert ante bladit mollis. Sndisse imperdiet erat lorem, at tempor nisi cursus seder.","align":"left","text_color":"#848484","typography_typography":"custom","typography_font_family":"Montserrat","typography_font_size":{"unit":"px","size":"16","sizes":[]},"typography_font_weight":"300","typography_line_height":{"unit":"em","size":"2","sizes":[]},"align_tablet":"center","ee_display_conditions":[{"ee_condition_key":"authentication","ee_condition_operator":"is","ee_condition_authentication_value":"authenticated","ee_condition_post_meta_name":"","ee_condition_var_get_name":"","ee_condition_var_post_name":"","ee_condition_shortcode_name":"","ee_condition_user_value":"","ee_condition_role_value":"subscriber","ee_condition_os_value":"iphone","ee_condition_browser_value":"ie","ee_condition_date_value":"2020-07-19 to 2020-07-25","ee_condition_date_time_before_value":"2020-07-25 09:00","ee_condition_time_value":"","ee_condition_day_value":"1","ee_condition_page_value":"","ee_condition_post_value":"","ee_condition_static_page_value":"home","ee_condition_post_type_value":"","ee_condition_post_meta_value":"","ee_condition_taxonomy_archive_value":"","ee_condition_term_archive_value":"","ee_condition_post_type_archive_value":"","ee_condition_date_archive_value":"","ee_condition_author_archive_value":"","ee_condition_search_results_value":"","ee_condition_var_get_value":"","ee_condition_var_post_value":"","ee_condition_shortcode_value":"","_id":"013a391"}],"tooltip_content":"\u0645\u0646 \u0645\u062a\u0646 \u062a\u0648\u0644\u062a\u06cc\u067e \u06cc\u0627 \u0631\u0627\u0647\u0646\u0645\u0627 \u0647\u0633\u062a\u0645"},"elements":[],"isInner":false,"widgetType":"text-editor","elType":"widget"}],"isInner":"","elType":"column"}],"isInner":"","elType":"section"},{"id":"39d7ce26","settings":{"content_width":{"unit":"px","size":"1400","sizes":[]},"margin":{"unit":"%","top":"","right":"0","bottom":"","left":"0","isLinked":"1"},"padding":{"unit":"%","top":"","right":"","bottom":"","left":"","isLinked":"1"},"_title":"Featured Properties","padding_tablet":{"unit":"%","top":"0","right":"5","bottom":"0","left":"5","isLinked":""},"_timestamp_":"v1UDBjV1ZKV2V5WXFrM3hsRHQ3eEpNdz09","ee_display_conditions":[{"ee_condition_key":"authentication","ee_condition_operator":"is","ee_condition_authentication_value":"authenticated","ee_condition_post_meta_name":"","ee_condition_var_get_name":"","ee_condition_var_post_name":"","ee_condition_shortcode_name":"","ee_condition_user_value":"","ee_condition_role_value":"subscriber","ee_condition_os_value":"iphone","ee_condition_browser_value":"ie","ee_condition_date_value":"2020-07-19 to 2020-07-25","ee_condition_date_time_before_value":"2020-07-25 09:00","ee_condition_time_value":"","ee_condition_day_value":"1","ee_condition_page_value":"","ee_condition_post_value":"","ee_condition_static_page_value":"home","ee_condition_post_type_value":"","ee_condition_post_meta_value":"","ee_condition_taxonomy_archive_value":"","ee_condition_term_archive_value":"","ee_condition_post_type_archive_value":"","ee_condition_date_archive_value":"","ee_condition_author_archive_value":"","ee_condition_search_results_value":"","ee_condition_var_get_value":"","ee_condition_var_post_value":"","ee_condition_shortcode_value":"","_id":"4b4d5b0"}]},"elements":[{"id":"3c506d44","settings":{"_column_size":"100","border_border":"solid","border_width":{"unit":"px","top":"0","right":"1","bottom":"0","left":"1","isLinked":""},"border_color":"rgba(1, 22, 64, 0.05)","padding":{"unit":"px","top":"0","right":"0","bottom":"200","left":"0","isLinked":""},"padding_tablet":{"unit":"%","top":"0","right":"0","bottom":"015","left":"0","isLinked":""},"padding_mobile":{"unit":"px","top":"0","right":"0","bottom":"0","left":"0","isLinked":"1"}},"elements":[{"id":"500dd31f","settings":{"selected_icon":{"value":{"id":"284","url":"https:\/\/library.elementor.com\/wp-content\/uploads\/2020\/07\/Shape.svg"},"library":"svg"},"primary_color":"rgba(1, 22, 64, 0.05)","rotate":{"unit":"deg","size":"","sizes":[]},"_element_width":"auto","_position":"absolute","_offset_y":{"unit":"px","size":"160","sizes":[]},"_offset_x_tablet":{"size":"0","unit":"px"},"_offset_y_tablet":{"size":"37","unit":"px"},"ee_display_conditions":[{"ee_condition_key":"authentication","ee_condition_operator":"is","ee_condition_authentication_value":"authenticated","ee_condition_post_meta_name":"","ee_condition_var_get_name":"","ee_condition_var_post_name":"","ee_condition_shortcode_name":"","ee_condition_user_value":"","ee_condition_role_value":"subscriber","ee_condition_os_value":"iphone","ee_condition_browser_value":"ie","ee_condition_date_value":"2020-07-19 to 2020-07-25","ee_condition_date_time_before_value":"2020-07-25 09:00","ee_condition_time_value":"","ee_condition_day_value":"1","ee_condition_page_value":"","ee_condition_post_value":"","ee_condition_static_page_value":"home","ee_condition_post_type_value":"","ee_condition_post_meta_value":"","ee_condition_taxonomy_archive_value":"","ee_condition_term_archive_value":"","ee_condition_post_type_archive_value":"","ee_condition_date_archive_value":"","ee_condition_author_archive_value":"","ee_condition_search_results_value":"","ee_condition_var_get_value":"","ee_condition_var_post_value":"","ee_condition_shortcode_value":"","_id":"bc9f93c"}],"tooltip_content":"\u0645\u0646 \u0645\u062a\u0646 \u062a\u0648\u0644\u062a\u06cc\u067e \u06cc\u0627 \u0631\u0627\u0647\u0646\u0645\u0627 \u0647\u0633\u062a\u0645"},"elements":[],"isInner":false,"widgetType":"icon","elType":"widget"},{"id":"3ea7fcc2","settings":{"content_width":{"unit":"px","size":"600","sizes":[]},"margin":{"unit":"px","top":"0","right":"0","bottom":"80","left":"0","isLinked":""},"padding":{"unit":"%","top":"10","right":"0","bottom":"0","left":"0","isLinked":""},"margin_mobile":{"unit":"%","top":"20","right":"0","bottom":"0","left":"0","isLinked":""},"ee_display_conditions":[{"ee_condition_key":"authentication","ee_condition_operator":"is","ee_condition_authentication_value":"authenticated","ee_condition_post_meta_name":"","ee_condition_var_get_name":"","ee_condition_var_post_name":"","ee_condition_shortcode_name":"","ee_condition_user_value":"","ee_condition_role_value":"subscriber","ee_condition_os_value":"iphone","ee_condition_browser_value":"ie","ee_condition_date_value":"2020-07-19 to 2020-07-25","ee_condition_date_time_before_value":"2020-07-25 09:00","ee_condition_time_value":"","ee_condition_day_value":"1","ee_condition_page_value":"","ee_condition_post_value":"","ee_condition_static_page_value":"home","ee_condition_post_type_value":"","ee_condition_post_meta_value":"","ee_condition_taxonomy_archive_value":"","ee_condition_term_archive_value":"","ee_condition_post_type_archive_value":"","ee_condition_date_archive_value":"","ee_condition_author_archive_value":"","ee_condition_search_results_value":"","ee_condition_var_get_value":"","ee_condition_var_post_value":"","ee_condition_shortcode_value":"","_id":"bbca33e"}]},"elements":[{"id":"21e596df","settings":{"_column_size":"100","space_between_widgets":"10"},"elements":[{"id":"77c23200","settings":{"title":"Finding your next dream home","title_color":"#848484","typography_typography":"custom","typography_font_family":"Montserrat","typography_font_size":{"unit":"px","size":"15","sizes":[]},"typography_font_weight":"400","typography_text_transform":"capitalize","align":"center","header_size":"h3","ee_display_conditions":[{"ee_condition_key":"authentication","ee_condition_operator":"is","ee_condition_authentication_value":"authenticated","ee_condition_post_meta_name":"","ee_condition_var_get_name":"","ee_condition_var_post_name":"","ee_condition_shortcode_name":"","ee_condition_user_value":"","ee_condition_role_value":"subscriber","ee_condition_os_value":"iphone","ee_condition_browser_value":"ie","ee_condition_date_value":"2020-07-19 to 2020-07-25","ee_condition_date_time_before_value":"2020-07-25 09:00","ee_condition_time_value":"","ee_condition_day_value":"1","ee_condition_page_value":"","ee_condition_post_value":"","ee_condition_static_page_value":"home","ee_condition_post_type_value":"","ee_condition_post_meta_value":"","ee_condition_taxonomy_archive_value":"","ee_condition_term_archive_value":"","ee_condition_post_type_archive_value":"","ee_condition_date_archive_value":"","ee_condition_author_archive_value":"","ee_condition_search_results_value":"","ee_condition_var_get_value":"","ee_condition_var_post_value":"","ee_condition_shortcode_value":"","_id":"ad92492"}],"tooltip_content":"\u0645\u0646 \u0645\u062a\u0646 \u062a\u0648\u0644\u062a\u06cc\u067e \u06cc\u0627 \u0631\u0627\u0647\u0646\u0645\u0627 \u0647\u0633\u062a\u0645"},"elements":[],"isInner":false,"widgetType":"heading","elType":"widget"},{"id":"624eea11","settings":{"title":"Featured Properties","title_color":"#011640","typography_typography":"custom","typography_font_family":"Montserrat","typography_font_size":{"unit":"px","size":"30","sizes":[]},"typography_font_weight":"300","typography_text_transform":"capitalize","align":"center","typography_line_height":{"unit":"em","size":"1.2","sizes":[]},"typography_font_size_mobile":{"unit":"px","size":"25","sizes":[]},"ee_display_conditions":[{"ee_condition_key":"authentication","ee_condition_operator":"is","ee_condition_authentication_value":"authenticated","ee_condition_post_meta_name":"","ee_condition_var_get_name":"","ee_condition_var_post_name":"","ee_condition_shortcode_name":"","ee_condition_user_value":"","ee_condition_role_value":"subscriber","ee_condition_os_value":"iphone","ee_condition_browser_value":"ie","ee_condition_date_value":"2020-07-19 to 2020-07-25","ee_condition_date_time_before_value":"2020-07-25 09:00","ee_condition_time_value":"","ee_condition_day_value":"1","ee_condition_page_value":"","ee_condition_post_value":"","ee_condition_static_page_value":"home","ee_condition_post_type_value":"","ee_condition_post_meta_value":"","ee_condition_taxonomy_archive_value":"","ee_condition_term_archive_value":"","ee_condition_post_type_archive_value":"","ee_condition_date_archive_value":"","ee_condition_author_archive_value":"","ee_condition_search_results_value":"","ee_condition_var_get_value":"","ee_condition_var_post_value":"","ee_condition_shortcode_value":"","_id":"653674e"}],"tooltip_content":"\u0645\u0646 \u0645\u062a\u0646 \u062a\u0648\u0644\u062a\u06cc\u067e \u06cc\u0627 \u0631\u0627\u0647\u0646\u0645\u0627 \u0647\u0633\u062a\u0645"},"elements":[],"isInner":false,"widgetType":"heading","elType":"widget"},{"id":"4bd0c19d","settings":{"editor":"Lorem ipsum dolor sit amet, consectetur adipiscing elit, sed do eiusmod tempor incid idunt ut labore ellt dolore magna the alora aliqua alora the tolda on  fouter.","align":"center","text_color":"#848484","typography_typography":"custom","typography_font_family":"Montserrat","typography_font_size":{"unit":"px","size":"16","sizes":[]},"typography_font_weight":"200","typography_line_height":{"unit":"em","size":"1.8","sizes":[]},"ee_display_conditions":[{"ee_condition_key":"authentication","ee_condition_operator":"is","ee_condition_authentication_value":"authenticated","ee_condition_post_meta_name":"","ee_condition_var_get_name":"","ee_condition_var_post_name":"","ee_condition_shortcode_name":"","ee_condition_user_value":"","ee_condition_role_value":"subscriber","ee_condition_os_value":"iphone","ee_condition_browser_value":"ie","ee_condition_date_value":"2020-07-19 to 2020-07-25","ee_condition_date_time_before_value":"2020-07-25 09:00","ee_condition_time_value":"","ee_condition_day_value":"1","ee_condition_page_value":"","ee_condition_post_value":"","ee_condition_static_page_value":"home","ee_condition_post_type_value":"","ee_condition_post_meta_value":"","ee_condition_taxonomy_archive_value":"","ee_condition_term_archive_value":"","ee_condition_post_type_archive_value":"","ee_condition_date_archive_value":"","ee_condition_author_archive_value":"","ee_condition_search_results_value":"","ee_condition_var_get_value":"","ee_condition_var_post_value":"","ee_condition_shortcode_value":"","_id":"2d3cbbc"}],"tooltip_content":"\u0645\u0646 \u0645\u062a\u0646 \u062a\u0648\u0644\u062a\u06cc\u067e \u06cc\u0627 \u0631\u0627\u0647\u0646\u0645\u0627 \u0647\u0633\u062a\u0645"},"elements":[],"isInner":false,"widgetType":"text-editor","elType":"widget"}],"isInner":"1","elType":"column"}],"isInner":"1","elType":"section"},{"id":"30088a2f","settings":{"classic_meta_separator":"\/\/\/","classic_read_more_text":"Property Details","cards_meta_separator":"","cards_read_more_text":"Read More \u00bb","full_content_meta_separator":"\/\/\/","pagination_page_limit":"5","pagination_prev_label":"&laquo; Previous","pagination_next_label":"Next &raquo;","classic_columns":"2","classic_posts_per_page":"8","classic_thumbnail_size_size":"full","classic_item_ratio":{"unit":"px","size":"0.77","sizes":[]},"classic_meta_data":[],"cards_columns":"2","cards_posts_per_page":"4","cards_thumbnail_size_size":"full","cards_item_ratio":{"unit":"px","size":"0.77","sizes":[]},"cards_meta_data":[],"cards_show_read_more":"","cards_show_badge":"","cards_show_avatar":"","classic_column_gap":{"unit":"px","size":"50","sizes":[]},"classic_row_gap":{"unit":"px","size":"50","sizes":[]},"classic_content_padding":{"unit":"px","top":"0","right":"50","bottom":"0","left":"50","isLinked":""},"classic_box_bg_color":"#FFF7F1","classic_image_spacing":{"unit":"px","size":"30","sizes":[]},"classic_title_color":"#011640","classic_title_typography_typography":"custom","classic_title_typography_font_family":"Montserrat","classic_title_typography_font_size":{"unit":"px","size":"20","sizes":[]},"classic_title_typography_font_weight":"400","classic_title_spacing":{"unit":"px","size":"10","sizes":[]},"classic_excerpt_color":"#848484","classic_excerpt_typography_typography":"custom","classic_excerpt_typography_font_family":"Montserrat","classic_excerpt_typography_font_size":{"unit":"px","size":"18","sizes":[]},"classic_excerpt_typography_font_weight":"300","classic_excerpt_spacing":{"unit":"px","size":"25","sizes":[]},"cards_card_bg_color":"#FFF7F1","cards_box_shadow_box_shadow_type":"","posts_include":[],"posts_include_term_ids":[],"classic_show_excerpt":"","classic_read_more_color":"#848484","classic_read_more_typography_typography":"custom","classic_read_more_typography_font_family":"Montserrat","classic_read_more_typography_font_size":{"unit":"px","size":"18","sizes":[]},"classic_read_more_typography_font_weight":"300","classic_read_more_spacing":{"unit":"px","size":"30","sizes":[]},"classic_title_typography_text_transform":"capitalize","classic_title_typography_font_size_tablet":{"unit":"px","size":"18","sizes":[]},"classic_title_typography_line_height_tablet":{"unit":"em","size":"1.4","sizes":[]},"_margin_mobile":{"unit":"%","top":"15","right":"0","bottom":"30","left":"0","isLinked":""},"classic_box_shadow_hover_box_shadow_type":"yes","classic_box_shadow_hover_box_shadow":{"horizontal":"0","vertical":"10","blur":"35","spread":"0","color":"rgba(0, 0, 0, 0.1)"},"ee_display_conditions":[{"ee_condition_key":"authentication","ee_condition_operator":"is","ee_condition_authentication_value":"authenticated","ee_condition_post_meta_name":"","ee_condition_var_get_name":"","ee_condition_var_post_name":"","ee_condition_shortcode_name":"","ee_condition_user_value":"","ee_condition_role_value":"subscriber","ee_condition_os_value":"iphone","ee_condition_browser_value":"ie","ee_condition_date_value":"2020-07-19 to 2020-07-25","ee_condition_date_time_before_value":"2020-07-25 09:00","ee_condition_time_value":"","ee_condition_day_value":"1","ee_condition_page_value":"","ee_condition_post_value":"","ee_condition_static_page_value":"home","ee_condition_post_type_value":"","ee_condition_post_meta_value":"","ee_condition_taxonomy_archive_value":"","ee_condition_term_archive_value":"","ee_condition_post_type_archive_value":"","ee_condition_date_archive_value":"","ee_condition_author_archive_value":"","ee_condition_search_results_value":"","ee_condition_var_get_value":"","ee_condition_var_post_value":"","ee_condition_shortcode_value":"","_id":"75b0a1c"}],"tooltip_content":"\u0645\u0646 \u0645\u062a\u0646 \u062a\u0648\u0644\u062a\u06cc\u067e \u06cc\u0627 \u0631\u0627\u0647\u0646\u0645\u0627 \u0647\u0633\u062a\u0645"},"elements":[],"isInner":false,"widgetType":"posts","elType":"widget"}],"isInner":"","elType":"column"}],"isInner":"","elType":"section"}]}