{"version":"0.4","title":"14901","type":"page","content":[{"id":"7cddec53","settings":{"layout":"full_width","gap":"no","height":"min-height","custom_height":{"unit":"vh","size":"85","sizes":[]},"column_position":"stretch","content_position":"bottom","structure":"20","_title":"Hero","_timestamp_":"v1R3BjMjVnNTZwRTgwWHBPUlA5UUxZUT09"},"elements":[{"id":"22b89538","settings":{"_column_size":"50","_inline_size":"70","background_background":"classic","background_color":"#6C7C69","padding":{"unit":"%","top":"0","right":"25","bottom":"13","left":"10","isLinked":""},"_inline_size_tablet":"88","margin_tablet":{"unit":"%","top":"","right":"","bottom":"","left":"","isLinked":"1"},"padding_tablet":{"unit":"%","top":"25","right":"5","bottom":"45","left":"10","isLinked":""},"padding_mobile":{"unit":"%","top":"30","right":"5","bottom":"30","left":"10","isLinked":""}},"elements":[{"id":"76fd543","settings":{"title":"Finest Flooring Service\nfor Every Living Space\n&amp; Style","header_size":"h1","title_color":"#FFFFFF","typography_typography":"custom","typography_font_family":"Playfair Display","typography_font_size":{"unit":"px","size":"80","sizes":[]},"typography_font_size_tablet":{"unit":"px","size":"56","sizes":[]},"typography_font_size_mobile":{"unit":"px","size":"38","sizes":[]},"typography_font_weight":"700","typography_text_transform":"capitalize","typography_line_height":{"unit":"px","size":"80","sizes":[]},"typography_line_height_tablet":{"unit":"px","size":"56","sizes":[]},"typography_line_height_mobile":{"unit":"px","size":"42","sizes":[]},"typography_letter_spacing":{"unit":"px","size":"-2.25","sizes":[]}},"elements":[],"isInner":false,"widgetType":"heading","elType":"widget"},{"id":"5674e377","settings":{"title":"Expert flooring installation, repair and refinishing, based in Los Angeles","header_size":"h6","_margin":{"unit":"%","top":"1","right":"0","bottom":"0","left":"0","isLinked":""},"title_color":"#FFFFFF","typography_typography":"custom","typography_font_family":"Helvetica","typography_font_size":{"unit":"px","size":"18","sizes":[]},"typography_font_size_tablet":{"unit":"px","size":"16","sizes":[]},"typography_font_size_mobile":{"unit":"px","size":"14","sizes":[]},"typography_font_weight":"300","typography_line_height":{"unit":"px","size":"22","sizes":[]},"typography_letter_spacing":{"unit":"px","size":"1.5","sizes":[]}},"elements":[],"isInner":false,"widgetType":"heading","elType":"widget"},{"id":"14d3384d","settings":{"text":"Learn More","button_text_color":"#FFFAF5","border_width":{"unit":"px","top":"2","right":"2","bottom":"2","left":"2","isLinked":"1"},"hover_color":"#6C7C69","button_background_hover_color":"#FFFBF6","border_color":"#FFFAF5","_margin":{"unit":"%","top":"2","right":"0","bottom":"0","left":"0","isLinked":""},"border_border":"solid","typography_typography":"custom","typography_font_family":"Helvetica","typography_font_size":{"unit":"px","size":"14","sizes":[]},"typography_font_weight":"700","typography_text_transform":"capitalize","typography_letter_spacing":{"unit":"px","size":"-0.45","sizes":[]},"border_radius":{"unit":"px","top":"0","right":"0","bottom":"0","left":"0","isLinked":"1"},"text_padding":{"unit":"px","top":"18","right":"43","bottom":"18","left":"43","isLinked":""},"text_padding_mobile":{"unit":"px","top":"15","right":"36","bottom":"15","left":"36","isLinked":""},"background_color":"rgba(2, 1, 1, 0)"},"elements":[],"isInner":false,"widgetType":"button","elType":"widget"}],"isInner":"","elType":"column"},{"id":"6369948","settings":{"_column_size":"50","_inline_size":"30","margin":{"unit":"%","top":"","right":"","bottom":"","left":"","isLinked":"1"},"_inline_size_tablet":"100","margin_tablet":{"unit":"%","top":"0","right":"5","bottom":"0","left":"0","isLinked":""},"margin_mobile":{"unit":"%","top":"0","right":"5","bottom":"0","left":"0","isLinked":""},"padding_tablet":{"unit":"%","top":"","right":"","bottom":"","left":"","isLinked":"1"}},"elements":[{"id":"56e53c4c","settings":{"image":{"id":3116,"url":"https:\/\/library.elementor.com\/wp-content\/uploads\/2020\/08\/HomePage-Hero-img_1.jpg"},"image_size":"full","_margin":{"unit":"%","top":"0","right":"0","bottom":"-40","left":"-70","isLinked":""},"_margin_tablet":{"unit":"%","top":"-45","right":"0","bottom":"0","left":"45","isLinked":""},"_margin_mobile":{"unit":"%","top":"-15","right":"0","bottom":"0","left":"34","isLinked":""}},"elements":[],"isInner":false,"widgetType":"image","elType":"widget"},{"id":"4de4dcc8","settings":{"image":{"id":3117,"url":"https:\/\/library.elementor.com\/wp-content\/uploads\/2020\/08\/HomePage-Hero-img_2.jpg"},"image_size":"full","image_box_shadow_box_shadow_type":"yes","image_box_shadow_box_shadow":{"horizontal":"0","vertical":"15","blur":"15","spread":"0","color":"rgba(0, 0, 0, 0.06)"},"_element_width":"auto","_position":"absolute","_offset_x":{"unit":"px","size":"-330","sizes":[]},"_offset_orientation_v":"end","_offset_y":{"unit":"px","size":"","sizes":[]},"_offset_y_end":{"unit":"px","size":"-70","sizes":[]},"width_tablet":{"unit":"%","size":"70","sizes":[]},"width_mobile":{"unit":"%","size":"55","sizes":[]},"_offset_y_end_mobile":{"unit":"px","size":"40","sizes":[]},"_animation":"fadeInRight","animation_duration":"slow","_offset_x_tablet":{"unit":"px","size":"200","sizes":[]},"_offset_y_end_tablet":{"unit":"px","size":"122","sizes":[]},"_offset_x_mobile":{"unit":"px","size":"0","sizes":[]}},"elements":[],"isInner":false,"widgetType":"image","elType":"widget"}],"isInner":"","elType":"column"}],"isInner":"","elType":"section"},{"id":"26f8e94a","settings":{"layout":"full_width","gap":"no","custom_height":{"unit":"vh","size":"28","sizes":[]},"column_position":"top","structure":"40","_title":"Our Services","margin":{"unit":"%","top":"10","right":"0","bottom":"0","left":"0","isLinked":""},"padding":{"unit":"%","top":"10","right":"0","bottom":"0","left":"0","isLinked":""},"margin_tablet":{"unit":"%","top":"5","right":"0","bottom":"0","left":"0","isLinked":""},"margin_mobile":{"unit":"%","top":"20","right":"0","bottom":"0","left":"0","isLinked":""},"_timestamp_":"v1R3BjMjVnNTZwRTgwWHBPUlA5UUxZUT09"},"elements":[{"id":"738a130e","settings":{"_column_size":"25","_inline_size":"5","background_color":"#6C7C69","padding":{"unit":"%","top":"","right":"","bottom":"","left":"","isLinked":"1"},"margin":{"unit":"%","top":"-100","right":"0","bottom":"0","left":"0","isLinked":""},"_inline_size_tablet":"4","_inline_size_mobile":"7","margin_tablet":{"unit":"%","top":"-50","right":"0","bottom":"0","left":"0","isLinked":""},"margin_mobile":{"unit":"%","top":"","right":"","bottom":"","left":"","isLinked":"1"}},"elements":[{"id":"5618ca0e","settings":{"space":{"unit":"vh","size":"40","sizes":[]},"_background_background":"classic","_background_color":"#6C7C69","_element_custom_width":{"unit":"px","size":"138","sizes":[]},"_offset_x":{"unit":"%","size":"0","sizes":[]},"_offset_y":{"unit":"%","size":"","sizes":[]},"_element_custom_width_tablet":{"unit":"vw","size":"","sizes":[]},"_offset_orientation_v":"end","_element_width_mobile":"initial","_element_custom_width_mobile":{"unit":"px","size":"30","sizes":[]},"space_tablet":{"unit":"vh","size":"20","sizes":[]},"_margin":{"unit":"%","top":"","right":"","bottom":"","left":"","isLinked":"1"},"space_mobile":{"unit":"vh","size":"30","sizes":[]},"_animation":"fadeInLeft","animation_duration":"slow"},"elements":[],"isInner":false,"widgetType":"spacer","elType":"widget"}],"isInner":"","elType":"column"},{"id":"41bc808b","settings":{"_column_size":"25","_inline_size":"30","_inline_size_tablet":"50","margin":{"unit":"%","top":"","right":"","bottom":"","left":"","isLinked":"1"},"_inline_size_mobile":"93","margin_tablet":{"unit":"%","top":"","right":"","bottom":"","left":"","isLinked":"1"},"padding":{"unit":"%","top":"0","right":"0","bottom":"0","left":"10","isLinked":""},"padding_tablet":{"unit":"%","top":"0","right":"0","bottom":"0","left":"6","isLinked":""},"padding_mobile":{"unit":"%","top":"0","right":"5","bottom":"0","left":"5","isLinked":""}},"elements":[{"id":"5f2210b5","settings":{"title":"Our Services","title_color":"#6C7C69","typography_typography":"custom","typography_font_family":"Playfair Display","typography_font_size":{"unit":"px","size":"40","sizes":[]},"typography_font_size_tablet":{"unit":"px","size":"32","sizes":[]},"typography_font_size_mobile":{"unit":"px","size":"28","sizes":[]},"typography_font_weight":"400","typography_text_transform":"capitalize","typography_line_height":{"unit":"px","size":"44","sizes":[]},"typography_line_height_tablet":{"unit":"px","size":"36","sizes":[]},"typography_line_height_mobile":{"unit":"px","size":"32","sizes":[]},"typography_letter_spacing":{"unit":"px","size":"-1.13","sizes":[]}},"elements":[],"isInner":false,"widgetType":"heading","elType":"widget"},{"id":"6c588948","settings":{"editor":"Lorem ipsum dolor sit amet consectet adipisc\u00a0elit, sed do eiusm por  incididut laboreLorem ipsum dolor sit amet, consectet adipiscing\u00a0elit.","text_color":"#000000","typography_typography":"custom","typography_font_family":"Helvetica","typography_font_size":{"unit":"px","size":"16","sizes":[]},"typography_font_size_tablet":{"unit":"px","size":"14","sizes":[]},"typography_font_weight":"300","typography_line_height":{"unit":"px","size":"22","sizes":[]},"typography_line_height_tablet":{"unit":"px","size":"20","sizes":[]},"typography_letter_spacing":{"unit":"px","size":"0","sizes":[]}},"elements":[],"isInner":false,"widgetType":"text-editor","elType":"widget"},{"id":"64cc7be4","settings":{"text":"Learn More","hover_color":"#000000","button_background_hover_color":"rgba(2, 1, 1, 0)","border_border":"solid","border_width":{"unit":"px","top":"0","right":"0","bottom":"1","left":"0","isLinked":""},"border_color":"#6C7C69","text_padding":{"unit":"px","top":"0","right":"0","bottom":"0","left":"0","isLinked":"1"},"_margin":{"unit":"%","top":"","right":"","bottom":"","left":"","isLinked":"1"},"typography_typography":"custom","typography_font_family":"Helvetica","typography_font_size":{"unit":"px","size":"14","sizes":[]},"typography_font_weight":"700","typography_text_transform":"capitalize","typography_line_height":{"unit":"px","size":"","sizes":[]},"typography_letter_spacing":{"unit":"px","size":"-0.45","sizes":[]},"button_text_color":"#6C7C69","button_hover_border_color":"#000000","border_radius":{"unit":"px","top":"0","right":"0","bottom":"0","left":"0","isLinked":"1"},"background_color":"rgba(2, 1, 1, 0)"},"elements":[],"isInner":false,"widgetType":"button","elType":"widget"}],"isInner":"","elType":"column"},{"id":"7d5ea3b4","settings":{"_column_size":"25","_inline_size":"60","margin":{"unit":"%","top":"","right":"","bottom":"","left":"","isLinked":"1"},"_inline_size_tablet":"95","margin_mobile":{"unit":"%","top":"5","right":"0","bottom":"0","left":"0","isLinked":""}},"elements":[{"id":"89ed669","settings":{"content_width":{"unit":"px","size":"840","sizes":[]},"gap":"extended","structure":"30","margin":{"unit":"px","top":"0","right":"0","bottom":"0","left":"0","isLinked":"1"},"padding_tablet":{"unit":"%","top":"0","right":"5","bottom":"0","left":"5","isLinked":""}},"elements":[{"id":"76f52d54","settings":{"_column_size":"33"},"elements":[{"id":"6b3f0e4","settings":{"graphic_element":"none","selected_icon":{"value":"","library":""},"title_text_a":"Hardwood","description_text_a":"","background_a_background":"classic","background_a_color":"rgba(2, 1, 1, 0)","background_a_image":{"id":3118,"url":"https:\/\/library.elementor.com\/wp-content\/uploads\/2020\/08\/HomePage-OurServices-Hardwood.jpg"},"background_a_position":"center center","background_a_repeat":"no-repeat","background_a_bg_width":{"unit":"%","size":"56","sizes":[]},"background_overlay_a":"rgba(59, 61, 59, 0.3607843137254902)","title_text_b":"","description_text_b":"Lorem ipsum dolor sit amet consectet adipisc\u00a0elit, sed do eiusm por  incididut labore\nLorem ipsum dolor sit amet, consectet adipiscing\u00a0elit.","button_text":"","background_b_background":"classic","background_b_color":"rgba(108, 124, 105, 0.8509803921568627)","background_overlay_b":"rgba(59, 61, 59, 0.3607843137254902)","height":{"unit":"px","size":"250","sizes":[]},"height_tablet":{"unit":"px","size":"190","sizes":[]},"flip_effect":"push","padding_a":{"unit":"%","top":"","right":"","bottom":"","left":"","isLinked":"1"},"title_typography_a_typography":"custom","title_typography_a_font_weight":"300","title_typography_a_text_transform":"capitalize","alignment_b":"left","_element_custom_width":{"unit":"px","size":"265","sizes":[]},"_element_custom_width_tablet":{"unit":"px","size":"220","sizes":[]},"_element_custom_width_mobile":{"unit":"px","size":"280","sizes":[]},"background_a_size":"cover","title_typography_a_font_size_tablet":{"unit":"px","size":"18","sizes":[]},"link_click":"box","title_typography_a_font_family":"Helvetica","description_typography_b_typography":"custom","description_typography_b_font_family":"Helvetica","image":{"id":"2873","url":"https:\/\/library.elementor.com\/wp-content\/uploads\/2020\/07\/placeholder.png"}},"elements":[],"isInner":false,"widgetType":"flip-box","elType":"widget"}],"isInner":"1","elType":"column"},{"id":"398f0821","settings":{"_column_size":"33"},"elements":[{"id":"2debc3a6","settings":{"graphic_element":"none","selected_icon":{"value":"","library":""},"title_text_a":"Laminate","description_text_a":"","background_a_background":"classic","background_a_color":"rgba(2, 1, 1, 0)","background_a_image":{"id":3119,"url":"https:\/\/library.elementor.com\/wp-content\/uploads\/2020\/08\/HomePage-OurServices-Laminate.jpg"},"background_a_position":"center center","background_a_repeat":"no-repeat","background_a_bg_width":{"unit":"%","size":"56","sizes":[]},"background_overlay_a":"rgba(59, 61, 59, 0.3607843137254902)","title_text_b":"","description_text_b":"Lorem ipsum dolor sit amet consectet adipisc\u00a0elit, sed do eiusm por  incididut labore\nLorem ipsum dolor sit amet, consectet adipiscing\u00a0elit.","button_text":"","background_b_background":"classic","background_b_color":"rgba(108, 124, 105, 0.8509803921568627)","background_overlay_b":"rgba(59, 61, 59, 0.3607843137254902)","height":{"unit":"px","size":"250","sizes":[]},"height_tablet":{"unit":"px","size":"190","sizes":[]},"flip_effect":"push","padding_a":{"unit":"%","top":"","right":"","bottom":"","left":"","isLinked":"1"},"title_typography_a_typography":"custom","title_typography_a_font_weight":"300","title_typography_a_text_transform":"capitalize","alignment_b":"left","_element_custom_width":{"unit":"px","size":"265","sizes":[]},"_element_custom_width_tablet":{"unit":"px","size":"220","sizes":[]},"_element_custom_width_mobile":{"unit":"px","size":"280","sizes":[]},"background_a_size":"cover","title_typography_a_font_size_tablet":{"unit":"px","size":"18","sizes":[]},"title_typography_a_font_family":"Helvetica","description_typography_b_typography":"custom","description_typography_b_font_family":"Helvetica","image":{"id":"2873","url":"https:\/\/library.elementor.com\/wp-content\/uploads\/2020\/07\/placeholder.png"}},"elements":[],"isInner":false,"widgetType":"flip-box","elType":"widget"}],"isInner":"1","elType":"column"},{"id":"d1f929e","settings":{"_column_size":"33"},"elements":[{"id":"5b33cb2e","settings":{"graphic_element":"none","selected_icon":{"value":"","library":""},"title_text_a":"Ceramic Tile","description_text_a":"","background_a_background":"classic","background_a_color":"rgba(2, 1, 1, 0)","background_a_image":{"id":3120,"url":"https:\/\/library.elementor.com\/wp-content\/uploads\/2020\/08\/HomePage-OurServices-Ceramic_Tyle.jpg"},"background_a_position":"center center","background_a_repeat":"no-repeat","background_a_bg_width":{"unit":"%","size":"56","sizes":[]},"background_overlay_a":"rgba(59, 61, 59, 0.3607843137254902)","title_text_b":"","description_text_b":"Lorem ipsum dolor sit amet consectet adipisc\u00a0elit, sed do eiusm por  incididut labore\nLorem ipsum dolor sit amet, consectet adipiscing\u00a0elit.","button_text":"","background_b_background":"classic","background_b_color":"rgba(108, 124, 105, 0.8509803921568627)","background_overlay_b":"rgba(59, 61, 59, 0.3607843137254902)","height":{"unit":"px","size":"250","sizes":[]},"height_tablet":{"unit":"px","size":"190","sizes":[]},"flip_effect":"push","padding_a":{"unit":"%","top":"","right":"","bottom":"","left":"","isLinked":"1"},"title_typography_a_typography":"custom","title_typography_a_font_weight":"300","title_typography_a_text_transform":"capitalize","alignment_b":"left","_element_custom_width":{"unit":"px","size":"265","sizes":[]},"_element_custom_width_tablet":{"unit":"px","size":"220","sizes":[]},"_element_custom_width_mobile":{"unit":"px","size":"280","sizes":[]},"background_a_size":"cover","title_typography_a_font_size_tablet":{"unit":"px","size":"18","sizes":[]},"title_typography_a_font_family":"Helvetica","description_typography_b_typography":"custom","description_typography_b_font_family":"Helvetica","image":{"id":"2873","url":"https:\/\/library.elementor.com\/wp-content\/uploads\/2020\/07\/placeholder.png"}},"elements":[],"isInner":false,"widgetType":"flip-box","elType":"widget"}],"isInner":"1","elType":"column"}],"isInner":"1","elType":"section"},{"id":"2f0c087c","settings":{"content_width":{"unit":"px","size":"840","sizes":[]},"gap":"extended","structure":"30","padding_tablet":{"unit":"%","top":"0","right":"5","bottom":"0","left":"5","isLinked":""}},"elements":[{"id":"7c97c32a","settings":{"_column_size":"33"},"elements":[{"id":"53e4966d","settings":{"graphic_element":"none","selected_icon":{"value":"","library":""},"title_text_a":"Vinyl Tile","description_text_a":"","background_a_background":"classic","background_a_color":"rgba(2, 1, 1, 0)","background_a_image":{"id":3121,"url":"https:\/\/library.elementor.com\/wp-content\/uploads\/2020\/08\/HomePage-OurServices-Vinyl_Tile.jpg"},"background_a_position":"center center","background_a_repeat":"no-repeat","background_a_bg_width":{"unit":"%","size":"56","sizes":[]},"background_overlay_a":"rgba(59, 61, 59, 0.3607843137254902)","title_text_b":"","description_text_b":"Lorem ipsum dolor sit amet consectet adipisc\u00a0elit, sed do eiusm por  incididut labore\nLorem ipsum dolor sit amet, consectet adipiscing\u00a0elit.","button_text":"","background_b_background":"classic","background_b_color":"rgba(108, 124, 105, 0.8509803921568627)","background_overlay_b":"rgba(59, 61, 59, 0.3607843137254902)","height":{"unit":"px","size":"250","sizes":[]},"height_tablet":{"unit":"px","size":"190","sizes":[]},"flip_effect":"push","padding_a":{"unit":"%","top":"","right":"","bottom":"","left":"","isLinked":"1"},"title_typography_a_typography":"custom","title_typography_a_font_weight":"300","title_typography_a_text_transform":"capitalize","alignment_b":"left","_element_custom_width":{"unit":"px","size":"265","sizes":[]},"_element_custom_width_tablet":{"unit":"px","size":"220","sizes":[]},"_element_custom_width_mobile":{"unit":"px","size":"280","sizes":[]},"background_a_size":"cover","title_typography_a_font_size_tablet":{"unit":"px","size":"18","sizes":[]},"title_typography_a_font_family":"Helvetica","description_typography_b_typography":"custom","description_typography_b_font_family":"Helvetica","image":{"id":"2873","url":"https:\/\/library.elementor.com\/wp-content\/uploads\/2020\/07\/placeholder.png"}},"elements":[],"isInner":false,"widgetType":"flip-box","elType":"widget"}],"isInner":"1","elType":"column"},{"id":"354034f8","settings":{"_column_size":"33"},"elements":[{"id":"6417263a","settings":{"graphic_element":"none","selected_icon":{"value":"","library":""},"title_text_a":"Carpeted","description_text_a":"","background_a_background":"classic","background_a_color":"rgba(2, 1, 1, 0)","background_a_image":{"id":3122,"url":"https:\/\/library.elementor.com\/wp-content\/uploads\/2020\/08\/HomePage-OurServices-Carpeting.jpg"},"background_a_position":"center center","background_a_repeat":"no-repeat","background_a_bg_width":{"unit":"%","size":"56","sizes":[]},"background_overlay_a":"rgba(59, 61, 59, 0.3607843137254902)","title_text_b":"","description_text_b":"Lorem ipsum dolor sit amet consectet adipisc\u00a0elit, sed do eiusm por  incididut labore\nLorem ipsum dolor sit amet, consectet adipiscing\u00a0elit.","button_text":"","background_b_background":"classic","background_b_color":"rgba(108, 124, 105, 0.8509803921568627)","background_overlay_b":"rgba(59, 61, 59, 0.3607843137254902)","height":{"unit":"px","size":"250","sizes":[]},"height_tablet":{"unit":"px","size":"190","sizes":[]},"flip_effect":"push","padding_a":{"unit":"%","top":"","right":"","bottom":"","left":"","isLinked":"1"},"title_typography_a_typography":"custom","title_typography_a_font_weight":"300","title_typography_a_text_transform":"capitalize","alignment_b":"left","_element_custom_width":{"unit":"px","size":"265","sizes":[]},"_element_custom_width_tablet":{"unit":"px","size":"220","sizes":[]},"_element_custom_width_mobile":{"unit":"px","size":"280","sizes":[]},"background_a_size":"cover","title_typography_a_font_size_tablet":{"unit":"px","size":"18","sizes":[]},"title_typography_a_font_family":"Helvetica","description_typography_b_typography":"custom","description_typography_b_font_family":"Helvetica","image":{"id":"2873","url":"https:\/\/library.elementor.com\/wp-content\/uploads\/2020\/07\/placeholder.png"}},"elements":[],"isInner":false,"widgetType":"flip-box","elType":"widget"}],"isInner":"1","elType":"column"},{"id":"24b5c0eb","settings":{"_column_size":"33"},"elements":[{"id":"2295304a","settings":{"graphic_element":"none","selected_icon":{"value":"","library":""},"title_text_a":"Concrete","description_text_a":"","background_a_background":"classic","background_a_color":"rgba(2, 1, 1, 0)","background_a_image":{"id":3123,"url":"https:\/\/library.elementor.com\/wp-content\/uploads\/2020\/08\/HomePage-OurServices-Concrete.jpg"},"background_a_position":"center center","background_a_repeat":"no-repeat","background_a_bg_width":{"unit":"%","size":"56","sizes":[]},"background_overlay_a":"rgba(59, 61, 59, 0.3607843137254902)","title_text_b":"","description_text_b":"Lorem ipsum dolor sit amet consectet adipisc\u00a0elit, sed do eiusm por  incididut labore\nLorem ipsum dolor sit amet, consectet adipiscing\u00a0elit.","button_text":"","background_b_background":"classic","background_b_color":"rgba(108, 124, 105, 0.8509803921568627)","background_overlay_b":"rgba(59, 61, 59, 0.3607843137254902)","height":{"unit":"px","size":"250","sizes":[]},"height_tablet":{"unit":"px","size":"190","sizes":[]},"flip_effect":"push","padding_a":{"unit":"%","top":"","right":"","bottom":"","left":"","isLinked":"1"},"title_typography_a_typography":"custom","title_typography_a_font_weight":"300","title_typography_a_text_transform":"capitalize","alignment_b":"left","_element_custom_width":{"unit":"px","size":"265","sizes":[]},"_element_custom_width_tablet":{"unit":"px","size":"220","sizes":[]},"_element_custom_width_mobile":{"unit":"px","size":"280","sizes":[]},"background_a_size":"cover","title_typography_a_font_size_tablet":{"unit":"px","size":"18","sizes":[]},"title_typography_a_font_family":"Helvetica","description_typography_b_typography":"custom","description_typography_b_font_family":"Helvetica","image":{"id":"2873","url":"https:\/\/library.elementor.com\/wp-content\/uploads\/2020\/07\/placeholder.png"}},"elements":[],"isInner":false,"widgetType":"flip-box","elType":"widget"}],"isInner":"1","elType":"column"}],"isInner":"1","elType":"section"}],"isInner":"","elType":"column"},{"id":"62125a8e","settings":{"_column_size":"25","_inline_size":"5","content_position":"center","margin_tablet":{"unit":"%","top":"","right":"","bottom":"","left":"","isLinked":"1"},"align_mobile":"flex-end"},"elements":[{"id":"79924cbb","settings":{"space":{"unit":"px","size":"90","sizes":[]},"_background_background":"classic","_background_color":"#6C7C69","_element_custom_width":{"unit":"px","size":"138","sizes":[]},"_offset_x":{"unit":"%","size":"0","sizes":[]},"_offset_y":{"unit":"%","size":"","sizes":[]},"_element_custom_width_tablet":{"unit":"vw","size":"","sizes":[]},"_offset_orientation_v":"end","_element_width_mobile":"initial","_element_custom_width_mobile":{"unit":"px","size":"30","sizes":[]}},"elements":[],"isInner":false,"widgetType":"spacer","elType":"widget"}],"isInner":"","elType":"column"}],"isInner":"","elType":"section"},{"id":"2c69af24","settings":{"margin":{"unit":"%","top":"10","right":"0","bottom":"0","left":"0","isLinked":""},"padding_tablet":{"unit":"%","top":"0","right":"3","bottom":"0","left":"3","isLinked":""},"margin_tablet":{"unit":"%","top":"20","right":"0","bottom":"0","left":"0","isLinked":""},"margin_mobile":{"unit":"%","top":"20","right":"0","bottom":"0","left":"0","isLinked":""},"_title":"About Us","content_width":{"unit":"px","size":"1400","sizes":[]},"_timestamp_":"v1R3BjMjVnNTZwRTgwWHBPUlA5UUxZUT09"},"elements":[{"id":"195e37a2","settings":{"_column_size":"100"},"elements":[{"id":"7494cedc","settings":{"title":"Professional and Reliable<br>\nFlooring Service You Can Trust","align":"center","title_color":"#6C7C69","typography_typography":"custom","typography_font_family":"Playfair Display","typography_font_size":{"unit":"px","size":"40","sizes":[]},"typography_font_size_tablet":{"unit":"px","size":"32","sizes":[]},"typography_font_size_mobile":{"unit":"px","size":"28","sizes":[]},"typography_font_weight":"400","typography_text_transform":"capitalize","typography_line_height":{"unit":"px","size":"44","sizes":[]},"typography_line_height_tablet":{"unit":"px","size":"36","sizes":[]},"typography_line_height_mobile":{"unit":"px","size":"32","sizes":[]},"typography_letter_spacing":{"unit":"px","size":"-1.13","sizes":[]}},"elements":[],"isInner":false,"widgetType":"heading","elType":"widget"},{"id":"b4540b0","settings":{"structure":"40","margin":{"unit":"%","top":"4","right":"0","bottom":"0","left":"0","isLinked":""},"margin_mobile":{"unit":"%","top":"10","right":"0","bottom":"0","left":"0","isLinked":""},"content_width":{"unit":"px","size":"1400","sizes":[]}},"elements":[{"id":"57c616de","settings":{"_column_size":"25","_inline_size_mobile":"50"},"elements":[{"id":"174a1b59","settings":{"space":{"unit":"px","size":"43","sizes":[]},"_background_background":"classic","_background_color":"rgba(108, 124, 105, 0.26)","_element_width":"initial","_element_custom_width":{"unit":"px","size":"43","sizes":[]},"_position":"absolute","_offset_x":{"unit":"px","size":"120","sizes":[]},"_offset_y":{"unit":"px","size":"-13","sizes":[]},"_offset_x_tablet":{"unit":"px","size":"40","sizes":[]},"_offset_x_mobile":{"unit":"px","size":"28","sizes":[]},"motion_fx_motion_fx_scrolling":"yes","motion_fx_blur_level":{"unit":"px","size":"15","sizes":[]},"motion_fx_blur_range":{"unit":"%","size":"","sizes":{"start":"0","end":"49"}},"motion_fx_scale_effect":"yes","motion_fx_scale_direction":"in-out","motion_fx_scale_speed":{"unit":"px","size":"-10","sizes":[]},"motion_fx_scale_range":{"unit":"%","size":"","sizes":{"start":"0","end":"40"}},"motion_fx_transform_origin_x":"right","motion_fx_transform_origin_y":"bottom","motion_fx_mouseTrack_effect":"yes","motion_fx_mouseTrack_speed":{"unit":"px","size":"0.1","sizes":[]},"motion_fx_tilt_direction":"negative","_element_custom_width_tablet":{"unit":"px","size":"33","sizes":[]}},"elements":[],"isInner":false,"widgetType":"spacer","elType":"widget"},{"id":"14cea747","settings":{"title_text":"","description_text":"Fully Licensed &amp; Insured","_z_index":"2","selected_icon":{"value":{"id":3124,"url":"https:\/\/library.elementor.com\/wp-content\/uploads\/2020\/08\/Fully_Licensed_Insured-260720.svg"},"library":"svg"},"primary_color":"#6C7C69","icon_space":{"unit":"px","size":"20","sizes":[]},"icon_size":{"unit":"px","size":"50","sizes":[]},"description_color":"#000000","description_typography_typography":"custom","description_typography_font_family":"Helvetica","description_typography_font_size":{"unit":"px","size":"16","sizes":[]},"description_typography_font_size_tablet":{"unit":"px","size":"14","sizes":[]},"description_typography_font_weight":"300","description_typography_line_height":{"unit":"px","size":"22","sizes":[]},"description_typography_line_height_tablet":{"unit":"px","size":"20","sizes":[]},"description_typography_letter_spacing":{"unit":"px","size":"0","sizes":[]}},"elements":[],"isInner":false,"widgetType":"icon-box","elType":"widget"}],"isInner":"1","elType":"column"},{"id":"4600fd68","settings":{"_column_size":"25","_inline_size_mobile":"50"},"elements":[{"id":"74304798","settings":{"title_text":"","description_text":"Affordable Rates","_z_index":"2","selected_icon":{"value":{"id":3125,"url":"https:\/\/library.elementor.com\/wp-content\/uploads\/2020\/08\/Affordable_Rates.svg"},"library":"svg"},"primary_color":"#6C7C69","icon_space":{"unit":"px","size":"20","sizes":[]},"icon_size":{"unit":"px","size":"50","sizes":[]},"description_color":"#000000","description_typography_typography":"custom","description_typography_font_family":"Helvetica","description_typography_font_size":{"unit":"px","size":"16","sizes":[]},"description_typography_font_size_tablet":{"unit":"px","size":"14","sizes":[]},"description_typography_font_weight":"300","description_typography_line_height":{"unit":"px","size":"22","sizes":[]},"description_typography_line_height_tablet":{"unit":"px","size":"20","sizes":[]},"description_typography_letter_spacing":{"unit":"px","size":"0","sizes":[]}},"elements":[],"isInner":false,"widgetType":"icon-box","elType":"widget"},{"id":"448be183","settings":{"space":{"unit":"px","size":"43","sizes":[]},"_background_background":"classic","_background_color":"rgba(108, 124, 105, 0.26)","_element_width":"initial","_element_custom_width":{"unit":"px","size":"43","sizes":[]},"_position":"absolute","_offset_x":{"unit":"px","size":"120","sizes":[]},"_offset_y":{"unit":"px","size":"-13","sizes":[]},"_offset_x_tablet":{"unit":"px","size":"40","sizes":[]},"_offset_x_mobile":{"unit":"px","size":"28","sizes":[]},"motion_fx_motion_fx_scrolling":"yes","motion_fx_scale_effect":"yes","motion_fx_scale_direction":"in-out","motion_fx_scale_speed":{"unit":"px","size":"-10","sizes":[]},"motion_fx_scale_range":{"unit":"%","size":"","sizes":{"start":"0","end":"45"}},"motion_fx_transform_origin_x":"right","motion_fx_transform_origin_y":"bottom","motion_fx_mouseTrack_effect":"yes","motion_fx_mouseTrack_speed":{"unit":"px","size":"0.1","sizes":[]},"motion_fx_tilt_direction":"negative"},"elements":[],"isInner":false,"widgetType":"spacer","elType":"widget"}],"isInner":"1","elType":"column"},{"id":"6312b73e","settings":{"_column_size":"25","_inline_size_mobile":"50","margin_mobile":{"unit":"%","top":"15","right":"0","bottom":"0","left":"0","isLinked":""}},"elements":[{"id":"21db175","settings":{"title_text":"","description_text":"Quality and Craftsmanship","_z_index":"2","selected_icon":{"value":{"id":3126,"url":"https:\/\/library.elementor.com\/wp-content\/uploads\/2020\/08\/Quality_Craftsmanship.svg"},"library":"svg"},"primary_color":"#6C7C69","icon_space":{"unit":"px","size":"20","sizes":[]},"icon_size":{"unit":"px","size":"50","sizes":[]},"description_color":"#000000","description_typography_typography":"custom","description_typography_font_family":"Helvetica","description_typography_font_size":{"unit":"px","size":"16","sizes":[]},"description_typography_font_size_tablet":{"unit":"px","size":"14","sizes":[]},"description_typography_font_weight":"300","description_typography_line_height":{"unit":"px","size":"22","sizes":[]},"description_typography_line_height_tablet":{"unit":"px","size":"20","sizes":[]},"description_typography_letter_spacing":{"unit":"px","size":"0","sizes":[]}},"elements":[],"isInner":false,"widgetType":"icon-box","elType":"widget"},{"id":"51df7e0c","settings":{"space":{"unit":"px","size":"43","sizes":[]},"_background_background":"classic","_background_color":"rgba(108, 124, 105, 0.26)","_element_width":"initial","_element_custom_width":{"unit":"px","size":"43","sizes":[]},"_position":"absolute","_offset_x":{"unit":"px","size":"120","sizes":[]},"_offset_x_tablet":{"unit":"px","size":"40","sizes":[]},"_offset_y":{"unit":"px","size":"-13","sizes":[]},"_offset_x_mobile":{"unit":"px","size":"28","sizes":[]},"motion_fx_motion_fx_scrolling":"yes","motion_fx_scale_effect":"yes","motion_fx_scale_direction":"in-out","motion_fx_scale_speed":{"unit":"px","size":"-10","sizes":[]},"motion_fx_scale_range":{"unit":"%","size":"","sizes":{"start":"0","end":"50"}},"motion_fx_transform_origin_x":"right","motion_fx_transform_origin_y":"bottom","motion_fx_mouseTrack_effect":"yes","motion_fx_mouseTrack_speed":{"unit":"px","size":"0.1","sizes":[]},"motion_fx_tilt_direction":"negative"},"elements":[],"isInner":false,"widgetType":"spacer","elType":"widget"}],"isInner":"1","elType":"column"},{"id":"68dda0f","settings":{"_column_size":"25","_inline_size_mobile":"50","margin_mobile":{"unit":"%","top":"15","right":"0","bottom":"0","left":"0","isLinked":""}},"elements":[{"id":"7077db84","settings":{"title_text":"","description_text":"Years Of Experience","_z_index":"2","selected_icon":{"value":{"id":3127,"url":"https:\/\/library.elementor.com\/wp-content\/uploads\/2020\/08\/YearsOfExperienced.svg"},"library":"svg"},"primary_color":"#6C7C69","icon_space":{"unit":"px","size":"20","sizes":[]},"icon_size":{"unit":"px","size":"50","sizes":[]},"description_color":"#000000","description_typography_typography":"custom","description_typography_font_family":"Helvetica","description_typography_font_size":{"unit":"px","size":"16","sizes":[]},"description_typography_font_size_tablet":{"unit":"px","size":"14","sizes":[]},"description_typography_font_weight":"300","description_typography_line_height":{"unit":"px","size":"22","sizes":[]},"description_typography_line_height_tablet":{"unit":"px","size":"20","sizes":[]},"description_typography_letter_spacing":{"unit":"px","size":"0","sizes":[]}},"elements":[],"isInner":false,"widgetType":"icon-box","elType":"widget"},{"id":"529524f5","settings":{"space":{"unit":"px","size":"43","sizes":[]},"_background_background":"classic","_background_color":"rgba(108, 124, 105, 0.26)","_element_width":"initial","_element_custom_width":{"unit":"px","size":"43","sizes":[]},"_position":"absolute","_offset_x":{"unit":"px","size":"120","sizes":[]},"_offset_x_tablet":{"unit":"px","size":"40","sizes":[]},"_offset_y":{"unit":"px","size":"-13","sizes":[]},"_offset_x_mobile":{"unit":"px","size":"28","sizes":[]},"motion_fx_motion_fx_scrolling":"yes","motion_fx_scale_effect":"yes","motion_fx_scale_direction":"in-out","motion_fx_scale_speed":{"unit":"px","size":"-10","sizes":[]},"motion_fx_scale_range":{"unit":"%","size":"","sizes":{"start":"0","end":"55"}},"motion_fx_transform_origin_x":"right","motion_fx_transform_origin_y":"bottom","motion_fx_mouseTrack_effect":"yes","motion_fx_mouseTrack_speed":{"unit":"px","size":"0.1","sizes":[]},"motion_fx_tilt_direction":"negative"},"elements":[],"isInner":false,"widgetType":"spacer","elType":"widget"}],"isInner":"1","elType":"column"}],"isInner":"1","elType":"section"},{"id":"2881457c","settings":{"text":"More About Us","border_width":{"unit":"px","top":"2","right":"2","bottom":"2","left":"2","isLinked":"1"},"border_color":"#6C7C69","align":"center","_margin":{"unit":"%","top":"4","right":"0","bottom":"0","left":"0","isLinked":""},"_margin_mobile":{"unit":"%","top":"10","right":"0","bottom":"0","left":"0","isLinked":""},"typography_typography":"custom","typography_font_family":"Helvetica","typography_font_size":{"unit":"px","size":"14","sizes":[]},"typography_font_weight":"700","typography_text_transform":"capitalize","typography_letter_spacing":{"unit":"px","size":"-0.45","sizes":[]},"button_text_color":"#6C7C69","hover_color":"#FFFAF5","button_background_hover_color":"#6C7C69","border_border":"solid","border_radius":{"unit":"px","top":"0","right":"0","bottom":"0","left":"0","isLinked":"1"},"text_padding":{"unit":"px","top":"18","right":"43","bottom":"18","left":"43","isLinked":""},"text_padding_mobile":{"unit":"px","top":"15","right":"36","bottom":"15","left":"36","isLinked":""},"background_color":"rgba(2, 1, 1, 0)"},"elements":[],"isInner":false,"widgetType":"button","elType":"widget"}],"isInner":"","elType":"column"}],"isInner":"","elType":"section"},{"id":"35f871cb","settings":{"layout":"full_width","gap":"no","height":"min-height","custom_height":{"unit":"vh","size":"70","sizes":[]},"column_position":"stretch","content_position":"middle","structure":"20","_title":"Testimonials","margin":{"unit":"%","top":"10","right":"0","bottom":"0","left":"0","isLinked":""},"margin_tablet":{"unit":"%","top":"20","right":"0","bottom":"0","left":"0","isLinked":""},"margin_mobile":{"unit":"%","top":"30","right":"0","bottom":"0","left":"0","isLinked":""},"_timestamp_":"v1R3BjMjVnNTZwRTgwWHBPUlA5UUxZUT09"},"elements":[{"id":"2d96edac","settings":{"_column_size":"50","_inline_size":"50","background_color":"#6C7C69","padding":{"unit":"%","top":"0","right":"0","bottom":"0","left":"10","isLinked":""},"_inline_size_tablet":"100","padding_tablet":{"unit":"px","top":"0","right":"0","bottom":"0","left":"0","isLinked":""}},"elements":[{"id":"21e26985","settings":{"title":"Satisfied Customers","align":"center","title_color":"#6C7C69","typography_typography":"custom","typography_font_family":"Playfair Display","typography_font_size":{"unit":"px","size":"40","sizes":[]},"typography_font_size_tablet":{"unit":"px","size":"32","sizes":[]},"typography_font_size_mobile":{"unit":"px","size":"28","sizes":[]},"typography_font_weight":"400","typography_text_transform":"capitalize","typography_line_height":{"unit":"px","size":"44","sizes":[]},"typography_line_height_tablet":{"unit":"px","size":"36","sizes":[]},"typography_line_height_mobile":{"unit":"px","size":"32","sizes":[]},"typography_letter_spacing":{"unit":"px","size":"-1.13","sizes":[]}},"elements":[],"isInner":false,"widgetType":"heading","elType":"widget"},{"id":"70f072c","settings":{"slides":[{"content":"\u201cWe are extremely happy that we chose to do our hardwood floors with grant flooring. Brianna and the entire staff are very knowledgeable, professional and hardworking.  I can honestly say that this was my first remodelling  project that went smoothly and on time.\"","name":"Jessica.D","title":"","image":{"id":3128,"url":"https:\/\/library.elementor.com\/wp-content\/uploads\/2020\/08\/Madline.D-270720.jpg"},"_id":"e9821f4"},{"content":"\u201cWe are delighted with the outstanding floor installation, Thank you so much. What a wonderful job both installation upstairs and downstairs. Your workers worked together as a team, were neat and completed the job in a day and a half. I will definitely recommend your firm to others.\"","name":"Madline.S","title":"","image":{"id":3129,"url":"https:\/\/library.elementor.com\/wp-content\/uploads\/2020\/08\/AnnaD.jpg"},"_id":"477c483"},{"content":"\u201cGrant flooring did a great job installing the maple hardwood floor in our kitchen and bedroom room! They started and completed the work on time as promised and we are delighted with the results! I would most certainly use Grant Flooring again and I would recommend them.\u201d","name":"Emma  k.","title":"","image":{"id":3130,"url":"https:\/\/library.elementor.com\/wp-content\/uploads\/2020\/08\/Emma.jpg"},"_id":"a4543a6"}],"width":{"unit":"%","size":"70","sizes":[]},"show_arrows":"","autoplay_speed":"4000","slide_padding":{"unit":"px","top":"0","right":"0","bottom":"0","left":"0","isLinked":"1"},"content_gap":{"unit":"px","size":"15","sizes":[]},"content_typography_typography":"custom","content_typography_font_size":{"unit":"px","size":"16","sizes":[]},"content_typography_font_style":"normal","name_color":"#6C7C69","name_typography_typography":"custom","name_typography_font_family":"Playfair Display","name_typography_font_size":{"unit":"px","size":"18","sizes":[]},"name_typography_font_weight":"400","name_typography_text_transform":"capitalize","name_typography_line_height":{"unit":"px","size":"20","sizes":[]},"name_typography_letter_spacing":{"unit":"px","size":"-0.51","sizes":[]},"image_size":{"unit":"px","size":"50","sizes":[]},"image_gap":{"unit":"px","size":"14","sizes":[]},"pagination_size":{"unit":"px","size":"6","sizes":[]},"pagination_color":"#6C7C69","image_border_color":"","width_tablet":{"unit":"%","size":"65","sizes":[]},"width_mobile":{"unit":"%","size":"80","sizes":[]},"content_typography_font_size_tablet":{"unit":"px","size":"14","sizes":[]},"content_color":"#000000","content_typography_font_family":"Helvetica","content_typography_font_weight":"300","content_typography_line_height":{"unit":"px","size":"22","sizes":[]},"content_typography_line_height_tablet":{"unit":"px","size":"","sizes":[]},"content_typography_letter_spacing":{"unit":"px","size":"0","sizes":[]}},"elements":[],"isInner":false,"widgetType":"testimonial-carousel","elType":"widget"}],"isInner":"","elType":"column"},{"id":"34c04ab5","settings":{"_column_size":"50","_inline_size":"50","margin":{"unit":"%","top":"0","right":"0","bottom":"0","left":"40","isLinked":""},"content_position":"bottom","background_background":"classic","background_color":"#6C7C69","_inline_size_tablet":"100","margin_tablet":{"unit":"%","top":"0","right":"0","bottom":"0","left":"60","isLinked":""},"padding":{"unit":"%","top":"","right":"","bottom":"","left":"","isLinked":"1"},"padding_tablet":{"unit":"%","top":"","right":"","bottom":"","left":"","isLinked":"1"}},"elements":[{"id":"69e6925a","settings":{"image":{"id":3131,"url":"https:\/\/library.elementor.com\/wp-content\/uploads\/2020\/08\/HomePage-TestimonialsSection.jpg"},"image_size":"full","image_box_shadow_box_shadow":{"horizontal":"500","vertical":"0","blur":"0","spread":"100","color":"#6C7C69"},"width_mobile":{"unit":"%","size":"70","sizes":[]},"_margin":{"unit":"%","top":"0","right":"0","bottom":"-12","left":"-60","isLinked":""},"_margin_tablet":{"unit":"%","top":"20","right":"0","bottom":"-20","left":"-100","isLinked":""},"_padding_tablet":{"unit":"%","top":"","right":"","bottom":"","left":"","isLinked":"1"},"animation_duration":"slow"},"elements":[],"isInner":false,"widgetType":"image","elType":"widget"}],"isInner":"","elType":"column"}],"isInner":"","elType":"section"},{"id":"19bd6bdf","settings":{"margin":{"unit":"%","top":"15","right":"0","bottom":"0","left":"0","isLinked":""},"padding_tablet":{"unit":"%","top":"0","right":"4","bottom":"0","left":"4","isLinked":""},"margin_tablet":{"unit":"%","top":"30","right":"0","bottom":"0","left":"0","isLinked":""},"_title":"Our Projects","margin_mobile":{"unit":"%","top":"","right":"0","bottom":"","left":"0","isLinked":"1"},"content_width":{"unit":"px","size":"1400","sizes":[]},"_timestamp_":"v1R3BjMjVnNTZwRTgwWHBPUlA5UUxZUT09"},"elements":[{"id":"35b5c2a4","settings":{"_column_size":"100"},"elements":[{"id":"1c3eaed9","settings":{"title":"Our Projects","align":"center","title_color":"#6C7C69","typography_typography":"custom","typography_font_family":"Playfair Display","typography_font_size":{"unit":"px","size":"40","sizes":[]},"typography_font_size_tablet":{"unit":"px","size":"32","sizes":[]},"typography_font_size_mobile":{"unit":"px","size":"28","sizes":[]},"typography_font_weight":"400","typography_text_transform":"capitalize","typography_line_height":{"unit":"px","size":"44","sizes":[]},"typography_line_height_tablet":{"unit":"px","size":"36","sizes":[]},"typography_line_height_mobile":{"unit":"px","size":"32","sizes":[]},"typography_letter_spacing":{"unit":"px","size":"-1.13","sizes":[]}},"elements":[],"isInner":false,"widgetType":"heading","elType":"widget"},{"id":"7350fa8f","settings":{"structure":"30","margin":{"unit":"%","top":"4","right":"0","bottom":"0","left":"0","isLinked":""}},"elements":[{"id":"17a1fc5e","settings":{"_column_size":"33","margin":{"unit":"%","top":"25","right":"0","bottom":"0","left":"0","isLinked":""},"_inline_size_tablet":"25","margin_tablet":{"unit":"%","top":"65","right":"0","bottom":"0","left":"0","isLinked":""},"margin_mobile":{"unit":"%","top":"10","right":"0","bottom":"0","left":"25","isLinked":""}},"elements":[{"id":"1098aa84","settings":{"image":{"id":3132,"url":"https:\/\/library.elementor.com\/wp-content\/uploads\/2020\/08\/HomePage-OurProjects-img_1.jpg"},"image_size":"full","align":"right","_z_index":"2","_margin_mobile":{"unit":"%","top":"","right":"","bottom":"","left":"","isLinked":"1"}},"elements":[],"isInner":false,"widgetType":"image","elType":"widget"},{"id":"6d1e9a54","settings":{"space":{"unit":"px","size":"288","sizes":[]},"_background_background":"classic","_background_color":"#6C7C69","_element_width":"initial","_element_custom_width":{"unit":"px","size":"315","sizes":[]},"_position":"absolute","_offset_y":{"unit":"px","size":"-65","sizes":[]},"space_tablet":{"unit":"px","size":"128","sizes":[]},"_element_width_tablet":"initial","_element_custom_width_tablet":{"unit":"px","size":"148","sizes":[]},"_offset_x_tablet":{"unit":"px","size":"-15","sizes":[]},"_offset_x_mobile":{"unit":"px","size":"-30","sizes":[]},"_offset_y_tablet":{"unit":"px","size":"-40","sizes":[]}},"elements":[],"isInner":false,"widgetType":"spacer","elType":"widget"}],"isInner":"1","elType":"column"},{"id":"32176555","settings":{"_column_size":"33","_inline_size_tablet":"50"},"elements":[{"id":"11c0fdd4","settings":{"image":{"id":3133,"url":"https:\/\/library.elementor.com\/wp-content\/uploads\/2020\/08\/HomePage-OurProjects-img_2.jpg"},"image_size":"full","_z_index":"2","_animation":"fadeInUp","animation_duration":"slow"},"elements":[],"isInner":false,"widgetType":"image","elType":"widget"}],"isInner":"1","elType":"column"},{"id":"5910ba71","settings":{"_column_size":"33","margin":{"unit":"%","top":"35","right":"0","bottom":"0","left":"0","isLinked":""},"_inline_size_tablet":"25","margin_tablet":{"unit":"%","top":"83","right":"0","bottom":"0","left":"0","isLinked":""},"margin_mobile":{"unit":"%","top":"20","right":"25","bottom":"0","left":"0","isLinked":""}},"elements":[{"id":"7ef928e9","settings":{"image":{"id":3134,"url":"https:\/\/library.elementor.com\/wp-content\/uploads\/2020\/08\/HomePage-OurProjects-img_3.jpg"},"image_size":"full","align":"left","_z_index":"2"},"elements":[],"isInner":false,"widgetType":"image","elType":"widget"},{"id":"18c3e0a2","settings":{"space":{"unit":"px","size":"326","sizes":[]},"_background_background":"classic","_background_color":"#F2EAE3","_element_width":"initial","_element_custom_width":{"unit":"px","size":"267","sizes":[]},"_position":"absolute","_offset_x":{"unit":"px","size":"","sizes":[]},"_offset_y":{"unit":"px","size":"-60","sizes":[]},"_offset_orientation_h":"end","_offset_x_end":{"unit":"px","size":"60","sizes":[]},"space_tablet":{"unit":"px","size":"186","sizes":[]},"_element_width_tablet":"initial","_element_custom_width_tablet":{"unit":"px","size":"128","sizes":[]},"_offset_x_end_tablet":{"unit":"px","size":"-15","sizes":[]},"_offset_x_end_mobile":{"unit":"px","size":"-30","sizes":[]},"_offset_y_tablet":{"unit":"px","size":"-40","sizes":[]}},"elements":[],"isInner":false,"widgetType":"spacer","elType":"widget"}],"isInner":"1","elType":"column"}],"isInner":"1","elType":"section"},{"id":"300acae","settings":{"text":"View Project Gallery","align":"center","hover_color":"#000000","button_background_hover_color":"rgba(2, 1, 1, 0)","border_border":"solid","border_width":{"unit":"px","top":"0","right":"0","bottom":"1","left":"0","isLinked":""},"border_color":"#6C7C69","text_padding":{"unit":"px","top":"0","right":"0","bottom":"0","left":"0","isLinked":"1"},"_margin":{"unit":"%","top":"","right":"","bottom":"","left":"","isLinked":"1"},"_margin_mobile":{"unit":"%","top":"5","right":"0","bottom":"0","left":"0","isLinked":""},"typography_typography":"custom","typography_font_family":"Helvetica","typography_font_size":{"unit":"px","size":"14","sizes":[]},"typography_font_weight":"700","typography_text_transform":"capitalize","typography_line_height":{"unit":"px","size":"","sizes":[]},"typography_letter_spacing":{"unit":"px","size":"-0.45","sizes":[]},"button_text_color":"#6C7C69","button_hover_border_color":"#000000","border_radius":{"unit":"px","top":"0","right":"0","bottom":"0","left":"0","isLinked":"1"},"background_color":"rgba(2, 1, 1, 0)"},"elements":[],"isInner":false,"widgetType":"button","elType":"widget"}],"isInner":"","elType":"column"}],"isInner":"","elType":"section"},{"id":"42794db","settings":{"margin":{"unit":"%","top":"10","right":"0","bottom":"0","left":"0","isLinked":""},"padding_tablet":{"unit":"%","top":"","right":"","bottom":"","left":"","isLinked":"1"},"margin_mobile":{"unit":"%","top":"30","right":"0","bottom":"0","left":"0","isLinked":""},"_title":"Blog posts","margin_tablet":{"unit":"%","top":"20","right":"0","bottom":"0","left":"0","isLinked":""},"layout":"full_width","gap":"no","padding":{"unit":"%","top":"0","right":"7","bottom":"0","left":"7","isLinked":""},"_timestamp_":"v1R3BjMjVnNTZwRTgwWHBPUlA5UUxZUT09"},"elements":[{"id":"2b994981","settings":{"_column_size":"100"},"elements":[{"id":"3ff3b840","settings":{"title":"Our Blog","align":"center","title_color":"#6C7C69","typography_typography":"custom","typography_font_family":"Playfair Display","typography_font_size":{"unit":"px","size":"40","sizes":[]},"typography_font_size_tablet":{"unit":"px","size":"32","sizes":[]},"typography_font_size_mobile":{"unit":"px","size":"28","sizes":[]},"typography_font_weight":"400","typography_text_transform":"capitalize","typography_line_height":{"unit":"px","size":"44","sizes":[]},"typography_line_height_tablet":{"unit":"px","size":"36","sizes":[]},"typography_line_height_mobile":{"unit":"px","size":"32","sizes":[]},"typography_letter_spacing":{"unit":"px","size":"-1.13","sizes":[]}},"elements":[],"isInner":false,"widgetType":"heading","elType":"widget"},{"id":"3280a546","settings":{"margin":{"unit":"%","top":"4","right":"0","bottom":"0","left":"0","isLinked":""},"gap":"no","content_width":{"unit":"px","size":"1400","sizes":[]}},"elements":[{"id":"48a96d81","settings":{"_column_size":"100"},"elements":[{"id":"209ebeb2","settings":{"classic_meta_separator":"\/\/\/","classic_read_more_text":"Read More \u00bb","cards_meta_separator":"\u2022","cards_read_more_text":"Read More","full_content_meta_separator":"\/\/\/","pagination_page_limit":"5","pagination_prev_label":"&laquo; Previous","pagination_next_label":"Next &raquo;","_skin":"cards","classic_posts_per_page":"3","classic_thumbnail_size_size":"full","cards_columns_tablet":"1","cards_posts_per_page":"3","cards_thumbnail_size_size":"full","cards_item_ratio_mobile":{"unit":"px","size":"0.8","sizes":[]},"cards_title_tag":"h4","cards_meta_data":[],"cards_show_badge":"","cards_show_avatar":"","posts_avoid_duplicates":"yes","posts_order":"asc","classic_column_gap":{"unit":"px","size":"40","sizes":[]},"classic_row_gap":{"unit":"px","size":"40","sizes":[]},"cards_column_gap":{"unit":"px","size":"45","sizes":[]},"cards_card_bg_color":"#6C7C69","cards_card_border_radius":{"unit":"px","size":"0","sizes":[]},"cards_card_padding":{"unit":"px","size":"50","sizes":[]},"cards_box_shadow_box_shadow_type":"","cards_title_color":"#FFFFFF","cards_title_spacing":{"unit":"px","size":"15","sizes":[]},"cards_excerpt_color":"#FFFFFF","cards_excerpt_spacing":{"unit":"px","size":"10","sizes":[]},"cards_read_more_color":"#FFFFFF","cards_read_more_typography_typography":"custom","cards_read_more_typography_font_size":{"unit":"px","size":"14","sizes":[]},"cards_read_more_typography_text_transform":"capitalize","cards_read_more_typography_text_decoration":"underline","cards_read_more_spacing":{"unit":"px","size":"20","sizes":[]},"cards_row_gap":{"unit":"px","size":"70","sizes":[]},"cards_item_ratio_tablet":{"unit":"px","size":"0.5","sizes":[]},"cards_title_typography_typography":"custom","cards_title_typography_font_family":"Playfair Display","cards_title_typography_font_size":{"unit":"px","size":"24","sizes":[]},"cards_title_typography_font_weight":"700","cards_title_typography_text_transform":"capitalize","cards_title_typography_line_height":{"unit":"px","size":"25","sizes":[]},"cards_title_typography_letter_spacing":{"unit":"px","size":"-0.68","sizes":[]},"cards_excerpt_typography_typography":"custom","cards_excerpt_typography_font_family":"Helvetica","cards_excerpt_typography_font_size":{"unit":"px","size":"14","sizes":[]},"cards_excerpt_typography_font_weight":"300","cards_excerpt_typography_line_height":{"unit":"px","size":"22","sizes":[]},"cards_excerpt_typography_letter_spacing":{"unit":"px","size":"0","sizes":[]},"cards_read_more_typography_font_family":"Helvetica","cards_read_more_typography_font_weight":"700"},"elements":[],"isInner":false,"widgetType":"posts","elType":"widget"}],"isInner":"1","elType":"column"}],"isInner":"1","elType":"section"},{"id":"a761ef1","settings":{"text":"Explore Our Blog","align":"center","_margin":{"unit":"%","top":"4","right":"0","bottom":"0","left":"0","isLinked":""},"hover_color":"#000000","button_background_hover_color":"rgba(2, 1, 1, 0)","border_border":"solid","border_width":{"unit":"px","top":"0","right":"0","bottom":"1","left":"0","isLinked":""},"border_color":"#6C7C69","text_padding":{"unit":"px","top":"0","right":"0","bottom":"0","left":"0","isLinked":"1"},"_margin_tablet":{"unit":"%","top":"10","right":"0","bottom":"0","left":"0","isLinked":""},"_margin_mobile":{"unit":"%","top":"15","right":"0","bottom":"0","left":"0","isLinked":""},"typography_typography":"custom","typography_font_family":"Helvetica","typography_font_size":{"unit":"px","size":"14","sizes":[]},"typography_font_weight":"700","typography_text_transform":"capitalize","typography_line_height":{"unit":"px","size":"","sizes":[]},"typography_letter_spacing":{"unit":"px","size":"-0.45","sizes":[]},"button_text_color":"#6C7C69","button_hover_border_color":"#000000","border_radius":{"unit":"px","top":"0","right":"0","bottom":"0","left":"0","isLinked":"1"},"background_color":"rgba(2, 1, 1, 0)"},"elements":[],"isInner":false,"widgetType":"button","elType":"widget"}],"isInner":"","elType":"column"}],"isInner":"","elType":"section"},{"id":"7998fb8f","settings":{"content_width":{"unit":"px","size":"640","sizes":[]},"margin":{"unit":"%","top":"15","right":"0","bottom":"15","left":"0","isLinked":"1"},"margin_tablet":{"unit":"%","top":"20","right":"0","bottom":"20","left":"0","isLinked":"1"},"margin_mobile":{"unit":"%","top":"30","right":"0","bottom":"35","left":"0","isLinked":""},"_title":"2 year warranty","_timestamp_":"v1R3BjMjVnNTZwRTgwWHBPUlA5UUxZUT09"},"elements":[{"id":"3d77d1bd","settings":{"_column_size":"100"},"elements":[{"id":"66ff31d8","settings":{"title":"2 year warranty\n","align":"center","typography_typography":"custom","typography_font_weight":"700","_margin":{"unit":"px","top":"0","right":"0","bottom":"-12","left":"0","isLinked":""},"_z_index":"2","title_color":"#6C7C69","typography_font_family":"Playfair Display","typography_font_size":{"unit":"px","size":"40","sizes":[]},"typography_font_size_tablet":{"unit":"px","size":"32","sizes":[]},"typography_font_size_mobile":{"unit":"px","size":"28","sizes":[]},"typography_text_transform":"capitalize","typography_line_height":{"unit":"px","size":"44","sizes":[]},"typography_line_height_tablet":{"unit":"px","size":"36","sizes":[]},"typography_line_height_mobile":{"unit":"px","size":"32","sizes":[]},"typography_letter_spacing":{"unit":"px","size":"-1.13","sizes":[]}},"elements":[],"isInner":false,"widgetType":"heading","elType":"widget"},{"id":"14113874","settings":{"space":{"unit":"px","size":"140","sizes":[]},"_background_background":"classic","_background_color":"#F2EAE3","_element_width":"initial","_element_custom_width":{"unit":"px","size":"255","sizes":[]},"_position":"absolute","_offset_x":{"unit":"px","size":"","sizes":[]},"_offset_y":{"unit":"px","size":"62","sizes":[]},"_offset_orientation_h":"end","_offset_x_end":{"unit":"px","size":"-130","sizes":[]},"_element_width_tablet":"initial","_element_custom_width_tablet":{"unit":"px","size":"184","sizes":[]},"_offset_x_end_tablet":{"unit":"px","size":"-15","sizes":[]},"_offset_x_end_mobile":{"unit":"px","size":"-5","sizes":[]},"_offset_y_tablet":{"unit":"px","size":"-260","sizes":[]},"space_mobile":{"unit":"px","size":"100","sizes":[]},"_element_custom_width_mobile":{"unit":"px","size":"162","sizes":[]},"_offset_y_mobile":{"unit":"px","size":"-92","sizes":[]},"_offset_orientation_v":"end","_offset_y_end":{"unit":"px","size":"-40","sizes":[]},"_offset_y_end_tablet":{"unit":"px","size":"-10","sizes":[]},"_offset_y_end_mobile":{"unit":"px","size":"-70","sizes":[]}},"elements":[],"isInner":false,"widgetType":"spacer","elType":"widget"},{"id":"5e47d468","settings":{"space":{"unit":"px","size":"140","sizes":[]},"_background_background":"classic","_background_color":"#F2EAE3","_element_width":"initial","_element_custom_width":{"unit":"px","size":"255","sizes":[]},"_position":"absolute","_offset_x":{"unit":"px","size":"-50","sizes":[]},"_offset_y":{"unit":"px","size":"-70","sizes":[]},"_offset_x_end":{"unit":"px","size":"-60","sizes":[]},"_element_custom_width_tablet":{"unit":"px","size":"184","sizes":[]},"_offset_x_end_tablet":{"unit":"px","size":"-15","sizes":[]},"_offset_x_end_mobile":{"unit":"px","size":"-10","sizes":[]},"space_mobile":{"unit":"px","size":"95","sizes":[]},"_element_width_mobile":"initial","_element_custom_width_mobile":{"unit":"px","size":"117","sizes":[]},"_offset_y_mobile":{"unit":"px","size":"-30","sizes":[]},"_offset_x_tablet":{"unit":"px","size":"-10","sizes":[]},"_offset_y_end":{"unit":"px","size":"-80","sizes":[]}},"elements":[],"isInner":false,"widgetType":"spacer","elType":"widget"},{"id":"39fc5218","settings":{"title":"for all of our services","header_size":"h5","align":"center","_z_index":"2","title_color":"#6C7C69","typography_typography":"custom","typography_font_family":"Playfair Display","typography_font_size":{"unit":"px","size":"18","sizes":[]},"typography_font_weight":"400","typography_text_transform":"capitalize","typography_line_height":{"unit":"px","size":"19","sizes":[]},"typography_letter_spacing":{"unit":"px","size":"-0.51","sizes":[]}},"elements":[],"isInner":false,"widgetType":"heading","elType":"widget"},{"id":"191f1eb0","settings":{"editor":"<p>Lorem ipsum dolor sit amet, te has solet postea. Voluptua quaestio dissentias has ex, no eum aliquid tibique petentium, agam mucius liberavisse eos id. Ut sea accumsan interpretaris, viderer pertinax repudiandae ne ius, qui ne porro insolens instructior.<\/p>","align":"center","_z_index":"2","text_color":"#000000","typography_typography":"custom","typography_font_family":"Helvetica","typography_font_size":{"unit":"px","size":"16","sizes":[]},"typography_font_size_tablet":{"unit":"px","size":"14","sizes":[]},"typography_font_weight":"300","typography_line_height":{"unit":"px","size":"22","sizes":[]},"typography_line_height_tablet":{"unit":"px","size":"20","sizes":[]},"typography_letter_spacing":{"unit":"px","size":"0","sizes":[]}},"elements":[],"isInner":false,"widgetType":"text-editor","elType":"widget"}],"isInner":"","elType":"column"}],"isInner":"","elType":"section"}]}