{"version":"0.4","title":"14965","type":"page","content":[{"id":"3436f86f","settings":{"layout":"full_width","gap":"no","height":"min-height","custom_height":{"unit":"vh","size":"60","sizes":[]},"column_position":"stretch","content_position":"bottom","structure":"32","_title":"Hero","_timestamp_":"v1R3BjMjVnNTZwRTgwWHBPUlA5UUxZUT09"},"elements":[{"id":"75b07de1","settings":{"_column_size":"50","_inline_size":"70","background_background":"classic","background_color":"#6C7C69","padding":{"unit":"%","top":"0","right":"25","bottom":"15","left":"10","isLinked":""},"_inline_size_tablet":"88","margin_tablet":{"unit":"%","top":"","right":"","bottom":"","left":"","isLinked":"1"},"padding_tablet":{"unit":"%","top":"25","right":"5","bottom":"45","left":"10","isLinked":""},"padding_mobile":{"unit":"%","top":"30","right":"5","bottom":"30","left":"10","isLinked":""}},"elements":[{"id":"18a12e09","settings":{"title":"Gallery","header_size":"h1","title_color":"#FFFFFF","typography_typography":"custom","typography_font_family":"Playfair Display","typography_font_size":{"unit":"px","size":"80","sizes":[]},"typography_font_size_tablet":{"unit":"px","size":"56","sizes":[]},"typography_font_size_mobile":{"unit":"px","size":"38","sizes":[]},"typography_font_weight":"700","typography_text_transform":"capitalize","typography_line_height":{"unit":"px","size":"80","sizes":[]},"typography_line_height_tablet":{"unit":"px","size":"56","sizes":[]},"typography_line_height_mobile":{"unit":"px","size":"42","sizes":[]},"typography_letter_spacing":{"unit":"px","size":"-2.25","sizes":[]}},"elements":[],"isInner":false,"widgetType":"heading","elType":"widget"},{"id":"75190b29","settings":{"title":"Get inspired by our beautiful flooring projects","header_size":"h6","_margin":{"unit":"%","top":"1","right":"0","bottom":"0","left":"0","isLinked":""},"title_color":"#FFFFFF","typography_typography":"custom","typography_font_family":"Helvetica","typography_font_size":{"unit":"px","size":"18","sizes":[]},"typography_font_size_tablet":{"unit":"px","size":"16","sizes":[]},"typography_font_size_mobile":{"unit":"px","size":"14","sizes":[]},"typography_font_weight":"300","typography_line_height":{"unit":"px","size":"22","sizes":[]},"typography_letter_spacing":{"unit":"px","size":"1.5","sizes":[]}},"elements":[],"isInner":false,"widgetType":"heading","elType":"widget"}],"isInner":"","elType":"column"},{"id":"3c158727","settings":{"_column_size":"25","_inline_size":"23","margin":{"unit":"%","top":"0","right":"10","bottom":"0","left":"0","isLinked":""},"_inline_size_tablet":"100","margin_tablet":{"unit":"%","top":"0","right":"5","bottom":"0","left":"0","isLinked":""},"margin_mobile":{"unit":"%","top":"0","right":"5","bottom":"0","left":"0","isLinked":""},"padding_tablet":{"unit":"%","top":"","right":"","bottom":"","left":"","isLinked":"1"},"padding":{"unit":"%","top":"","right":"","bottom":"","left":"","isLinked":"1"}},"elements":[{"id":"5887cba9","settings":{"image":{"id":3082,"url":"https:\/\/library.elementor.com\/wp-content\/uploads\/2020\/08\/GalleryPage-Hero.jpg"},"image_size":"full","_margin":{"unit":"%","top":"0","right":"0","bottom":"-35","left":"-130","isLinked":""},"_margin_tablet":{"unit":"%","top":"-30","right":"0","bottom":"0","left":"22","isLinked":""},"_margin_mobile":{"unit":"%","top":"-20","right":"0","bottom":"0","left":"15","isLinked":""}},"elements":[],"isInner":false,"widgetType":"image","elType":"widget"}],"isInner":"","elType":"column"},{"id":"7c1d9c15","settings":{"_column_size":"25","_inline_size":"7","_inline_size_tablet":"100","align_tablet":"flex-end","margin":{"unit":"%","top":"","right":"","bottom":"","left":"","isLinked":"1"},"margin_tablet":{"unit":"%","top":"5","right":"0","bottom":"0","left":"0","isLinked":""},"padding":{"unit":"%","top":"","right":"","bottom":"","left":"","isLinked":"1"}},"elements":[{"id":"57ca85bf","settings":{"space":{"unit":"px","size":"328","sizes":[]},"_background_background":"classic","_background_color":"#6C7C69","_element_custom_width":{"unit":"px","size":"138","sizes":[]},"_offset_x":{"unit":"%","size":"0","sizes":[]},"_offset_y":{"unit":"%","size":"","sizes":[]},"_element_custom_width_tablet":{"unit":"px","size":"36","sizes":[]},"_offset_orientation_v":"end","_element_width_mobile":"initial","_element_custom_width_mobile":{"unit":"px","size":"30","sizes":[]},"space_tablet":{"unit":"px","size":"180","sizes":[]},"space_mobile":{"unit":"px","size":"55","sizes":[]},"_margin":{"unit":"%","top":"0","right":"0","bottom":"-280","left":"0","isLinked":""},"_margin_mobile":{"unit":"%","top":"","right":"","bottom":"","left":"","isLinked":"1"},"_animation":"fadeInRight","animation_duration":"slow","_element_width_tablet":"initial","_offset_orientation_h":"end","_offset_x_end":{"unit":"%","size":"0","sizes":[]}},"elements":[],"isInner":false,"widgetType":"spacer","elType":"widget"}],"isInner":"","elType":"column"}],"isInner":"","elType":"section"},{"id":"43d4f378","settings":{"layout":"full_width","gap":"no","margin":{"unit":"%","top":"20","right":"0","bottom":"15","left":"0","isLinked":""},"margin_tablet":{"unit":"%","top":"20","right":"0","bottom":"20","left":"0","isLinked":"1"},"margin_mobile":{"unit":"%","top":"35","right":"0","bottom":"35","left":"0","isLinked":"1"},"padding":{"unit":"%","top":"0","right":"11","bottom":"0","left":"11","isLinked":""},"padding_tablet":{"unit":"%","top":"0","right":"7","bottom":"0","left":"7","isLinked":""},"_title":"Gallery","_timestamp_":"v1R3BjMjVnNTZwRTgwWHBPUlA5UUxZUT09"},"elements":[{"id":"33b2ad50","settings":{"_column_size":"100"},"elements":[{"id":"4aaa1adb","settings":{"gallery_type":"multiple","gallery":[{"id":3083,"url":"https:\/\/library.elementor.com\/wp-content\/uploads\/2020\/08\/ServicesPage-Vinyl_Tile_Flooring.jpg"},{"id":3084,"url":"https:\/\/library.elementor.com\/wp-content\/uploads\/2020\/08\/ServicesPage-Laminate_Flooring.jpg"},{"id":3085,"url":"https:\/\/library.elementor.com\/wp-content\/uploads\/2020\/08\/ServicesPage-Hero.jpg"},{"id":3086,"url":"https:\/\/library.elementor.com\/wp-content\/uploads\/2020\/08\/ServicesPage-Hardwood_Flooring.jpg"},{"id":3087,"url":"https:\/\/library.elementor.com\/wp-content\/uploads\/2020\/08\/ServicesPage-Concrete_Flooring.jpg"},{"id":3088,"url":"https:\/\/library.elementor.com\/wp-content\/uploads\/2020\/08\/ServicesPage-Ceramic_Tyle_Flooring.jpg"},{"id":3089,"url":"https:\/\/library.elementor.com\/wp-content\/uploads\/2020\/08\/ServicesPage-Carpet_Flooring.jpg"},{"id":3090,"url":"https:\/\/library.elementor.com\/wp-content\/uploads\/2020\/08\/404Page-Hero.jpg"},{"id":3091,"url":"https:\/\/library.elementor.com\/wp-content\/uploads\/2020\/08\/SinglePost_9-News-Image-3.jpg"},{"id":3092,"url":"https:\/\/library.elementor.com\/wp-content\/uploads\/2020\/08\/SinglePost_9-News-Image-2.jpg"},{"id":3093,"url":"https:\/\/library.elementor.com\/wp-content\/uploads\/2020\/08\/SinglePost_9-News-Image-1.jpg"},{"id":3094,"url":"https:\/\/library.elementor.com\/wp-content\/uploads\/2020\/08\/SinglePost_8-News-Image-3.jpg"},{"id":3095,"url":"https:\/\/library.elementor.com\/wp-content\/uploads\/2020\/08\/SinglePost_8-News-Image-2.jpg"}],"galleries":[{"gallery_title":"Hardwood","_id":"b739f33","multiple_gallery":[{"id":3096,"url":"https:\/\/library.elementor.com\/wp-content\/uploads\/2020\/08\/Gallery-img_1.jpg"},{"id":3097,"url":"https:\/\/library.elementor.com\/wp-content\/uploads\/2020\/08\/Gallery-img_13.jpg"},{"id":3098,"url":"https:\/\/library.elementor.com\/wp-content\/uploads\/2020\/08\/Gallery-img_14.jpg"}]},{"gallery_title":"Laminate","multiple_gallery":[{"id":3099,"url":"https:\/\/library.elementor.com\/wp-content\/uploads\/2020\/08\/Gallery-img_2.png"},{"id":3100,"url":"https:\/\/library.elementor.com\/wp-content\/uploads\/2020\/08\/Gallery-img_4.jpg"},{"id":3101,"url":"https:\/\/library.elementor.com\/wp-content\/uploads\/2020\/08\/Gallery-img_8.png"}],"_id":"7844985"},{"gallery_title":"Ceramic Tile","multiple_gallery":[{"id":3102,"url":"https:\/\/library.elementor.com\/wp-content\/uploads\/2020\/08\/Gallery-img_7.png"},{"id":3103,"url":"https:\/\/library.elementor.com\/wp-content\/uploads\/2020\/08\/Gallery-img_6.png"},{"id":3104,"url":"https:\/\/library.elementor.com\/wp-content\/uploads\/2020\/08\/Gallery-img_12.png"}],"_id":"f67dd3a"},{"gallery_title":"Vinyl Tile","multiple_gallery":[{"id":3105,"url":"https:\/\/library.elementor.com\/wp-content\/uploads\/2020\/08\/Gallery-img_15.jpg"},{"id":3106,"url":"https:\/\/library.elementor.com\/wp-content\/uploads\/2020\/08\/Gallery-img_16.jpg"},{"id":3107,"url":"https:\/\/library.elementor.com\/wp-content\/uploads\/2020\/08\/Gallery-img_17.jpg"}],"_id":"5751603"},{"gallery_title":"Carpeted","multiple_gallery":[{"id":3108,"url":"https:\/\/library.elementor.com\/wp-content\/uploads\/2020\/08\/Gallery-img_18.jpg"},{"id":3109,"url":"https:\/\/library.elementor.com\/wp-content\/uploads\/2020\/08\/Gallery-img_9.png"},{"id":3110,"url":"https:\/\/library.elementor.com\/wp-content\/uploads\/2020\/08\/Gallery-img_19.jpg"}],"_id":"6ba034b"},{"gallery_title":"Concrete","multiple_gallery":[{"id":3111,"url":"https:\/\/library.elementor.com\/wp-content\/uploads\/2020\/08\/Gallery-img_3.png"},{"id":3112,"url":"https:\/\/library.elementor.com\/wp-content\/uploads\/2020\/08\/Gallery-img_20-1.jpg"},{"id":3113,"url":"https:\/\/library.elementor.com\/wp-content\/uploads\/2020\/08\/Gallery-img_21.jpg"}],"_id":"192a686"}],"columns":"3","gap":{"unit":"px","size":"40","sizes":[]},"aspect_ratio":"1:1","thumbnail_image_size":"full","show_all_galleries_label":"All","overlay_background_hover_color":"rgba(0, 0, 0, 0.3)","galleries_title_color_normal":"rgba(0, 0, 0, 0.34901960784313724)","galleries_titles_typography_typography":"custom","galleries_titles_typography_font_family":"Playfair Display","galleries_titles_typography_font_size":{"unit":"px","size":"18","sizes":[]},"galleries_titles_typography_font_size_tablet":{"unit":"px","size":"16","sizes":[]},"galleries_titles_typography_font_size_mobile":{"unit":"px","size":"14","sizes":[]},"galleries_titles_typography_font_weight":"400","galleries_titles_typography_text_transform":"capitalize","galleries_titles_typography_line_height":{"unit":"px","size":"20","sizes":[]},"galleries_titles_typography_letter_spacing":{"unit":"px","size":"-0.51","sizes":[]},"galleries_title_color_hover":"#6C7C69","galleries_title_color_active":"#6C7C69","galleries_titles_space_between":{"unit":"%","size":"3","sizes":[]},"galleries_titles_gap":{"unit":"%","size":"8","sizes":[]},"pointer_width":{"unit":"px","size":"0","sizes":[]},"pointer":"none"},"elements":[],"isInner":false,"widgetType":"gallery","elType":"widget"}],"isInner":"","elType":"column"}],"isInner":"","elType":"section"}]}