{"version":"0.4","title":"14998","type":"page","content":[{"id":"65e6b1d9","settings":{"layout":"full_width","gap":"no","height":"min-height","custom_height":{"unit":"vh","size":"50","sizes":[]},"column_position":"stretch","content_position":"bottom","structure":"32","_title":"Hero","_timestamp_":"v1R3BjMjVnNTZwRTgwWHBPUlA5UUxZUT09"},"elements":[{"id":"7d7d1a43","settings":{"_column_size":"50","_inline_size":"70","background_background":"classic","background_color":"#6C7C69","padding":{"unit":"%","top":"0","right":"25","bottom":"5","left":"10","isLinked":""},"_inline_size_tablet":"88","margin_tablet":{"unit":"%","top":"","right":"","bottom":"","left":"","isLinked":"1"},"padding_tablet":{"unit":"%","top":"25","right":"5","bottom":"45","left":"10","isLinked":""},"padding_mobile":{"unit":"%","top":"30","right":"5","bottom":"30","left":"10","isLinked":""}},"elements":[{"id":"32323243","settings":{"title":"Contact us","header_size":"h1","title_color":"#FFFFFF","typography_typography":"custom","typography_font_family":"Playfair Display","typography_font_size":{"unit":"px","size":"80","sizes":[]},"typography_font_size_tablet":{"unit":"px","size":"56","sizes":[]},"typography_font_size_mobile":{"unit":"px","size":"38","sizes":[]},"typography_font_weight":"700","typography_text_transform":"capitalize","typography_line_height":{"unit":"px","size":"80","sizes":[]},"typography_line_height_tablet":{"unit":"px","size":"56","sizes":[]},"typography_line_height_mobile":{"unit":"px","size":"42","sizes":[]},"typography_letter_spacing":{"unit":"px","size":"-2.25","sizes":[]}},"elements":[],"isInner":false,"widgetType":"heading","elType":"widget"},{"id":"6a270934","settings":{"title":"Let's talk about your flooring project. Contact us for a free consultation and we'll be happy to answer all of your d\u00e9cor questions.","header_size":"h6","_margin":{"unit":"%","top":"1","right":"0","bottom":"0","left":"0","isLinked":""},"_padding":{"unit":"%","top":"0","right":"24","bottom":"0","left":"0","isLinked":""},"_padding_tablet":{"unit":"px","top":"0","right":"0","bottom":"0","left":"0","isLinked":"1"},"title_color":"#FFFFFF","typography_typography":"custom","typography_font_family":"Helvetica","typography_font_size":{"unit":"px","size":"18","sizes":[]},"typography_font_size_tablet":{"unit":"px","size":"16","sizes":[]},"typography_font_size_mobile":{"unit":"px","size":"14","sizes":[]},"typography_font_weight":"300","typography_line_height":{"unit":"px","size":"22","sizes":[]},"typography_letter_spacing":{"unit":"px","size":"1.5","sizes":[]}},"elements":[],"isInner":false,"widgetType":"heading","elType":"widget"}],"isInner":"","elType":"column"},{"id":"6309a0f4","settings":{"_column_size":"25","_inline_size":"23","margin":{"unit":"%","top":"","right":"","bottom":"","left":"","isLinked":"1"},"_inline_size_tablet":"100","margin_tablet":{"unit":"%","top":"0","right":"5","bottom":"0","left":"0","isLinked":""},"margin_mobile":{"unit":"%","top":"0","right":"5","bottom":"0","left":"0","isLinked":""},"padding_tablet":{"unit":"%","top":"","right":"","bottom":"","left":"","isLinked":"1"},"padding":{"unit":"%","top":"","right":"","bottom":"","left":"","isLinked":"1"}},"elements":[{"id":"7e68f7af","settings":{"image":{"id":3075,"url":"https:\/\/library.elementor.com\/wp-content\/uploads\/2020\/08\/ContactPage-Hero-img_1.jpg"},"image_size":"full","_margin":{"unit":"%","top":"20","right":"0","bottom":"-100","left":"-80","isLinked":""},"_margin_tablet":{"unit":"%","top":"-30","right":"0","bottom":"0","left":"45","isLinked":""},"_margin_mobile":{"unit":"%","top":"-18","right":"0","bottom":"0","left":"34","isLinked":""}},"elements":[],"isInner":false,"widgetType":"image","elType":"widget"},{"id":"7e9ba65","settings":{"image":{"id":3076,"url":"https:\/\/library.elementor.com\/wp-content\/uploads\/2020\/08\/ContactPage-Hero-img_2.jpg"},"image_size":"full","image_box_shadow_box_shadow_type":"yes","image_box_shadow_box_shadow":{"horizontal":"0","vertical":"15","blur":"15","spread":"0","color":"rgba(0, 0, 0, 0.06)"},"_element_width":"auto","_position":"absolute","_offset_x":{"unit":"px","size":"-330","sizes":[]},"_offset_orientation_v":"end","_offset_y":{"unit":"px","size":"","sizes":[]},"_offset_y_end":{"unit":"px","size":"-40","sizes":[]},"width_tablet":{"unit":"%","size":"70","sizes":[]},"width_mobile":{"unit":"%","size":"55","sizes":[]},"_offset_y_end_mobile":{"unit":"px","size":"175","sizes":[]},"animation_duration":"slow","_offset_x_tablet":{"unit":"px","size":"200","sizes":[]},"_offset_y_end_tablet":{"unit":"px","size":"320","sizes":[]},"_offset_x_mobile":{"unit":"px","size":"0","sizes":[]},"_animation":"none","_animation_tablet":"fadeInRight"},"elements":[],"isInner":false,"widgetType":"image","elType":"widget"}],"isInner":"","elType":"column"},{"id":"6df5e3c","settings":{"_column_size":"25","_inline_size":"7","_inline_size_tablet":"100","align_tablet":"flex-end","margin":{"unit":"%","top":"","right":"","bottom":"","left":"","isLinked":"1"},"margin_tablet":{"unit":"%","top":"5","right":"0","bottom":"0","left":"0","isLinked":""},"padding":{"unit":"%","top":"","right":"","bottom":"","left":"","isLinked":"1"}},"elements":[{"id":"5ec299ae","settings":{"space":{"unit":"px","size":"308","sizes":[]},"_background_background":"classic","_background_color":"#6C7C69","_element_custom_width":{"unit":"px","size":"138","sizes":[]},"_offset_x":{"unit":"%","size":"0","sizes":[]},"_offset_y":{"unit":"%","size":"","sizes":[]},"_element_custom_width_tablet":{"unit":"px","size":"36","sizes":[]},"_offset_orientation_v":"end","_element_width_mobile":"initial","_element_custom_width_mobile":{"unit":"px","size":"30","sizes":[]},"space_tablet":{"unit":"px","size":"180","sizes":[]},"space_mobile":{"unit":"px","size":"55","sizes":[]},"_margin":{"unit":"%","top":"0","right":"0","bottom":"-280","left":"0","isLinked":""},"_margin_mobile":{"unit":"%","top":"","right":"","bottom":"","left":"","isLinked":"1"},"_animation":"fadeInRight","animation_duration":"slow","_element_width_tablet":"initial","_offset_orientation_h":"end","_offset_x_end":{"unit":"%","size":"0","sizes":[]}},"elements":[],"isInner":false,"widgetType":"spacer","elType":"widget"}],"isInner":"","elType":"column"}],"isInner":"","elType":"section"},{"id":"28e34962","settings":{"layout":"full_width","gap":"no","custom_height":{"unit":"vh","size":"80","sizes":[]},"column_position":"stretch","_title":"Contact Info","margin":{"unit":"%","top":"4","right":"0","bottom":"0","left":"0","isLinked":""},"padding":{"unit":"%","top":"0","right":"50","bottom":"0","left":"7","isLinked":""},"padding_tablet":{"unit":"%","top":"0","right":"7","bottom":"0","left":"7","isLinked":""},"margin_mobile":{"unit":"%","top":"10","right":"0","bottom":"0","left":"0","isLinked":""},"_timestamp_":"v1R3BjMjVnNTZwRTgwWHBPUlA5UUxZUT09"},"elements":[{"id":"71639c21","settings":{"_column_size":"100","_inline_size":"100","background_color":"#6C7C69","padding":{"unit":"%","top":"","right":"","bottom":"","left":"","isLinked":"1"},"_inline_size_tablet":"100","margin_tablet":{"unit":"%","top":"","right":"","bottom":"","left":"","isLinked":"1"},"padding_tablet":{"unit":"%","top":"","right":"","bottom":"","left":"","isLinked":"1"},"padding_mobile":{"unit":"%","top":"","right":"","bottom":"","left":"","isLinked":"1"}},"elements":[{"id":"606b9a74","settings":{"layout":"full_width","gap":"no","structure":"30","margin":{"unit":"px","top":"0","right":"0","bottom":"0","left":"0","isLinked":"1"}},"elements":[{"id":"547abad0","settings":{"_column_size":"33","_inline_size":"28"},"elements":[{"id":"5b328a74","settings":{"title":"Opening Hours","header_size":"h5","title_color":"#6C7C69","typography_typography":"custom","typography_font_family":"Playfair Display","typography_font_size":{"unit":"px","size":"18","sizes":[]},"typography_font_weight":"400","typography_text_transform":"capitalize","typography_line_height":{"unit":"px","size":"19","sizes":[]},"typography_letter_spacing":{"unit":"px","size":"-0.51","sizes":[]},"_z_index":"2"},"elements":[],"isInner":false,"widgetType":"heading","elType":"widget"},{"id":"50d27734","settings":{"editor":"<p>Monday - Friday<br \/>8am - 9pm<\/p>","text_color":"#000000","typography_typography":"custom","typography_font_family":"Helvetica","typography_font_size":{"unit":"px","size":"16","sizes":[]},"typography_font_size_tablet":{"unit":"px","size":"14","sizes":[]},"typography_font_weight":"300","typography_line_height":{"unit":"px","size":"22","sizes":[]},"typography_line_height_tablet":{"unit":"px","size":"20","sizes":[]},"typography_letter_spacing":{"unit":"px","size":"0","sizes":[]}},"elements":[],"isInner":false,"widgetType":"text-editor","elType":"widget"}],"isInner":"1","elType":"column"},{"id":"17f9e5b9","settings":{"_column_size":"33","_inline_size":"38.355","margin_mobile":{"unit":"%","top":"5","right":"0","bottom":"0","left":"0","isLinked":""}},"elements":[{"id":"440abc87","settings":{"title":"Our Location","header_size":"h5","title_color":"#6C7C69","typography_typography":"custom","typography_font_family":"Playfair Display","typography_font_size":{"unit":"px","size":"18","sizes":[]},"typography_font_weight":"400","typography_text_transform":"capitalize","typography_line_height":{"unit":"px","size":"19","sizes":[]},"typography_letter_spacing":{"unit":"px","size":"-0.51","sizes":[]},"_z_index":"2"},"elements":[],"isInner":false,"widgetType":"heading","elType":"widget"},{"id":"365409c","settings":{"editor":"<p>547 Rainbow Road<br \/>Los Angeles, CA 90069<\/p>","text_color":"#000000","typography_typography":"custom","typography_font_family":"Helvetica","typography_font_size":{"unit":"px","size":"16","sizes":[]},"typography_font_size_tablet":{"unit":"px","size":"14","sizes":[]},"typography_font_weight":"300","typography_line_height":{"unit":"px","size":"22","sizes":[]},"typography_line_height_tablet":{"unit":"px","size":"20","sizes":[]},"typography_letter_spacing":{"unit":"px","size":"0","sizes":[]}},"elements":[],"isInner":false,"widgetType":"text-editor","elType":"widget"}],"isInner":"1","elType":"column"},{"id":"696828ea","settings":{"_column_size":"33","margin_mobile":{"unit":"%","top":"5","right":"0","bottom":"0","left":"0","isLinked":""}},"elements":[{"id":"35d7f331","settings":{"title":"Contact Info","header_size":"h5","title_color":"#6C7C69","typography_typography":"custom","typography_font_family":"Playfair Display","typography_font_size":{"unit":"px","size":"18","sizes":[]},"typography_font_weight":"400","typography_text_transform":"capitalize","typography_line_height":{"unit":"px","size":"19","sizes":[]},"typography_letter_spacing":{"unit":"px","size":"-0.51","sizes":[]},"_z_index":"2"},"elements":[],"isInner":false,"widgetType":"heading","elType":"widget"},{"id":"33767ebc","settings":{"editor":"(310) 495 - 7015\ninfo@GrantFlooring.com","text_color":"#000000","typography_typography":"custom","typography_font_family":"Helvetica","typography_font_size":{"unit":"px","size":"16","sizes":[]},"typography_font_size_tablet":{"unit":"px","size":"14","sizes":[]},"typography_font_weight":"300","typography_line_height":{"unit":"px","size":"22","sizes":[]},"typography_line_height_tablet":{"unit":"px","size":"20","sizes":[]},"typography_letter_spacing":{"unit":"px","size":"0","sizes":[]}},"elements":[],"isInner":false,"widgetType":"text-editor","elType":"widget"}],"isInner":"1","elType":"column"}],"isInner":"1","elType":"section"}],"isInner":"","elType":"column"}],"isInner":"","elType":"section"},{"id":"269e8c41","settings":{"content_width":{"unit":"px","size":"760","sizes":[]},"margin":{"unit":"%","top":"20","right":"0","bottom":"0","left":"0","isLinked":""},"gap":"no","margin_mobile":{"unit":"%","top":"30","right":"0","bottom":"0","left":"0","isLinked":""},"padding_tablet":{"unit":"%","top":"0","right":"7","bottom":"0","left":"7","isLinked":""},"_title":"Contact Form","_timestamp_":"v1R3BjMjVnNTZwRTgwWHBPUlA5UUxZUT09"},"elements":[{"id":"19c34fa0","settings":{"_column_size":"100"},"elements":[{"id":"d388033","settings":{"title":"Fill out the form below and we will<br> contact you as soon as possible  ","header_size":"p","align":"center","title_color":"#000000","typography_typography":"custom","typography_font_family":"Helvetica","typography_font_size":{"unit":"px","size":"16","sizes":[]},"typography_font_size_tablet":{"unit":"px","size":"14","sizes":[]},"typography_font_weight":"300","typography_line_height":{"unit":"px","size":"22","sizes":[]},"typography_line_height_tablet":{"unit":"px","size":"20","sizes":[]},"typography_letter_spacing":{"unit":"px","size":"0","sizes":[]}},"elements":[],"isInner":false,"widgetType":"heading","elType":"widget"},{"id":"6d1ae7a4","settings":{"form_name":"Contact Us","form_fields":[{"custom_id":"name","field_type":"text","field_label":"Your Name","placeholder":"Your Name","width":"50","_id":"156a4f3","required":"","selected_icon":{"value":"fas fa-star","library":"fa-solid"},"field_options":"","allow_multiple":"","select_size":"","inline_list":"","field_html":"","width_tablet":"","width_mobile":"","rows":"4","recaptcha_size":"normal","recaptcha_style":"light","recaptcha_badge":"bottomright","css_classes":"","field_value":"","file_sizes":"","file_types":"","allow_multiple_upload":"","max_files":"","acceptance_text":"","checked_by_default":"","field_min":"","field_max":"","min_date":"","max_date":"","use_native_date":"","use_native_time":"","previous_button":"","next_button":"","field_pattern":"","field_pattern_message":"Please match the requested format"},{"custom_id":"email","field_type":"email","required":"true","field_label":"Email Address","placeholder":"Email Address","width":"50","_id":"f1dcfc3","selected_icon":{"value":"fas fa-star","library":"fa-solid"},"field_options":"","allow_multiple":"","select_size":"","inline_list":"","field_html":"","width_tablet":"","width_mobile":"","rows":"4","recaptcha_size":"normal","recaptcha_style":"light","recaptcha_badge":"bottomright","css_classes":"","field_value":"","file_sizes":"","file_types":"","allow_multiple_upload":"","max_files":"","acceptance_text":"","checked_by_default":"","field_min":"","field_max":"","min_date":"","max_date":"","use_native_date":"","use_native_time":"","previous_button":"","next_button":"","field_pattern":"","field_pattern_message":"Please match the requested format"},{"field_type":"tel","field_label":"Phone Number","placeholder":"Phone Number","required":"","selected_icon":{"value":"fas fa-star","library":"fa-solid"},"field_options":"","allow_multiple":"","select_size":"","inline_list":"","field_html":"","width":"50","width_tablet":"","width_mobile":"","rows":"4","recaptcha_size":"normal","recaptcha_style":"light","recaptcha_badge":"bottomright","css_classes":"","field_value":"","custom_id":"field_367446f","_id":"367446f","file_sizes":"","file_types":"","allow_multiple_upload":"","max_files":"","acceptance_text":"","checked_by_default":"","field_min":"","field_max":"","min_date":"","max_date":"","use_native_date":"","use_native_time":"","previous_button":"","next_button":"","field_pattern":"","field_pattern_message":"Please match the requested format"},{"field_type":"number","field_label":"Project Surface in sq ft","placeholder":"Project Surface in sq ft","required":"","selected_icon":{"value":"fas fa-star","library":"fa-solid"},"field_options":"","allow_multiple":"","select_size":"","inline_list":"","field_html":"","width":"50","width_tablet":"","width_mobile":"","rows":"4","recaptcha_size":"normal","recaptcha_style":"light","recaptcha_badge":"bottomright","css_classes":"","field_value":"","custom_id":"field_4b40358","_id":"4b40358","file_sizes":"","file_types":"","allow_multiple_upload":"","max_files":"","acceptance_text":"","checked_by_default":"","field_min":"","field_max":"","min_date":"","max_date":"","use_native_date":"","use_native_time":"","previous_button":"","next_button":"","field_pattern":"","field_pattern_message":"Please match the requested format"},{"field_type":"html","field_label":"Job Type","placeholder":"","required":"","selected_icon":{"value":"fas fa-star","library":"fa-solid"},"field_options":"","allow_multiple":"","select_size":"","inline_list":"","field_html":"Job Type","width":"50","width_tablet":"","width_mobile":"50","rows":"4","recaptcha_size":"normal","recaptcha_style":"light","recaptcha_badge":"bottomright","css_classes":"","field_value":"","custom_id":"field_82faa25","_id":"82faa25","file_sizes":"","file_types":"","allow_multiple_upload":"","max_files":"","acceptance_text":"","checked_by_default":"","field_min":"","field_max":"","min_date":"","max_date":"","use_native_date":"","use_native_time":"","previous_button":"","next_button":"","field_pattern":"","field_pattern_message":"Please match the requested format"},{"field_type":"html","field_label":"Floor Type","placeholder":"","required":"","selected_icon":{"value":"fas fa-star","library":"fa-solid"},"field_options":"","allow_multiple":"","select_size":"","inline_list":"","field_html":"Floor Type","width":"50","width_tablet":"","width_mobile":"50","rows":"4","recaptcha_size":"normal","recaptcha_style":"light","recaptcha_badge":"bottomright","css_classes":"","field_value":"","custom_id":"field_898a45d","_id":"898a45d","file_sizes":"","file_types":"","allow_multiple_upload":"","max_files":"","acceptance_text":"","checked_by_default":"","field_min":"","field_max":"","min_date":"","max_date":"","use_native_date":"","use_native_time":"","previous_button":"","next_button":"","field_pattern":"","field_pattern_message":"Please match the requested format"},{"field_type":"select","field_label":"Choose an option","placeholder":"Choose an option","required":"","selected_icon":{"value":"fas fa-star","library":"fa-solid"},"field_options":"Choose an option","allow_multiple":"","select_size":"","inline_list":"","field_html":"","width":"50","width_tablet":"","width_mobile":"50","rows":"4","recaptcha_size":"normal","recaptcha_style":"light","recaptcha_badge":"bottomright","css_classes":"","field_value":"","custom_id":"field_45479e7","_id":"45479e7","file_sizes":"","file_types":"","allow_multiple_upload":"","max_files":"","acceptance_text":"","checked_by_default":"","field_min":"","field_max":"","min_date":"","max_date":"","use_native_date":"","use_native_time":"","previous_button":"","next_button":"","field_pattern":"","field_pattern_message":"Please match the requested format"},{"field_type":"select","field_label":"Choose an option","placeholder":"Choose an option","required":"","selected_icon":{"value":"fas fa-star","library":"fa-solid"},"field_options":"Choose an option","allow_multiple":"","select_size":"","inline_list":"","field_html":"","width":"50","width_tablet":"","width_mobile":"50","rows":"4","recaptcha_size":"normal","recaptcha_style":"light","recaptcha_badge":"bottomright","css_classes":"","field_value":"","custom_id":"field_2776c85","_id":"2776c85","file_sizes":"","file_types":"","allow_multiple_upload":"","max_files":"","acceptance_text":"","checked_by_default":"","field_min":"","field_max":"","min_date":"","max_date":"","use_native_date":"","use_native_time":"","previous_button":"","next_button":"","field_pattern":"","field_pattern_message":"Please match the requested format"},{"field_type":"html","field_label":"Message","placeholder":"","required":"","selected_icon":{"value":"fas fa-star","library":"fa-solid"},"field_options":"","allow_multiple":"","select_size":"","inline_list":"","field_html":"Message","width":"100","width_tablet":"","width_mobile":"","rows":"4","recaptcha_size":"normal","recaptcha_style":"light","recaptcha_badge":"bottomright","css_classes":"","field_value":"","custom_id":"field_9bede6d","_id":"9bede6d","file_sizes":"","file_types":"","allow_multiple_upload":"","max_files":"","acceptance_text":"","checked_by_default":"","field_min":"","field_max":"","min_date":"","max_date":"","use_native_date":"","use_native_time":"","previous_button":"","next_button":"","field_pattern":"","field_pattern_message":"Please match the requested format"},{"custom_id":"message","field_type":"textarea","field_label":"Message","placeholder":"Tell us about your project","width":"100","_id":"b9a94ab","required":"","selected_icon":{"value":"fas fa-star","library":"fa-solid"},"field_options":"","allow_multiple":"","select_size":"","inline_list":"","field_html":"","width_tablet":"","width_mobile":"","rows":"4","recaptcha_size":"normal","recaptcha_style":"light","recaptcha_badge":"bottomright","css_classes":"","field_value":"","file_sizes":"","file_types":"","allow_multiple_upload":"","max_files":"","acceptance_text":"","checked_by_default":"","field_min":"","field_max":"","min_date":"","max_date":"","use_native_date":"","use_native_time":"","previous_button":"","next_button":"","field_pattern":"","field_pattern_message":"Please match the requested format"}],"show_labels":"","step_next_label":"Next","step_previous_label":"Previous","button_text":"Send","email_content":"[all-fields]","email_content_2":"[all-fields]","success_message":"The form was sent successfully.","error_message":"An error occured.","required_field_message":"This field is required.","invalid_message":"There's something wrong. The form is invalid.","field_background_color":"","button_align":"center","column_gap":{"unit":"px","size":"15","sizes":[]},"row_gap":{"unit":"px","size":"18","sizes":[]},"label_spacing":{"unit":"px","size":"","sizes":[]},"html_spacing":{"unit":"px","size":"","sizes":[]},"html_color":"#6C7C69","html_typography_typography":"custom","html_typography_font_family":"Playfair Display","html_typography_font_size":{"unit":"px","size":"18","sizes":[]},"html_typography_font_weight":"400","html_typography_text_transform":"capitalize","html_typography_line_height":{"unit":"px","size":"","sizes":[]},"html_typography_letter_spacing":{"unit":"px","size":"-0.51","sizes":[]},"button_border_border":"solid","button_background_color":"#6C7C69","button_text_color":"#FFFAF5","button_background_hover_color":"rgba(2, 1, 1, 0)","button_hover_color":"#6C7C69","previous_button_border_color_hover":"#6C7C69","success_message_color":"#000000","error_message_color":"#6C7C69","_margin":{"unit":"%","top":"5","right":"0","bottom":"0","left":"0","isLinked":""},"html_typography_font_size_tablet":{"unit":"px","size":"16","sizes":[]},"field_typography_typography":"custom","field_typography_font_family":"Helvetica","field_typography_font_size":{"unit":"px","size":"14","sizes":[]},"field_typography_font_weight":"300","field_border_color":"#6C7C69","field_border_radius":{"unit":"px","top":"0","right":"0","bottom":"0","left":"0","isLinked":"1"},"button_typography_typography":"custom","button_typography_font_family":"Helvetica","button_typography_font_size":{"unit":"px","size":"14","sizes":[]},"button_typography_font_weight":"700","button_typography_text_transform":"capitalize","button_typography_line_height":{"unit":"px","size":"","sizes":[]},"button_border_width":{"unit":"px","top":"2","right":"2","bottom":"2","left":"2","isLinked":"1"},"button_border_color":"#6C7C69","button_border_radius":{"unit":"px","top":"0","right":"0","bottom":"0","left":"0","isLinked":"1"},"button_text_padding":{"unit":"px","top":"18","right":"43","bottom":"18","left":"43","isLinked":""},"ap_google_sheet_mapping":[{"ap_google_sheet_field_id":"name","ap_google_sheet_column_id":1,"_id":"77c8d89"},{"ap_google_sheet_field_id":"email","ap_google_sheet_column_id":2,"_id":"0eb4c19"},{"ap_google_sheet_field_id":"message","ap_google_sheet_column_id":3,"_id":"4a14da6"}],"ap_register_email_from_name":"\u06a9\u062a\u0627\u0628\u062e\u0627\u0646\u0647 \u0642\u0627\u0644\u0628 \u0647\u0627\u06cc \u0622\u0645\u0627\u062f\u0647 \u0627\u0644\u0645\u0646\u062a\u0648\u0631 \u0641\u0627\u0631\u0633\u06cc","ap_register_email_from":"sms_co1993@yahoo.com","ap_register_email_subject":"Thank you for registering","ap_register_email_message":"Thank you for registering to our site.","ap_register_phone_message":"Thank you for registering. Please verify your Phone number using this [ap-verification] link\/otp before you login to our site.","ap_reset_pass_email_from":"no-reply@library.elementor.com","ap_reset_pass_email_subject":"Your password reset link","ap_reset_pass_email_message":"Hi {username}. Click on the following link {reset_password_link} to reset your password","ap_sms_message":"[all-fields]"},"elements":[],"isInner":false,"widgetType":"form","elType":"widget"}],"isInner":"","elType":"column"}],"isInner":"","elType":"section"},{"id":"2b054b79","settings":{"margin":{"unit":"%","top":"15","right":"0","bottom":"0","left":"0","isLinked":""},"padding_tablet":{"unit":"%","top":"0","right":"3","bottom":"0","left":"3","isLinked":""},"margin_tablet":{"unit":"%","top":"20","right":"0","bottom":"0","left":"0","isLinked":""},"margin_mobile":{"unit":"%","top":"30","right":"0","bottom":"0","left":"0","isLinked":""},"_title":"Quotation","content_width":{"unit":"px","size":"840","sizes":[]},"_timestamp_":"v1R3BjMjVnNTZwRTgwWHBPUlA5UUxZUT09"},"elements":[{"id":"1201fccd","settings":{"_column_size":"100","align":"center"},"elements":[{"id":"32f8d850","settings":{"selected_icon":{"value":{"id":"3063","url":"https:\/\/library.elementor.com\/wp-content\/uploads\/2020\/08\/quote.svg"},"library":"svg"},"primary_color":"rgba(108, 124, 105, 0.1607843137254902)","size":{"unit":"px","size":"130","sizes":[]},"_margin":{"unit":"px","top":"0","right":"0","bottom":"-6","left":"0","isLinked":""},"_element_width":"auto","_position":"absolute","_offset_x":{"unit":"px","size":"","sizes":[]},"_offset_y":{"unit":"px","size":"","sizes":[]}},"elements":[],"isInner":false,"widgetType":"icon","elType":"widget"},{"id":"13962d9c","settings":{"blockquote_skin":"clean","alignment":"center","blockquote_content":"Excellent service! The floors came out beautiful! The team was very professional and efficient! I highly recommend Grant Flooring.","author_name":"-- Elizabeth Arims","tweet_button":"","tweet_button_label":"Tweet","content_text_color":"#6C7C69","content_typography_typography":"custom","content_typography_font_family":"Playfair Display","content_typography_font_size":{"unit":"px","size":"40","sizes":[]},"content_typography_font_weight":"400","content_typography_line_height":{"unit":"px","size":"48","sizes":[]},"content_typography_letter_spacing":{"unit":"px","size":"-1.13","sizes":[]},"content_gap":{"unit":"px","size":"60","sizes":[]},"author_text_color":"#6C7C69","author_typography_typography":"custom","author_typography_font_size":{"unit":"px","size":"18","sizes":[]},"author_typography_font_weight":"300","author_typography_text_transform":"capitalize","author_typography_line_height":{"unit":"px","size":"22","sizes":[]},"author_typography_letter_spacing":{"unit":"px","size":"1.5","sizes":[]},"_margin":{"unit":"%","top":"5","right":"0","bottom":"0","left":"0","isLinked":""},"_background_color":"#6C7C69","_background_image":{"id":"3063","url":"https:\/\/library.elementor.com\/wp-content\/uploads\/2020\/08\/quote.svg"},"content_typography_font_size_tablet":{"unit":"px","size":"32","sizes":[]},"content_typography_font_size_mobile":{"unit":"px","size":"28","sizes":[]},"content_typography_line_height_tablet":{"unit":"px","size":"36","sizes":[]},"content_typography_line_height_mobile":{"unit":"px","size":"32","sizes":[]},"author_typography_font_family":"Helvetica"},"elements":[],"isInner":false,"widgetType":"blockquote","elType":"widget"}],"isInner":"","elType":"column"}],"isInner":"","elType":"section"},{"id":"294a547b","settings":{"content_width":{"unit":"px","size":"840","sizes":[]},"margin":{"unit":"%","top":"15","right":"0","bottom":"15","left":"0","isLinked":"1"},"margin_mobile":{"unit":"%","top":"30","right":"0","bottom":"35","left":"0","isLinked":""},"padding_tablet":{"unit":"%","top":"0","right":"7","bottom":"0","left":"7","isLinked":""},"_title":"Service Areas","margin_tablet":{"unit":"px","top":"20","right":"0","bottom":"20","left":"0","isLinked":"1"},"_timestamp_":"v1R3BjMjVnNTZwRTgwWHBPUlA5UUxZUT09"},"elements":[{"id":"125e310e","settings":{"_column_size":"100"},"elements":[{"id":"7d8ea942","settings":{"content_width":{"unit":"px","size":"600","sizes":[]},"gap":"no","margin":{"unit":"px","top":"0","right":"0","bottom":"0","left":"0","isLinked":"1"}},"elements":[{"id":"4dc8b45e","settings":{"_column_size":"100"},"elements":[{"id":"59b2d65","settings":{"title":"Service Locations","align":"center","title_color":"#6C7C69","typography_typography":"custom","typography_font_family":"Playfair Display","typography_font_size":{"unit":"px","size":"40","sizes":[]},"typography_font_size_tablet":{"unit":"px","size":"32","sizes":[]},"typography_font_size_mobile":{"unit":"px","size":"28","sizes":[]},"typography_font_weight":"400","typography_text_transform":"capitalize","typography_line_height":{"unit":"px","size":"44","sizes":[]},"typography_line_height_tablet":{"unit":"px","size":"36","sizes":[]},"typography_line_height_mobile":{"unit":"px","size":"32","sizes":[]},"typography_letter_spacing":{"unit":"px","size":"-1.13","sizes":[]}},"elements":[],"isInner":false,"widgetType":"heading","elType":"widget"},{"id":"3532b1b4","settings":{"editor":"<p>Lorem ipsum dolor sit amet, te has solet postea. Voluptua quaestio dissentias has ex, no eum aliquid tibique petentium, agam mucius liberavisse eos id.<\/p>","align":"center","typography_typography":"custom","typography_font_family":"Helvetica","typography_font_size":{"unit":"px","size":"16","sizes":[]},"typography_font_size_tablet":{"unit":"px","size":"14","sizes":[]},"typography_font_weight":"300","typography_line_height":{"unit":"px","size":"22","sizes":[]},"typography_line_height_tablet":{"unit":"px","size":"20","sizes":[]},"typography_letter_spacing":{"unit":"px","size":"0","sizes":[]},"text_color":"#000000"},"elements":[],"isInner":false,"widgetType":"text-editor","elType":"widget"}],"isInner":"1","elType":"column"}],"isInner":"1","elType":"section"},{"id":"bb52a51","settings":{"address":"Rainbow Road, Los Angeles, California","height":{"unit":"px","size":"495","sizes":[]},"height_mobile":{"unit":"px","size":"250","sizes":[]},"css_filters_css_filter":"custom","css_filters_saturate":{"unit":"px","size":"0","sizes":[]},"css_filters_hover_css_filter":"custom","hover_transition":{"unit":"px","size":"1.2","sizes":[]},"zoom":{"unit":"px","size":"18","sizes":[]},"_margin":{"unit":"%","top":"10","right":"0","bottom":"0","left":"0","isLinked":""},"_z_index":"2"},"elements":[],"isInner":false,"widgetType":"google_maps","elType":"widget"},{"id":"4f36cbe6","settings":{"space":{"unit":"px","size":"246","sizes":[]},"_background_background":"classic","_background_color":"#6C7C69","_element_width":"initial","_element_custom_width":{"unit":"px","size":"363","sizes":[]},"_position":"absolute","_offset_x":{"unit":"px","size":"-50","sizes":[]},"_offset_y":{"unit":"px","size":"150","sizes":[]},"_offset_orientation_h":"end","_offset_x_end":{"unit":"px","size":"-100","sizes":[]},"_element_custom_width_tablet":{"unit":"px","size":"184","sizes":[]},"_offset_x_end_tablet":{"unit":"px","size":"-50","sizes":[]},"_offset_x_end_mobile":{"unit":"px","size":"-20","sizes":[]},"space_mobile":{"unit":"px","size":"95","sizes":[]},"_element_width_mobile":"initial","_element_custom_width_mobile":{"unit":"px","size":"117","sizes":[]},"_offset_y_mobile":{"unit":"px","size":"150","sizes":[]},"_animation":"fadeInLeft","animation_duration":"slow","_offset_x_tablet":{"unit":"px","size":"-10","sizes":[]},"_offset_y_end":{"unit":"px","size":"-80","sizes":[]}},"elements":[],"isInner":false,"widgetType":"spacer","elType":"widget"},{"id":"4c60b747","settings":{"space":{"unit":"px","size":"242","sizes":[]},"_background_background":"classic","_background_color":"#F2EAE3","_element_width":"initial","_element_custom_width":{"unit":"px","size":"233","sizes":[]},"_position":"absolute","_offset_x":{"unit":"px","size":"-100","sizes":[]},"_offset_y":{"unit":"px","size":"-70","sizes":[]},"_offset_x_end":{"unit":"px","size":"-60","sizes":[]},"_element_custom_width_tablet":{"unit":"px","size":"184","sizes":[]},"_offset_x_end_tablet":{"unit":"px","size":"-15","sizes":[]},"_offset_x_end_mobile":{"unit":"px","size":"-10","sizes":[]},"space_mobile":{"unit":"px","size":"95","sizes":[]},"_element_width_mobile":"initial","_element_custom_width_mobile":{"unit":"px","size":"117","sizes":[]},"_offset_y_mobile":{"unit":"px","size":"-30","sizes":[]},"_animation":"fadeInRight","animation_duration":"slow","_offset_x_tablet":{"unit":"px","size":"-50","sizes":[]},"_offset_x_mobile":{"unit":"px","size":"-20","sizes":[]},"_offset_orientation_v":"end","_offset_y_end":{"unit":"px","size":"115","sizes":[]}},"elements":[],"isInner":false,"widgetType":"spacer","elType":"widget"},{"id":"1e9321ba","settings":{"_skin":"theme_comments","source_custom":"6962","custom_css":"\/* elementorfa CM Style *\/\r\n\/* 3 Coloumn Comment Revers *\/\r\nform#commentform {\r\n    display: flex;\r\n    flex-wrap: wrap;\r\n    flex-direction: row\r\n}\r\np.comment-notes, p.comment-form-comment,p.comment-form-cookies-consent {\r\n    flex-basis: 100%;\r\n}\r\np.comment-form-author,p.comment-form-email,p.comment-form-url {\r\n    flex-basis: 33.33%;\r\n    padding: 0 5px 0 0;\r\n}\r\np.comment-form-author {\r\n    order: 1;\r\n}\r\np.comment-form-email {\r\n    order: 2;\r\n}\r\np.comment-form-url {\r\n    order: 3;\r\n}\r\np.comment-form-cookies-consent {\r\n    order: 4\r\n}\r\np.comment-form-comment {\r\n    order: 5;\r\n}\r\np.form-submit {\r\n    order: 6;\r\n}\r\n\r\n\/* Comment Meta *\/\r\n\r\n.comment-meta {\r\n    display: flex;\r\n    flex-direction: row;\r\n    flex-wrap: wrap;\r\n}\r\n#comments .comment-meta {\r\n    flex-wrap: wrap;\r\n    justify-content: right;\r\n}\r\n.comment-author.vcard {\r\n    margin-left: 20px;\r\n}\r\nspan.says {\r\n    display: none;\r\n}\r\n\r\n\/* Comment Style *\/\r\n\r\ntextarea#comment,input#email,input#author,input#url {\r\n    padding: 0.84em 1.1em;\r\n    color: #4a4f55;\r\n    border-color: #e3e3e3;\r\n    background-color: #ffffff;\r\n}\r\ninput#submit {\r\n    color: #ffffff;\r\n    background-color: #e93314;\r\n    border-radius: 5px;\r\n}\r\nbody.rtl #comments .comment .comment-body, body.rtl #comments .pingback .comment-body {\r\n    padding: 30px 90px 30px 30px;\r\n    background-color: #FFF\r\n}\r\nbody.rtl #comments .comment .avatar, body.rtl #comments .pingback .avatar {\r\n    right: 25px;\r\n    top: 20px;\r\n}\r\n.comment-body {\r\n    position: relative;\r\n    overflow: hidden;\r\n    display: -webkit-flex;\r\n    display: -ms-flexbox;\r\n    display: flex;\r\n    padding: 1.7em 2em;\r\n    border: 1px solid #ddd;\r\n    margin-bottom: 2em;\r\n    border-radius: 5px;\r\n    border-bottom: 1px solid #ddd!important\r\n}\r\nbody.rtl #comments ol.comment-list .children:before {\r\ndisplay: none\r\n}\r\n.comment-author.vcard, .comment-author.vcard a {\r\n    color: #0d0d12;\r\n    font-size: 17px;\r\n}\r\n.comment-content {\r\n    color: #4a4f55;\r\n    font-size: 14px;\r\n}\r\n.comment-metadata a {\r\n    color: #898b8c;\r\n    font-size: 12px;\r\n}\r\n.reply {\r\n    width: fit-content;\r\n    padding: 8px;\r\n    background-color: #f8f5f2;\r\n    border-radius: 100px;\r\n    font-size: 12px;\r\n    color: #4a4f55;\r\n}\r\na.comment-reply-link {\r\n    color: #0d0d12;\r\n}\r\na.comment-reply-link:hover {\r\n    color: #e93314;\r\n}\r\n.reply:after {\r\n    content: \"\\f060\";\r\n    font-family: FontAwesome;\r\n    margin-right: 5px;\r\n    opacity: 0;\r\n        transition: opacity 0.2s ease-out, right 0.3s ease-out;\r\n}\r\n.reply:hover {\r\n    width: 60px;\r\n    transition: width 0.3s ease-out;\r\n}\r\n.reply:hover:after {\r\n    opacity: 1;\r\n    transition: opacity 0.3s ease-out, right 0.3s ease-out;\r\n}\r\n.reply {\r\n    padding: 8px;\r\n    background-color: #f8f5f2;\r\n    border-radius: 100px;\r\n    font-size: 12px;\r\n    color: #4a4f55;\r\n    width: 30px;\r\n    display: block;\r\n    width: 45px;\r\n    height: 2.4em;\r\n    line-height: 2.4em;\r\n    -webkit-transition: background-color 0.3s ease;\r\n    -ms-transition: background-color 0.3s ease;\r\n    transition: background-color 0.3s ease;\r\n        transition: all 0.3s ease-out\r\n}\r\n@media (max-width:768px){\r\nbody.rtl #comments .comment .comment-body, body.rtl #comments .pingback .comment-body {\r\n    padding: 30px 30px 30px 30px;\r\n    background-color: #FFF;\r\n}\r\n.comment-author.vcard {\r\n    flex-basis: 100%;\r\n}\r\n.comment-metadata {\r\n    margin-top: 15px;\r\n}\r\np.comment-form-author, p.comment-form-email, p.comment-form-url {\r\n    flex-basis: 100%;\r\n    padding: 0;\r\n}\r\n}\r\n"},"elements":[],"isInner":false,"widgetType":"post-comments","elType":"widget"}],"isInner":"","elType":"column"}],"isInner":"","elType":"section"}]}