{"version":"0.4","title":"15007","type":"section","content":[{"id":"4e6cb1dd","settings":{"gap":"no","height":"min-height","custom_height":{"unit":"px","size":"93","sizes":[]},"content_position":"middle","background_color":"#6C7C69","margin":{"unit":"px","top":"0","right":"0","bottom":"-93","left":"0","isLinked":""},"column_position":"stretch","background_background":"classic","background_color_stop":{"unit":"%","size":"70","sizes":[]},"background_color_b":"#FFFBF6","background_color_b_stop":{"unit":"%","size":"30","sizes":[]},"background_gradient_angle":{"unit":"deg","size":"90","sizes":[]},"sticky":"top","_title":"Header","layout":"full_width","background_motion_fx_opacity_effect":"yes","background_motion_fx_opacity_range":{"unit":"%","size":"","sizes":{"start":"0","end":"3"}},"background_motion_fx_range":"page","margin_tablet":{"unit":"%","top":"","right":"0","bottom":"","left":"0","isLinked":"1"},"padding_tablet":{"unit":"%","top":"","right":"","bottom":"","left":"","isLinked":"1"},"motion_fx_opacity_effect":"yes","motion_fx_opacity_range":{"unit":"%","size":"","sizes":{"start":"0","end":"4"}},"motion_fx_range":"page","z_index":"9999","custom_height_mobile":{"unit":"px","size":"81","sizes":[]},"background_motion_fx_translateX_direction":"negative","background_motion_fx_translateX_speed":{"unit":"px","size":"10","sizes":[]},"background_motion_fx_translateX_affectedRange":{"unit":"%","size":"","sizes":{"start":"0","end":"50"}},"background_motion_fx_scale_direction":"in-out","background_motion_fx_scale_speed":{"unit":"px","size":"1","sizes":[]},"background_motion_fx_scale_range":{"unit":"%","size":"","sizes":{"start":"0","end":"10"}},"padding":{"unit":"%","top":"0","right":"0","bottom":"0","left":"7","isLinked":""},"background_motion_fx_motion_fx_scrolling":"yes","_timestamp_":"v1R3BjMjVnNTZwRTgwWHBPUlA5UUxZUT09"},"elements":[{"id":"37e44be3","settings":{"_column_size":"100","background_color":"#6C7C69","padding":{"unit":"%","top":"","right":"","bottom":"","left":"","isLinked":"1"}},"elements":[{"id":"7d6c1c64","settings":{"image":{"id":3154,"url":"https:\/\/library.elementor.com\/wp-content\/uploads\/2020\/08\/GrantFlooring-Logo.svg"},"image_size":"full","link_to":"custom","width":{"unit":"%","size":"100","sizes":[]},"__dynamic__":{"link":"[elementor-tag id=\"9f4fe92\" name=\"site-url\" settings=\"%7B%7D\"]"},"align":"left","_element_width":"initial"},"elements":[],"isInner":false,"widgetType":"image","elType":"widget"},{"id":"252c810","settings":{"selected_icon":{"value":{"id":3155,"url":"https:\/\/library.elementor.com\/wp-content\/uploads\/2020\/08\/Menu.svg"},"library":"svg"},"view":"stacked","shape":"square","align":"right","primary_color":"#6C7C69","size":{"unit":"px","size":"37","sizes":[]},"icon_padding":{"unit":"px","size":"28","sizes":[]},"_background_color":"#FFFBF6","_element_custom_width":{"unit":"%","size":"35","sizes":[]},"_offset_orientation_h":"end","_background_color_stop":{"unit":"%","size":"100","sizes":[]},"_background_color_b":"rgba(108, 124, 105, 0)","_background_color_b_stop":{"unit":"%","size":"0","sizes":[]},"_position":"absolute","_element_width":"auto","hover_primary_color":"#FFFAF5","hover_secondary_color":"#6C7C69","size_mobile":{"unit":"px","size":"25","sizes":[]},"motion_fx_range":"page","_offset_x_end_mobile":{"unit":"px","size":"0","sizes":[]},"_offset_y_mobile":{"unit":"px","size":"0","sizes":[]},"_z_index":"2","__dynamic__":{"link":"[elementor-tag id=\"d1ccf97\" name=\"popup\" settings=\"%7B%22popup%22%3A%22368%22%7D\"]"},"_background_hover_color":"#FFFAF5","secondary_color":"#FFFAF5","border_width":{"unit":"px","top":"2","right":"2","bottom":"2","left":"2","isLinked":"1"}},"elements":[],"isInner":false,"widgetType":"icon","elType":"widget"}],"isInner":"","elType":"column"}],"isInner":"","elType":"section"}],"page_settings":{"background_background":"classic","background_color":"#FFFAF5"}}