{"version":"0.4","title":"15017","type":"section","content":[{"id":"4f77ef07","settings":{"layout":"full_width","gap":"no","margin":{"unit":"%","top":"","right":"0","bottom":"","left":"0","isLinked":"1"},"_title":"CTA","margin_tablet":{"unit":"%","top":"","right":"0","bottom":"","left":"0","isLinked":"1"},"margin_mobile":{"unit":"%","top":"","right":"0","bottom":"","left":"0","isLinked":"1"},"_timestamp_":"v1R3BjMjVnNTZwRTgwWHBPUlA5UUxZUT09"},"elements":[{"id":"4c7f9e6b","settings":{"_column_size":"100"},"elements":[{"id":"40758ce3","settings":{"layout":"right","layout_mobile":"above","title":"Need some flooring-related guidance?","description":"Request a free consultation and price estimate","title_tag":"span","button":"Contact Us","link":{"url":"#","is_external":"","nofollow":"","custom_attributes":""},"min-height":{"unit":"vh","size":"40","sizes":[]},"alignment":"left","padding":{"unit":"%","top":"0","right":"10","bottom":"0","left":"14","isLinked":""},"title_typography_typography":"custom","title_typography_font_size":{"unit":"px","size":"16","sizes":[]},"description_typography_typography":"custom","description_typography_font_family":"Playfair Display","description_typography_font_size":{"unit":"px","size":"40","sizes":[]},"description_typography_font_weight":"400","description_typography_text_transform":"capitalize","description_typography_line_height":{"unit":"px","size":"44","sizes":[]},"description_typography_letter_spacing":{"unit":"px","size":"-1.13","sizes":[]},"content_bg_color":"#F2EAE3","description_color":"#6C7C69","button_typography_text_decoration":"none","bg_image":{"id":3149,"url":"https:\/\/library.elementor.com\/wp-content\/uploads\/2020\/08\/Footer-CTA.jpg"},"bg_image_size":"full","min-height_tablet":{"unit":"vh","size":"35","sizes":[]},"min-height_mobile":{"unit":"vh","size":"45","sizes":[]},"padding_tablet":{"unit":"%","top":"0","right":"0","bottom":"0","left":"7","isLinked":""},"padding_mobile":{"unit":"%","top":"0","right":"15","bottom":"0","left":"15","isLinked":""},"title_typography_font_size_tablet":{"unit":"px","size":"14","sizes":[]},"title_spacing":{"unit":"px","size":"2","sizes":[]},"description_typography_font_size_tablet":{"unit":"px","size":"32","sizes":[]},"description_typography_font_size_mobile":{"unit":"px","size":"28","sizes":[]},"description_typography_line_height_tablet":{"unit":"px","size":"36","sizes":[]},"description_typography_line_height_mobile":{"unit":"px","size":"32","sizes":[]},"button_text_color":"#6C7C69","button_border_color":"#6C7C69","button_hover_text_color":"#FFFAF5","description_spacing":{"unit":"px","size":"35","sizes":[]},"title_typography_font_family":"Helvetica","title_typography_font_weight":"300","title_typography_line_height":{"unit":"px","size":"22","sizes":[]},"title_typography_letter_spacing":{"unit":"px","size":"0","sizes":[]},"title_color":"#000000","button_size":"md","button_typography_typography":"custom","button_typography_font_family":"Helvetica","button_typography_font_size":{"unit":"px","size":"14","sizes":[]},"button_typography_font_weight":"700","button_typography_text_transform":"capitalize","button_typography_letter_spacing":{"unit":"px","size":"-0.45","sizes":[]},"button_hover_background_color":"#6C7C69","button_border_width":{"unit":"px","size":"2","sizes":[]},"button_border_radius":{"unit":"px","size":"0","sizes":[]},"graphic_image":{"id":"2873","url":"https:\/\/library.elementor.com\/wp-content\/uploads\/2020\/07\/placeholder.png"}},"elements":[],"isInner":false,"widgetType":"call-to-action","elType":"widget"}],"isInner":"","elType":"column"}],"isInner":"","elType":"section"},{"id":"703444f9","settings":{"structure":"50","height":"min-height","custom_height":{"unit":"vh","size":"20","sizes":[]},"custom_height_tablet":{"unit":"vh","size":"25","sizes":[]},"custom_height_mobile":{"unit":"vh","size":"60","sizes":[]},"padding_tablet":{"unit":"%","top":"0","right":"3","bottom":"0","left":"3","isLinked":""},"padding_mobile":{"unit":"%","top":"","right":"","bottom":"","left":"","isLinked":"1"},"reverse_order_tablet":"reverse-tablet","reverse_order_mobile":"reverse-mobile","_title":"Footer","content_width":{"unit":"px","size":"1400","sizes":[]},"_timestamp_":"v1R3BjMjVnNTZwRTgwWHBPUlA5UUxZUT09"},"elements":[{"id":"5179cb90","settings":{"_column_size":"20","_inline_size":"25","space_between_widgets":"6","_inline_size_tablet":"100"},"elements":[{"id":"53b267b2","settings":{"image":{"id":3150,"url":"https:\/\/library.elementor.com\/wp-content\/uploads\/2020\/08\/GrantFlooring-DarkLogo.svg"},"image_size":"full","align":"left","link_to":"custom","width":{"unit":"%","size":"100","sizes":[]},"__dynamic__":{"link":"[elementor-tag id=\"02d1be1\" name=\"site-url\" settings=\"%7B%7D\"]"}},"elements":[],"isInner":false,"widgetType":"image","elType":"widget"},{"id":"65f9942c","settings":{"title":"Copyright \u00a9 2020 Grant Flooring- All Rights Reserved","header_size":"p","title_color":"rgba(0, 0, 0, 0.2784313725490196)","typography_typography":"custom","typography_font_size":{"unit":"px","size":"12","sizes":[]},"typography_font_family":"Helvetica","typography_font_weight":"300"},"elements":[],"isInner":false,"widgetType":"heading","elType":"widget"}],"isInner":"","elType":"column"},{"id":"4c72f03d","settings":{"_column_size":"20","_inline_size":"22","_inline_size_tablet":"33.33"},"elements":[{"id":"6bae13e1","settings":{"editor":"<p><span style=\"color: #6c7c69\"><b>Opening Hours:<\/b><\/span> <br \/>Monday - Friday 8am - 9pm<\/p>","text_color":"#000000","typography_typography":"custom","typography_font_family":"Helvetica","typography_font_size":{"unit":"px","size":"16","sizes":[]},"typography_font_size_tablet":{"unit":"px","size":"14","sizes":[]},"typography_font_weight":"300","typography_line_height":{"unit":"px","size":"22","sizes":[]},"typography_line_height_tablet":{"unit":"px","size":"20","sizes":[]},"typography_letter_spacing":{"unit":"px","size":"0","sizes":[]}},"elements":[],"isInner":false,"widgetType":"text-editor","elType":"widget"}],"isInner":"","elType":"column"},{"id":"9e1f443","settings":{"_column_size":"20","_inline_size":"21","_inline_size_tablet":"33.33"},"elements":[{"id":"34dc73bb","settings":{"editor":"<p><span style=\"color: #6c7c69\"><b>Phone: <\/b><\/span>(310) 495 - 7015<br \/><span style=\"color: #6c7c69\"><b>Email: <\/b><\/span>info@GrantFlooring.com\u00a0<\/p>","text_color":"#000000","typography_typography":"custom","typography_font_family":"Helvetica","typography_font_size":{"unit":"px","size":"16","sizes":[]},"typography_font_size_tablet":{"unit":"px","size":"14","sizes":[]},"typography_font_weight":"300","typography_line_height":{"unit":"px","size":"22","sizes":[]},"typography_line_height_tablet":{"unit":"px","size":"20","sizes":[]},"typography_letter_spacing":{"unit":"px","size":"0","sizes":[]}},"elements":[],"isInner":false,"widgetType":"text-editor","elType":"widget"}],"isInner":"","elType":"column"},{"id":"5595e39e","settings":{"_column_size":"20","_inline_size":"21","_inline_size_tablet":"33.33"},"elements":[{"id":"1d1ae67","settings":{"editor":"<p><span style=\"color: #6c7c69\"><b>Address:<\/b><\/span> 547 Rainbow Road, Los Angeles, CA 90069\u00a0<\/p>","text_color":"#000000","typography_typography":"custom","typography_font_family":"Helvetica","typography_font_size":{"unit":"px","size":"16","sizes":[]},"typography_font_size_tablet":{"unit":"px","size":"14","sizes":[]},"typography_font_weight":"300","typography_line_height":{"unit":"px","size":"22","sizes":[]},"typography_line_height_tablet":{"unit":"px","size":"20","sizes":[]},"typography_letter_spacing":{"unit":"px","size":"0","sizes":[]}},"elements":[],"isInner":false,"widgetType":"text-editor","elType":"widget"}],"isInner":"","elType":"column"},{"id":"79af0290","settings":{"_column_size":"20","_inline_size":"11.042","_inline_size_tablet":"100"},"elements":[{"id":"73f1fd68","settings":{"social_icon_list":[{"social_icon":{"value":"fab fa-instagram","library":"fa-brands"},"_id":"a6118d0","link":{"url":"","is_external":"true","nofollow":"","custom_attributes":""},"item_icon_color":"default","item_icon_primary_color":"","item_icon_secondary_color":""},{"social_icon":{"value":"fab fa-facebook-f","library":"fa-brands"},"_id":"46bf64a","link":{"url":"","is_external":"true","nofollow":"","custom_attributes":""},"item_icon_color":"default","item_icon_primary_color":"","item_icon_secondary_color":""},{"social_icon":{"value":"fab fa-youtube","library":"fa-brands"},"_id":"c21fd04","link":{"url":"","is_external":"true","nofollow":"","custom_attributes":""},"item_icon_color":"default","item_icon_primary_color":"","item_icon_secondary_color":""},{"social_icon":{"value":"fab fa-twitter","library":"fa-brands"},"link":{"url":"","is_external":"true","nofollow":"","custom_attributes":""},"item_icon_color":"default","item_icon_primary_color":"","item_icon_secondary_color":"","_id":"b28a6b8"}],"shape":"square","icon_color":"custom","icon_primary_color":"rgba(2, 1, 1, 0)","icon_secondary_color":"#6C7C69","icon_size":{"unit":"px","size":"15","sizes":[]},"icon_padding":{"unit":"em","size":"0","sizes":[]},"icon_spacing":{"unit":"px","size":"15","sizes":[]},"hover_secondary_color":"#000000","align":"right","align_tablet":"left"},"elements":[],"isInner":false,"widgetType":"social-icons","elType":"widget"}],"isInner":"","elType":"column"}],"isInner":"","elType":"section"}],"page_settings":{"background_background":"classic","background_color":"#FFFAF5"}}