{"version":"0.4","title":"15052","type":"section","content":[{"id":"48762978","settings":{"layout":"full_width","gap":"no","height":"min-height","custom_height":{"unit":"vh","size":"50","sizes":[]},"column_position":"stretch","content_position":"bottom","structure":"20","_title":"Hero","_timestamp_":"v1R3BjMjVnNTZwRTgwWHBPUlA5UUxZUT09"},"elements":[{"id":"5c3d792d","settings":{"_column_size":"50","_inline_size":"70","background_background":"classic","background_color":"#6C7C69","padding":{"unit":"%","top":"0","right":"30","bottom":"5","left":"10","isLinked":""},"_inline_size_tablet":"88","margin_tablet":{"unit":"%","top":"","right":"","bottom":"","left":"","isLinked":"1"},"padding_tablet":{"unit":"%","top":"25","right":"5","bottom":"45","left":"10","isLinked":""},"padding_mobile":{"unit":"%","top":"30","right":"5","bottom":"30","left":"10","isLinked":""}},"elements":[{"id":"6f0fac82","settings":{"text":"Back to all","button_background_hover_color":"rgba(2, 1, 1, 0)","border_border":"solid","border_width":{"unit":"px","top":"0","right":"0","bottom":"1","left":"0","isLinked":""},"border_color":"#FFFAF5","text_padding":{"unit":"px","top":"0","right":"0","bottom":"0","left":"0","isLinked":"1"},"_margin":{"unit":"%","top":"","right":"","bottom":"","left":"","isLinked":"1"},"_margin_mobile":{"unit":"%","top":"5","right":"0","bottom":"0","left":"0","isLinked":""},"button_text_color":"#FFFAF5","typography_typography":"custom","typography_font_family":"Helvetica","typography_font_size":{"unit":"px","size":"14","sizes":[]},"typography_font_weight":"700","typography_text_transform":"capitalize","typography_line_height":{"unit":"px","size":"","sizes":[]},"typography_letter_spacing":{"unit":"px","size":"-0.45","sizes":[]},"border_radius":{"unit":"px","top":"0","right":"0","bottom":"0","left":"0","isLinked":"1"},"background_color":"rgba(2, 1, 1, 0)"},"elements":[],"isInner":false,"widgetType":"button","elType":"widget"},{"id":"4ca22315","settings":{"__dynamic__":{"title":"[elementor-tag id=\"\" name=\"post-title\" settings=\"%7B%22before%22%3A%22%22%2C%22after%22%3A%22%22%2C%22fallback%22%3A%22%22%7D\"]"},"title":"Add Your Heading Text Here","title_color":"#FFFFFF","typography_typography":"custom","typography_font_family":"Playfair Display","typography_font_size":{"unit":"px","size":"80","sizes":[]},"typography_font_size_tablet":{"unit":"px","size":"56","sizes":[]},"typography_font_size_mobile":{"unit":"px","size":"38","sizes":[]},"typography_font_weight":"700","typography_text_transform":"capitalize","typography_line_height":{"unit":"px","size":"80","sizes":[]},"typography_line_height_tablet":{"unit":"px","size":"56","sizes":[]},"typography_line_height_mobile":{"unit":"px","size":"42","sizes":[]},"typography_letter_spacing":{"unit":"px","size":"-2.25","sizes":[]}},"elements":[],"isInner":false,"widgetType":"theme-post-title","elType":"widget"},{"id":"56ee9449","settings":{"icon_list":[{"type":"date","selected_icon":{"value":"fas fa-calendar","library":"fa-solid"},"_id":"9093a23","date_format":"default","custom_date_format":"F j, Y","time_format":"default","custom_time_format":"g:i a","taxonomy":[],"text_prefix":"","show_avatar":"","avatar_size":{"unit":"px","size":"","sizes":[]},"avatar_size_tablet":{"unit":"px","size":"","sizes":[]},"avatar_size_mobile":{"unit":"px","size":"","sizes":[]},"comments_custom_strings":"","string_no_comments":"","string_one_comment":"","string_comments":"","custom_text":"","link":"","custom_url":{"url":"","is_external":"","nofollow":"","custom_attributes":""},"show_icon":"none"}],"text_color":"#FFFFFF","icon_typography_typography":"custom","icon_typography_font_family":"Helvetica","icon_typography_font_size":{"unit":"px","size":"16","sizes":[]},"icon_typography_font_size_tablet":{"unit":"px","size":"14","sizes":[]},"icon_typography_font_weight":"300","icon_typography_text_transform":"capitalize","icon_typography_line_height":{"unit":"px","size":"22","sizes":[]},"icon_typography_line_height_tablet":{"unit":"px","size":"20","sizes":[]},"icon_typography_letter_spacing":{"unit":"px","size":"0","sizes":[]}},"elements":[],"isInner":false,"widgetType":"post-info","elType":"widget"}],"isInner":"","elType":"column"},{"id":"75321e46","settings":{"_column_size":"50","_inline_size":"30","margin":{"unit":"%","top":"0","right":"30","bottom":"0","left":"0","isLinked":""},"_inline_size_tablet":"100","margin_tablet":{"unit":"%","top":"0","right":"5","bottom":"0","left":"0","isLinked":""},"margin_mobile":{"unit":"%","top":"0","right":"5","bottom":"0","left":"0","isLinked":""},"padding_tablet":{"unit":"%","top":"","right":"","bottom":"","left":"","isLinked":"1"},"padding":{"unit":"%","top":"","right":"","bottom":"","left":"","isLinked":"1"}},"elements":[{"id":"7d894955","settings":{"__dynamic__":{"image":"[elementor-tag id=\"\" name=\"post-featured-image\" settings=\"%7B%22fallback%22%3A%7B%22url%22%3A%22%22%2C%22id%22%3A%22%22%7D%7D\"]"},"image_size":"full","width":{"unit":"px","size":"","sizes":[]},"_margin":{"unit":"%","top":"0","right":"0","bottom":"-25","left":"-80","isLinked":""},"_margin_tablet":{"unit":"%","top":"-30","right":"0","bottom":"0","left":"22","isLinked":""},"_margin_mobile":{"unit":"%","top":"-20","right":"0","bottom":"0","left":"15","isLinked":""},"image":{"id":"2873","url":"https:\/\/library.elementor.com\/wp-content\/uploads\/2020\/07\/placeholder.png"}},"elements":[],"isInner":false,"widgetType":"theme-post-featured-image","elType":"widget"}],"isInner":"","elType":"column"}],"isInner":"","elType":"section"},{"id":"482ba5","settings":{"layout":"full_width","gap":"no","custom_height":{"unit":"vh","size":"80","sizes":[]},"column_position":"stretch","_title":"Author Section","margin":{"unit":"%","top":"6","right":"0","bottom":"0","left":"0","isLinked":""},"padding":{"unit":"%","top":"0","right":"7","bottom":"0","left":"7","isLinked":""},"padding_tablet":{"unit":"%","top":"0","right":"7","bottom":"0","left":"7","isLinked":""},"margin_mobile":{"unit":"%","top":"20","right":"0","bottom":"0","left":"0","isLinked":""},"margin_tablet":{"unit":"%","top":"10","right":"0","bottom":"0","left":"0","isLinked":""},"_timestamp_":"v1R3BjMjVnNTZwRTgwWHBPUlA5UUxZUT09"},"elements":[{"id":"6b07cbee","settings":{"_column_size":"100","_inline_size":"100","background_color":"#6C7C69","padding":{"unit":"%","top":"","right":"","bottom":"","left":"","isLinked":"1"},"_inline_size_tablet":"100","margin_tablet":{"unit":"%","top":"","right":"","bottom":"","left":"","isLinked":"1"},"padding_tablet":{"unit":"%","top":"","right":"","bottom":"","left":"","isLinked":"1"},"padding_mobile":{"unit":"%","top":"","right":"","bottom":"","left":"","isLinked":"1"}},"elements":[{"id":"5b465a97","settings":{"author_name":"Jack Grant","author_name_tag":"h6","author_bio":"Founder and Co-owner","link_text":"All Posts","image_vertical_align":"middle","image_size":{"unit":"px","size":"60","sizes":[]},"name_color":"#000000","bio_color":"#6C7C69","author_avatar":{"id":3159,"url":"https:\/\/library.elementor.com\/wp-content\/uploads\/2020\/08\/Jack_Grant-Profile.jpg"},"image_size_mobile":{"unit":"px","size":"50","sizes":[]},"image_gap_mobile":{"unit":"px","size":"20","sizes":[]},"name_typography_typography":"custom","name_typography_font_family":"Helvetica","name_typography_font_size":{"unit":"px","size":"18","sizes":[]},"name_typography_font_size_tablet":{"unit":"px","size":"16","sizes":[]},"name_typography_font_size_mobile":{"unit":"px","size":"14","sizes":[]},"name_typography_font_weight":"300","name_typography_text_transform":"capitalize","name_typography_line_height":{"unit":"px","size":"22","sizes":[]},"name_typography_letter_spacing":{"unit":"px","size":"1.5","sizes":[]},"bio_typography_typography":"custom","bio_typography_font_family":"Helvetica","bio_typography_font_size":{"unit":"px","size":"16","sizes":[]},"bio_typography_font_size_tablet":{"unit":"px","size":"14","sizes":[]},"bio_typography_font_weight":"300","bio_typography_line_height":{"unit":"px","size":"22","sizes":[]},"bio_typography_line_height_tablet":{"unit":"px","size":"20","sizes":[]},"bio_typography_letter_spacing":{"unit":"px","size":"0","sizes":[]}},"elements":[],"isInner":false,"widgetType":"author-box","elType":"widget"}],"isInner":"","elType":"column"}],"isInner":"","elType":"section"},{"id":"4d9fe84a","settings":{"layout":"full_width","gap":"no","custom_height":{"unit":"vh","size":"28","sizes":[]},"column_position":"top","structure":"40","_title":"The Posts + Side Bar","margin":{"unit":"%","top":"3","right":"0","bottom":"15","left":"0","isLinked":""},"padding":{"unit":"%","top":"","right":"","bottom":"","left":"","isLinked":"1"},"margin_tablet":{"unit":"%","top":"5","right":"0","bottom":"20","left":"0","isLinked":""},"margin_mobile":{"unit":"%","top":"10","right":"0","bottom":"35","left":"0","isLinked":""},"_timestamp_":"v1R3BjMjVnNTZwRTgwWHBPUlA5UUxZUT09"},"elements":[{"id":"67bfc98a","settings":{"_column_size":"25","_inline_size":"3","background_color":"#6C7C69","padding":{"unit":"%","top":"","right":"","bottom":"","left":"","isLinked":"1"},"margin":{"unit":"%","top":"","right":"","bottom":"","left":"","isLinked":"1"},"_inline_size_tablet":"4","_inline_size_mobile":"7","margin_tablet":{"unit":"%","top":"","right":"","bottom":"","left":"","isLinked":"1"},"margin_mobile":{"unit":"%","top":"","right":"","bottom":"","left":"","isLinked":"1"}},"elements":[{"id":"32b85541","settings":{"space":{"unit":"vh","size":"17","sizes":[]},"_background_background":"classic","_background_color":"#F2EAE3","_element_custom_width":{"unit":"px","size":"138","sizes":[]},"_offset_x":{"unit":"%","size":"0","sizes":[]},"_offset_y":{"unit":"%","size":"20","sizes":[]},"_element_custom_width_tablet":{"unit":"vw","size":"","sizes":[]},"_element_custom_width_mobile":{"unit":"px","size":"30","sizes":[]},"space_tablet":{"unit":"vh","size":"","sizes":[]},"_margin":{"unit":"%","top":"","right":"","bottom":"","left":"","isLinked":"1"},"space_mobile":{"unit":"vh","size":"30","sizes":[]},"_animation":"fadeInLeft","animation_duration":"slow","_position":"absolute","_offset_y_end":{"unit":"px","size":"","sizes":[]},"_offset_x_tablet":{"unit":"%","size":"","sizes":[]},"_offset_y_tablet":{"unit":"%","size":"","sizes":[]}},"elements":[],"isInner":false,"widgetType":"spacer","elType":"widget"}],"isInner":"","elType":"column"},{"id":"4ae37579","settings":{"_column_size":"25","_inline_size":"60","_inline_size_tablet":"96","margin":{"unit":"%","top":"","right":"","bottom":"","left":"","isLinked":"1"},"_inline_size_mobile":"93","margin_tablet":{"unit":"%","top":"","right":"","bottom":"","left":"","isLinked":"1"},"padding":{"unit":"%","top":"0","right":"15","bottom":"0","left":"7","isLinked":""},"padding_tablet":{"unit":"%","top":"0","right":"5","bottom":"0","left":"3","isLinked":""},"padding_mobile":{"unit":"%","top":"0","right":"7","bottom":"0","left":"3","isLinked":""}},"elements":[{"id":"4ad609a4","settings":{"typography_typography":"custom","text_color":"#000000","typography_font_family":"Helvetica","typography_font_size":{"unit":"px","size":"16","sizes":[]},"typography_font_size_tablet":{"unit":"px","size":"14","sizes":[]},"typography_font_weight":"300","typography_line_height":{"unit":"px","size":"22","sizes":[]},"typography_line_height_tablet":{"unit":"px","size":"20","sizes":[]},"typography_letter_spacing":{"unit":"px","size":"0","sizes":[]}},"elements":[],"isInner":false,"widgetType":"theme-post-content","elType":"widget"},{"id":"377021ae","settings":{"prev_label":"Previous","next_label":"Next","arrow":"fa fa-chevron-left","show_title":"","show_borders":"","label_typography_typography":"custom","label_typography_font_size":{"unit":"px","size":"16","sizes":[]},"label_typography_font_size_tablet":{"unit":"px","size":"14","sizes":[]},"arrow_color":"#FE7F4C","arrow_size":{"unit":"px","size":"16","sizes":[]},"arrow_size_tablet":{"unit":"px","size":"14","sizes":[]},"arrow_padding":{"unit":"px","size":"10","sizes":[]},"show_arrow":"","label_hover_color":"#3D3D3D","label_typography_font_weight":"400","label_typography_text_transform":"uppercase","label_typography_text_decoration":"underline","label_typography_letter_spacing":{"unit":"px","size":"-0.45","sizes":[]},"label_color":"#6C7C69","label_typography_font_family":"Helvetica"},"elements":[],"isInner":false,"widgetType":"post-navigation","elType":"widget"}],"isInner":"","elType":"column"},{"id":"4923ee96","settings":{"_column_size":"25","_inline_size":"32","margin":{"unit":"%","top":"","right":"","bottom":"","left":"","isLinked":"1"},"_inline_size_tablet":"95","margin_mobile":{"unit":"%","top":"20","right":"0","bottom":"0","left":"0","isLinked":""},"padding":{"unit":"%","top":"0","right":"10","bottom":"0","left":"0","isLinked":""},"margin_tablet":{"unit":"%","top":"10","right":"0","bottom":"0","left":"0","isLinked":""},"padding_tablet":{"unit":"%","top":"0","right":"20","bottom":"0","left":"7","isLinked":""},"padding_mobile":{"unit":"%","top":"0","right":"3","bottom":"0","left":"7","isLinked":""},"_inline_size_mobile":"93"},"elements":[{"id":"5fd7b0b5","settings":{"title":"You might also enjoy","title_color":"#6C7C69","typography_typography":"custom","typography_font_family":"Playfair Display","typography_font_size":{"unit":"px","size":"40","sizes":[]},"typography_font_size_tablet":{"unit":"px","size":"32","sizes":[]},"typography_font_size_mobile":{"unit":"px","size":"28","sizes":[]},"typography_font_weight":"400","typography_text_transform":"capitalize","typography_line_height":{"unit":"px","size":"44","sizes":[]},"typography_line_height_tablet":{"unit":"px","size":"36","sizes":[]},"typography_line_height_mobile":{"unit":"px","size":"32","sizes":[]},"typography_letter_spacing":{"unit":"px","size":"-1.13","sizes":[]}},"elements":[],"isInner":false,"widgetType":"heading","elType":"widget"},{"id":"44514389","settings":{"classic_meta_separator":"\/\/\/","classic_read_more_text":"Read More","cards_meta_separator":"\u2022","cards_read_more_text":"Read More \u00bb","full_content_meta_separator":"\/\/\/","pagination_page_limit":"5","pagination_prev_label":"&laquo; Previous","pagination_next_label":"Next &raquo;","classic_posts_per_page":"3","classic_item_ratio":{"unit":"px","size":"0.65","sizes":[]},"classic_title_tag":"h5","classic_meta_data":[],"classic_image_spacing":{"unit":"px","size":"18","sizes":[]},"classic_title_typography_typography":"custom","classic_title_typography_text_decoration":"none","classic_title_spacing":{"unit":"px","size":"10","sizes":[]},"classic_read_more_typography_typography":"custom","classic_read_more_typography_font_size":{"unit":"px","size":"16","sizes":[]},"_margin":{"unit":"%","top":"5","right":"0","bottom":"0","left":"0","isLinked":""},"classic_thumbnail_hover_filters_css_filter":"custom","classic_thumbnail_hover_filters_brightness":{"unit":"px","size":"80","sizes":[]},"classic_row_gap":{"unit":"px","size":"20","sizes":[]},"classic_read_more_typography_font_size_tablet":{"unit":"px","size":"14","sizes":[]},"classic_title_typography_font_size":{"unit":"px","size":"24","sizes":[]},"classic_title_typography_font_size_tablet":{"unit":"px","size":"20","sizes":[]},"classic_title_typography_text_transform":"none","classic_title_typography_line_height_tablet":{"unit":"px","size":"21","sizes":[]},"classic_columns":"1","classic_thumbnail":"left","classic_image_width":{"unit":"px","size":"145","sizes":[]},"posts_exclude":["current_post"],"posts_avoid_duplicates":"yes","classic_item_ratio_mobile":{"unit":"px","size":"1.2","sizes":[]},"classic_image_width_tablet":{"unit":"px","size":"180","sizes":[]},"classic_image_width_mobile":{"unit":"px","size":"110","sizes":[]},"classic_column_gap":{"unit":"px","size":"20","sizes":[]},"_margin_tablet":{"unit":"%","top":"5","right":"0","bottom":"0","left":"0","isLinked":""},"classic_excerpt_length":"10","classic_show_read_more":"","classic_title_typography_line_height":{"unit":"px","size":"25","sizes":[]},"classic_title_typography_letter_spacing":{"unit":"px","size":"-0.68","sizes":[]},"classic_excerpt_color":"#6C7C69","classic_columns_tablet":"1","classic_item_ratio_tablet":{"unit":"px","size":"0.6","sizes":[]},"classic_title_typography_font_size_mobile":{"unit":"px","size":"16","sizes":[]},"classic_title_color":"#6C7C69","classic_title_typography_font_family":"Playfair Display","classic_title_typography_font_weight":"300","classic_excerpt_typography_typography":"custom","classic_excerpt_typography_font_family":"Helvetica","classic_excerpt_typography_font_size":{"unit":"px","size":"14","sizes":[]},"classic_excerpt_typography_font_weight":"300","classic_excerpt_typography_line_height":{"unit":"px","size":"20","sizes":[]},"classic_excerpt_typography_line_height_tablet":{"unit":"px","size":"20","sizes":[]},"classic_excerpt_typography_letter_spacing":{"unit":"px","size":"0","sizes":[]}},"elements":[],"isInner":false,"widgetType":"posts","elType":"widget"}],"isInner":"","elType":"column"},{"id":"188745ee","settings":{"_column_size":"25","_inline_size":"5","content_position":"center","margin_tablet":{"unit":"%","top":"","right":"","bottom":"","left":"","isLinked":"1"},"_inline_size_mobile":"7"},"elements":[{"id":"2831e684","settings":{"space":{"unit":"vh","size":"20","sizes":[]},"_background_background":"classic","_background_color":"#6C7C69","_element_custom_width":{"unit":"px","size":"138","sizes":[]},"_offset_x":{"unit":"%","size":"0","sizes":[]},"_offset_y":{"unit":"%","size":"","sizes":[]},"_element_custom_width_tablet":{"unit":"vw","size":"","sizes":[]},"_element_custom_width_mobile":{"unit":"px","size":"30","sizes":[]},"_animation":"fadeInRight","animation_duration":"slow","_offset_orientation_h":"end","_offset_orientation_v":"end"},"elements":[],"isInner":false,"widgetType":"spacer","elType":"widget"}],"isInner":"","elType":"column"}],"isInner":"","elType":"section"}],"page_settings":{"background_background":"classic","background_color":"#FFFAF5"}}