{"version":"0.4","title":"15062","type":"popup","content":[{"id":"5645d711","settings":{"layout":"full_width","gap":"no","height":"min-height","column_position":"stretch","_title":"Popup","overflow":"hidden","_timestamp_":"v1R3BjMjVnNTZwRTgwWHBPUlA5UUxZUT09"},"elements":[{"id":"6f972ecd","settings":{"_column_size":"100"},"elements":[{"id":"48be1aa7","settings":{"selected_icon":{"value":{"id":3164,"url":"https:\/\/library.elementor.com\/wp-content\/uploads\/2020\/08\/Cross.svg"},"library":"svg"},"view":"stacked","shape":"square","align":"","primary_color":"rgba(255, 250, 245, 0)","size":{"unit":"px","size":"14","sizes":[]},"icon_padding":{"unit":"px","size":"20","sizes":[]},"_background_color":"#FFFBF6","_element_custom_width":{"unit":"%","size":"35","sizes":[]},"_offset_orientation_h":"end","_background_color_stop":{"unit":"%","size":"100","sizes":[]},"_background_color_b":"rgba(108, 124, 105, 0)","_background_color_b_stop":{"unit":"%","size":"0","sizes":[]},"hover_primary_color":"rgba(255, 250, 245, 0)","motion_fx_range":"page","_offset_x_end_mobile":{"unit":"px","size":"0","sizes":[]},"_offset_y_mobile":{"unit":"px","size":"0","sizes":[]},"secondary_color":"#6C7C69","_margin":{"unit":"px","top":"0","right":"0","bottom":"-6","left":"0","isLinked":""},"__dynamic__":{"link":"[elementor-tag id=\"0dfa59d\" name=\"popup\" settings=\"%7B%22action%22%3A%22close%22%7D\"]"},"_element_width":"auto","_position":"absolute","hover_secondary_color":"#000000"},"elements":[],"isInner":false,"widgetType":"icon","elType":"widget"},{"id":"7e8745a1","settings":{"height_inner":"min-height","custom_height_inner":{"unit":"px","size":"250","sizes":[]},"margin":{"unit":"px","top":"0","right":"0","bottom":"0","left":"0","isLinked":"1"},"padding":{"unit":"%","top":"0","right":"30","bottom":"0","left":"0","isLinked":""},"content_position":"middle","custom_height_inner_mobile":{"unit":"px","size":"180","sizes":[]},"padding_mobile":{"unit":"%","top":"0","right":"20","bottom":"0","left":"0","isLinked":""},"overflow":"hidden"},"elements":[{"id":"1639f8e3","settings":{"_column_size":"100","background_background":"classic","background_color":"#6C7C69","space_between_widgets":"7","padding":{"unit":"%","top":"0","right":"0","bottom":"0","left":"7","isLinked":""}},"elements":[{"id":"70e187a1","settings":{"editor":"Sign up and get","text_color":"#FFFFFF","typography_typography":"custom","typography_font_family":"Helvetica","typography_font_size":{"unit":"px","size":"16","sizes":[]},"typography_font_size_tablet":{"unit":"px","size":"14","sizes":[]},"typography_font_weight":"300","typography_line_height":{"unit":"px","size":"22","sizes":[]},"typography_line_height_tablet":{"unit":"px","size":"20","sizes":[]},"typography_letter_spacing":{"unit":"px","size":"0","sizes":[]}},"elements":[],"isInner":false,"widgetType":"text-editor","elType":"widget"},{"id":"89f9657","settings":{"title":"10% Off ","header_size":"h1","title_color":"#FFFFFF","typography_typography":"custom","typography_font_family":"Playfair Display","typography_font_size":{"unit":"px","size":"80","sizes":[]},"typography_font_size_tablet":{"unit":"px","size":"56","sizes":[]},"typography_font_size_mobile":{"unit":"px","size":"38","sizes":[]},"typography_font_weight":"700","typography_text_transform":"capitalize","typography_line_height":{"unit":"px","size":"80","sizes":[]},"typography_line_height_tablet":{"unit":"px","size":"56","sizes":[]},"typography_line_height_mobile":{"unit":"px","size":"42","sizes":[]},"typography_letter_spacing":{"unit":"px","size":"-2.25","sizes":[]}},"elements":[],"isInner":false,"widgetType":"heading","elType":"widget"},{"id":"b97da06","settings":{"editor":"On all flooring services","text_color":"#FFFFFF","typography_typography":"custom","typography_font_family":"Helvetica","typography_font_size":{"unit":"px","size":"16","sizes":[]},"typography_font_size_tablet":{"unit":"px","size":"14","sizes":[]},"typography_font_weight":"300","typography_line_height":{"unit":"px","size":"22","sizes":[]},"typography_line_height_tablet":{"unit":"px","size":"20","sizes":[]},"typography_letter_spacing":{"unit":"px","size":"0","sizes":[]}},"elements":[],"isInner":false,"widgetType":"text-editor","elType":"widget"}],"isInner":"1","elType":"column"}],"isInner":"1","elType":"section"},{"id":"2801238e","settings":{"custom_height_inner":{"unit":"px","size":"250","sizes":[]},"margin":{"unit":"%","top":"5","right":"0","bottom":"0","left":"0","isLinked":""},"padding":{"unit":"%","top":"0","right":"30","bottom":"0","left":"0","isLinked":""},"padding_mobile":{"unit":"%","top":"0","right":"20","bottom":"0","left":"0","isLinked":""},"overflow":"hidden"},"elements":[{"id":"c802054","settings":{"_column_size":"100","background_color":"#6C7C69","padding":{"unit":"%","top":"0","right":"30","bottom":"0","left":"7","isLinked":""},"padding_mobile":{"unit":"%","top":"0","right":"0","bottom":"0","left":"7","isLinked":""}},"elements":[{"id":"55ea771f","settings":{"form_name":"Newsletter","form_fields":[{"custom_id":"email","field_type":"email","required":"true","field_label":"Email","placeholder":"Email","width":"80","_id":"dac56d4","selected_icon":{"value":"fas fa-star","library":"fa-solid"},"field_options":"","allow_multiple":"","select_size":"","inline_list":"","field_html":"","width_tablet":"","width_mobile":"75","rows":"4","recaptcha_size":"normal","recaptcha_style":"light","recaptcha_badge":"bottomright","css_classes":"","field_value":"","file_sizes":"","file_types":"","allow_multiple_upload":"","max_files":"","acceptance_text":"","checked_by_default":"","field_min":"","field_max":"","min_date":"","max_date":"","use_native_date":"","use_native_time":"","previous_button":"","next_button":"","field_pattern":"","field_pattern_message":"Please match the requested format"}],"show_labels":"","button_width":"20","step_next_label":"Next","step_previous_label":"Previous","button_text":"Submit","email_content":"[all-fields]","email_content_2":"[all-fields]","success_message":"The form was sent successfully.","error_message":"An error occured.","required_field_message":"This field is required.","invalid_message":"There's something wrong. The form is invalid.","field_background_color":"rgba(2, 1, 1, 0)","field_border_width":{"unit":"px","top":"0","right":"0","bottom":"1","left":"0","isLinked":""},"field_border_radius":{"unit":"px","top":"0","right":"0","bottom":"0","left":"0","isLinked":"1"},"button_border_border":"solid","button_border_width":{"unit":"px","top":"0","right":"0","bottom":"1","left":"0","isLinked":""},"button_text_color":"#6C7C69","button_background_hover_color":"rgba(2, 1, 1, 0)","button_hover_color":"#000000","button_hover_border_color":"#000000","button_text_padding":{"unit":"px","top":"0","right":"0","bottom":"0","left":"0","isLinked":"1"},"_margin":{"unit":"%","top":"","right":"","bottom":"","left":"","isLinked":"1"},"_padding":{"unit":"%","top":"","right":"","bottom":"","left":"","isLinked":"1"},"button_border_color":"#6C7C69","success_message_color":"#000000","error_message_color":"#6C7C69","button_width_mobile":"25","field_typography_typography":"custom","field_typography_font_family":"Helvetica","field_typography_font_size":{"unit":"px","size":"14","sizes":[]},"field_typography_font_weight":"300","field_border_color":"#6C7C69","button_typography_typography":"custom","button_typography_font_family":"Helvetica","button_typography_font_size":{"unit":"px","size":"14","sizes":[]},"button_typography_font_weight":"700","button_typography_text_transform":"capitalize","button_border_radius":{"unit":"px","top":"0","right":"0","bottom":"0","left":"0","isLinked":"1"},"message_typography_typography":"custom","message_typography_font_family":"Helvetica","message_typography_font_size":{"unit":"px","size":"14","sizes":[]},"message_typography_font_weight":"300","button_background_color":"rgba(2, 1, 1, 0)","ap_google_sheet_mapping":[{"ap_google_sheet_field_id":"name","ap_google_sheet_column_id":1,"_id":"c9a7a4a"},{"ap_google_sheet_field_id":"email","ap_google_sheet_column_id":2,"_id":"7ceba44"},{"ap_google_sheet_field_id":"message","ap_google_sheet_column_id":3,"_id":"05c0776"}],"ap_register_email_from_name":"\u06a9\u062a\u0627\u0628\u062e\u0627\u0646\u0647 \u0642\u0627\u0644\u0628 \u0647\u0627\u06cc \u0622\u0645\u0627\u062f\u0647 \u0627\u0644\u0645\u0646\u062a\u0648\u0631 \u0641\u0627\u0631\u0633\u06cc","ap_register_email_from":"sms_co1993@yahoo.com","ap_register_email_subject":"Thank you for registering","ap_register_email_message":"Thank you for registering to our site.","ap_register_phone_message":"Thank you for registering. Please verify your Phone number using this [ap-verification] link\/otp before you login to our site.","ap_reset_pass_email_from":"no-reply@library.elementor.com","ap_reset_pass_email_subject":"Your password reset link","ap_reset_pass_email_message":"Hi {username}. Click on the following link {reset_password_link} to reset your password","ap_sms_message":"[all-fields]"},"elements":[],"isInner":false,"widgetType":"form","elType":"widget"}],"isInner":"1","elType":"column"}],"isInner":"1","elType":"section"},{"id":"20f43400","settings":{"space":{"unit":"px","size":"180","sizes":[]},"_background_background":"classic","_background_color":"#F2EAE3","_element_width":"initial","_element_custom_width":{"unit":"px","size":"80","sizes":[]},"_position":"absolute","_offset_x":{"unit":"px","size":"","sizes":[]},"_offset_orientation_h":"end","_element_custom_width_tablet":{"unit":"px","size":"184","sizes":[]},"_offset_x_end_mobile":{"unit":"px","size":"-10","sizes":[]},"_offset_y_tablet":{"unit":"px","size":"-260","sizes":[]},"space_mobile":{"unit":"px","size":"250","sizes":[]},"_element_width_mobile":"initial","_element_custom_width_mobile":{"unit":"px","size":"50","sizes":[]},"_offset_orientation_v":"end","_offset_y_mobile":{"unit":"px","size":"-92","sizes":[]}},"elements":[],"isInner":false,"widgetType":"spacer","elType":"widget"}],"isInner":"","elType":"column"}],"isInner":"","elType":"section"}]}