{"version":"0.4","title":"15075","type":"popup","content":[{"id":"3c39c339","settings":{"height":"min-height","custom_height":{"unit":"vh","size":"60","sizes":[]},"custom_height_mobile":{"unit":"vh","size":"85","sizes":[]},"column_position":"stretch","content_position":"space-between","padding":{"unit":"%","top":"0","right":"0","bottom":"0","left":"25","isLinked":""},"_title":"Popup","_timestamp_":"v1R3BjMjVnNTZwRTgwWHBPUlA5UUxZUT09"},"elements":[{"id":"27d8f9","settings":{"_column_size":"100","padding":{"unit":"px","top":"0","right":"0","bottom":"0","left":"0","isLinked":"1"}},"elements":[{"id":"20627378","settings":{"selected_icon":{"value":{"id":"3164","url":"https:\/\/library.elementor.com\/wp-content\/uploads\/2020\/08\/Cross.svg"},"library":"svg"},"view":"stacked","shape":"square","align":"right","primary_color":"#FFFAF5","size":{"unit":"px","size":"22","sizes":[]},"icon_padding":{"unit":"px","size":"37","sizes":[]},"_background_color":"#FFFBF6","_element_custom_width":{"unit":"%","size":"35","sizes":[]},"_offset_orientation_h":"end","_background_color_stop":{"unit":"%","size":"100","sizes":[]},"_background_color_b":"rgba(108, 124, 105, 0)","_background_color_b_stop":{"unit":"%","size":"0","sizes":[]},"hover_primary_color":"rgba(255, 250, 245, 0.9)","hover_secondary_color":"#6C7C69","motion_fx_range":"page","_offset_x_end_mobile":{"unit":"px","size":"0","sizes":[]},"_offset_y_mobile":{"unit":"px","size":"0","sizes":[]},"secondary_color":"#6C7C69","_margin":{"unit":"px","top":"0","right":"0","bottom":"-6","left":"0","isLinked":""},"__dynamic__":{"link":"[elementor-tag id=\"0dfa59d\" name=\"popup\" settings=\"%7B%22action%22%3A%22close%22%7D\"]"}},"elements":[],"isInner":false,"widgetType":"icon","elType":"widget"},{"id":"d3a3ec8","settings":{"layout":"vertical","pointer":"none","animation_line":"slide","animation_background":"sweep-down","animation_text":"none","dropdown":"none","menu_typography_typography":"custom","menu_typography_font_size":{"unit":"px","size":"16","sizes":[]},"menu_typography_text_transform":"uppercase","color_menu_item":"#FFFAF5","color_menu_item_hover":"rgba(255, 250, 245, 0.4)","color_menu_item_hover_pointer_bg":"","pointer_color_menu_item_hover":"#FFFAF5","color_menu_item_active":"rgba(255, 250, 245, 0.4)","padding_horizontal_menu_item":{"unit":"px","size":"0","sizes":[]},"padding_vertical_menu_item":{"unit":"px","size":"0","sizes":[]},"menu_space_between":{"unit":"px","size":"40","sizes":[]},"menu_typography_font_family":"Helvetica","menu_typography_font_weight":"300"},"elements":[],"isInner":false,"widgetType":"nav-menu","elType":"widget"}],"isInner":"","elType":"column"}],"isInner":"","elType":"section"}]}