{"version":"0.4","title":"15167","type":"page","content":[{"id":"3ec7f820","settings":{"layout":"full_width","gap":"no","height":"min-height","custom_height":{"unit":"vh","size":"90","sizes":[]},"column_position":"stretch","content_position":"middle","overflow":"hidden","structure":"20","padding":{"unit":"%","top":"","right":"","bottom":"","left":"","isLinked":"1"},"_title":"Hero","custom_height_tablet":{"unit":"vh","size":"90","sizes":[]},"reverse_order_mobile":"reverse-mobile","reverse_order_tablet":"reverse-tablet","_timestamp_":"v1R3BjMjVnNTZwRTgwWHBPUlA5UUxZUT09","pp_display_conditions":[{"pp_condition_key":"authentication","pp_condition_operator":"is","pp_condition_authentication_value":"authenticated","pp_condition_user_value":"","pp_condition_role_value":"subscriber","pp_condition_page_value":"","pp_condition_post_value":"","pp_condition_static_page_value":"home","pp_condition_post_type_value":"","pp_condition_taxonomy_archive_value":"","pp_condition_term_archive_value":"","pp_condition_post_type_archive_value":"","pp_condition_date_archive_value":"","pp_condition_author_archive_value":"","pp_condition_search_results_value":"","pp_condition_date_value":"2020-09-13 to 2020-09-19","pp_condition_date_time_before_value":"2020-09-19 08:39","pp_condition_time_value":"","pp_condition_day_value":"1","pp_condition_os_value":"iphone","pp_condition_browser_value":"ie","pp_condition_search-bot_value":"all_search_bots","_id":"9acbe11"}]},"elements":[{"id":"771f728d","settings":{"_column_size":"50","padding":{"unit":"%","top":"0","right":"0","bottom":"0","left":"15.8","isLinked":""},"space_between_widgets":"0","_inline_size_tablet":"100","padding_tablet":{"unit":"%","top":"8","right":"0","bottom":"0","left":"7","isLinked":""},"padding_mobile":{"unit":"%","top":"12","right":"7","bottom":"16","left":"7","isLinked":""}},"elements":[{"id":"5c6545a2","settings":{"title":"Psychotherapy","header_size":"h1","_padding":{"unit":"%","top":"0","right":"15.8","bottom":"10","left":"0","isLinked":""},"_margin":{"unit":"px","top":"0","right":"0","bottom":"0","left":"-3","isLinked":""},"_padding_tablet":{"unit":"%","top":"0","right":"0","bottom":"8","left":"0","isLinked":""},"_padding_mobile":{"unit":"%","top":"0","right":"0","bottom":"10","left":"0","isLinked":""},"align_mobile":"left","typography_text_transform":"capitalize","_animation":"fadeIn","animation_duration":"fast","title_color":"#65768B","typography_typography":"custom","typography_font_family":"Prompt","typography_font_size":{"unit":"px","size":"80","sizes":[]},"typography_font_size_tablet":{"unit":"px","size":"48","sizes":[]},"typography_font_size_mobile":{"unit":"px","size":"36","sizes":[]},"typography_font_weight":"100","typography_line_height":{"unit":"px","size":"82","sizes":[]},"typography_line_height_tablet":{"unit":"px","size":"56","sizes":[]},"typography_line_height_mobile":{"unit":"px","size":"44","sizes":[]},"typography_letter_spacing_tablet":{"unit":"px","size":"-1","sizes":[]},"pp_display_conditions":[{"pp_condition_key":"authentication","pp_condition_operator":"is","pp_condition_authentication_value":"authenticated","pp_condition_user_value":"","pp_condition_role_value":"subscriber","pp_condition_page_value":"","pp_condition_post_value":"","pp_condition_static_page_value":"home","pp_condition_post_type_value":"","pp_condition_taxonomy_archive_value":"","pp_condition_term_archive_value":"","pp_condition_post_type_archive_value":"","pp_condition_date_archive_value":"","pp_condition_author_archive_value":"","pp_condition_search_results_value":"","pp_condition_date_value":"2020-09-13 to 2020-09-19","pp_condition_date_time_before_value":"2020-09-19 08:39","pp_condition_time_value":"","pp_condition_day_value":"1","pp_condition_os_value":"iphone","pp_condition_browser_value":"ie","pp_condition_search-bot_value":"all_search_bots","_id":"1d9f85b"}]},"elements":[],"isInner":false,"widgetType":"heading","elType":"widget"},{"id":"471af4a","settings":{"gap":"no","structure":"20","padding":{"unit":"%","top":"0","right":"15.8","bottom":"0","left":"0","isLinked":""},"padding_tablet":{"unit":"%","top":"0","right":"7","bottom":"16","left":"0","isLinked":""},"padding_mobile":{"unit":"%","top":"0","right":"0","bottom":"0","left":"0","isLinked":""},"layout":"full_width","pp_display_conditions":[{"pp_condition_key":"authentication","pp_condition_operator":"is","pp_condition_authentication_value":"authenticated","pp_condition_user_value":"","pp_condition_role_value":"subscriber","pp_condition_page_value":"","pp_condition_post_value":"","pp_condition_static_page_value":"home","pp_condition_post_type_value":"","pp_condition_taxonomy_archive_value":"","pp_condition_term_archive_value":"","pp_condition_post_type_archive_value":"","pp_condition_date_archive_value":"","pp_condition_author_archive_value":"","pp_condition_search_results_value":"","pp_condition_date_value":"2020-09-13 to 2020-09-19","pp_condition_date_time_before_value":"2020-09-19 08:39","pp_condition_time_value":"","pp_condition_day_value":"1","pp_condition_os_value":"iphone","pp_condition_browser_value":"ie","pp_condition_search-bot_value":"all_search_bots","_id":"449e713"}]},"elements":[{"id":"32acc42c","settings":{"_column_size":"50","_inline_size_mobile":"100","padding_mobile":{"unit":"%","top":"0","right":"0","bottom":"14","left":"0","isLinked":""},"space_between_widgets":"0","padding":{"unit":"%","top":"0","right":"16","bottom":"0","left":"0","isLinked":""},"_inline_size_tablet":"50","padding_tablet":{"unit":"%","top":"0","right":"10","bottom":"0","left":"0","isLinked":""},"animation":"fadeIn","animation_delay":"200"},"elements":[{"id":"76b29390","settings":{"title":"In-clinic sessions","header_size":"h4","title_color":"#65768B","typography_typography":"custom","typography_font_family":"Prompt","typography_font_size":{"unit":"px","size":"16","sizes":[]},"typography_font_size_tablet":{"unit":"px","size":"15","sizes":[]},"typography_font_size_mobile":{"unit":"px","size":"14","sizes":[]},"typography_font_weight":"400","typography_text_transform":"uppercase","typography_line_height":{"unit":"px","size":"24","sizes":[]},"typography_line_height_tablet":{"unit":"px","size":"23","sizes":[]},"typography_line_height_mobile":{"unit":"px","size":"22","sizes":[]},"typography_letter_spacing":{"unit":"px","size":"1","sizes":[]},"typography_letter_spacing_tablet":{"unit":"px","size":"1.2","sizes":[]},"typography_letter_spacing_mobile":{"unit":"px","size":"1.1","sizes":[]},"_padding":{"unit":"%","top":"","right":"","bottom":"","left":"","isLinked":"1"},"_padding_mobile":{"unit":"%","top":"","right":"","bottom":"","left":"","isLinked":"1"},"_animation":"fadeIn","pp_display_conditions":[{"pp_condition_key":"authentication","pp_condition_operator":"is","pp_condition_authentication_value":"authenticated","pp_condition_user_value":"","pp_condition_role_value":"subscriber","pp_condition_page_value":"","pp_condition_post_value":"","pp_condition_static_page_value":"home","pp_condition_post_type_value":"","pp_condition_taxonomy_archive_value":"","pp_condition_term_archive_value":"","pp_condition_post_type_archive_value":"","pp_condition_date_archive_value":"","pp_condition_author_archive_value":"","pp_condition_search_results_value":"","pp_condition_date_value":"2020-09-13 to 2020-09-19","pp_condition_date_time_before_value":"2020-09-19 08:39","pp_condition_time_value":"","pp_condition_day_value":"1","pp_condition_os_value":"iphone","pp_condition_browser_value":"ie","pp_condition_search-bot_value":"all_search_bots","_id":"8ddbe40"}]},"elements":[],"isInner":false,"widgetType":"heading","elType":"widget"},{"id":"d5d58c","settings":{"text":"Divider","color":"#9AA8BA","gap":{"unit":"px","size":"17","sizes":[]},"align_tablet":"center","pp_display_conditions":[{"pp_condition_key":"authentication","pp_condition_operator":"is","pp_condition_authentication_value":"authenticated","pp_condition_user_value":"","pp_condition_role_value":"subscriber","pp_condition_page_value":"","pp_condition_post_value":"","pp_condition_static_page_value":"home","pp_condition_post_type_value":"","pp_condition_taxonomy_archive_value":"","pp_condition_term_archive_value":"","pp_condition_post_type_archive_value":"","pp_condition_date_archive_value":"","pp_condition_author_archive_value":"","pp_condition_search_results_value":"","pp_condition_date_value":"2020-09-13 to 2020-09-19","pp_condition_date_time_before_value":"2020-09-19 08:39","pp_condition_time_value":"","pp_condition_day_value":"1","pp_condition_os_value":"iphone","pp_condition_browser_value":"ie","pp_condition_search-bot_value":"all_search_bots","_id":"1bf4b31"}]},"elements":[],"isInner":false,"widgetType":"divider","elType":"widget"},{"id":"23c5bce2","settings":{"editor":"Lorem ipsum dolor sit amet, consectet adipiscing\u00a0elit,sed do eiusm por incididunt ut labore et dolore magna aliqua. ","typography_line_height":{"unit":"px","size":"22","sizes":[]},"align_mobile":"left","text_color":"#5F5B5B","typography_typography":"custom","typography_font_family":"Prompt","typography_font_size":{"unit":"px","size":"16","sizes":[]},"typography_font_size_tablet":{"unit":"px","size":"15","sizes":[]},"typography_font_size_mobile":{"unit":"px","size":"14","sizes":[]},"typography_font_weight":"300","typography_line_height_tablet":{"unit":"px","size":"21","sizes":[]},"typography_line_height_mobile":{"unit":"px","size":"20","sizes":[]},"_padding":{"unit":"%","top":"","right":"","bottom":"","left":"","isLinked":"1"},"_padding_tablet":{"unit":"%","top":"","right":"","bottom":"","left":"","isLinked":"1"},"_padding_mobile":{"unit":"%","top":"","right":"","bottom":"","left":"","isLinked":"1"},"_animation":"fadeIn","pp_display_conditions":[{"pp_condition_key":"authentication","pp_condition_operator":"is","pp_condition_authentication_value":"authenticated","pp_condition_user_value":"","pp_condition_role_value":"subscriber","pp_condition_page_value":"","pp_condition_post_value":"","pp_condition_static_page_value":"home","pp_condition_post_type_value":"","pp_condition_taxonomy_archive_value":"","pp_condition_term_archive_value":"","pp_condition_post_type_archive_value":"","pp_condition_date_archive_value":"","pp_condition_author_archive_value":"","pp_condition_search_results_value":"","pp_condition_date_value":"2020-09-13 to 2020-09-19","pp_condition_date_time_before_value":"2020-09-19 08:39","pp_condition_time_value":"","pp_condition_day_value":"1","pp_condition_os_value":"iphone","pp_condition_browser_value":"ie","pp_condition_search-bot_value":"all_search_bots","_id":"85a4422"}]},"elements":[],"isInner":false,"widgetType":"text-editor","elType":"widget"}],"isInner":"1","elType":"column"},{"id":"46eeeecd","settings":{"_column_size":"50","_inline_size_mobile":"100","padding_mobile":{"unit":"%","top":"0","right":"0","bottom":"0","left":"0","isLinked":""},"space_between_widgets":"0","padding":{"unit":"%","top":"0","right":"0","bottom":"0","left":"16","isLinked":""},"_inline_size_tablet":"50","padding_tablet":{"unit":"%","top":"0","right":"0","bottom":"0","left":"10","isLinked":""},"animation":"fadeIn","animation_delay":"400"},"elements":[{"id":"12814d04","settings":{"title":"remote sessions","header_size":"h4","title_color":"#65768B","typography_typography":"custom","typography_font_family":"Prompt","typography_font_size":{"unit":"px","size":"16","sizes":[]},"typography_font_size_tablet":{"unit":"px","size":"15","sizes":[]},"typography_font_size_mobile":{"unit":"px","size":"14","sizes":[]},"typography_font_weight":"400","typography_text_transform":"uppercase","typography_line_height":{"unit":"px","size":"24","sizes":[]},"typography_line_height_tablet":{"unit":"px","size":"23","sizes":[]},"typography_line_height_mobile":{"unit":"px","size":"22","sizes":[]},"typography_letter_spacing":{"unit":"px","size":"1","sizes":[]},"typography_letter_spacing_tablet":{"unit":"px","size":"1.2","sizes":[]},"typography_letter_spacing_mobile":{"unit":"px","size":"1.1","sizes":[]},"_padding":{"unit":"%","top":"","right":"","bottom":"","left":"","isLinked":"1"},"_padding_mobile":{"unit":"%","top":"","right":"","bottom":"","left":"","isLinked":"1"},"_animation":"fadeIn","pp_display_conditions":[{"pp_condition_key":"authentication","pp_condition_operator":"is","pp_condition_authentication_value":"authenticated","pp_condition_user_value":"","pp_condition_role_value":"subscriber","pp_condition_page_value":"","pp_condition_post_value":"","pp_condition_static_page_value":"home","pp_condition_post_type_value":"","pp_condition_taxonomy_archive_value":"","pp_condition_term_archive_value":"","pp_condition_post_type_archive_value":"","pp_condition_date_archive_value":"","pp_condition_author_archive_value":"","pp_condition_search_results_value":"","pp_condition_date_value":"2020-09-13 to 2020-09-19","pp_condition_date_time_before_value":"2020-09-19 08:39","pp_condition_time_value":"","pp_condition_day_value":"1","pp_condition_os_value":"iphone","pp_condition_browser_value":"ie","pp_condition_search-bot_value":"all_search_bots","_id":"c81a3ca"}]},"elements":[],"isInner":false,"widgetType":"heading","elType":"widget"},{"id":"47d3c9e9","settings":{"text":"Divider","color":"#9AA8BA","gap":{"unit":"px","size":"17","sizes":[]},"align_tablet":"center","pp_display_conditions":[{"pp_condition_key":"authentication","pp_condition_operator":"is","pp_condition_authentication_value":"authenticated","pp_condition_user_value":"","pp_condition_role_value":"subscriber","pp_condition_page_value":"","pp_condition_post_value":"","pp_condition_static_page_value":"home","pp_condition_post_type_value":"","pp_condition_taxonomy_archive_value":"","pp_condition_term_archive_value":"","pp_condition_post_type_archive_value":"","pp_condition_date_archive_value":"","pp_condition_author_archive_value":"","pp_condition_search_results_value":"","pp_condition_date_value":"2020-09-13 to 2020-09-19","pp_condition_date_time_before_value":"2020-09-19 08:39","pp_condition_time_value":"","pp_condition_day_value":"1","pp_condition_os_value":"iphone","pp_condition_browser_value":"ie","pp_condition_search-bot_value":"all_search_bots","_id":"3a71dae"}]},"elements":[],"isInner":false,"widgetType":"divider","elType":"widget"},{"id":"1919b2a5","settings":{"editor":"Lorem ipsum dolor sit amet, consectet adipiscing\u00a0elit,sed do eiusm por incididunt ut labore et dolore magna aliqua. ","typography_line_height":{"unit":"px","size":"22","sizes":[]},"align_mobile":"left","text_color":"#5F5B5B","typography_typography":"custom","typography_font_family":"Prompt","typography_font_size":{"unit":"px","size":"16","sizes":[]},"typography_font_size_tablet":{"unit":"px","size":"15","sizes":[]},"typography_font_size_mobile":{"unit":"px","size":"14","sizes":[]},"typography_font_weight":"300","typography_line_height_tablet":{"unit":"px","size":"21","sizes":[]},"typography_line_height_mobile":{"unit":"px","size":"20","sizes":[]},"_padding":{"unit":"%","top":"","right":"","bottom":"","left":"","isLinked":"1"},"_padding_tablet":{"unit":"%","top":"","right":"","bottom":"","left":"","isLinked":"1"},"_padding_mobile":{"unit":"%","top":"","right":"","bottom":"","left":"","isLinked":"1"},"_animation":"fadeIn","pp_display_conditions":[{"pp_condition_key":"authentication","pp_condition_operator":"is","pp_condition_authentication_value":"authenticated","pp_condition_user_value":"","pp_condition_role_value":"subscriber","pp_condition_page_value":"","pp_condition_post_value":"","pp_condition_static_page_value":"home","pp_condition_post_type_value":"","pp_condition_taxonomy_archive_value":"","pp_condition_term_archive_value":"","pp_condition_post_type_archive_value":"","pp_condition_date_archive_value":"","pp_condition_author_archive_value":"","pp_condition_search_results_value":"","pp_condition_date_value":"2020-09-13 to 2020-09-19","pp_condition_date_time_before_value":"2020-09-19 08:39","pp_condition_time_value":"","pp_condition_day_value":"1","pp_condition_os_value":"iphone","pp_condition_browser_value":"ie","pp_condition_search-bot_value":"all_search_bots","_id":"e5f6ba2"}]},"elements":[],"isInner":false,"widgetType":"text-editor","elType":"widget"}],"isInner":"1","elType":"column"}],"isInner":"1","elType":"section"},{"id":"235892e2","settings":{"selected_icon":{"value":{"id":"771","url":"http:\/\/library.elementor.com\/wp-content\/uploads\/2020\/09\/scroll-down-icon.svg"},"library":"svg"},"view":"stacked","shape":"square","link":{"url":"#services","is_external":"","nofollow":"","custom_attributes":""},"primary_color":"#CBD2DB","hover_primary_color":"#9AA8BA","size":{"unit":"px","size":"30","sizes":[]},"_margin":{"unit":"px","top":"0","right":"0","bottom":"-6","left":"0","isLinked":""},"_element_width":"auto","_position":"absolute","_offset_orientation_h":"end","_offset_x_end":{"unit":"%","size":"0","sizes":[]},"_offset_orientation_v":"end","_offset_y_end":{"unit":"%","size":"0","sizes":[]},"hide_mobile":"hidden-phone","_animation":"fadeInDown","animation_duration":"slow","_animation_delay":"600","pp_display_conditions":[{"pp_condition_key":"authentication","pp_condition_operator":"is","pp_condition_authentication_value":"authenticated","pp_condition_user_value":"","pp_condition_role_value":"subscriber","pp_condition_page_value":"","pp_condition_post_value":"","pp_condition_static_page_value":"home","pp_condition_post_type_value":"","pp_condition_taxonomy_archive_value":"","pp_condition_term_archive_value":"","pp_condition_post_type_archive_value":"","pp_condition_date_archive_value":"","pp_condition_author_archive_value":"","pp_condition_search_results_value":"","pp_condition_date_value":"2020-09-13 to 2020-09-19","pp_condition_date_time_before_value":"2020-09-19 08:39","pp_condition_time_value":"","pp_condition_day_value":"1","pp_condition_os_value":"iphone","pp_condition_browser_value":"ie","pp_condition_search-bot_value":"all_search_bots","_id":"4de361d"}]},"elements":[],"isInner":false,"widgetType":"icon","elType":"widget"}],"isInner":"","elType":"column"},{"id":"db4cfcb","settings":{"_column_size":"50","background_background":"classic","background_image":{"id":788,"url":"http:\/\/library.elementor.com\/wp-content\/uploads\/2020\/09\/services-hero-pic.jpg"},"background_position":"center center","background_repeat":"no-repeat","background_size":"cover","_inline_size_tablet":"100","background_position_tablet":"top center"},"elements":[{"id":"3a29b013","settings":{"space_mobile":{"unit":"px","size":"315","sizes":[]},"space_tablet":{"unit":"px","size":"480","sizes":[]},"pp_display_conditions":[{"pp_condition_key":"authentication","pp_condition_operator":"is","pp_condition_authentication_value":"authenticated","pp_condition_user_value":"","pp_condition_role_value":"subscriber","pp_condition_page_value":"","pp_condition_post_value":"","pp_condition_static_page_value":"home","pp_condition_post_type_value":"","pp_condition_taxonomy_archive_value":"","pp_condition_term_archive_value":"","pp_condition_post_type_archive_value":"","pp_condition_date_archive_value":"","pp_condition_author_archive_value":"","pp_condition_search_results_value":"","pp_condition_date_value":"2020-09-13 to 2020-09-19","pp_condition_date_time_before_value":"2020-09-19 08:39","pp_condition_time_value":"","pp_condition_day_value":"1","pp_condition_os_value":"iphone","pp_condition_browser_value":"ie","pp_condition_search-bot_value":"all_search_bots","_id":"5bf5eca"}]},"elements":[],"isInner":false,"widgetType":"spacer","elType":"widget"}],"isInner":"","elType":"column"}],"isInner":"","elType":"section"},{"id":"7226112d","settings":{"gap":"no","height":"min-height","custom_height":{"unit":"vh","size":"70","sizes":[]},"column_position":"stretch","content_position":"middle","overflow":"hidden","padding":{"unit":"%","top":"0","right":"4","bottom":"0","left":"4","isLinked":""},"_title":"Services","custom_height_tablet":{"unit":"vh","size":"75","sizes":[]},"content_width":{"unit":"px","size":"1350","sizes":[]},"padding_tablet":{"unit":"%","top":"0","right":"7","bottom":"0","left":"7","isLinked":""},"background_background":"classic","background_color":"#FFFFFF","_element_id":"services","custom_height_mobile":{"unit":"px","size":"930","sizes":[]},"_timestamp_":"v1R3BjMjVnNTZwRTgwWHBPUlA5UUxZUT09","pp_display_conditions":[{"pp_condition_key":"authentication","pp_condition_operator":"is","pp_condition_authentication_value":"authenticated","pp_condition_user_value":"","pp_condition_role_value":"subscriber","pp_condition_page_value":"","pp_condition_post_value":"","pp_condition_static_page_value":"home","pp_condition_post_type_value":"","pp_condition_taxonomy_archive_value":"","pp_condition_term_archive_value":"","pp_condition_post_type_archive_value":"","pp_condition_date_archive_value":"","pp_condition_author_archive_value":"","pp_condition_search_results_value":"","pp_condition_date_value":"2020-09-13 to 2020-09-19","pp_condition_date_time_before_value":"2020-09-19 08:39","pp_condition_time_value":"","pp_condition_day_value":"1","pp_condition_os_value":"iphone","pp_condition_browser_value":"ie","pp_condition_search-bot_value":"all_search_bots","_id":"7ffb0bb"}]},"elements":[{"id":"3d5d6f75","settings":{"_column_size":"100","padding":{"unit":"%","top":"","right":"","bottom":"","left":"","isLinked":"1"},"space_between_widgets":"0","background_background":"classic","_inline_size_tablet":"100","padding_tablet":{"unit":"%","top":"","right":"","bottom":"","left":"","isLinked":"1"},"padding_mobile":{"unit":"%","top":"","right":"","bottom":"","left":"","isLinked":"1"}},"elements":[{"id":"3a2cb2ca","settings":{"title":"Services Provided","_padding":{"unit":"%","top":"0","right":"0","bottom":"5","left":"0","isLinked":""},"_padding_tablet":{"unit":"%","top":"0","right":"0","bottom":"8","left":"0","isLinked":""},"_padding_mobile":{"unit":"%","top":"0","right":"0","bottom":"12","left":"0","isLinked":""},"align":"center","typography_text_transform":"capitalize","align_mobile":"left","_animation":"fadeInUp","_animation_mobile":"none","title_color":"#9AA8BA","typography_typography":"custom","typography_font_family":"Prompt","typography_font_size":{"unit":"px","size":"40","sizes":[]},"typography_font_size_tablet":{"unit":"px","size":"36","sizes":[]},"typography_font_size_mobile":{"unit":"px","size":"24","sizes":[]},"typography_font_weight":"100","typography_line_height":{"unit":"px","size":"44","sizes":[]},"typography_line_height_tablet":{"unit":"px","size":"40","sizes":[]},"typography_line_height_mobile":{"unit":"px","size":"30","sizes":[]},"typography_letter_spacing_mobile":{"unit":"px","size":"-0.5","sizes":[]},"motion_fx_translateY_speed":{"unit":"px","size":"0.4","sizes":[]},"motion_fx_devices":["desktop","tablet"],"pp_display_conditions":[{"pp_condition_key":"authentication","pp_condition_operator":"is","pp_condition_authentication_value":"authenticated","pp_condition_user_value":"","pp_condition_role_value":"subscriber","pp_condition_page_value":"","pp_condition_post_value":"","pp_condition_static_page_value":"home","pp_condition_post_type_value":"","pp_condition_taxonomy_archive_value":"","pp_condition_term_archive_value":"","pp_condition_post_type_archive_value":"","pp_condition_date_archive_value":"","pp_condition_author_archive_value":"","pp_condition_search_results_value":"","pp_condition_date_value":"2020-09-13 to 2020-09-19","pp_condition_date_time_before_value":"2020-09-19 08:39","pp_condition_time_value":"","pp_condition_day_value":"1","pp_condition_os_value":"iphone","pp_condition_browser_value":"ie","pp_condition_search-bot_value":"all_search_bots","_id":"d08c4ce"}]},"elements":[],"isInner":false,"widgetType":"heading","elType":"widget"},{"id":"436f8674","settings":{"gap":"no","structure":"30","padding":{"unit":"%","top":"0","right":"0","bottom":"0","left":"0","isLinked":""},"padding_tablet":{"unit":"%","top":"0","right":"0","bottom":"0","left":"0","isLinked":""},"padding_mobile":{"unit":"%","top":"0","right":"0","bottom":"12","left":"0","isLinked":""},"layout":"full_width","pp_display_conditions":[{"pp_condition_key":"authentication","pp_condition_operator":"is","pp_condition_authentication_value":"authenticated","pp_condition_user_value":"","pp_condition_role_value":"subscriber","pp_condition_page_value":"","pp_condition_post_value":"","pp_condition_static_page_value":"home","pp_condition_post_type_value":"","pp_condition_taxonomy_archive_value":"","pp_condition_term_archive_value":"","pp_condition_post_type_archive_value":"","pp_condition_date_archive_value":"","pp_condition_author_archive_value":"","pp_condition_search_results_value":"","pp_condition_date_value":"2020-09-13 to 2020-09-19","pp_condition_date_time_before_value":"2020-09-19 08:39","pp_condition_time_value":"","pp_condition_day_value":"1","pp_condition_os_value":"iphone","pp_condition_browser_value":"ie","pp_condition_search-bot_value":"all_search_bots","_id":"3562e66"}]},"elements":[{"id":"5533963d","settings":{"_column_size":"33","_inline_size_mobile":"100","padding_mobile":{"unit":"%","top":"0","right":"0","bottom":"14","left":"0","isLinked":""},"space_between_widgets":"0","padding":{"unit":"%","top":"0","right":"18","bottom":"0","left":"0","isLinked":""},"_inline_size_tablet":"100","padding_tablet":{"unit":"%","top":"0","right":"0","bottom":"8","left":"0","isLinked":""},"animation":"fadeIn","animation_duration":"fast","animation_delay":"200","animation_mobile":"none"},"elements":[{"id":"72ee0be9","settings":{"title":"Individual Therapy","header_size":"h3","align_tablet":"center","align_mobile":"left","title_color":"#5F5B5B","typography_typography":"custom","typography_font_family":"Prompt","typography_font_size":{"unit":"px","size":"22","sizes":[]},"typography_font_weight":"300","typography_text_transform":"capitalize","typography_line_height":{"unit":"px","size":"26","sizes":[]},"_padding":{"unit":"%","top":"0","right":"0","bottom":"2","left":"0","isLinked":""},"pp_display_conditions":[{"pp_condition_key":"authentication","pp_condition_operator":"is","pp_condition_authentication_value":"authenticated","pp_condition_user_value":"","pp_condition_role_value":"subscriber","pp_condition_page_value":"","pp_condition_post_value":"","pp_condition_static_page_value":"home","pp_condition_post_type_value":"","pp_condition_taxonomy_archive_value":"","pp_condition_term_archive_value":"","pp_condition_post_type_archive_value":"","pp_condition_date_archive_value":"","pp_condition_author_archive_value":"","pp_condition_search_results_value":"","pp_condition_date_value":"2020-09-13 to 2020-09-19","pp_condition_date_time_before_value":"2020-09-19 08:39","pp_condition_time_value":"","pp_condition_day_value":"1","pp_condition_os_value":"iphone","pp_condition_browser_value":"ie","pp_condition_search-bot_value":"all_search_bots","_id":"4c32714"}]},"elements":[],"isInner":false,"widgetType":"heading","elType":"widget"},{"id":"136d9d24","settings":{"text":"Divider","color":"#9AA8BA","gap":{"unit":"px","size":"0","sizes":[]},"_padding":{"unit":"px","top":"8","right":"0","bottom":"18","left":"0","isLinked":""},"align_tablet":"center","pp_display_conditions":[{"pp_condition_key":"authentication","pp_condition_operator":"is","pp_condition_authentication_value":"authenticated","pp_condition_user_value":"","pp_condition_role_value":"subscriber","pp_condition_page_value":"","pp_condition_post_value":"","pp_condition_static_page_value":"home","pp_condition_post_type_value":"","pp_condition_taxonomy_archive_value":"","pp_condition_term_archive_value":"","pp_condition_post_type_archive_value":"","pp_condition_date_archive_value":"","pp_condition_author_archive_value":"","pp_condition_search_results_value":"","pp_condition_date_value":"2020-09-13 to 2020-09-19","pp_condition_date_time_before_value":"2020-09-19 08:39","pp_condition_time_value":"","pp_condition_day_value":"1","pp_condition_os_value":"iphone","pp_condition_browser_value":"ie","pp_condition_search-bot_value":"all_search_bots","_id":"e4a270f"}]},"elements":[],"isInner":false,"widgetType":"divider","elType":"widget"},{"id":"3d3f180d","settings":{"editor":"Ut aliquip ex ea sint occaecat cupidatat non proident, sunt in culpa qui officia mollit natoque consequat massa quis enim. Donec pede justo, fringilla vitae, eleifend acer sem neque sed ipsum. Nam quam nunc, blandit vel, ridiculus mus. Donec quam felis, ultricies nec, pellentesque eu, pretium consectetuer  elit. ","typography_line_height":{"unit":"px","size":"22","sizes":[]},"text_columns_tablet":"2","text_columns_mobile":"1","column_gap_tablet":{"unit":"px","size":"35","sizes":[]},"align_mobile":"left","text_color":"#5F5B5B","typography_typography":"custom","typography_font_family":"Prompt","typography_font_size":{"unit":"px","size":"16","sizes":[]},"typography_font_size_tablet":{"unit":"px","size":"15","sizes":[]},"typography_font_size_mobile":{"unit":"px","size":"14","sizes":[]},"typography_font_weight":"300","typography_line_height_tablet":{"unit":"px","size":"21","sizes":[]},"typography_line_height_mobile":{"unit":"px","size":"20","sizes":[]},"_padding":{"unit":"%","top":"","right":"","bottom":"","left":"","isLinked":"1"},"_padding_tablet":{"unit":"%","top":"","right":"","bottom":"","left":"","isLinked":"1"},"_padding_mobile":{"unit":"%","top":"","right":"","bottom":"","left":"","isLinked":"1"},"_animation":"fadeIn","pp_display_conditions":[{"pp_condition_key":"authentication","pp_condition_operator":"is","pp_condition_authentication_value":"authenticated","pp_condition_user_value":"","pp_condition_role_value":"subscriber","pp_condition_page_value":"","pp_condition_post_value":"","pp_condition_static_page_value":"home","pp_condition_post_type_value":"","pp_condition_taxonomy_archive_value":"","pp_condition_term_archive_value":"","pp_condition_post_type_archive_value":"","pp_condition_date_archive_value":"","pp_condition_author_archive_value":"","pp_condition_search_results_value":"","pp_condition_date_value":"2020-09-13 to 2020-09-19","pp_condition_date_time_before_value":"2020-09-19 08:39","pp_condition_time_value":"","pp_condition_day_value":"1","pp_condition_os_value":"iphone","pp_condition_browser_value":"ie","pp_condition_search-bot_value":"all_search_bots","_id":"d54a6cf"}]},"elements":[],"isInner":false,"widgetType":"text-editor","elType":"widget"}],"isInner":"1","elType":"column"},{"id":"1e5c0382","settings":{"_column_size":"33","_inline_size_mobile":"100","padding_mobile":{"unit":"%","top":"0","right":"0","bottom":"14","left":"0","isLinked":""},"space_between_widgets":"0","padding":{"unit":"%","top":"0","right":"9","bottom":"0","left":"9","isLinked":""},"_inline_size_tablet":"50","padding_tablet":{"unit":"%","top":"0","right":"10","bottom":"0","left":"0","isLinked":""},"animation":"fadeIn","animation_duration":"fast","animation_delay":"400","animation_mobile":"none"},"elements":[{"id":"7e7a9a1e","settings":{"title":"Couples Therapy","header_size":"h3","align_tablet":"left","align_mobile":"left","title_color":"#5F5B5B","typography_typography":"custom","typography_font_family":"Prompt","typography_font_size":{"unit":"px","size":"22","sizes":[]},"typography_font_weight":"300","typography_text_transform":"capitalize","typography_line_height":{"unit":"px","size":"26","sizes":[]},"_padding":{"unit":"%","top":"0","right":"0","bottom":"2","left":"0","isLinked":""},"pp_display_conditions":[{"pp_condition_key":"authentication","pp_condition_operator":"is","pp_condition_authentication_value":"authenticated","pp_condition_user_value":"","pp_condition_role_value":"subscriber","pp_condition_page_value":"","pp_condition_post_value":"","pp_condition_static_page_value":"home","pp_condition_post_type_value":"","pp_condition_taxonomy_archive_value":"","pp_condition_term_archive_value":"","pp_condition_post_type_archive_value":"","pp_condition_date_archive_value":"","pp_condition_author_archive_value":"","pp_condition_search_results_value":"","pp_condition_date_value":"2020-09-13 to 2020-09-19","pp_condition_date_time_before_value":"2020-09-19 08:39","pp_condition_time_value":"","pp_condition_day_value":"1","pp_condition_os_value":"iphone","pp_condition_browser_value":"ie","pp_condition_search-bot_value":"all_search_bots","_id":"d19281c"}]},"elements":[],"isInner":false,"widgetType":"heading","elType":"widget"},{"id":"405222bd","settings":{"text":"Divider","color":"#9AA8BA","gap":{"unit":"px","size":"0","sizes":[]},"_padding":{"unit":"px","top":"8","right":"0","bottom":"18","left":"0","isLinked":""},"pp_display_conditions":[{"pp_condition_key":"authentication","pp_condition_operator":"is","pp_condition_authentication_value":"authenticated","pp_condition_user_value":"","pp_condition_role_value":"subscriber","pp_condition_page_value":"","pp_condition_post_value":"","pp_condition_static_page_value":"home","pp_condition_post_type_value":"","pp_condition_taxonomy_archive_value":"","pp_condition_term_archive_value":"","pp_condition_post_type_archive_value":"","pp_condition_date_archive_value":"","pp_condition_author_archive_value":"","pp_condition_search_results_value":"","pp_condition_date_value":"2020-09-13 to 2020-09-19","pp_condition_date_time_before_value":"2020-09-19 08:39","pp_condition_time_value":"","pp_condition_day_value":"1","pp_condition_os_value":"iphone","pp_condition_browser_value":"ie","pp_condition_search-bot_value":"all_search_bots","_id":"dfe69bb"}]},"elements":[],"isInner":false,"widgetType":"divider","elType":"widget"},{"id":"701747cd","settings":{"editor":"Ut aliquip ex ea sint occaecat cupidatat non proident, sunt in culpa qui officia mollit natoque consequat massa quis enim. Donec pede justo, fringilla vitae, eleifend acer sem neque sed ipsum. Nam quam nunc, blandit vel, ridiculus mus. Donec quam felis, ultricies nec, pellentesque eu, pretium consectetuer  elit. ","typography_line_height":{"unit":"px","size":"22","sizes":[]},"align_mobile":"left","text_color":"#5F5B5B","typography_typography":"custom","typography_font_family":"Prompt","typography_font_size":{"unit":"px","size":"16","sizes":[]},"typography_font_size_tablet":{"unit":"px","size":"15","sizes":[]},"typography_font_size_mobile":{"unit":"px","size":"14","sizes":[]},"typography_font_weight":"300","typography_line_height_tablet":{"unit":"px","size":"21","sizes":[]},"typography_line_height_mobile":{"unit":"px","size":"20","sizes":[]},"_padding":{"unit":"%","top":"","right":"","bottom":"","left":"","isLinked":"1"},"_padding_tablet":{"unit":"%","top":"","right":"","bottom":"","left":"","isLinked":"1"},"_padding_mobile":{"unit":"%","top":"","right":"","bottom":"","left":"","isLinked":"1"},"_animation":"fadeIn","pp_display_conditions":[{"pp_condition_key":"authentication","pp_condition_operator":"is","pp_condition_authentication_value":"authenticated","pp_condition_user_value":"","pp_condition_role_value":"subscriber","pp_condition_page_value":"","pp_condition_post_value":"","pp_condition_static_page_value":"home","pp_condition_post_type_value":"","pp_condition_taxonomy_archive_value":"","pp_condition_term_archive_value":"","pp_condition_post_type_archive_value":"","pp_condition_date_archive_value":"","pp_condition_author_archive_value":"","pp_condition_search_results_value":"","pp_condition_date_value":"2020-09-13 to 2020-09-19","pp_condition_date_time_before_value":"2020-09-19 08:39","pp_condition_time_value":"","pp_condition_day_value":"1","pp_condition_os_value":"iphone","pp_condition_browser_value":"ie","pp_condition_search-bot_value":"all_search_bots","_id":"88f0210"}]},"elements":[],"isInner":false,"widgetType":"text-editor","elType":"widget"}],"isInner":"1","elType":"column"},{"id":"5af9a324","settings":{"_column_size":"33","_inline_size_mobile":"100","space_between_widgets":"0","padding":{"unit":"%","top":"0","right":"0","bottom":"0","left":"18","isLinked":""},"padding_mobile":{"unit":"px","top":"0","right":"0","bottom":"0","left":"0","isLinked":""},"_inline_size_tablet":"50","padding_tablet":{"unit":"%","top":"0","right":"0","bottom":"0","left":"5","isLinked":""},"animation":"fadeIn","animation_duration":"fast","animation_delay":"600","animation_mobile":"none"},"elements":[{"id":"6135bc7","settings":{"title":"Family Therapy ","header_size":"h3","align_tablet":"left","align_mobile":"left","title_color":"#5F5B5B","typography_typography":"custom","typography_font_family":"Prompt","typography_font_size":{"unit":"px","size":"22","sizes":[]},"typography_font_weight":"300","typography_text_transform":"capitalize","typography_line_height":{"unit":"px","size":"26","sizes":[]},"_padding":{"unit":"%","top":"0","right":"0","bottom":"2","left":"0","isLinked":""},"pp_display_conditions":[{"pp_condition_key":"authentication","pp_condition_operator":"is","pp_condition_authentication_value":"authenticated","pp_condition_user_value":"","pp_condition_role_value":"subscriber","pp_condition_page_value":"","pp_condition_post_value":"","pp_condition_static_page_value":"home","pp_condition_post_type_value":"","pp_condition_taxonomy_archive_value":"","pp_condition_term_archive_value":"","pp_condition_post_type_archive_value":"","pp_condition_date_archive_value":"","pp_condition_author_archive_value":"","pp_condition_search_results_value":"","pp_condition_date_value":"2020-09-13 to 2020-09-19","pp_condition_date_time_before_value":"2020-09-19 08:39","pp_condition_time_value":"","pp_condition_day_value":"1","pp_condition_os_value":"iphone","pp_condition_browser_value":"ie","pp_condition_search-bot_value":"all_search_bots","_id":"df68191"}]},"elements":[],"isInner":false,"widgetType":"heading","elType":"widget"},{"id":"1fad1638","settings":{"text":"Divider","color":"#9AA8BA","gap":{"unit":"px","size":"0","sizes":[]},"_padding":{"unit":"px","top":"8","right":"0","bottom":"18","left":"0","isLinked":""},"pp_display_conditions":[{"pp_condition_key":"authentication","pp_condition_operator":"is","pp_condition_authentication_value":"authenticated","pp_condition_user_value":"","pp_condition_role_value":"subscriber","pp_condition_page_value":"","pp_condition_post_value":"","pp_condition_static_page_value":"home","pp_condition_post_type_value":"","pp_condition_taxonomy_archive_value":"","pp_condition_term_archive_value":"","pp_condition_post_type_archive_value":"","pp_condition_date_archive_value":"","pp_condition_author_archive_value":"","pp_condition_search_results_value":"","pp_condition_date_value":"2020-09-13 to 2020-09-19","pp_condition_date_time_before_value":"2020-09-19 08:39","pp_condition_time_value":"","pp_condition_day_value":"1","pp_condition_os_value":"iphone","pp_condition_browser_value":"ie","pp_condition_search-bot_value":"all_search_bots","_id":"cb12dd3"}]},"elements":[],"isInner":false,"widgetType":"divider","elType":"widget"},{"id":"39fd67df","settings":{"editor":"Ut aliquip ex ea sint occaecat cupidatat non proident, sunt in culpa qui officia mollit natoque consequat massa quis enim. Donec pede justo, fringilla vitae, eleifend acer sem neque sed ipsum. Nam quam nunc, blandit vel, ridiculus mus. Donec quam felis, ultricies nec, pellentesque eu, pretium consectetuer  elit. ","typography_line_height":{"unit":"px","size":"22","sizes":[]},"align_mobile":"left","text_color":"#5F5B5B","typography_typography":"custom","typography_font_family":"Prompt","typography_font_size":{"unit":"px","size":"16","sizes":[]},"typography_font_size_tablet":{"unit":"px","size":"15","sizes":[]},"typography_font_size_mobile":{"unit":"px","size":"14","sizes":[]},"typography_font_weight":"300","typography_line_height_tablet":{"unit":"px","size":"21","sizes":[]},"typography_line_height_mobile":{"unit":"px","size":"20","sizes":[]},"_padding":{"unit":"%","top":"","right":"","bottom":"","left":"","isLinked":"1"},"_padding_tablet":{"unit":"%","top":"","right":"","bottom":"","left":"","isLinked":"1"},"_padding_mobile":{"unit":"%","top":"","right":"","bottom":"","left":"","isLinked":"1"},"_animation":"fadeIn","pp_display_conditions":[{"pp_condition_key":"authentication","pp_condition_operator":"is","pp_condition_authentication_value":"authenticated","pp_condition_user_value":"","pp_condition_role_value":"subscriber","pp_condition_page_value":"","pp_condition_post_value":"","pp_condition_static_page_value":"home","pp_condition_post_type_value":"","pp_condition_taxonomy_archive_value":"","pp_condition_term_archive_value":"","pp_condition_post_type_archive_value":"","pp_condition_date_archive_value":"","pp_condition_author_archive_value":"","pp_condition_search_results_value":"","pp_condition_date_value":"2020-09-13 to 2020-09-19","pp_condition_date_time_before_value":"2020-09-19 08:39","pp_condition_time_value":"","pp_condition_day_value":"1","pp_condition_os_value":"iphone","pp_condition_browser_value":"ie","pp_condition_search-bot_value":"all_search_bots","_id":"734c1ac"}]},"elements":[],"isInner":false,"widgetType":"text-editor","elType":"widget"}],"isInner":"1","elType":"column"}],"isInner":"1","elType":"section"}],"isInner":"","elType":"column"}],"isInner":"","elType":"section"},{"id":"570643dd","settings":{"content_width":{"unit":"px","size":"1075","sizes":[]},"gap":"no","overflow":"hidden","_title":"Treatment Specialisation","padding":{"unit":"%","top":"10","right":"0","bottom":"0","left":"0","isLinked":""},"padding_tablet":{"unit":"%","top":"14","right":"10","bottom":"0","left":"10","isLinked":""},"padding_mobile":{"unit":"%","top":"22","right":"0","bottom":"0","left":"0","isLinked":""},"_timestamp_":"v1R3BjMjVnNTZwRTgwWHBPUlA5UUxZUT09","pp_display_conditions":[{"pp_condition_key":"authentication","pp_condition_operator":"is","pp_condition_authentication_value":"authenticated","pp_condition_user_value":"","pp_condition_role_value":"subscriber","pp_condition_page_value":"","pp_condition_post_value":"","pp_condition_static_page_value":"home","pp_condition_post_type_value":"","pp_condition_taxonomy_archive_value":"","pp_condition_term_archive_value":"","pp_condition_post_type_archive_value":"","pp_condition_date_archive_value":"","pp_condition_author_archive_value":"","pp_condition_search_results_value":"","pp_condition_date_value":"2020-09-13 to 2020-09-19","pp_condition_date_time_before_value":"2020-09-19 08:39","pp_condition_time_value":"","pp_condition_day_value":"1","pp_condition_os_value":"iphone","pp_condition_browser_value":"ie","pp_condition_search-bot_value":"all_search_bots","_id":"3d0af1a"}]},"elements":[{"id":"2b678811","settings":{"_column_size":"100","padding":{"unit":"%","top":"0","right":"0","bottom":"0","left":"0","isLinked":""},"space_between_widgets":"0"},"elements":[{"id":"1d62a007","settings":{"title":"Treatment Specialties","_padding":{"unit":"%","top":"0","right":"0","bottom":"5","left":"0","isLinked":""},"_padding_tablet":{"unit":"%","top":"0","right":"0","bottom":"8","left":"0","isLinked":""},"_padding_mobile":{"unit":"%","top":"0","right":"0","bottom":"12","left":"0","isLinked":""},"align":"center","typography_text_transform":"capitalize","align_mobile":"center","_animation":"fadeInUp","_animation_mobile":"none","title_color":"#9AA8BA","typography_typography":"custom","typography_font_family":"Prompt","typography_font_size":{"unit":"px","size":"40","sizes":[]},"typography_font_size_tablet":{"unit":"px","size":"36","sizes":[]},"typography_font_size_mobile":{"unit":"px","size":"24","sizes":[]},"typography_font_weight":"100","typography_line_height":{"unit":"px","size":"44","sizes":[]},"typography_line_height_tablet":{"unit":"px","size":"40","sizes":[]},"typography_line_height_mobile":{"unit":"px","size":"30","sizes":[]},"typography_letter_spacing_mobile":{"unit":"px","size":"-0.5","sizes":[]},"motion_fx_translateY_speed":{"unit":"px","size":"0.4","sizes":[]},"motion_fx_devices":["desktop","tablet"],"pp_display_conditions":[{"pp_condition_key":"authentication","pp_condition_operator":"is","pp_condition_authentication_value":"authenticated","pp_condition_user_value":"","pp_condition_role_value":"subscriber","pp_condition_page_value":"","pp_condition_post_value":"","pp_condition_static_page_value":"home","pp_condition_post_type_value":"","pp_condition_taxonomy_archive_value":"","pp_condition_term_archive_value":"","pp_condition_post_type_archive_value":"","pp_condition_date_archive_value":"","pp_condition_author_archive_value":"","pp_condition_search_results_value":"","pp_condition_date_value":"2020-09-13 to 2020-09-19","pp_condition_date_time_before_value":"2020-09-19 08:39","pp_condition_time_value":"","pp_condition_day_value":"1","pp_condition_os_value":"iphone","pp_condition_browser_value":"ie","pp_condition_search-bot_value":"all_search_bots","_id":"8b38ed5"}]},"elements":[],"isInner":false,"widgetType":"heading","elType":"widget"},{"id":"519a7333","settings":{"layout":"left","bg_image":{"id":789,"url":"http:\/\/library.elementor.com\/wp-content\/uploads\/2020\/09\/Anxiety-Disorder.jpg"},"title":"Anxiety Disorder","description":"Lorem ipsum dolor sit amet, consectet adipisc elit, sed do eiusm por incididunt ut labore et dolore nostrud exercitation ullamco laboris nisi ut aliquip ex ea sint occaecat cupidatat non proident, sunt in ","title_tag":"h3","button":"Request An Appointment","min-height":{"unit":"px","size":"495","sizes":[]},"alignment":"left","padding":{"unit":"px","top":"94","right":"94","bottom":"94","left":"94","isLinked":"1"},"title_spacing":{"unit":"px","size":"22","sizes":[]},"description_spacing":{"unit":"px","size":"28","sizes":[]},"content_bg_color":"#FBFBFB","button_background_color":"#FBFBFB","button_hover_text_color":"#FBFBFB","button_hover_background_color":"#9AA8BA","transformation":"","overlay_color_hover":"rgba(0, 114, 255, 0)","bg_filters_hover_css_filter":"custom","bg_filters_hover_brightness":{"unit":"px","size":"90","sizes":[]},"bg_filters_hover_saturate":{"unit":"px","size":"200","sizes":[]},"_padding":{"unit":"px","top":"0","right":"0","bottom":"50","left":"0","isLinked":""},"layout_tablet":"above","min-height_tablet":{"unit":"px","size":"400","sizes":[]},"min-height_mobile":{"unit":"px","size":"330","sizes":[]},"padding_mobile":{"unit":"px","top":"30","right":"30","bottom":"30","left":"30","isLinked":"1"},"image_min_height_tablet":{"unit":"px","size":"335","sizes":[]},"image_min_height_mobile":{"unit":"px","size":"245","sizes":[]},"_animation":"fadeIn","title_typography_typography":"custom","title_typography_font_family":"Prompt","title_typography_font_size":{"unit":"px","size":"22","sizes":[]},"title_typography_font_size_tablet":{"unit":"px","size":"20","sizes":[]},"title_typography_font_size_mobile":{"unit":"px","size":"18","sizes":[]},"title_typography_font_weight":"300","title_typography_line_height":{"unit":"px","size":"26","sizes":[]},"title_typography_line_height_tablet":{"unit":"px","size":"24","sizes":[]},"description_typography_typography":"custom","description_typography_font_family":"Prompt","description_typography_font_size":{"unit":"px","size":"16","sizes":[]},"description_typography_font_size_tablet":{"unit":"px","size":"15","sizes":[]},"description_typography_font_size_mobile":{"unit":"px","size":"14","sizes":[]},"description_typography_font_weight":"300","description_typography_line_height":{"unit":"px","size":"22","sizes":[]},"description_typography_line_height_tablet":{"unit":"px","size":"21","sizes":[]},"description_typography_line_height_mobile":{"unit":"px","size":"20","sizes":[]},"title_color":"#5F5B5B","description_color":"#5F5B5B","button_color":"#9AA8BA","button_size":"md","button_typography_typography":"custom","button_typography_font_family":"Prompt","button_typography_font_size":{"unit":"px","size":"12","sizes":[]},"button_typography_font_weight":"300","button_typography_text_transform":"uppercase","button_typography_letter_spacing":{"unit":"px","size":"1.2","sizes":[]},"button_text_color":"#9AA8BA","button_border_color":"#9AA8BA","button_border_width":{"unit":"px","size":"1","sizes":[]},"button_border_radius":{"unit":"px","size":"0","sizes":[]},"graphic_image":{"id":"308","url":"http:\/\/library.elementor.com\/wp-content\/uploads\/2020\/07\/placeholder-2.png"},"pp_display_conditions":[{"pp_condition_key":"authentication","pp_condition_operator":"is","pp_condition_authentication_value":"authenticated","pp_condition_user_value":"","pp_condition_role_value":"subscriber","pp_condition_page_value":"","pp_condition_post_value":"","pp_condition_static_page_value":"home","pp_condition_post_type_value":"","pp_condition_taxonomy_archive_value":"","pp_condition_term_archive_value":"","pp_condition_post_type_archive_value":"","pp_condition_date_archive_value":"","pp_condition_author_archive_value":"","pp_condition_search_results_value":"","pp_condition_date_value":"2020-09-13 to 2020-09-19","pp_condition_date_time_before_value":"2020-09-19 08:39","pp_condition_time_value":"","pp_condition_day_value":"1","pp_condition_os_value":"iphone","pp_condition_browser_value":"ie","pp_condition_search-bot_value":"all_search_bots","_id":"b3153ac"}]},"elements":[],"isInner":false,"widgetType":"call-to-action","elType":"widget"},{"id":"726284c1","settings":{"layout":"right","bg_image":{"id":790,"url":"http:\/\/library.elementor.com\/wp-content\/uploads\/2020\/09\/Depression.jpg"},"title":"Depression","description":"Lorem ipsum dolor sit amet, consectet adipisc elit, sed do eiusm por incididunt ut labore et dolore nostrud exercitation ullamco laboris nisi ut aliquip ex ea sint occaecat cupidatat non proident, sunt in ","title_tag":"h3","button":"Request An Appointment","min-height":{"unit":"px","size":"495","sizes":[]},"alignment":"left","padding":{"unit":"px","top":"94","right":"94","bottom":"94","left":"94","isLinked":"1"},"title_spacing":{"unit":"px","size":"22","sizes":[]},"description_spacing":{"unit":"px","size":"28","sizes":[]},"content_bg_color":"#FBFBFB","button_background_color":"#FBFBFB","button_hover_text_color":"#FBFBFB","button_hover_background_color":"#9AA8BA","transformation":"","overlay_color_hover":"rgba(0, 114, 255, 0)","bg_filters_hover_css_filter":"custom","bg_filters_hover_brightness":{"unit":"px","size":"90","sizes":[]},"bg_filters_hover_saturate":{"unit":"px","size":"200","sizes":[]},"_padding":{"unit":"px","top":"0","right":"0","bottom":"50","left":"0","isLinked":""},"layout_tablet":"above","min-height_tablet":{"unit":"px","size":"400","sizes":[]},"min-height_mobile":{"unit":"px","size":"330","sizes":[]},"padding_mobile":{"unit":"px","top":"30","right":"30","bottom":"30","left":"30","isLinked":"1"},"image_min_height_tablet":{"unit":"px","size":"335","sizes":[]},"image_min_height_mobile":{"unit":"px","size":"245","sizes":[]},"_animation":"fadeIn","title_typography_typography":"custom","title_typography_font_family":"Prompt","title_typography_font_size":{"unit":"px","size":"22","sizes":[]},"title_typography_font_size_tablet":{"unit":"px","size":"20","sizes":[]},"title_typography_font_size_mobile":{"unit":"px","size":"18","sizes":[]},"title_typography_font_weight":"300","title_typography_line_height":{"unit":"px","size":"26","sizes":[]},"title_typography_line_height_tablet":{"unit":"px","size":"24","sizes":[]},"description_typography_typography":"custom","description_typography_font_family":"Prompt","description_typography_font_size":{"unit":"px","size":"16","sizes":[]},"description_typography_font_size_tablet":{"unit":"px","size":"15","sizes":[]},"description_typography_font_size_mobile":{"unit":"px","size":"14","sizes":[]},"description_typography_font_weight":"300","description_typography_line_height":{"unit":"px","size":"22","sizes":[]},"description_typography_line_height_tablet":{"unit":"px","size":"21","sizes":[]},"description_typography_line_height_mobile":{"unit":"px","size":"20","sizes":[]},"title_color":"#5F5B5B","description_color":"#5F5B5B","button_color":"#9AA8BA","button_size":"md","button_typography_typography":"custom","button_typography_font_family":"Prompt","button_typography_font_size":{"unit":"px","size":"12","sizes":[]},"button_typography_font_weight":"300","button_typography_text_transform":"uppercase","button_typography_letter_spacing":{"unit":"px","size":"1.2","sizes":[]},"button_text_color":"#9AA8BA","button_border_color":"#9AA8BA","button_border_width":{"unit":"px","size":"1","sizes":[]},"button_border_radius":{"unit":"px","size":"0","sizes":[]},"graphic_image":{"id":"308","url":"http:\/\/library.elementor.com\/wp-content\/uploads\/2020\/07\/placeholder-2.png"},"pp_display_conditions":[{"pp_condition_key":"authentication","pp_condition_operator":"is","pp_condition_authentication_value":"authenticated","pp_condition_user_value":"","pp_condition_role_value":"subscriber","pp_condition_page_value":"","pp_condition_post_value":"","pp_condition_static_page_value":"home","pp_condition_post_type_value":"","pp_condition_taxonomy_archive_value":"","pp_condition_term_archive_value":"","pp_condition_post_type_archive_value":"","pp_condition_date_archive_value":"","pp_condition_author_archive_value":"","pp_condition_search_results_value":"","pp_condition_date_value":"2020-09-13 to 2020-09-19","pp_condition_date_time_before_value":"2020-09-19 08:39","pp_condition_time_value":"","pp_condition_day_value":"1","pp_condition_os_value":"iphone","pp_condition_browser_value":"ie","pp_condition_search-bot_value":"all_search_bots","_id":"a8648f2"}]},"elements":[],"isInner":false,"widgetType":"call-to-action","elType":"widget"},{"id":"67a9d514","settings":{"layout":"left","bg_image":{"id":791,"url":"http:\/\/library.elementor.com\/wp-content\/uploads\/2020\/09\/Relationships.jpg"},"title":"Relationships","description":"Lorem ipsum dolor sit amet, consectet adipisc elit, sed do eiusm por incididunt ut labore et dolore nostrud exercitation ullamco laboris nisi ut aliquip ex ea sint occaecat cupidatat non proident, sunt in ","title_tag":"h3","button":"Request An Appointment","min-height":{"unit":"px","size":"495","sizes":[]},"alignment":"left","padding":{"unit":"px","top":"94","right":"94","bottom":"94","left":"94","isLinked":"1"},"title_spacing":{"unit":"px","size":"22","sizes":[]},"description_spacing":{"unit":"px","size":"28","sizes":[]},"content_bg_color":"#FBFBFB","button_background_color":"#FBFBFB","button_hover_text_color":"#FBFBFB","button_hover_background_color":"#9AA8BA","transformation":"","overlay_color_hover":"rgba(0, 114, 255, 0)","bg_filters_hover_css_filter":"custom","bg_filters_hover_brightness":{"unit":"px","size":"90","sizes":[]},"bg_filters_hover_saturate":{"unit":"px","size":"200","sizes":[]},"_padding":{"unit":"px","top":"0","right":"0","bottom":"50","left":"0","isLinked":""},"layout_tablet":"above","min-height_tablet":{"unit":"px","size":"400","sizes":[]},"min-height_mobile":{"unit":"px","size":"330","sizes":[]},"padding_mobile":{"unit":"px","top":"30","right":"30","bottom":"30","left":"30","isLinked":"1"},"image_min_height_tablet":{"unit":"px","size":"335","sizes":[]},"image_min_height_mobile":{"unit":"px","size":"245","sizes":[]},"_animation":"fadeIn","title_typography_typography":"custom","title_typography_font_family":"Prompt","title_typography_font_size":{"unit":"px","size":"22","sizes":[]},"title_typography_font_size_tablet":{"unit":"px","size":"20","sizes":[]},"title_typography_font_size_mobile":{"unit":"px","size":"18","sizes":[]},"title_typography_font_weight":"300","title_typography_line_height":{"unit":"px","size":"26","sizes":[]},"title_typography_line_height_tablet":{"unit":"px","size":"24","sizes":[]},"description_typography_typography":"custom","description_typography_font_family":"Prompt","description_typography_font_size":{"unit":"px","size":"16","sizes":[]},"description_typography_font_size_tablet":{"unit":"px","size":"15","sizes":[]},"description_typography_font_size_mobile":{"unit":"px","size":"14","sizes":[]},"description_typography_font_weight":"300","description_typography_line_height":{"unit":"px","size":"22","sizes":[]},"description_typography_line_height_tablet":{"unit":"px","size":"21","sizes":[]},"description_typography_line_height_mobile":{"unit":"px","size":"20","sizes":[]},"title_color":"#5F5B5B","description_color":"#5F5B5B","button_color":"#9AA8BA","button_size":"md","button_typography_typography":"custom","button_typography_font_family":"Prompt","button_typography_font_size":{"unit":"px","size":"12","sizes":[]},"button_typography_font_weight":"300","button_typography_text_transform":"uppercase","button_typography_letter_spacing":{"unit":"px","size":"1.2","sizes":[]},"button_text_color":"#9AA8BA","button_border_color":"#9AA8BA","button_border_width":{"unit":"px","size":"1","sizes":[]},"button_border_radius":{"unit":"px","size":"0","sizes":[]},"graphic_image":{"id":"308","url":"http:\/\/library.elementor.com\/wp-content\/uploads\/2020\/07\/placeholder-2.png"},"pp_display_conditions":[{"pp_condition_key":"authentication","pp_condition_operator":"is","pp_condition_authentication_value":"authenticated","pp_condition_user_value":"","pp_condition_role_value":"subscriber","pp_condition_page_value":"","pp_condition_post_value":"","pp_condition_static_page_value":"home","pp_condition_post_type_value":"","pp_condition_taxonomy_archive_value":"","pp_condition_term_archive_value":"","pp_condition_post_type_archive_value":"","pp_condition_date_archive_value":"","pp_condition_author_archive_value":"","pp_condition_search_results_value":"","pp_condition_date_value":"2020-09-13 to 2020-09-19","pp_condition_date_time_before_value":"2020-09-19 08:39","pp_condition_time_value":"","pp_condition_day_value":"1","pp_condition_os_value":"iphone","pp_condition_browser_value":"ie","pp_condition_search-bot_value":"all_search_bots","_id":"d165119"}]},"elements":[],"isInner":false,"widgetType":"call-to-action","elType":"widget"},{"id":"75edc249","settings":{"layout":"right","bg_image":{"id":792,"url":"http:\/\/library.elementor.com\/wp-content\/uploads\/2020\/09\/Substance-Abuse.jpg"},"title":"Substance Abuse","description":"Lorem ipsum dolor sit amet, consectet adipisc elit, sed do eiusm por incididunt ut labore et dolore nostrud exercitation ullamco laboris nisi ut aliquip ex ea sint occaecat cupidatat non proident, sunt in ","title_tag":"h3","button":"Request An Appointment","min-height":{"unit":"px","size":"495","sizes":[]},"alignment":"left","padding":{"unit":"px","top":"94","right":"94","bottom":"94","left":"94","isLinked":"1"},"title_spacing":{"unit":"px","size":"22","sizes":[]},"description_spacing":{"unit":"px","size":"28","sizes":[]},"content_bg_color":"#FBFBFB","button_background_color":"#FBFBFB","button_hover_text_color":"#FBFBFB","button_hover_background_color":"#9AA8BA","transformation":"","overlay_color_hover":"rgba(0, 114, 255, 0)","bg_filters_hover_css_filter":"custom","bg_filters_hover_brightness":{"unit":"px","size":"90","sizes":[]},"bg_filters_hover_saturate":{"unit":"px","size":"200","sizes":[]},"_padding":{"unit":"px","top":"0","right":"0","bottom":"50","left":"0","isLinked":""},"layout_tablet":"above","min-height_tablet":{"unit":"px","size":"400","sizes":[]},"min-height_mobile":{"unit":"px","size":"330","sizes":[]},"padding_mobile":{"unit":"px","top":"30","right":"30","bottom":"30","left":"30","isLinked":"1"},"image_min_height_tablet":{"unit":"px","size":"335","sizes":[]},"image_min_height_mobile":{"unit":"px","size":"245","sizes":[]},"_animation":"fadeIn","title_typography_typography":"custom","title_typography_font_family":"Prompt","title_typography_font_size":{"unit":"px","size":"22","sizes":[]},"title_typography_font_size_tablet":{"unit":"px","size":"20","sizes":[]},"title_typography_font_size_mobile":{"unit":"px","size":"18","sizes":[]},"title_typography_font_weight":"300","title_typography_line_height":{"unit":"px","size":"26","sizes":[]},"title_typography_line_height_tablet":{"unit":"px","size":"24","sizes":[]},"description_typography_typography":"custom","description_typography_font_family":"Prompt","description_typography_font_size":{"unit":"px","size":"16","sizes":[]},"description_typography_font_size_tablet":{"unit":"px","size":"15","sizes":[]},"description_typography_font_size_mobile":{"unit":"px","size":"14","sizes":[]},"description_typography_font_weight":"300","description_typography_line_height":{"unit":"px","size":"22","sizes":[]},"description_typography_line_height_tablet":{"unit":"px","size":"21","sizes":[]},"description_typography_line_height_mobile":{"unit":"px","size":"20","sizes":[]},"title_color":"#5F5B5B","description_color":"#5F5B5B","button_color":"#9AA8BA","button_size":"md","button_typography_typography":"custom","button_typography_font_family":"Prompt","button_typography_font_size":{"unit":"px","size":"12","sizes":[]},"button_typography_font_weight":"300","button_typography_text_transform":"uppercase","button_typography_letter_spacing":{"unit":"px","size":"1.2","sizes":[]},"button_text_color":"#9AA8BA","button_border_color":"#9AA8BA","button_border_width":{"unit":"px","size":"1","sizes":[]},"button_border_radius":{"unit":"px","size":"0","sizes":[]},"graphic_image":{"id":"308","url":"http:\/\/library.elementor.com\/wp-content\/uploads\/2020\/07\/placeholder-2.png"},"pp_display_conditions":[{"pp_condition_key":"authentication","pp_condition_operator":"is","pp_condition_authentication_value":"authenticated","pp_condition_user_value":"","pp_condition_role_value":"subscriber","pp_condition_page_value":"","pp_condition_post_value":"","pp_condition_static_page_value":"home","pp_condition_post_type_value":"","pp_condition_taxonomy_archive_value":"","pp_condition_term_archive_value":"","pp_condition_post_type_archive_value":"","pp_condition_date_archive_value":"","pp_condition_author_archive_value":"","pp_condition_search_results_value":"","pp_condition_date_value":"2020-09-13 to 2020-09-19","pp_condition_date_time_before_value":"2020-09-19 08:39","pp_condition_time_value":"","pp_condition_day_value":"1","pp_condition_os_value":"iphone","pp_condition_browser_value":"ie","pp_condition_search-bot_value":"all_search_bots","_id":"d309ed5"}]},"elements":[],"isInner":false,"widgetType":"call-to-action","elType":"widget"},{"id":"3558eb21","settings":{"layout":"left","bg_image":{"id":793,"url":"http:\/\/library.elementor.com\/wp-content\/uploads\/2020\/09\/Parenthood-Therapy.jpg"},"title":"Parenting Therapy","description":"Lorem ipsum dolor sit amet, consectet adipisc elit, sed do eiusm por incididunt ut labore et dolore nostrud exercitation ullamco laboris nisi ut aliquip ex ea sint occaecat cupidatat non proident, sunt in ","title_tag":"h3","button":"Request An Appointment","min-height":{"unit":"px","size":"495","sizes":[]},"alignment":"left","padding":{"unit":"px","top":"94","right":"94","bottom":"94","left":"94","isLinked":"1"},"title_spacing":{"unit":"px","size":"22","sizes":[]},"description_spacing":{"unit":"px","size":"28","sizes":[]},"content_bg_color":"#FBFBFB","button_background_color":"#FBFBFB","button_hover_text_color":"#FBFBFB","button_hover_background_color":"#9AA8BA","transformation":"","overlay_color_hover":"rgba(0, 114, 255, 0)","bg_filters_hover_css_filter":"custom","bg_filters_hover_brightness":{"unit":"px","size":"90","sizes":[]},"bg_filters_hover_saturate":{"unit":"px","size":"200","sizes":[]},"_padding":{"unit":"px","top":"0","right":"0","bottom":"50","left":"0","isLinked":""},"layout_tablet":"above","min-height_tablet":{"unit":"px","size":"400","sizes":[]},"min-height_mobile":{"unit":"px","size":"330","sizes":[]},"padding_mobile":{"unit":"px","top":"30","right":"30","bottom":"30","left":"30","isLinked":"1"},"image_min_height_tablet":{"unit":"px","size":"335","sizes":[]},"image_min_height_mobile":{"unit":"px","size":"245","sizes":[]},"_animation":"fadeIn","title_typography_typography":"custom","title_typography_font_family":"Prompt","title_typography_font_size":{"unit":"px","size":"22","sizes":[]},"title_typography_font_size_tablet":{"unit":"px","size":"20","sizes":[]},"title_typography_font_size_mobile":{"unit":"px","size":"18","sizes":[]},"title_typography_font_weight":"300","title_typography_line_height":{"unit":"px","size":"26","sizes":[]},"title_typography_line_height_tablet":{"unit":"px","size":"24","sizes":[]},"description_typography_typography":"custom","description_typography_font_family":"Prompt","description_typography_font_size":{"unit":"px","size":"16","sizes":[]},"description_typography_font_size_tablet":{"unit":"px","size":"15","sizes":[]},"description_typography_font_size_mobile":{"unit":"px","size":"14","sizes":[]},"description_typography_font_weight":"300","description_typography_line_height":{"unit":"px","size":"22","sizes":[]},"description_typography_line_height_tablet":{"unit":"px","size":"21","sizes":[]},"description_typography_line_height_mobile":{"unit":"px","size":"20","sizes":[]},"title_color":"#5F5B5B","description_color":"#5F5B5B","button_color":"#9AA8BA","button_size":"md","button_typography_typography":"custom","button_typography_font_family":"Prompt","button_typography_font_size":{"unit":"px","size":"12","sizes":[]},"button_typography_font_weight":"300","button_typography_text_transform":"uppercase","button_typography_letter_spacing":{"unit":"px","size":"1.2","sizes":[]},"button_text_color":"#9AA8BA","button_border_color":"#9AA8BA","button_border_width":{"unit":"px","size":"1","sizes":[]},"button_border_radius":{"unit":"px","size":"0","sizes":[]},"graphic_image":{"id":"308","url":"http:\/\/library.elementor.com\/wp-content\/uploads\/2020\/07\/placeholder-2.png"},"pp_display_conditions":[{"pp_condition_key":"authentication","pp_condition_operator":"is","pp_condition_authentication_value":"authenticated","pp_condition_user_value":"","pp_condition_role_value":"subscriber","pp_condition_page_value":"","pp_condition_post_value":"","pp_condition_static_page_value":"home","pp_condition_post_type_value":"","pp_condition_taxonomy_archive_value":"","pp_condition_term_archive_value":"","pp_condition_post_type_archive_value":"","pp_condition_date_archive_value":"","pp_condition_author_archive_value":"","pp_condition_search_results_value":"","pp_condition_date_value":"2020-09-13 to 2020-09-19","pp_condition_date_time_before_value":"2020-09-19 08:39","pp_condition_time_value":"","pp_condition_day_value":"1","pp_condition_os_value":"iphone","pp_condition_browser_value":"ie","pp_condition_search-bot_value":"all_search_bots","_id":"3843967"}]},"elements":[],"isInner":false,"widgetType":"call-to-action","elType":"widget"},{"id":"637b7727","settings":{"layout":"right","bg_image":{"id":794,"url":"http:\/\/library.elementor.com\/wp-content\/uploads\/2020\/09\/Grief-Loss.jpg"},"title":"Grief &amp; Loss","description":"Lorem ipsum dolor sit amet, consectet adipisc elit, sed do eiusm por incididunt ut labore et dolore nostrud exercitation ullamco laboris nisi ut aliquip ex ea sint occaecat cupidatat non proident, sunt in ","title_tag":"h3","button":"Request An Appointment","min-height":{"unit":"px","size":"495","sizes":[]},"alignment":"left","padding":{"unit":"px","top":"94","right":"94","bottom":"94","left":"94","isLinked":"1"},"title_spacing":{"unit":"px","size":"22","sizes":[]},"description_spacing":{"unit":"px","size":"28","sizes":[]},"content_bg_color":"#FBFBFB","button_background_color":"#FBFBFB","button_hover_text_color":"#FBFBFB","button_hover_background_color":"#9AA8BA","transformation":"","overlay_color_hover":"rgba(0, 114, 255, 0)","bg_filters_hover_css_filter":"custom","bg_filters_hover_brightness":{"unit":"px","size":"90","sizes":[]},"bg_filters_hover_saturate":{"unit":"px","size":"200","sizes":[]},"layout_tablet":"above","min-height_tablet":{"unit":"px","size":"400","sizes":[]},"min-height_mobile":{"unit":"px","size":"330","sizes":[]},"padding_mobile":{"unit":"px","top":"30","right":"30","bottom":"30","left":"30","isLinked":"1"},"image_min_height_tablet":{"unit":"px","size":"335","sizes":[]},"image_min_height_mobile":{"unit":"px","size":"245","sizes":[]},"_animation":"fadeIn","title_typography_typography":"custom","title_typography_font_family":"Prompt","title_typography_font_size":{"unit":"px","size":"22","sizes":[]},"title_typography_font_size_tablet":{"unit":"px","size":"20","sizes":[]},"title_typography_font_size_mobile":{"unit":"px","size":"18","sizes":[]},"title_typography_font_weight":"300","title_typography_line_height":{"unit":"px","size":"26","sizes":[]},"title_typography_line_height_tablet":{"unit":"px","size":"24","sizes":[]},"description_typography_typography":"custom","description_typography_font_family":"Prompt","description_typography_font_size":{"unit":"px","size":"16","sizes":[]},"description_typography_font_size_tablet":{"unit":"px","size":"15","sizes":[]},"description_typography_font_size_mobile":{"unit":"px","size":"14","sizes":[]},"description_typography_font_weight":"300","description_typography_line_height":{"unit":"px","size":"22","sizes":[]},"description_typography_line_height_tablet":{"unit":"px","size":"21","sizes":[]},"description_typography_line_height_mobile":{"unit":"px","size":"20","sizes":[]},"title_color":"#5F5B5B","description_color":"#5F5B5B","button_color":"#9AA8BA","button_size":"md","button_typography_typography":"custom","button_typography_font_family":"Prompt","button_typography_font_size":{"unit":"px","size":"12","sizes":[]},"button_typography_font_weight":"300","button_typography_text_transform":"uppercase","button_typography_letter_spacing":{"unit":"px","size":"1.2","sizes":[]},"button_text_color":"#9AA8BA","button_border_color":"#9AA8BA","button_border_width":{"unit":"px","size":"1","sizes":[]},"button_border_radius":{"unit":"px","size":"0","sizes":[]},"graphic_image":{"id":"308","url":"http:\/\/library.elementor.com\/wp-content\/uploads\/2020\/07\/placeholder-2.png"},"pp_display_conditions":[{"pp_condition_key":"authentication","pp_condition_operator":"is","pp_condition_authentication_value":"authenticated","pp_condition_user_value":"","pp_condition_role_value":"subscriber","pp_condition_page_value":"","pp_condition_post_value":"","pp_condition_static_page_value":"home","pp_condition_post_type_value":"","pp_condition_taxonomy_archive_value":"","pp_condition_term_archive_value":"","pp_condition_post_type_archive_value":"","pp_condition_date_archive_value":"","pp_condition_author_archive_value":"","pp_condition_search_results_value":"","pp_condition_date_value":"2020-09-13 to 2020-09-19","pp_condition_date_time_before_value":"2020-09-19 08:39","pp_condition_time_value":"","pp_condition_day_value":"1","pp_condition_os_value":"iphone","pp_condition_browser_value":"ie","pp_condition_search-bot_value":"all_search_bots","_id":"d3e27a7"}]},"elements":[],"isInner":false,"widgetType":"call-to-action","elType":"widget"}],"isInner":"","elType":"column"}],"isInner":"","elType":"section"},{"id":"6112d21a","settings":{"layout":"full_width","gap":"no","custom_height":{"unit":"vh","size":"75","sizes":[]},"column_position":"stretch","content_position":"top","overflow":"hidden","padding":{"unit":"%","top":"14","right":"8","bottom":"14","left":"8","isLinked":""},"_title":"Common Questions","custom_height_tablet":{"unit":"vh","size":"50","sizes":[]},"padding_tablet":{"unit":"%","top":"16","right":"10","bottom":"16","left":"10","isLinked":""},"padding_mobile":{"unit":"%","top":"22","right":"7","bottom":"22","left":"7","isLinked":""},"_timestamp_":"v1R3BjMjVnNTZwRTgwWHBPUlA5UUxZUT09","pp_display_conditions":[{"pp_condition_key":"authentication","pp_condition_operator":"is","pp_condition_authentication_value":"authenticated","pp_condition_user_value":"","pp_condition_role_value":"subscriber","pp_condition_page_value":"","pp_condition_post_value":"","pp_condition_static_page_value":"home","pp_condition_post_type_value":"","pp_condition_taxonomy_archive_value":"","pp_condition_term_archive_value":"","pp_condition_post_type_archive_value":"","pp_condition_date_archive_value":"","pp_condition_author_archive_value":"","pp_condition_search_results_value":"","pp_condition_date_value":"2020-09-13 to 2020-09-19","pp_condition_date_time_before_value":"2020-09-19 08:39","pp_condition_time_value":"","pp_condition_day_value":"1","pp_condition_os_value":"iphone","pp_condition_browser_value":"ie","pp_condition_search-bot_value":"all_search_bots","_id":"f863040"}]},"elements":[{"id":"7c9bac1f","settings":{"_column_size":"100","padding":{"unit":"%","top":"0","right":"0","bottom":"0","left":"0","isLinked":""},"space_between_widgets":"0","background_background":"classic","_inline_size_tablet":"100","padding_tablet":{"unit":"%","top":"0","right":"0","bottom":"0","left":"0","isLinked":""},"padding_mobile":{"unit":"%","top":"0","right":"0","bottom":"0","left":"0","isLinked":""}},"elements":[{"id":"5d0fbc6","settings":{"title":"common questions","_padding":{"unit":"%","top":"0","right":"0","bottom":"2","left":"0","isLinked":""},"_padding_tablet":{"unit":"%","top":"0","right":"0","bottom":"4","left":"0","isLinked":""},"_padding_mobile":{"unit":"%","top":"0","right":"0","bottom":"6","left":"0","isLinked":""},"_animation":"fadeInUp","_animation_mobile":"none","align_mobile":"left","title_color":"#9AA8BA","typography_typography":"custom","typography_font_family":"Prompt","typography_font_size":{"unit":"px","size":"40","sizes":[]},"typography_font_size_tablet":{"unit":"px","size":"36","sizes":[]},"typography_font_size_mobile":{"unit":"px","size":"24","sizes":[]},"typography_font_weight":"100","typography_text_transform":"capitalize","typography_line_height":{"unit":"px","size":"44","sizes":[]},"typography_line_height_tablet":{"unit":"px","size":"40","sizes":[]},"typography_line_height_mobile":{"unit":"px","size":"30","sizes":[]},"typography_letter_spacing_mobile":{"unit":"px","size":"-0.5","sizes":[]},"motion_fx_translateY_speed":{"unit":"px","size":"0.4","sizes":[]},"motion_fx_devices":["desktop","tablet"],"pp_display_conditions":[{"pp_condition_key":"authentication","pp_condition_operator":"is","pp_condition_authentication_value":"authenticated","pp_condition_user_value":"","pp_condition_role_value":"subscriber","pp_condition_page_value":"","pp_condition_post_value":"","pp_condition_static_page_value":"home","pp_condition_post_type_value":"","pp_condition_taxonomy_archive_value":"","pp_condition_term_archive_value":"","pp_condition_post_type_archive_value":"","pp_condition_date_archive_value":"","pp_condition_author_archive_value":"","pp_condition_search_results_value":"","pp_condition_date_value":"2020-09-13 to 2020-09-19","pp_condition_date_time_before_value":"2020-09-19 08:39","pp_condition_time_value":"","pp_condition_day_value":"1","pp_condition_os_value":"iphone","pp_condition_browser_value":"ie","pp_condition_search-bot_value":"all_search_bots","_id":"ed87866"}]},"elements":[],"isInner":false,"widgetType":"heading","elType":"widget"},{"id":"72e34708","settings":{"gap":"no","structure":"20","padding":{"unit":"%","top":"0","right":"0","bottom":"0","left":"0","isLinked":""},"layout":"full_width","padding_tablet":{"unit":"%","top":"0","right":"0","bottom":"0","left":"0","isLinked":""},"padding_mobile":{"unit":"%","top":"0","right":"0","bottom":"0","left":"0","isLinked":""},"pp_display_conditions":[{"pp_condition_key":"authentication","pp_condition_operator":"is","pp_condition_authentication_value":"authenticated","pp_condition_user_value":"","pp_condition_role_value":"subscriber","pp_condition_page_value":"","pp_condition_post_value":"","pp_condition_static_page_value":"home","pp_condition_post_type_value":"","pp_condition_taxonomy_archive_value":"","pp_condition_term_archive_value":"","pp_condition_post_type_archive_value":"","pp_condition_date_archive_value":"","pp_condition_author_archive_value":"","pp_condition_search_results_value":"","pp_condition_date_value":"2020-09-13 to 2020-09-19","pp_condition_date_time_before_value":"2020-09-19 08:39","pp_condition_time_value":"","pp_condition_day_value":"1","pp_condition_os_value":"iphone","pp_condition_browser_value":"ie","pp_condition_search-bot_value":"all_search_bots","_id":"9903ffb"}]},"elements":[{"id":"537c5c5c","settings":{"_column_size":"50","_inline_size_mobile":"100","padding_mobile":{"unit":"%","top":"0","right":"0","bottom":"0","left":"0","isLinked":""},"_inline_size_tablet":"100","padding_tablet":{"unit":"%","top":"0","right":"0","bottom":"0","left":"0","isLinked":""},"padding":{"unit":"%","top":"0","right":"20","bottom":"0","left":"0","isLinked":""},"animation":"fadeIn","animation_duration":"fast","animation_delay":"200","animation_mobile":"none"},"elements":[{"id":"3788e8c0","settings":{"tabs":[{"tab_title":"How does therapy work?","tab_content":"Lorem ipsum dolor sit amet, consectet adipiscing\u00a0elit,sed do eiusm por incididunt ut labore et dolore magna aliqua. Ut enim ad minim veniam, quis nostrud exercitation ullamco laboris nisi ut aliquip ex ea sint occaecat cupidatat non proident, sunt in culpa qui officia mollit natoque consequat massa quis enim. Donec pede justo, fringilla vitae, eleifend acer sem neque sed ipsum. Nam quam nunc, blandit vel, ridiculus mus. sunt in culpa qui officia mollit natoque consequat massa quis enim. ","_id":"6807959"},{"tab_title":"How long is each session?","tab_content":"Lorem ipsum dolor sit amet, consectet adipiscing\u00a0elit,sed do eiusm por incididunt ut labore et dolore magna aliqua. Ut enim ad minim veniam, quis nostrud exercitation ullamco laboris nisi ut aliquip ex ea sint occaecat cupidatat non proident, sunt in culpa qui officia mollit natoque consequat massa quis enim. Donec pede justo, fringilla vitae, eleifend acer sem neque sed ipsum. Nam quam nunc, blandit vel, ridiculus mus. sunt in culpa qui officia mollit natoque consequat massa quis enim. ","_id":"7f157f4"},{"tab_title":"Do you take insurance?","tab_content":"Lorem ipsum dolor sit amet, consectet adipiscing\u00a0elit,sed do eiusm por incididunt ut labore et dolore magna aliqua. Ut enim ad minim veniam, quis nostrud exercitation ullamco laboris nisi ut aliquip ex ea sint occaecat cupidatat non proident, sunt in culpa qui officia mollit natoque consequat massa quis enim. Donec pede justo, fringilla vitae, eleifend acer sem neque sed ipsum. Nam quam nunc, blandit vel, ridiculus mus. sunt in culpa qui officia mollit natoque consequat massa quis enim. ","_id":"05574ca"},{"tab_title":"How often would I come to therapy?","tab_content":"Lorem ipsum dolor sit amet, consectet adipiscing\u00a0elit,sed do eiusm por incididunt ut labore et dolore magna aliqua. Ut enim ad minim veniam, quis nostrud exercitation ullamco laboris nisi ut aliquip ex ea sint occaecat cupidatat non proident, sunt in culpa qui officia mollit natoque consequat massa quis enim. Donec pede justo, fringilla vitae, eleifend acer sem neque sed ipsum. Nam quam nunc, blandit vel, ridiculus mus. sunt in culpa qui officia mollit natoque consequat massa quis enim. ","_id":"ab79b95"},{"tab_title":"Is what we discuss in sessions confidential?","tab_content":"Lorem ipsum dolor sit amet, consectet adipiscing\u00a0elit,sed do eiusm por incididunt ut labore et dolore magna aliqua. Ut enim ad minim veniam, quis nostrud exercitation ullamco laboris nisi ut aliquip ex ea sint occaecat cupidatat non proident, sunt in culpa qui officia mollit natoque consequat massa quis enim. Donec pede justo, fringilla vitae, eleifend acer sem neque sed ipsum. Nam quam nunc, blandit vel, ridiculus mus. sunt in culpa qui officia mollit natoque consequat massa quis enim. ","_id":"a50c314"},{"tab_title":"How do I schedule an appointment?","tab_content":"Lorem ipsum dolor sit amet, consectet adipiscing\u00a0elit,sed do eiusm por incididunt ut labore et dolore magna aliqua. Ut enim ad minim veniam, quis nostrud exercitation ullamco laboris nisi ut aliquip ex ea sint occaecat cupidatat non proident, sunt in culpa qui officia mollit natoque consequat massa quis enim. Donec pede justo, fringilla vitae, eleifend acer sem neque sed ipsum. Nam quam nunc, blandit vel, ridiculus mus. sunt in culpa qui officia mollit natoque consequat massa quis enim. ","_id":"d03e624"}],"border_width":{"unit":"px","size":"1","sizes":[]},"border_color":"#ACB0B5","title_color":"#5F5B5B","tab_active_color":"#65768B","title_typography_typography":"custom","title_typography_font_weight":"300","title_typography_text_transform":"none","title_typography_text_decoration":"underline","title_padding":{"unit":"px","top":"24","right":"0","bottom":"24","left":"0","isLinked":""},"content_padding":{"unit":"px","top":"0","right":"0","bottom":"24","left":"0","isLinked":""},"_border_border":"solid","_border_width":{"unit":"px","top":"1","right":"0","bottom":"0","left":"0","isLinked":""},"_border_color":"#ACB0B5","selected_icon":{"value":{"id":795,"url":"http:\/\/library.elementor.com\/wp-content\/uploads\/2020\/09\/closed.svg"},"library":"svg"},"selected_active_icon":{"value":{"id":796,"url":"http:\/\/library.elementor.com\/wp-content\/uploads\/2020\/09\/opened.svg"},"library":"svg"},"title_typography_font_size":{"unit":"px","size":"16","sizes":[]},"icon_color":"#979797","title_typography_font_family":"Prompt","title_typography_font_size_mobile":{"unit":"px","size":"15","sizes":[]},"title_typography_line_height_mobile":{"unit":"em","size":"1.6","sizes":[]},"icon_active_color":"#65768B","content_color":"#5F5B5B","content_typography_typography":"custom","content_typography_font_family":"Prompt","content_typography_font_size":{"unit":"px","size":"16","sizes":[]},"content_typography_font_size_tablet":{"unit":"px","size":"15","sizes":[]},"content_typography_font_size_mobile":{"unit":"px","size":"14","sizes":[]},"content_typography_font_weight":"300","content_typography_line_height":{"unit":"px","size":"22","sizes":[]},"content_typography_line_height_tablet":{"unit":"px","size":"21","sizes":[]},"content_typography_line_height_mobile":{"unit":"px","size":"20","sizes":[]},"pp_display_conditions":[{"pp_condition_key":"authentication","pp_condition_operator":"is","pp_condition_authentication_value":"authenticated","pp_condition_user_value":"","pp_condition_role_value":"subscriber","pp_condition_page_value":"","pp_condition_post_value":"","pp_condition_static_page_value":"home","pp_condition_post_type_value":"","pp_condition_taxonomy_archive_value":"","pp_condition_term_archive_value":"","pp_condition_post_type_archive_value":"","pp_condition_date_archive_value":"","pp_condition_author_archive_value":"","pp_condition_search_results_value":"","pp_condition_date_value":"2020-09-13 to 2020-09-19","pp_condition_date_time_before_value":"2020-09-19 08:39","pp_condition_time_value":"","pp_condition_day_value":"1","pp_condition_os_value":"iphone","pp_condition_browser_value":"ie","pp_condition_search-bot_value":"all_search_bots","_id":"21aa1cb"}]},"elements":[],"isInner":false,"widgetType":"toggle","elType":"widget"}],"isInner":"1","elType":"column"},{"id":"3ab6b6c8","settings":{"_column_size":"50","_inline_size_mobile":"100","padding":{"unit":"%","top":"0","right":"0","bottom":"0","left":"20","isLinked":""},"_inline_size_tablet":"100","padding_tablet":{"unit":"px","top":"0","right":"0","bottom":"0","left":"0","isLinked":""},"animation":"fadeIn","animation_delay":"400","animation_mobile":"none"},"elements":[{"id":"ae23f1b","settings":{"tabs":[{"tab_title":"What is the cost of therapy?","tab_content":"Lorem ipsum dolor sit amet, consectet adipiscing\u00a0elit,sed do eiusm por incididunt ut labore et dolore magna aliqua. Ut enim ad minim veniam, quis nostrud exercitation ullamco laboris nisi ut aliquip ex ea sint occaecat cupidatat non proident, sunt in culpa qui officia mollit natoque consequat massa quis enim. Donec pede justo, fringilla vitae, eleifend acer sem neque sed ipsum. Nam quam nunc, blandit vel, ridiculus mus. sunt in culpa qui officia mollit natoque consequat massa quis enim. ","_id":"6807959"},{"tab_title":"How do I know if a therapist is right for me?","tab_content":"Lorem ipsum dolor sit amet, consectet adipiscing\u00a0elit,sed do eiusm por incididunt ut labore et dolore magna aliqua. Ut enim ad minim veniam, quis nostrud exercitation ullamco laboris nisi ut aliquip ex ea sint occaecat cupidatat non proident, sunt in culpa qui officia mollit natoque consequat massa quis enim. Donec pede justo, fringilla vitae, eleifend acer sem neque sed ipsum. Nam quam nunc, blandit vel, ridiculus mus. sunt in culpa qui officia mollit natoque consequat massa quis enim. ","_id":"7f157f4"},{"tab_title":"How many sessions will I need?","tab_content":"Lorem ipsum dolor sit amet, consectet adipiscing\u00a0elit,sed do eiusm por incididunt ut labore et dolore magna aliqua. Ut enim ad minim veniam, quis nostrud exercitation ullamco laboris nisi ut aliquip ex ea sint occaecat cupidatat non proident, sunt in culpa qui officia mollit natoque consequat massa quis enim. Donec pede justo, fringilla vitae, eleifend acer sem neque sed ipsum. Nam quam nunc, blandit vel, ridiculus mus. sunt in culpa qui officia mollit natoque consequat massa quis enim. ","_id":"05574ca"},{"tab_title":"Where is your office located?","tab_content":"Lorem ipsum dolor sit amet, consectet adipiscing\u00a0elit,sed do eiusm por incididunt ut labore et dolore magna aliqua. Ut enim ad minim veniam, quis nostrud exercitation ullamco laboris nisi ut aliquip ex ea sint occaecat cupidatat non proident, sunt in culpa qui officia mollit natoque consequat massa quis enim. Donec pede justo, fringilla vitae, eleifend acer sem neque sed ipsum. Nam quam nunc, blandit vel, ridiculus mus. sunt in culpa qui officia mollit natoque consequat massa quis enim. ","_id":"ab79b95"},{"tab_title":"Is what we discuss in sessions confidential?","tab_content":"Lorem ipsum dolor sit amet, consectet adipiscing\u00a0elit,sed do eiusm por incididunt ut labore et dolore magna aliqua. Ut enim ad minim veniam, quis nostrud exercitation ullamco laboris nisi ut aliquip ex ea sint occaecat cupidatat non proident, sunt in culpa qui officia mollit natoque consequat massa quis enim. Donec pede justo, fringilla vitae, eleifend acer sem neque sed ipsum. Nam quam nunc, blandit vel, ridiculus mus. sunt in culpa qui officia mollit natoque consequat massa quis enim. ","_id":"a50c314"},{"tab_title":"How do I schedule an appointment?","tab_content":"Lorem ipsum dolor sit amet, consectet adipiscing\u00a0elit,sed do eiusm por incididunt ut labore et dolore magna aliqua. Ut enim ad minim veniam, quis nostrud exercitation ullamco laboris nisi ut aliquip ex ea sint occaecat cupidatat non proident, sunt in culpa qui officia mollit natoque consequat massa quis enim. Donec pede justo, fringilla vitae, eleifend acer sem neque sed ipsum. Nam quam nunc, blandit vel, ridiculus mus. sunt in culpa qui officia mollit natoque consequat massa quis enim. ","_id":"d03e624"}],"border_width":{"unit":"px","size":"1","sizes":[]},"border_color":"#ACB0B5","title_color":"#5F5B5B","tab_active_color":"#65768B","title_typography_typography":"custom","title_typography_font_weight":"300","title_typography_text_transform":"none","title_typography_text_decoration":"underline","title_padding":{"unit":"px","top":"24","right":"0","bottom":"24","left":"0","isLinked":""},"content_padding":{"unit":"px","top":"0","right":"0","bottom":"24","left":"0","isLinked":""},"_border_border":"solid","_border_width":{"unit":"px","top":"1","right":"0","bottom":"0","left":"0","isLinked":""},"_border_color":"#ACB0B5","selected_icon":{"value":{"id":795,"url":"http:\/\/library.elementor.com\/wp-content\/uploads\/2020\/09\/closed.svg"},"library":"svg"},"selected_active_icon":{"value":{"id":796,"url":"http:\/\/library.elementor.com\/wp-content\/uploads\/2020\/09\/opened.svg"},"library":"svg"},"title_typography_font_size":{"unit":"px","size":"16","sizes":[]},"icon_color":"#979797","title_typography_font_family":"Prompt","title_typography_font_size_mobile":{"unit":"px","size":"15","sizes":[]},"title_typography_line_height_mobile":{"unit":"em","size":"1.6","sizes":[]},"icon_active_color":"#65768B","content_color":"#5F5B5B","content_typography_typography":"custom","content_typography_font_family":"Prompt","content_typography_font_size":{"unit":"px","size":"16","sizes":[]},"content_typography_font_size_tablet":{"unit":"px","size":"15","sizes":[]},"content_typography_font_size_mobile":{"unit":"px","size":"14","sizes":[]},"content_typography_font_weight":"300","content_typography_line_height":{"unit":"px","size":"22","sizes":[]},"content_typography_line_height_tablet":{"unit":"px","size":"21","sizes":[]},"content_typography_line_height_mobile":{"unit":"px","size":"20","sizes":[]},"_border_width_tablet":{"unit":"px","top":"0","right":"0","bottom":"0","left":"0","isLinked":""},"pp_display_conditions":[{"pp_condition_key":"authentication","pp_condition_operator":"is","pp_condition_authentication_value":"authenticated","pp_condition_user_value":"","pp_condition_role_value":"subscriber","pp_condition_page_value":"","pp_condition_post_value":"","pp_condition_static_page_value":"home","pp_condition_post_type_value":"","pp_condition_taxonomy_archive_value":"","pp_condition_term_archive_value":"","pp_condition_post_type_archive_value":"","pp_condition_date_archive_value":"","pp_condition_author_archive_value":"","pp_condition_search_results_value":"","pp_condition_date_value":"2020-09-13 to 2020-09-19","pp_condition_date_time_before_value":"2020-09-19 08:39","pp_condition_time_value":"","pp_condition_day_value":"1","pp_condition_os_value":"iphone","pp_condition_browser_value":"ie","pp_condition_search-bot_value":"all_search_bots","_id":"66d8cf5"}]},"elements":[],"isInner":false,"widgetType":"toggle","elType":"widget"}],"isInner":"1","elType":"column"}],"isInner":"1","elType":"section"}],"isInner":"","elType":"column"}],"isInner":"","elType":"section"}],"page_settings":{"background_background":"classic","background_color":"#E5E9EF"}}