{"version":"0.4","title":"15197","type":"page","content":[{"id":"49245249","settings":{"layout":"full_width","gap":"no","height":"min-height","custom_height":{"unit":"px","size":"833","sizes":[]},"column_position":"stretch","content_position":"middle","overflow":"hidden","structure":"20","padding":{"unit":"%","top":"","right":"","bottom":"","left":"","isLinked":"1"},"_title":"Hero","custom_height_tablet":{"unit":"vh","size":"56","sizes":[]},"reverse_order_mobile":"reverse-mobile","reverse_order_tablet":"reverse-tablet","_timestamp_":"v1R3BjMjVnNTZwRTgwWHBPUlA5UUxZUT09","pp_display_conditions":[{"pp_condition_key":"authentication","pp_condition_operator":"is","pp_condition_authentication_value":"authenticated","pp_condition_user_value":"","pp_condition_role_value":"subscriber","pp_condition_page_value":"","pp_condition_post_value":"","pp_condition_static_page_value":"home","pp_condition_post_type_value":"","pp_condition_taxonomy_archive_value":"","pp_condition_term_archive_value":"","pp_condition_post_type_archive_value":"","pp_condition_date_archive_value":"","pp_condition_author_archive_value":"","pp_condition_search_results_value":"","pp_condition_date_value":"2020-09-13 to 2020-09-19","pp_condition_date_time_before_value":"2020-09-19 08:32","pp_condition_time_value":"","pp_condition_day_value":"1","pp_condition_os_value":"iphone","pp_condition_browser_value":"ie","pp_condition_search-bot_value":"all_search_bots","_id":"f1cbe35"}]},"elements":[{"id":"60ccff58","settings":{"_column_size":"50","padding":{"unit":"%","top":"0","right":"0","bottom":"0","left":"0","isLinked":""},"space_between_widgets":"0","_inline_size_tablet":"100","padding_tablet":{"unit":"%","top":"8","right":"7","bottom":"8","left":"7","isLinked":""},"padding_mobile":{"unit":"%","top":"12","right":"7","bottom":"13","left":"7","isLinked":""},"_inline_size":"55"},"elements":[{"id":"322b3f69","settings":{"title":"contact","header_size":"h1","_padding":{"unit":"%","top":"0","right":"8","bottom":"3","left":"14","isLinked":""},"_margin":{"unit":"px","top":"0","right":"0","bottom":"0","left":"-3","isLinked":""},"_padding_tablet":{"unit":"%","top":"0","right":"0","bottom":"4","left":"0","isLinked":""},"_padding_mobile":{"unit":"%","top":"0","right":"0","bottom":"10","left":"0","isLinked":""},"align_mobile":"left","typography_text_transform":"capitalize","align_tablet":"center","_animation":"fadeIn","animation_duration":"fast","title_color":"#65768B","typography_typography":"custom","typography_font_family":"Prompt","typography_font_size":{"unit":"px","size":"80","sizes":[]},"typography_font_size_tablet":{"unit":"px","size":"48","sizes":[]},"typography_font_size_mobile":{"unit":"px","size":"36","sizes":[]},"typography_font_weight":"100","typography_line_height":{"unit":"px","size":"82","sizes":[]},"typography_line_height_tablet":{"unit":"px","size":"56","sizes":[]},"typography_line_height_mobile":{"unit":"px","size":"44","sizes":[]},"typography_letter_spacing_tablet":{"unit":"px","size":"-1","sizes":[]},"_margin_tablet":{"unit":"px","top":"0","right":"0","bottom":"0","left":"0","isLinked":""},"pp_display_conditions":[{"pp_condition_key":"authentication","pp_condition_operator":"is","pp_condition_authentication_value":"authenticated","pp_condition_user_value":"","pp_condition_role_value":"subscriber","pp_condition_page_value":"","pp_condition_post_value":"","pp_condition_static_page_value":"home","pp_condition_post_type_value":"","pp_condition_taxonomy_archive_value":"","pp_condition_term_archive_value":"","pp_condition_post_type_archive_value":"","pp_condition_date_archive_value":"","pp_condition_author_archive_value":"","pp_condition_search_results_value":"","pp_condition_date_value":"2020-09-13 to 2020-09-19","pp_condition_date_time_before_value":"2020-09-19 08:32","pp_condition_time_value":"","pp_condition_day_value":"1","pp_condition_os_value":"iphone","pp_condition_browser_value":"ie","pp_condition_search-bot_value":"all_search_bots","_id":"25949b1"}]},"elements":[],"isInner":false,"widgetType":"heading","elType":"widget"},{"id":"73bc3769","settings":{"editor":"Nam in metus suscipit, laoreet nulla ac, lacinia justo. Integer eget erat sit amet leo interd finibus. Donec sollicitudin magna a ipsum condimentum, ut finibus augue ullamcorper etcursus risus ac blandit eleifend. Lorem ipsum dolor sit amet, consectetur adipiscin. ","_padding":{"unit":"%","top":"0","right":"20","bottom":"8","left":"14","isLinked":""},"_padding_tablet":{"unit":"%","top":"0","right":"0","bottom":"8","left":"0","isLinked":""},"_padding_mobile":{"unit":"%","top":"0","right":"0","bottom":"14","left":"0","isLinked":""},"align_tablet":"center","align_mobile":"left","_animation":"fadeIn","text_color":"#5F5B5B","typography_typography":"custom","typography_font_family":"Prompt","typography_font_size":{"unit":"px","size":"16","sizes":[]},"typography_font_size_tablet":{"unit":"px","size":"15","sizes":[]},"typography_font_size_mobile":{"unit":"px","size":"14","sizes":[]},"typography_font_weight":"300","typography_line_height":{"unit":"px","size":"22","sizes":[]},"typography_line_height_tablet":{"unit":"px","size":"21","sizes":[]},"typography_line_height_mobile":{"unit":"px","size":"20","sizes":[]},"pp_display_conditions":[{"pp_condition_key":"authentication","pp_condition_operator":"is","pp_condition_authentication_value":"authenticated","pp_condition_user_value":"","pp_condition_role_value":"subscriber","pp_condition_page_value":"","pp_condition_post_value":"","pp_condition_static_page_value":"home","pp_condition_post_type_value":"","pp_condition_taxonomy_archive_value":"","pp_condition_term_archive_value":"","pp_condition_post_type_archive_value":"","pp_condition_date_archive_value":"","pp_condition_author_archive_value":"","pp_condition_search_results_value":"","pp_condition_date_value":"2020-09-13 to 2020-09-19","pp_condition_date_time_before_value":"2020-09-19 08:32","pp_condition_time_value":"","pp_condition_day_value":"1","pp_condition_os_value":"iphone","pp_condition_browser_value":"ie","pp_condition_search-bot_value":"all_search_bots","_id":"ecc25f4"}]},"elements":[],"isInner":false,"widgetType":"text-editor","elType":"widget"},{"id":"7d229c22","settings":{"gap":"no","height_inner":"min-height","custom_height_inner":{"unit":"px","size":"200","sizes":[]},"content_position":"top","structure":"30","background_background":"classic","padding":{"unit":"%","top":"0","right":"8","bottom":"0","left":"0","isLinked":""},"padding_tablet":{"unit":"px","top":"0","right":"0","bottom":"0","left":"0","isLinked":""},"motion_fx_motion_fx_scrolling":"yes","motion_fx_translateY_effect":"yes","motion_fx_translateY_speed":{"unit":"px","size":"2","sizes":[]},"motion_fx_devices":["desktop"],"custom_height_inner_tablet":{"unit":"px","size":"184","sizes":[]},"pp_display_conditions":[{"pp_condition_key":"authentication","pp_condition_operator":"is","pp_condition_authentication_value":"authenticated","pp_condition_user_value":"","pp_condition_role_value":"subscriber","pp_condition_page_value":"","pp_condition_post_value":"","pp_condition_static_page_value":"home","pp_condition_post_type_value":"","pp_condition_taxonomy_archive_value":"","pp_condition_term_archive_value":"","pp_condition_post_type_archive_value":"","pp_condition_date_archive_value":"","pp_condition_author_archive_value":"","pp_condition_search_results_value":"","pp_condition_date_value":"2020-09-13 to 2020-09-19","pp_condition_date_time_before_value":"2020-09-19 08:32","pp_condition_time_value":"","pp_condition_day_value":"1","pp_condition_os_value":"iphone","pp_condition_browser_value":"ie","pp_condition_search-bot_value":"all_search_bots","_id":"9d553d3"}]},"elements":[{"id":"276f6eb","settings":{"_column_size":"33","_inline_size":"37.805","_inline_size_tablet":"33.3","space_between_widgets":"0","background_background":"classic","background_color":"#FFFFFF","padding":{"unit":"%","top":"0","right":"0","bottom":"0","left":"41","isLinked":""},"padding_tablet":{"unit":"px","top":"0","right":"0","bottom":"0","left":"0","isLinked":""},"padding_mobile":{"unit":"%","top":"10","right":"14","bottom":"8","left":"14","isLinked":""}},"elements":[{"id":"19971055","settings":{"editor":"Contact Info","align_mobile":"left","text_color":"#65768B","align_tablet":"center","_padding":{"unit":"px","top":"44","right":"0","bottom":"0","left":"0","isLinked":""},"_padding_mobile":{"unit":"%","top":"0","right":"0","bottom":"0","left":"0","isLinked":""},"typography_typography":"custom","typography_font_family":"Prompt","typography_font_size":{"unit":"px","size":"16","sizes":[]},"typography_font_size_tablet":{"unit":"px","size":"15","sizes":[]},"typography_font_size_mobile":{"unit":"px","size":"14","sizes":[]},"typography_font_weight":"300","typography_line_height":{"unit":"px","size":"22","sizes":[]},"typography_line_height_tablet":{"unit":"px","size":"21","sizes":[]},"typography_line_height_mobile":{"unit":"px","size":"20","sizes":[]},"_padding_tablet":{"unit":"px","top":"44","right":"0","bottom":"0","left":"0","isLinked":""},"_animation":"fadeIn","pp_display_conditions":[{"pp_condition_key":"authentication","pp_condition_operator":"is","pp_condition_authentication_value":"authenticated","pp_condition_user_value":"","pp_condition_role_value":"subscriber","pp_condition_page_value":"","pp_condition_post_value":"","pp_condition_static_page_value":"home","pp_condition_post_type_value":"","pp_condition_taxonomy_archive_value":"","pp_condition_term_archive_value":"","pp_condition_post_type_archive_value":"","pp_condition_date_archive_value":"","pp_condition_author_archive_value":"","pp_condition_search_results_value":"","pp_condition_date_value":"2020-09-13 to 2020-09-19","pp_condition_date_time_before_value":"2020-09-19 08:32","pp_condition_time_value":"","pp_condition_day_value":"1","pp_condition_os_value":"iphone","pp_condition_browser_value":"ie","pp_condition_search-bot_value":"all_search_bots","_id":"fa70326"}]},"elements":[],"isInner":false,"widgetType":"text-editor","elType":"widget"},{"id":"99ccbe3","settings":{"width":{"unit":"px","size":"178","sizes":[]},"align":"left","align_mobile":"left","text":"Divider","color":"#9AA8BA","align_tablet":"center","pp_display_conditions":[{"pp_condition_key":"authentication","pp_condition_operator":"is","pp_condition_authentication_value":"authenticated","pp_condition_user_value":"","pp_condition_role_value":"subscriber","pp_condition_page_value":"","pp_condition_post_value":"","pp_condition_static_page_value":"home","pp_condition_post_type_value":"","pp_condition_taxonomy_archive_value":"","pp_condition_term_archive_value":"","pp_condition_post_type_archive_value":"","pp_condition_date_archive_value":"","pp_condition_author_archive_value":"","pp_condition_search_results_value":"","pp_condition_date_value":"2020-09-13 to 2020-09-19","pp_condition_date_time_before_value":"2020-09-19 08:32","pp_condition_time_value":"","pp_condition_day_value":"1","pp_condition_os_value":"iphone","pp_condition_browser_value":"ie","pp_condition_search-bot_value":"all_search_bots","_id":"da07e59"}]},"elements":[],"isInner":false,"widgetType":"divider","elType":"widget"},{"id":"c701922","settings":{"editor":"therapy@drparker.com<br>\n(202)243-8097","align_mobile":"left","typography_font_size":{"unit":"px","size":"16","sizes":[]},"align_tablet":"center","text_color":"#5F5B5B","typography_typography":"custom","typography_font_family":"Prompt","typography_font_size_tablet":{"unit":"px","size":"15","sizes":[]},"typography_font_size_mobile":{"unit":"px","size":"14","sizes":[]},"typography_font_weight":"300","typography_line_height":{"unit":"px","size":"22","sizes":[]},"typography_line_height_tablet":{"unit":"px","size":"21","sizes":[]},"typography_line_height_mobile":{"unit":"px","size":"20","sizes":[]},"_padding":{"unit":"%","top":"","right":"","bottom":"","left":"","isLinked":"1"},"_padding_tablet":{"unit":"%","top":"","right":"","bottom":"","left":"","isLinked":"1"},"_padding_mobile":{"unit":"%","top":"0","right":"0","bottom":"0","left":"0","isLinked":""},"_animation":"fadeIn","pp_display_conditions":[{"pp_condition_key":"authentication","pp_condition_operator":"is","pp_condition_authentication_value":"authenticated","pp_condition_user_value":"","pp_condition_role_value":"subscriber","pp_condition_page_value":"","pp_condition_post_value":"","pp_condition_static_page_value":"home","pp_condition_post_type_value":"","pp_condition_taxonomy_archive_value":"","pp_condition_term_archive_value":"","pp_condition_post_type_archive_value":"","pp_condition_date_archive_value":"","pp_condition_author_archive_value":"","pp_condition_search_results_value":"","pp_condition_date_value":"2020-09-13 to 2020-09-19","pp_condition_date_time_before_value":"2020-09-19 08:32","pp_condition_time_value":"","pp_condition_day_value":"1","pp_condition_os_value":"iphone","pp_condition_browser_value":"ie","pp_condition_search-bot_value":"all_search_bots","_id":"70eb96a"}]},"elements":[],"isInner":false,"widgetType":"text-editor","elType":"widget"}],"isInner":"1","elType":"column"},{"id":"558edd1b","settings":{"_column_size":"33","_inline_size":"30.854","_inline_size_tablet":"33.3","space_between_widgets":"0","background_background":"classic","background_color":"#FFFFFF","padding":{"unit":"%","top":"0","right":"11","bottom":"0","left":"15","isLinked":""},"padding_tablet":{"unit":"px","top":"0","right":"0","bottom":"0","left":"0","isLinked":""},"padding_mobile":{"unit":"%","top":"8","right":"14","bottom":"8","left":"14","isLinked":""}},"elements":[{"id":"7bee69de","settings":{"editor":"Clinic Address","align_mobile":"left","text_color":"#65768B","align_tablet":"center","_padding":{"unit":"px","top":"44","right":"0","bottom":"0","left":"0","isLinked":""},"_padding_mobile":{"unit":"%","top":"0","right":"0","bottom":"0","left":"0","isLinked":""},"typography_typography":"custom","typography_font_family":"Prompt","typography_font_size":{"unit":"px","size":"16","sizes":[]},"typography_font_size_tablet":{"unit":"px","size":"15","sizes":[]},"typography_font_size_mobile":{"unit":"px","size":"14","sizes":[]},"typography_font_weight":"300","typography_line_height":{"unit":"px","size":"22","sizes":[]},"typography_line_height_tablet":{"unit":"px","size":"21","sizes":[]},"typography_line_height_mobile":{"unit":"px","size":"20","sizes":[]},"_padding_tablet":{"unit":"px","top":"44","right":"0","bottom":"0","left":"0","isLinked":""},"_animation":"fadeIn","pp_display_conditions":[{"pp_condition_key":"authentication","pp_condition_operator":"is","pp_condition_authentication_value":"authenticated","pp_condition_user_value":"","pp_condition_role_value":"subscriber","pp_condition_page_value":"","pp_condition_post_value":"","pp_condition_static_page_value":"home","pp_condition_post_type_value":"","pp_condition_taxonomy_archive_value":"","pp_condition_term_archive_value":"","pp_condition_post_type_archive_value":"","pp_condition_date_archive_value":"","pp_condition_author_archive_value":"","pp_condition_search_results_value":"","pp_condition_date_value":"2020-09-13 to 2020-09-19","pp_condition_date_time_before_value":"2020-09-19 08:32","pp_condition_time_value":"","pp_condition_day_value":"1","pp_condition_os_value":"iphone","pp_condition_browser_value":"ie","pp_condition_search-bot_value":"all_search_bots","_id":"e753529"}]},"elements":[],"isInner":false,"widgetType":"text-editor","elType":"widget"},{"id":"f963dd5","settings":{"width":{"unit":"px","size":"178","sizes":[]},"align":"left","align_mobile":"left","text":"Divider","color":"#9AA8BA","align_tablet":"center","pp_display_conditions":[{"pp_condition_key":"authentication","pp_condition_operator":"is","pp_condition_authentication_value":"authenticated","pp_condition_user_value":"","pp_condition_role_value":"subscriber","pp_condition_page_value":"","pp_condition_post_value":"","pp_condition_static_page_value":"home","pp_condition_post_type_value":"","pp_condition_taxonomy_archive_value":"","pp_condition_term_archive_value":"","pp_condition_post_type_archive_value":"","pp_condition_date_archive_value":"","pp_condition_author_archive_value":"","pp_condition_search_results_value":"","pp_condition_date_value":"2020-09-13 to 2020-09-19","pp_condition_date_time_before_value":"2020-09-19 08:32","pp_condition_time_value":"","pp_condition_day_value":"1","pp_condition_os_value":"iphone","pp_condition_browser_value":"ie","pp_condition_search-bot_value":"all_search_bots","_id":"6677f7e"}]},"elements":[],"isInner":false,"widgetType":"divider","elType":"widget"},{"id":"430139ca","settings":{"editor":"3204  Goldcliff Circle,\nWashington DC 20016","align_mobile":"left","typography_font_size":{"unit":"px","size":"16","sizes":[]},"align_tablet":"center","text_color":"#5F5B5B","typography_typography":"custom","typography_font_family":"Prompt","typography_font_size_tablet":{"unit":"px","size":"15","sizes":[]},"typography_font_size_mobile":{"unit":"px","size":"14","sizes":[]},"typography_font_weight":"300","typography_line_height":{"unit":"px","size":"22","sizes":[]},"typography_line_height_tablet":{"unit":"px","size":"21","sizes":[]},"typography_line_height_mobile":{"unit":"px","size":"20","sizes":[]},"_padding":{"unit":"%","top":"","right":"","bottom":"","left":"","isLinked":"1"},"_padding_tablet":{"unit":"%","top":"","right":"","bottom":"","left":"","isLinked":"1"},"_padding_mobile":{"unit":"%","top":"0","right":"0","bottom":"0","left":"0","isLinked":""},"_animation":"fadeIn","pp_display_conditions":[{"pp_condition_key":"authentication","pp_condition_operator":"is","pp_condition_authentication_value":"authenticated","pp_condition_user_value":"","pp_condition_role_value":"subscriber","pp_condition_page_value":"","pp_condition_post_value":"","pp_condition_static_page_value":"home","pp_condition_post_type_value":"","pp_condition_taxonomy_archive_value":"","pp_condition_term_archive_value":"","pp_condition_post_type_archive_value":"","pp_condition_date_archive_value":"","pp_condition_author_archive_value":"","pp_condition_search_results_value":"","pp_condition_date_value":"2020-09-13 to 2020-09-19","pp_condition_date_time_before_value":"2020-09-19 08:32","pp_condition_time_value":"","pp_condition_day_value":"1","pp_condition_os_value":"iphone","pp_condition_browser_value":"ie","pp_condition_search-bot_value":"all_search_bots","_id":"1ddeab3"}]},"elements":[],"isInner":false,"widgetType":"text-editor","elType":"widget"}],"isInner":"1","elType":"column"},{"id":"32770aa","settings":{"_column_size":"33","_inline_size":"30.897","_inline_size_tablet":"33.3","space_between_widgets":"0","background_background":"classic","background_color":"#FFFFFF","padding":{"unit":"%","top":"0","right":"28","bottom":"0","left":"0","isLinked":""},"padding_tablet":{"unit":"px","top":"0","right":"0","bottom":"0","left":"0","isLinked":""},"padding_mobile":{"unit":"%","top":"8","right":"14","bottom":"10","left":"14","isLinked":""}},"elements":[{"id":"6604a3ed","settings":{"editor":"Business Hours","align_mobile":"left","text_color":"#65768B","align_tablet":"center","_padding":{"unit":"px","top":"44","right":"0","bottom":"0","left":"0","isLinked":""},"_padding_mobile":{"unit":"%","top":"0","right":"0","bottom":"0","left":"0","isLinked":""},"typography_typography":"custom","typography_font_family":"Prompt","typography_font_size":{"unit":"px","size":"16","sizes":[]},"typography_font_size_tablet":{"unit":"px","size":"15","sizes":[]},"typography_font_size_mobile":{"unit":"px","size":"14","sizes":[]},"typography_font_weight":"300","typography_line_height":{"unit":"px","size":"22","sizes":[]},"typography_line_height_tablet":{"unit":"px","size":"21","sizes":[]},"typography_line_height_mobile":{"unit":"px","size":"20","sizes":[]},"_padding_tablet":{"unit":"px","top":"44","right":"0","bottom":"0","left":"0","isLinked":""},"_animation":"fadeIn","pp_display_conditions":[{"pp_condition_key":"authentication","pp_condition_operator":"is","pp_condition_authentication_value":"authenticated","pp_condition_user_value":"","pp_condition_role_value":"subscriber","pp_condition_page_value":"","pp_condition_post_value":"","pp_condition_static_page_value":"home","pp_condition_post_type_value":"","pp_condition_taxonomy_archive_value":"","pp_condition_term_archive_value":"","pp_condition_post_type_archive_value":"","pp_condition_date_archive_value":"","pp_condition_author_archive_value":"","pp_condition_search_results_value":"","pp_condition_date_value":"2020-09-13 to 2020-09-19","pp_condition_date_time_before_value":"2020-09-19 08:32","pp_condition_time_value":"","pp_condition_day_value":"1","pp_condition_os_value":"iphone","pp_condition_browser_value":"ie","pp_condition_search-bot_value":"all_search_bots","_id":"0210c0f"}]},"elements":[],"isInner":false,"widgetType":"text-editor","elType":"widget"},{"id":"10d726e6","settings":{"width":{"unit":"px","size":"178","sizes":[]},"align":"left","align_mobile":"left","text":"Divider","color":"#9AA8BA","align_tablet":"center","pp_display_conditions":[{"pp_condition_key":"authentication","pp_condition_operator":"is","pp_condition_authentication_value":"authenticated","pp_condition_user_value":"","pp_condition_role_value":"subscriber","pp_condition_page_value":"","pp_condition_post_value":"","pp_condition_static_page_value":"home","pp_condition_post_type_value":"","pp_condition_taxonomy_archive_value":"","pp_condition_term_archive_value":"","pp_condition_post_type_archive_value":"","pp_condition_date_archive_value":"","pp_condition_author_archive_value":"","pp_condition_search_results_value":"","pp_condition_date_value":"2020-09-13 to 2020-09-19","pp_condition_date_time_before_value":"2020-09-19 08:32","pp_condition_time_value":"","pp_condition_day_value":"1","pp_condition_os_value":"iphone","pp_condition_browser_value":"ie","pp_condition_search-bot_value":"all_search_bots","_id":"384c584"}]},"elements":[],"isInner":false,"widgetType":"divider","elType":"widget"},{"id":"547c05b7","settings":{"editor":"<p>Sunday- Saturday:<br \/>8:00am-9:00pm<\/p>","align_mobile":"left","typography_font_size":{"unit":"px","size":"16","sizes":[]},"_padding":{"unit":"%","top":"","right":"","bottom":"","left":"","isLinked":"1"},"_padding_mobile":{"unit":"%","top":"0","right":"0","bottom":"0","left":"0","isLinked":""},"align_tablet":"center","text_color":"#5F5B5B","typography_typography":"custom","typography_font_family":"Prompt","typography_font_size_tablet":{"unit":"px","size":"15","sizes":[]},"typography_font_size_mobile":{"unit":"px","size":"14","sizes":[]},"typography_font_weight":"300","typography_line_height":{"unit":"px","size":"22","sizes":[]},"typography_line_height_tablet":{"unit":"px","size":"21","sizes":[]},"typography_line_height_mobile":{"unit":"px","size":"20","sizes":[]},"_padding_tablet":{"unit":"%","top":"","right":"","bottom":"","left":"","isLinked":"1"},"_animation":"fadeIn","pp_display_conditions":[{"pp_condition_key":"authentication","pp_condition_operator":"is","pp_condition_authentication_value":"authenticated","pp_condition_user_value":"","pp_condition_role_value":"subscriber","pp_condition_page_value":"","pp_condition_post_value":"","pp_condition_static_page_value":"home","pp_condition_post_type_value":"","pp_condition_taxonomy_archive_value":"","pp_condition_term_archive_value":"","pp_condition_post_type_archive_value":"","pp_condition_date_archive_value":"","pp_condition_author_archive_value":"","pp_condition_search_results_value":"","pp_condition_date_value":"2020-09-13 to 2020-09-19","pp_condition_date_time_before_value":"2020-09-19 08:32","pp_condition_time_value":"","pp_condition_day_value":"1","pp_condition_os_value":"iphone","pp_condition_browser_value":"ie","pp_condition_search-bot_value":"all_search_bots","_id":"3816340"}]},"elements":[],"isInner":false,"widgetType":"text-editor","elType":"widget"}],"isInner":"1","elType":"column"}],"isInner":"1","elType":"section"}],"isInner":"","elType":"column"},{"id":"3dae05da","settings":{"_column_size":"50","background_background":"classic","background_position":"center center","background_repeat":"no-repeat","background_size":"cover","_inline_size_tablet":"100","background_position_tablet":"top center","_inline_size":"45","content_position":"top"},"elements":[{"id":"572fba6a","settings":{"address":"melbourne","zoom":{"unit":"px","size":"13","sizes":[]},"height":{"unit":"px","size":"870","sizes":[]},"css_filters_css_filter":"custom","css_filters_saturate":{"unit":"px","size":"0","sizes":[]},"height_tablet":{"unit":"px","size":"400","sizes":[]},"height_mobile":{"unit":"px","size":"200","sizes":[]},"pp_display_conditions":[{"pp_condition_key":"authentication","pp_condition_operator":"is","pp_condition_authentication_value":"authenticated","pp_condition_user_value":"","pp_condition_role_value":"subscriber","pp_condition_page_value":"","pp_condition_post_value":"","pp_condition_static_page_value":"home","pp_condition_post_type_value":"","pp_condition_taxonomy_archive_value":"","pp_condition_term_archive_value":"","pp_condition_post_type_archive_value":"","pp_condition_date_archive_value":"","pp_condition_author_archive_value":"","pp_condition_search_results_value":"","pp_condition_date_value":"2020-09-13 to 2020-09-19","pp_condition_date_time_before_value":"2020-09-19 08:32","pp_condition_time_value":"","pp_condition_day_value":"1","pp_condition_os_value":"iphone","pp_condition_browser_value":"ie","pp_condition_search-bot_value":"all_search_bots","_id":"c1b6b2c"}]},"elements":[],"isInner":false,"widgetType":"google_maps","elType":"widget"}],"isInner":"","elType":"column"}],"isInner":"","elType":"section"},{"id":"306fedf4","settings":{"layout":"full_width","gap":"no","height":"min-height","custom_height":{"unit":"vh","size":"78","sizes":[]},"column_position":"stretch","content_position":"middle","structure":"20","padding":{"unit":"%","top":"","right":"","bottom":"","left":"","isLinked":"1"},"_title":"Appointment Request","custom_height_tablet":{"unit":"vh","size":"50","sizes":[]},"margin":{"unit":"%","top":"6","right":"0","bottom":"8","left":"0","isLinked":""},"_timestamp_":"v1R3BjMjVnNTZwRTgwWHBPUlA5UUxZUT09","pp_display_conditions":[{"pp_condition_key":"authentication","pp_condition_operator":"is","pp_condition_authentication_value":"authenticated","pp_condition_user_value":"","pp_condition_role_value":"subscriber","pp_condition_page_value":"","pp_condition_post_value":"","pp_condition_static_page_value":"home","pp_condition_post_type_value":"","pp_condition_taxonomy_archive_value":"","pp_condition_term_archive_value":"","pp_condition_post_type_archive_value":"","pp_condition_date_archive_value":"","pp_condition_author_archive_value":"","pp_condition_search_results_value":"","pp_condition_date_value":"2020-09-13 to 2020-09-19","pp_condition_date_time_before_value":"2020-09-19 08:32","pp_condition_time_value":"","pp_condition_day_value":"1","pp_condition_os_value":"iphone","pp_condition_browser_value":"ie","pp_condition_search-bot_value":"all_search_bots","_id":"1a7f611"}]},"elements":[{"id":"6e7e86f5","settings":{"_column_size":"50","padding":{"unit":"%","top":"0","right":"12","bottom":"0","left":"14","isLinked":""},"space_between_widgets":"0","background_background":"classic","_inline_size_tablet":"100","padding_tablet":{"unit":"%","top":"8","right":"7","bottom":"8","left":"7","isLinked":""},"padding_mobile":{"unit":"%","top":"12","right":"7","bottom":"16","left":"7","isLinked":""},"_inline_size":"55","motion_fx_motion_fx_scrolling":"yes","motion_fx_translateY_effect":"yes","motion_fx_translateY_direction":"negative","motion_fx_translateY_speed":{"unit":"px","size":"1.1","sizes":[]},"motion_fx_devices":["desktop"]},"elements":[{"id":"59b3a573","settings":{"title":"Appointment Request","_padding":{"unit":"%","top":"0","right":"0","bottom":"2","left":"0","isLinked":""},"_padding_tablet":{"unit":"%","top":"0","right":"0","bottom":"3","left":"0","isLinked":""},"_padding_mobile":{"unit":"%","top":"0","right":"0","bottom":"8","left":"0","isLinked":""},"align_tablet":"center","align_mobile":"left","_animation":"fadeInUp","title_color":"#9AA8BA","typography_typography":"custom","typography_font_family":"Prompt","typography_font_size":{"unit":"px","size":"40","sizes":[]},"typography_font_size_tablet":{"unit":"px","size":"36","sizes":[]},"typography_font_size_mobile":{"unit":"px","size":"24","sizes":[]},"typography_font_weight":"100","typography_text_transform":"capitalize","typography_line_height":{"unit":"px","size":"44","sizes":[]},"typography_line_height_tablet":{"unit":"px","size":"40","sizes":[]},"typography_line_height_mobile":{"unit":"px","size":"30","sizes":[]},"pp_display_conditions":[{"pp_condition_key":"authentication","pp_condition_operator":"is","pp_condition_authentication_value":"authenticated","pp_condition_user_value":"","pp_condition_role_value":"subscriber","pp_condition_page_value":"","pp_condition_post_value":"","pp_condition_static_page_value":"home","pp_condition_post_type_value":"","pp_condition_taxonomy_archive_value":"","pp_condition_term_archive_value":"","pp_condition_post_type_archive_value":"","pp_condition_date_archive_value":"","pp_condition_author_archive_value":"","pp_condition_search_results_value":"","pp_condition_date_value":"2020-09-13 to 2020-09-19","pp_condition_date_time_before_value":"2020-09-19 08:32","pp_condition_time_value":"","pp_condition_day_value":"1","pp_condition_os_value":"iphone","pp_condition_browser_value":"ie","pp_condition_search-bot_value":"all_search_bots","_id":"b69c22d"}]},"elements":[],"isInner":false,"widgetType":"heading","elType":"widget"},{"id":"6b1f2b05","settings":{"editor":"Nam in metus suscipit, laoreet nulla ac, lacinia justo. Integer eget erat sit amet leo.","_padding":{"unit":"%","top":"0","right":"0","bottom":"6","left":"0","isLinked":""},"_padding_tablet":{"unit":"%","top":"0","right":"0","bottom":"8","left":"0","isLinked":""},"_padding_mobile":{"unit":"%","top":"0","right":"0","bottom":"10","left":"0","isLinked":""},"align_tablet":"center","align_mobile":"left","text_color":"#5F5B5B","typography_typography":"custom","typography_font_family":"Prompt","typography_font_size":{"unit":"px","size":"16","sizes":[]},"typography_font_size_tablet":{"unit":"px","size":"15","sizes":[]},"typography_font_size_mobile":{"unit":"px","size":"14","sizes":[]},"typography_font_weight":"300","typography_line_height":{"unit":"px","size":"22","sizes":[]},"typography_line_height_tablet":{"unit":"px","size":"21","sizes":[]},"typography_line_height_mobile":{"unit":"px","size":"20","sizes":[]},"_animation":"fadeIn","pp_display_conditions":[{"pp_condition_key":"authentication","pp_condition_operator":"is","pp_condition_authentication_value":"authenticated","pp_condition_user_value":"","pp_condition_role_value":"subscriber","pp_condition_page_value":"","pp_condition_post_value":"","pp_condition_static_page_value":"home","pp_condition_post_type_value":"","pp_condition_taxonomy_archive_value":"","pp_condition_term_archive_value":"","pp_condition_post_type_archive_value":"","pp_condition_date_archive_value":"","pp_condition_author_archive_value":"","pp_condition_search_results_value":"","pp_condition_date_value":"2020-09-13 to 2020-09-19","pp_condition_date_time_before_value":"2020-09-19 08:32","pp_condition_time_value":"","pp_condition_day_value":"1","pp_condition_os_value":"iphone","pp_condition_browser_value":"ie","pp_condition_search-bot_value":"all_search_bots","_id":"93be541"}]},"elements":[],"isInner":false,"widgetType":"text-editor","elType":"widget"},{"id":"2b8c1f29","settings":{"form_name":"New Form","form_fields":[{"custom_id":"name","field_type":"text","field_label":"First Name","placeholder":"First Name","width":"50","_id":"74e3205","required":"","selected_icon":{"value":"fas fa-star","library":"fa-solid"},"field_options":"","allow_multiple":"","select_size":"","inline_list":"","field_html":"","width_tablet":"","width_mobile":"","rows":"4","recaptcha_size":"normal","recaptcha_style":"light","recaptcha_badge":"bottomright","css_classes":"","field_value":"","file_sizes":"","file_types":"","allow_multiple_upload":"","max_files":"","acceptance_text":"","checked_by_default":"","field_min":"","field_max":"","min_date":"","max_date":"","use_native_date":"","use_native_time":"","previous_button":"","next_button":"","field_pattern":"","field_pattern_message":"\u0644\u0637\u0641\u0627 \u0628\u0627 \u0641\u0631\u0645\u062a \u062f\u0631\u062e\u0648\u0627\u0633\u062a \u0634\u062f\u0647 \u0648\u0627\u0631\u062f \u06a9\u0646\u06cc\u062f","password_preview_toggle":""},{"custom_id":"field_80aae16","field_type":"text","field_label":"Last Name","placeholder":"Last Name","width":"50","required":"","selected_icon":{"value":"fas fa-star","library":"fa-solid"},"field_options":"","allow_multiple":"","select_size":"","inline_list":"","field_html":"","width_tablet":"","width_mobile":"","rows":"4","recaptcha_size":"normal","recaptcha_style":"light","recaptcha_badge":"bottomright","css_classes":"","field_value":"","_id":"80aae16","file_sizes":"","file_types":"","allow_multiple_upload":"","max_files":"","acceptance_text":"","checked_by_default":"","field_min":"","field_max":"","min_date":"","max_date":"","use_native_date":"","use_native_time":"","previous_button":"","next_button":"","field_pattern":"","field_pattern_message":"\u0644\u0637\u0641\u0627 \u0628\u0627 \u0641\u0631\u0645\u062a \u062f\u0631\u062e\u0648\u0627\u0633\u062a \u0634\u062f\u0647 \u0648\u0627\u0631\u062f \u06a9\u0646\u06cc\u062f","password_preview_toggle":""},{"custom_id":"email","field_type":"email","required":"true","field_label":"Email","placeholder":"Email Address","width":"50","_id":"11292e1","selected_icon":{"value":"fas fa-star","library":"fa-solid"},"field_options":"","allow_multiple":"","select_size":"","inline_list":"","field_html":"","width_tablet":"","width_mobile":"","rows":"4","recaptcha_size":"normal","recaptcha_style":"light","recaptcha_badge":"bottomright","css_classes":"","field_value":"","file_sizes":"","file_types":"","allow_multiple_upload":"","max_files":"","acceptance_text":"","checked_by_default":"","field_min":"","field_max":"","min_date":"","max_date":"","use_native_date":"","use_native_time":"","previous_button":"","next_button":"","field_pattern":"","field_pattern_message":"\u0644\u0637\u0641\u0627 \u0628\u0627 \u0641\u0631\u0645\u062a \u062f\u0631\u062e\u0648\u0627\u0633\u062a \u0634\u062f\u0647 \u0648\u0627\u0631\u062f \u06a9\u0646\u06cc\u062f","password_preview_toggle":""},{"custom_id":"field_2ab6dff","field_type":"tel","required":"","field_label":"Phone","placeholder":"Phone Number","width":"50","selected_icon":{"value":"fas fa-star","library":"fa-solid"},"field_options":"","allow_multiple":"","select_size":"","inline_list":"","field_html":"","width_tablet":"","width_mobile":"","rows":"4","recaptcha_size":"normal","recaptcha_style":"light","recaptcha_badge":"bottomright","css_classes":"","field_value":"","_id":"2ab6dff","file_sizes":"","file_types":"","allow_multiple_upload":"","max_files":"","acceptance_text":"","checked_by_default":"","field_min":"","field_max":"","min_date":"","max_date":"","use_native_date":"","use_native_time":"","previous_button":"","next_button":"","field_pattern":"","field_pattern_message":"\u0644\u0637\u0641\u0627 \u0628\u0627 \u0641\u0631\u0645\u062a \u062f\u0631\u062e\u0648\u0627\u0633\u062a \u0634\u062f\u0647 \u0648\u0627\u0631\u062f \u06a9\u0646\u06cc\u062f","password_preview_toggle":""},{"field_type":"date","field_label":"Date","placeholder":"Preferred Date","required":"true","selected_icon":{"value":"fas fa-star","library":"fa-solid"},"field_options":"","allow_multiple":"","select_size":"","inline_list":"","field_html":"","width":"50","width_tablet":"","width_mobile":"","rows":"4","recaptcha_size":"normal","recaptcha_style":"light","recaptcha_badge":"bottomright","css_classes":"","field_value":"","custom_id":"field_68d4c1e","_id":"68d4c1e","file_sizes":"","file_types":"","allow_multiple_upload":"","max_files":"","acceptance_text":"","checked_by_default":"","field_min":"","field_max":"","min_date":"","max_date":"","use_native_date":"","use_native_time":"","previous_button":"","next_button":"","field_pattern":"","field_pattern_message":"\u0644\u0637\u0641\u0627 \u0628\u0627 \u0641\u0631\u0645\u062a \u062f\u0631\u062e\u0648\u0627\u0633\u062a \u0634\u062f\u0647 \u0648\u0627\u0631\u062f \u06a9\u0646\u06cc\u062f","password_preview_toggle":""},{"field_type":"time","field_label":"time","placeholder":"Preferred Time","required":"","selected_icon":{"value":"fas fa-star","library":"fa-solid"},"field_options":"","allow_multiple":"","select_size":"","inline_list":"","field_html":"","width":"50","width_tablet":"","width_mobile":"","rows":"4","recaptcha_size":"normal","recaptcha_style":"light","recaptcha_badge":"bottomright","css_classes":"","field_value":"","custom_id":"field_ccd1f0a","_id":"ccd1f0a","file_sizes":"","file_types":"","allow_multiple_upload":"","max_files":"","acceptance_text":"","checked_by_default":"","field_min":"","field_max":"","min_date":"","max_date":"","use_native_date":"","use_native_time":"","previous_button":"","next_button":"","field_pattern":"","field_pattern_message":"\u0644\u0637\u0641\u0627 \u0628\u0627 \u0641\u0631\u0645\u062a \u062f\u0631\u062e\u0648\u0627\u0633\u062a \u0634\u062f\u0647 \u0648\u0627\u0631\u062f \u06a9\u0646\u06cc\u062f","password_preview_toggle":""},{"custom_id":"message","field_type":"textarea","field_label":"Message","placeholder":"How Can I Help You\u2026","width":"100","_id":"af84a59","required":"","selected_icon":{"value":"fas fa-star","library":"fa-solid"},"field_options":"","allow_multiple":"","select_size":"","inline_list":"","field_html":"","width_tablet":"","width_mobile":"","rows":"4","recaptcha_size":"normal","recaptcha_style":"light","recaptcha_badge":"bottomright","css_classes":"","field_value":"","file_sizes":"","file_types":"","allow_multiple_upload":"","max_files":"","acceptance_text":"","checked_by_default":"","field_min":"","field_max":"","min_date":"","max_date":"","use_native_date":"","use_native_time":"","previous_button":"","next_button":"","field_pattern":"","field_pattern_message":"\u0644\u0637\u0641\u0627 \u0628\u0627 \u0641\u0631\u0645\u062a \u062f\u0631\u062e\u0648\u0627\u0633\u062a \u0634\u062f\u0647 \u0648\u0627\u0631\u062f \u06a9\u0646\u06cc\u062f","password_preview_toggle":""}],"show_labels":"","button_align":"center","step_next_label":"Next","step_previous_label":"Previous","button_text":"submit","email_content":"[all-fields]","email_content_2":"[all-fields]","success_message":"The form was sent successfully.","error_message":"An error occured.","required_field_message":"This field is required.","invalid_message":"There's something wrong. The form is invalid.","column_gap":{"unit":"px","size":"40","sizes":[]},"row_gap":{"unit":"px","size":"40","sizes":[]},"field_background_color":"rgba(255, 255, 255, 0)","button_typography_font_weight":"300","button_text_padding":{"unit":"px","top":"20","right":"65","bottom":"17","left":"65","isLinked":""},"success_message_color":"#65768B","error_message_color":"#5F5B5B","inline_message_color":"#9AA8BA","button_text_color":"#FFFFFF","button_hover_color":"#9AA8BA","field_typography_typography":"custom","field_typography_font_family":"Prompt","field_typography_font_size":{"unit":"px","size":"15","sizes":[]},"field_typography_font_size_mobile":{"unit":"px","size":"14","sizes":[]},"field_typography_line_height":{"unit":"px","size":"21","sizes":[]},"field_typography_line_height_mobile":{"unit":"px","size":"20","sizes":[]},"field_border_color":"#9AA8BA","field_border_width":{"unit":"px","top":"0","right":"0","bottom":"1","left":"0","isLinked":""},"field_border_radius":{"unit":"px","top":"0","right":"0","bottom":"0","left":"0","isLinked":"1"},"button_typography_typography":"custom","button_typography_font_family":"Prompt","button_typography_font_size":{"unit":"px","size":"15","sizes":[]},"button_typography_text_transform":"uppercase","button_typography_letter_spacing":{"unit":"px","size":"1","sizes":[]},"button_border_border":"solid","button_border_width":{"unit":"px","top":"1","right":"1","bottom":"1","left":"1","isLinked":"1"},"button_background_color":"#9AA8BA","button_border_color":"#9AA8BA","previous_button_background_color":"#9AA8BA","button_background_hover_color":"rgba(255, 255, 255, 0)","button_hover_border_color":"#9AA8BA","button_border_radius":{"unit":"px","top":"0","right":"0","bottom":"0","left":"0","isLinked":"1"},"field_text_color":"#5F5B5B","ap_google_sheet_mapping":[{"ap_google_sheet_field_id":"name","ap_google_sheet_column_id":1,"_id":"18eea67"},{"ap_google_sheet_field_id":"email","ap_google_sheet_column_id":2,"_id":"3217d17"},{"ap_google_sheet_field_id":"message","ap_google_sheet_column_id":3,"_id":"7afc62a"}],"pp_display_conditions":[{"pp_condition_key":"authentication","pp_condition_operator":"is","pp_condition_authentication_value":"authenticated","pp_condition_user_value":"","pp_condition_role_value":"subscriber","pp_condition_page_value":"","pp_condition_post_value":"","pp_condition_static_page_value":"home","pp_condition_post_type_value":"","pp_condition_taxonomy_archive_value":"","pp_condition_term_archive_value":"","pp_condition_post_type_archive_value":"","pp_condition_date_archive_value":"","pp_condition_author_archive_value":"","pp_condition_search_results_value":"","pp_condition_date_value":"2020-09-13 to 2020-09-19","pp_condition_date_time_before_value":"2020-09-19 08:32","pp_condition_time_value":"","pp_condition_day_value":"1","pp_condition_os_value":"iphone","pp_condition_browser_value":"ie","pp_condition_search-bot_value":"all_search_bots","_id":"b61d53f"}],"ap_register_email_from_name":"\u0627\u0644\u0645\u0646\u062a\u0648\u0631 \u0641\u0627\u0631\u0633\u06cc","ap_register_email_from":"elementorfa@gmail.com","ap_register_email_subject":"\u0628\u0627 \u062a\u0634\u06a9\u0631 \u0627\u0632 \u062b\u0628\u062a \u0646\u0627\u0645 \u0634\u0645\u0627","ap_register_email_message":"\u0628\u0627 \u062a\u0634\u06a9\u0631 \u0627\u0632 \u062b\u0628\u062a \u0646\u0627\u0645 \u0634\u0645\u0627.","ap_register_phone_message":"\u0645\u0645\u0646\u0648\u0646 \u0627\u0632 \u0627\u06cc\u0646\u06a9\u0647 \u062b\u0628\u062a \u0646\u0627\u0645 \u06a9\u0631\u062f\u06cc\u062f. \u0644\u0637\u0641\u0627\u064b \u0642\u0628\u0644 \u0627\u0632 \u0648\u0631\u0648\u062f \u0628\u0647 \u0633\u0627\u06cc\u062a \u0645\u0627 \u060c \u0634\u0645\u0627\u0631\u0647 \u062a\u0644\u0641\u0646 \u062e\u0648\u062f \u0631\u0627 \u0628\u0627 \u0627\u0633\u062a\u0641\u0627\u062f\u0647 \u0627\u0632 [ap-verification] \u0644\u06cc\u0646\u06a9 \/ otp \u062a\u0623\u06cc\u06cc\u062f \u06a9\u0646\u06cc\u062f.","ap_login_email_from_name":"\u0627\u0644\u0645\u0646\u062a\u0648\u0631 \u0641\u0627\u0631\u0633\u06cc","ap_login_email_from":"elementorfa@gmail.com","ap_login_email_subject":"Your One Time Passcode","ap_login_email_message":"Your one time password is [ap-login-otp].","ap_login_phone_message":"Your one time password is [ap-login-otp].","ap_reset_pass_email_from_name":"\u0627\u0644\u0645\u0646\u062a\u0648\u0631 \u0641\u0627\u0631\u0633\u06cc","ap_reset_pass_email_from":"elementorfa@gmail.com","ap_reset_pass_email_subject":"Your password reset link","ap_reset_pass_email_message":"Hi, Use the following link\/otp [ap-reset-pass] to reset your password","ap_reset_pass_phone_message":"Hi, Use the following link\/otp [ap-reset-pass] to reset your password","ap_sms_message":"[all-fields]"},"elements":[],"isInner":false,"widgetType":"form","elType":"widget"}],"isInner":"","elType":"column"},{"id":"f01cb1a","settings":{"_column_size":"50","background_background":"classic","background_position":"center center","background_repeat":"no-repeat","background_size":"cover","_inline_size_tablet":"100","background_position_tablet":"center right","padding":{"unit":"%","top":"0","right":"15.8","bottom":"0","left":"0","isLinked":""},"padding_mobile":{"unit":"%","top":"4","right":"0","bottom":"24","left":"0","isLinked":""},"padding_tablet":{"unit":"%","top":"8","right":"7","bottom":"14","left":"7","isLinked":""},"_inline_size":"45"},"elements":[{"id":"10459ca7","settings":{"blockquote_skin":"quotation","alignment":"center","blockquote_content":"\u201cMy goal is to help my patients break through barriers that keep them from reaching their full potential and live a happier life.\u201d","author_name":"\u2015 Dr. Janet Parker \u2015 ","tweet_button":"","tweet_button_skin":"link","tweet_button_label":"Tweet","quote_size":{"unit":"px","size":"1.6","sizes":[]},"quote_gap":{"unit":"px","size":"0","sizes":[]},"_padding":{"unit":"%","top":"4","right":"14","bottom":"12","left":"14","isLinked":""},"motion_fx_motion_fx_scrolling":"yes","motion_fx_translateY_effect":"yes","motion_fx_translateY_speed":{"unit":"px","size":"1.1","sizes":[]},"_background_background":"classic","_background_color":"#FFFFFF","_box_shadow_box_shadow_type":"yes","_box_shadow_box_shadow":{"horizontal":"0","vertical":"8","blur":"22","spread":"0","color":"rgba(0, 0, 0, 0.08)"},"_padding_mobile":{"unit":"%","top":"2","right":"4","bottom":"16","left":"4","isLinked":""},"motion_fx_devices":["desktop"],"author_typography_typography":"custom","author_typography_font_weight":"200","content_typography_typography":"custom","content_typography_font_family":"Prompt","content_typography_font_size":{"unit":"px","size":"16","sizes":[]},"content_typography_font_size_tablet":{"unit":"px","size":"15","sizes":[]},"content_typography_font_size_mobile":{"unit":"px","size":"14","sizes":[]},"content_typography_font_weight":"300","content_typography_font_style":"normal","content_typography_line_height":{"unit":"px","size":"22","sizes":[]},"content_typography_line_height_tablet":{"unit":"px","size":"21","sizes":[]},"content_typography_line_height_mobile":{"unit":"px","size":"20","sizes":[]},"author_typography_font_family":"Prompt","pp_display_conditions":[{"pp_condition_key":"authentication","pp_condition_operator":"is","pp_condition_authentication_value":"authenticated","pp_condition_user_value":"","pp_condition_role_value":"subscriber","pp_condition_page_value":"","pp_condition_post_value":"","pp_condition_static_page_value":"home","pp_condition_post_type_value":"","pp_condition_taxonomy_archive_value":"","pp_condition_term_archive_value":"","pp_condition_post_type_archive_value":"","pp_condition_date_archive_value":"","pp_condition_author_archive_value":"","pp_condition_search_results_value":"","pp_condition_date_value":"2020-09-13 to 2020-09-19","pp_condition_date_time_before_value":"2020-09-19 08:32","pp_condition_time_value":"","pp_condition_day_value":"1","pp_condition_os_value":"iphone","pp_condition_browser_value":"ie","pp_condition_search-bot_value":"all_search_bots","_id":"24abb9d"}]},"elements":[],"isInner":false,"widgetType":"blockquote","elType":"widget"}],"isInner":"","elType":"column"}],"isInner":"","elType":"section"}],"page_settings":{"background_background":"classic","background_color":"#E5E9EF"}}