{"version":"0.4","title":"15204","type":"page","content":[{"id":"5018fcd7","settings":{"layout":"full_width","gap":"no","height":"min-height","custom_height":{"unit":"vh","size":"90","sizes":[]},"column_position":"stretch","content_position":"middle","overflow":"hidden","structure":"20","padding":{"unit":"%","top":"","right":"","bottom":"","left":"","isLinked":"1"},"_title":"404","custom_height_tablet":{"unit":"vh","size":"56","sizes":[]},"reverse_order_mobile":"reverse-mobile","reverse_order_tablet":"reverse-tablet","margin":{"unit":"%","top":"0","right":"0","bottom":"0","left":"0","isLinked":""},"custom_height_mobile":{"unit":"px","size":"575","sizes":[]},"_timestamp_":"v1R3BjMjVnNTZwRTgwWHBPUlA5UUxZUT09","pp_display_conditions":[{"pp_condition_key":"authentication","pp_condition_operator":"is","pp_condition_authentication_value":"authenticated","pp_condition_user_value":"","pp_condition_role_value":"subscriber","pp_condition_page_value":"","pp_condition_post_value":"","pp_condition_static_page_value":"home","pp_condition_post_type_value":"","pp_condition_taxonomy_archive_value":"","pp_condition_term_archive_value":"","pp_condition_post_type_archive_value":"","pp_condition_date_archive_value":"","pp_condition_author_archive_value":"","pp_condition_search_results_value":"","pp_condition_date_value":"2020-09-13 to 2020-09-19","pp_condition_date_time_before_value":"2020-09-19 08:42","pp_condition_time_value":"","pp_condition_day_value":"1","pp_condition_os_value":"iphone","pp_condition_browser_value":"ie","pp_condition_search-bot_value":"all_search_bots","_id":"df57f53"}]},"elements":[{"id":"1c6fc16a","settings":{"_column_size":"50","padding":{"unit":"%","top":"0","right":"14","bottom":"0","left":"15.8","isLinked":""},"space_between_widgets":"0","_inline_size_tablet":"100","padding_tablet":{"unit":"%","top":"14","right":"7","bottom":"14","left":"7","isLinked":""},"padding_mobile":{"unit":"%","top":"8","right":"7","bottom":"20","left":"7","isLinked":""}},"elements":[{"id":"792632bf","settings":{"title":"404","header_size":"h1","_padding":{"unit":"%","top":"0","right":"0","bottom":"4","left":"0","isLinked":""},"_margin":{"unit":"px","top":"0","right":"0","bottom":"0","left":"-10","isLinked":""},"_padding_tablet":{"unit":"%","top":"0","right":"0","bottom":"4","left":"0","isLinked":""},"_padding_mobile":{"unit":"%","top":"0","right":"0","bottom":"0","left":"0","isLinked":""},"typography_text_transform":"capitalize","align_tablet":"center","typography_typography":"custom","typography_font_size":{"unit":"px","size":"250","sizes":[]},"typography_font_size_tablet":{"unit":"px","size":"200","sizes":[]},"typography_font_size_mobile":{"unit":"px","size":"150","sizes":[]},"title_color":"#65768B","typography_font_family":"Prompt","typography_font_weight":"100","typography_line_height":{"unit":"px","size":"260","sizes":[]},"typography_line_height_tablet":{"unit":"px","size":"210","sizes":[]},"typography_line_height_mobile":{"unit":"px","size":"160","sizes":[]},"typography_letter_spacing_tablet":{"unit":"px","size":"0","sizes":[]},"_margin_tablet":{"unit":"px","top":"0","right":"0","bottom":"0","left":"-5","isLinked":""},"_animation":"fadeIn","animation_duration":"fast","pp_display_conditions":[{"pp_condition_key":"authentication","pp_condition_operator":"is","pp_condition_authentication_value":"authenticated","pp_condition_user_value":"","pp_condition_role_value":"subscriber","pp_condition_page_value":"","pp_condition_post_value":"","pp_condition_static_page_value":"home","pp_condition_post_type_value":"","pp_condition_taxonomy_archive_value":"","pp_condition_term_archive_value":"","pp_condition_post_type_archive_value":"","pp_condition_date_archive_value":"","pp_condition_author_archive_value":"","pp_condition_search_results_value":"","pp_condition_date_value":"2020-09-13 to 2020-09-19","pp_condition_date_time_before_value":"2020-09-19 08:42","pp_condition_time_value":"","pp_condition_day_value":"1","pp_condition_os_value":"iphone","pp_condition_browser_value":"ie","pp_condition_search-bot_value":"all_search_bots","_id":"788234f"}]},"elements":[],"isInner":false,"widgetType":"heading","elType":"widget"},{"id":"3a77bf9","settings":{"editor":"<p>Sorry, we can\u2019t find the page you were looking for. Don't worry though,\u00a0<br \/><strong>There\u2019s always light at the end of the tunnel.<\/strong><\/p>","_padding":{"unit":"%","top":"0","right":"0","bottom":"6","left":"0","isLinked":""},"_padding_tablet":{"unit":"%","top":"0","right":"0","bottom":"4","left":"0","isLinked":""},"_padding_mobile":{"unit":"%","top":"0","right":"0","bottom":"5","left":"0","isLinked":""},"align_mobile":"center","align_tablet":"center","text_color":"#65768B","typography_typography":"custom","typography_font_family":"Prompt","typography_font_size":{"unit":"px","size":"16","sizes":[]},"typography_font_size_tablet":{"unit":"px","size":"15","sizes":[]},"typography_font_size_mobile":{"unit":"px","size":"14","sizes":[]},"typography_font_weight":"300","typography_line_height":{"unit":"px","size":"22","sizes":[]},"typography_line_height_tablet":{"unit":"px","size":"21","sizes":[]},"typography_line_height_mobile":{"unit":"px","size":"20","sizes":[]},"pp_display_conditions":[{"pp_condition_key":"authentication","pp_condition_operator":"is","pp_condition_authentication_value":"authenticated","pp_condition_user_value":"","pp_condition_role_value":"subscriber","pp_condition_page_value":"","pp_condition_post_value":"","pp_condition_static_page_value":"home","pp_condition_post_type_value":"","pp_condition_taxonomy_archive_value":"","pp_condition_term_archive_value":"","pp_condition_post_type_archive_value":"","pp_condition_date_archive_value":"","pp_condition_author_archive_value":"","pp_condition_search_results_value":"","pp_condition_date_value":"2020-09-13 to 2020-09-19","pp_condition_date_time_before_value":"2020-09-19 08:42","pp_condition_time_value":"","pp_condition_day_value":"1","pp_condition_os_value":"iphone","pp_condition_browser_value":"ie","pp_condition_search-bot_value":"all_search_bots","_id":"c0b9138"}]},"elements":[],"isInner":false,"widgetType":"text-editor","elType":"widget"},{"id":"42d4c03e","settings":{"text":"Back home","typography_typography":"custom","typography_text_decoration":"none","align_tablet":"center","text_padding":{"unit":"px","top":"18","right":"48","bottom":"17","left":"48","isLinked":""},"__dynamic__":{"link":"[elementor-tag id=\"71f0416\" name=\"site-url\" settings=\"%7B%7D\"]"},"typography_font_family":"Prompt","typography_font_size":{"unit":"px","size":"12","sizes":[]},"typography_font_weight":"300","typography_text_transform":"uppercase","typography_letter_spacing":{"unit":"px","size":"1","sizes":[]},"button_text_color":"#FFFFFF","background_color":"#9AA8BA","hover_color":"#9AA8BA","button_background_hover_color":"rgba(2, 1, 1, 0)","button_hover_border_color":"#9AA8BA","border_border":"solid","border_width":{"unit":"px","top":"1","right":"1","bottom":"1","left":"1","isLinked":"1"},"border_color":"#9AA8BA","border_radius":{"unit":"px","top":"0","right":"0","bottom":"0","left":"0","isLinked":"1"},"_padding_tablet":{"unit":"%","top":"","right":"","bottom":"","left":"","isLinked":"1"},"_animation":"fadeIn","_animation_delay":"200","pp_display_conditions":[{"pp_condition_key":"authentication","pp_condition_operator":"is","pp_condition_authentication_value":"authenticated","pp_condition_user_value":"","pp_condition_role_value":"subscriber","pp_condition_page_value":"","pp_condition_post_value":"","pp_condition_static_page_value":"home","pp_condition_post_type_value":"","pp_condition_taxonomy_archive_value":"","pp_condition_term_archive_value":"","pp_condition_post_type_archive_value":"","pp_condition_date_archive_value":"","pp_condition_author_archive_value":"","pp_condition_search_results_value":"","pp_condition_date_value":"2020-09-13 to 2020-09-19","pp_condition_date_time_before_value":"2020-09-19 08:42","pp_condition_time_value":"","pp_condition_day_value":"1","pp_condition_os_value":"iphone","pp_condition_browser_value":"ie","pp_condition_search-bot_value":"all_search_bots","_id":"c8cf72e"}]},"elements":[],"isInner":false,"widgetType":"button","elType":"widget"}],"isInner":"","elType":"column"},{"id":"2a7347cb","settings":{"_column_size":"50","background_background":"classic","background_image":{"id":802,"url":"http:\/\/library.elementor.com\/wp-content\/uploads\/2020\/09\/404-hero-pic.jpg"},"background_position":"center center","background_repeat":"no-repeat","background_size":"cover","_inline_size_tablet":"100","background_position_tablet":"initial","content_position":"bottom","space_between_widgets_tablet":"15","space_between_widgets_mobile":"10","background_xpos_tablet":{"unit":"%","size":"0","sizes":[]},"background_ypos_tablet":{"unit":"%","size":"56","sizes":[]},"background_ypos_mobile":{"unit":"px","size":"-88","sizes":[]},"background_size_mobile":"cover","background_overlay_background":"classic","background_overlay_opacity":{"unit":"px","size":"0.28","sizes":[]},"padding":{"unit":"%","top":"16","right":"16","bottom":"10","left":"16","isLinked":""},"padding_tablet":{"unit":"%","top":"25","right":"30","bottom":"25","left":"30","isLinked":""},"padding_mobile":{"unit":"%","top":"30","right":"0","bottom":"30","left":"0","isLinked":""},"content_position_mobile":"bottom","background_bg_width_mobile":{"unit":"%","size":"200","sizes":[]},"background_xpos_mobile":{"unit":"px","size":"-82","sizes":[]}},"elements":[{"id":"2a41002d","settings":{"space_tablet":{"unit":"px","size":"0","sizes":[]},"pp_display_conditions":[{"pp_condition_key":"authentication","pp_condition_operator":"is","pp_condition_authentication_value":"authenticated","pp_condition_user_value":"","pp_condition_role_value":"subscriber","pp_condition_page_value":"","pp_condition_post_value":"","pp_condition_static_page_value":"home","pp_condition_post_type_value":"","pp_condition_taxonomy_archive_value":"","pp_condition_term_archive_value":"","pp_condition_post_type_archive_value":"","pp_condition_date_archive_value":"","pp_condition_author_archive_value":"","pp_condition_search_results_value":"","pp_condition_date_value":"2020-09-13 to 2020-09-19","pp_condition_date_time_before_value":"2020-09-19 08:42","pp_condition_time_value":"","pp_condition_day_value":"1","pp_condition_os_value":"iphone","pp_condition_browser_value":"ie","pp_condition_search-bot_value":"all_search_bots","_id":"8a27350"}]},"elements":[],"isInner":false,"widgetType":"spacer","elType":"widget"}],"isInner":"","elType":"column"}],"isInner":"","elType":"section"}]}