{"version":"0.4","title":"15212","type":"page","content":[{"id":"558f822","settings":{"layout":"full_width","gap":"no","height":"min-height","custom_height":{"unit":"vh","size":"90","sizes":[]},"column_position":"stretch","content_position":"middle","overflow":"hidden","structure":"20","padding":{"unit":"%","top":"","right":"","bottom":"","left":"","isLinked":"1"},"_title":"Hero","custom_height_tablet":{"unit":"vh","size":"56","sizes":[]},"reverse_order_mobile":"reverse-mobile","reverse_order_tablet":"reverse-tablet","_timestamp_":"v1R3BjMjVnNTZwRTgwWHBPUlA5UUxZUT09","pp_display_conditions":[{"pp_condition_key":"authentication","pp_condition_operator":"is","pp_condition_authentication_value":"authenticated","pp_condition_user_value":"","pp_condition_role_value":"subscriber","pp_condition_page_value":"","pp_condition_post_value":"","pp_condition_static_page_value":"home","pp_condition_post_type_value":"","pp_condition_taxonomy_archive_value":"","pp_condition_term_archive_value":"","pp_condition_post_type_archive_value":"","pp_condition_date_archive_value":"","pp_condition_author_archive_value":"","pp_condition_search_results_value":"","pp_condition_date_value":"2020-09-13 to 2020-09-19","pp_condition_date_time_before_value":"2020-09-19 08:43","pp_condition_time_value":"","pp_condition_day_value":"1","pp_condition_os_value":"iphone","pp_condition_browser_value":"ie","pp_condition_search-bot_value":"all_search_bots","_id":"5145947"}]},"elements":[{"id":"e4e81d5","settings":{"_column_size":"50","padding":{"unit":"%","top":"0","right":"0","bottom":"0","left":"15.8","isLinked":""},"space_between_widgets":"0","_inline_size_tablet":"100","padding_tablet":{"unit":"%","top":"8","right":"7","bottom":"8","left":"7","isLinked":""},"padding_mobile":{"unit":"%","top":"14","right":"7","bottom":"14","left":"7","isLinked":""}},"elements":[{"id":"7f72401b","settings":{"title":"","header_size":"h1","_padding":{"unit":"%","top":"0","right":"16","bottom":"4","left":"0","isLinked":""},"_margin":{"unit":"px","top":"0","right":"0","bottom":"0","left":"-3","isLinked":""},"_padding_tablet":{"unit":"%","top":"0","right":"0","bottom":"4","left":"0","isLinked":""},"_padding_mobile":{"unit":"%","top":"0","right":"0","bottom":"6","left":"0","isLinked":""},"align_mobile":"left","typography_text_transform":"capitalize","__dynamic__":{"title":"[elementor-tag id=\"52938a8\" name=\"archive-title\" settings=\"%7B%22include_context%22%3A%22%22%7D\"]"},"_animation":"fadeIn","animation_duration":"fast","title_color":"#65768B","typography_typography":"custom","typography_font_family":"Prompt","typography_font_size":{"unit":"px","size":"80","sizes":[]},"typography_font_size_tablet":{"unit":"px","size":"48","sizes":[]},"typography_font_size_mobile":{"unit":"px","size":"36","sizes":[]},"typography_font_weight":"100","typography_line_height":{"unit":"px","size":"82","sizes":[]},"typography_line_height_tablet":{"unit":"px","size":"56","sizes":[]},"typography_line_height_mobile":{"unit":"px","size":"44","sizes":[]},"typography_letter_spacing_tablet":{"unit":"px","size":"-1","sizes":[]},"pp_display_conditions":[{"pp_condition_key":"authentication","pp_condition_operator":"is","pp_condition_authentication_value":"authenticated","pp_condition_user_value":"","pp_condition_role_value":"subscriber","pp_condition_page_value":"","pp_condition_post_value":"","pp_condition_static_page_value":"home","pp_condition_post_type_value":"","pp_condition_taxonomy_archive_value":"","pp_condition_term_archive_value":"","pp_condition_post_type_archive_value":"","pp_condition_date_archive_value":"","pp_condition_author_archive_value":"","pp_condition_search_results_value":"","pp_condition_date_value":"2020-09-13 to 2020-09-19","pp_condition_date_time_before_value":"2020-09-19 08:43","pp_condition_time_value":"","pp_condition_day_value":"1","pp_condition_os_value":"iphone","pp_condition_browser_value":"ie","pp_condition_search-bot_value":"all_search_bots","_id":"94bf482"}]},"elements":[],"isInner":false,"widgetType":"heading","elType":"widget"},{"id":"53a05851","settings":{"editor":"Reflections And Insights From The Couch","_padding":{"unit":"%","top":"0","right":"24","bottom":"5","left":"0","isLinked":""},"_padding_tablet":{"unit":"%","top":"0","right":"0","bottom":"6","left":"0","isLinked":""},"_padding_mobile":{"unit":"%","top":"0","right":"0","bottom":"10","left":"0","isLinked":""},"align_mobile":"left","_animation":"fadeIn","text_color":"#5F5B5B","typography_typography":"custom","typography_font_family":"Prompt","typography_font_size":{"unit":"px","size":"16","sizes":[]},"typography_font_size_tablet":{"unit":"px","size":"15","sizes":[]},"typography_font_size_mobile":{"unit":"px","size":"14","sizes":[]},"typography_font_weight":"300","typography_line_height":{"unit":"px","size":"22","sizes":[]},"typography_line_height_tablet":{"unit":"px","size":"21","sizes":[]},"typography_line_height_mobile":{"unit":"px","size":"20","sizes":[]},"pp_display_conditions":[{"pp_condition_key":"authentication","pp_condition_operator":"is","pp_condition_authentication_value":"authenticated","pp_condition_user_value":"","pp_condition_role_value":"subscriber","pp_condition_page_value":"","pp_condition_post_value":"","pp_condition_static_page_value":"home","pp_condition_post_type_value":"","pp_condition_taxonomy_archive_value":"","pp_condition_term_archive_value":"","pp_condition_post_type_archive_value":"","pp_condition_date_archive_value":"","pp_condition_author_archive_value":"","pp_condition_search_results_value":"","pp_condition_date_value":"2020-09-13 to 2020-09-19","pp_condition_date_time_before_value":"2020-09-19 08:43","pp_condition_time_value":"","pp_condition_day_value":"1","pp_condition_os_value":"iphone","pp_condition_browser_value":"ie","pp_condition_search-bot_value":"all_search_bots","_id":"b64b8d0"}]},"elements":[],"isInner":false,"widgetType":"text-editor","elType":"widget"},{"id":"efa1e78","settings":{"selected_icon":{"value":{"id":"771","url":"http:\/\/library.elementor.com\/wp-content\/uploads\/2020\/09\/scroll-down-icon.svg"},"library":"svg"},"view":"stacked","shape":"square","link":{"url":"#postgrid","is_external":"","nofollow":"","custom_attributes":""},"primary_color":"#CBD2DB","hover_primary_color":"#9AA8BA","size":{"unit":"px","size":"30","sizes":[]},"_margin":{"unit":"px","top":"0","right":"0","bottom":"-6","left":"0","isLinked":""},"_element_width":"auto","_position":"absolute","_offset_orientation_h":"end","_offset_x_end":{"unit":"%","size":"0","sizes":[]},"_offset_orientation_v":"end","_offset_y_end":{"unit":"%","size":"0","sizes":[]},"hide_tablet":"hidden-tablet","hide_mobile":"hidden-phone","_animation":"fadeInDown","_animation_delay":"500","_offset_x_end_tablet":{"unit":"%","size":"-7","sizes":[]},"_offset_y_end_tablet":{"unit":"%","size":"-8","sizes":[]},"_offset_y_end_mobile":{"unit":"%","size":"-14","sizes":[]},"pp_display_conditions":[{"pp_condition_key":"authentication","pp_condition_operator":"is","pp_condition_authentication_value":"authenticated","pp_condition_user_value":"","pp_condition_role_value":"subscriber","pp_condition_page_value":"","pp_condition_post_value":"","pp_condition_static_page_value":"home","pp_condition_post_type_value":"","pp_condition_taxonomy_archive_value":"","pp_condition_term_archive_value":"","pp_condition_post_type_archive_value":"","pp_condition_date_archive_value":"","pp_condition_author_archive_value":"","pp_condition_search_results_value":"","pp_condition_date_value":"2020-09-13 to 2020-09-19","pp_condition_date_time_before_value":"2020-09-19 08:43","pp_condition_time_value":"","pp_condition_day_value":"1","pp_condition_os_value":"iphone","pp_condition_browser_value":"ie","pp_condition_search-bot_value":"all_search_bots","_id":"61c8628"}]},"elements":[],"isInner":false,"widgetType":"icon","elType":"widget"}],"isInner":"","elType":"column"},{"id":"3be3b6e1","settings":{"_column_size":"50","background_background":"classic","background_image":{"id":805,"url":"http:\/\/library.elementor.com\/wp-content\/uploads\/2020\/09\/blog-hero-pic.jpg"},"background_position":"center center","background_repeat":"no-repeat","background_size":"cover","_inline_size_tablet":"100","background_position_tablet":"top center"},"elements":[{"id":"33bf5ed9","settings":{"space_mobile":{"unit":"px","size":"315","sizes":[]},"space_tablet":{"unit":"px","size":"480","sizes":[]},"pp_display_conditions":[{"pp_condition_key":"authentication","pp_condition_operator":"is","pp_condition_authentication_value":"authenticated","pp_condition_user_value":"","pp_condition_role_value":"subscriber","pp_condition_page_value":"","pp_condition_post_value":"","pp_condition_static_page_value":"home","pp_condition_post_type_value":"","pp_condition_taxonomy_archive_value":"","pp_condition_term_archive_value":"","pp_condition_post_type_archive_value":"","pp_condition_date_archive_value":"","pp_condition_author_archive_value":"","pp_condition_search_results_value":"","pp_condition_date_value":"2020-09-13 to 2020-09-19","pp_condition_date_time_before_value":"2020-09-19 08:43","pp_condition_time_value":"","pp_condition_day_value":"1","pp_condition_os_value":"iphone","pp_condition_browser_value":"ie","pp_condition_search-bot_value":"all_search_bots","_id":"0f4b73b"}]},"elements":[],"isInner":false,"widgetType":"spacer","elType":"widget"}],"isInner":"","elType":"column"}],"isInner":"","elType":"section"},{"id":"6c7ab97c","settings":{"layout":"full_width","gap":"no","custom_height":{"unit":"vh","size":"100","sizes":[]},"custom_height_tablet":{"unit":"vh","size":"50","sizes":[]},"column_position":"stretch","overflow":"hidden","padding":{"unit":"%","top":"12","right":"8","bottom":"14","left":"8","isLinked":""},"padding_tablet":{"unit":"%","top":"0","right":"6","bottom":"14","left":"6","isLinked":""},"padding_mobile":{"unit":"%","top":"0","right":"6","bottom":"16","left":"6","isLinked":""},"_title":"Post Grid","_element_id":"postgrid","_timestamp_":"v1R3BjMjVnNTZwRTgwWHBPUlA5UUxZUT09","pp_display_conditions":[{"pp_condition_key":"authentication","pp_condition_operator":"is","pp_condition_authentication_value":"authenticated","pp_condition_user_value":"","pp_condition_role_value":"subscriber","pp_condition_page_value":"","pp_condition_post_value":"","pp_condition_static_page_value":"home","pp_condition_post_type_value":"","pp_condition_taxonomy_archive_value":"","pp_condition_term_archive_value":"","pp_condition_post_type_archive_value":"","pp_condition_date_archive_value":"","pp_condition_author_archive_value":"","pp_condition_search_results_value":"","pp_condition_date_value":"2020-09-13 to 2020-09-19","pp_condition_date_time_before_value":"2020-09-19 08:43","pp_condition_time_value":"","pp_condition_day_value":"1","pp_condition_os_value":"iphone","pp_condition_browser_value":"ie","pp_condition_search-bot_value":"all_search_bots","_id":"7abb711"}]},"elements":[{"id":"44019749","settings":{"_column_size":"100","_inline_size_tablet":"100","padding":{"unit":"%","top":"0","right":"0","bottom":"0","left":"0","isLinked":""}},"elements":[{"id":"3e6446f7","settings":{"classic_columns":"2","classic_columns_tablet":"1","classic_posts_per_page":"8","classic_thumbnail":"left","classic_thumbnail_size_size":"medium_large","classic_item_ratio":{"unit":"px","size":"0.96","sizes":[]},"classic_image_width":{"unit":"%","size":"42","sizes":[]},"classic_meta_data":[],"classic_meta_separator":"\/\/\/","classic_read_more_text":"Read More","cards_meta_separator":"\u2022","cards_read_more_text":"Read More \u00bb","full_content_meta_separator":"\/\/\/","classic_content_padding":{"unit":"px","top":"55","right":"55","bottom":"55","left":"55","isLinked":"1"},"classic_box_bg_color":"#FBFBFB","classic_title_typography_font_size":{"unit":"px","size":"22","sizes":[]},"classic_title_typography_text_transform":"none","pagination_page_limit":"5","pagination_prev_label":"&laquo; Previous","pagination_next_label":"Next &raquo;","posts_avoid_duplicates":"yes","classic_row_gap":{"unit":"px","size":"50","sizes":[]},"classic_title_color":"#5F5B5B","classic_title_typography_typography":"custom","classic_title_typography_font_weight":"300","classic_title_spacing":{"unit":"px","size":"10","sizes":[]},"classic_read_more_typography_typography":"custom","classic_read_more_typography_font_weight":"300","classic_read_more_typography_text_decoration":"underline","classic_column_gap":{"unit":"px","size":"122","sizes":[]},"classic_image_spacing":{"unit":"px","size":"0","sizes":[]},"classic_thumbnail_hover_filters_css_filter":"custom","classic_thumbnail_hover_filters_brightness":{"unit":"px","size":"80","sizes":[]},"classic_item_ratio_tablet":{"unit":"px","size":"1.13","sizes":[]},"classic_item_ratio_mobile":{"unit":"px","size":"0","sizes":[]},"classic_image_width_tablet":{"unit":"%","size":"40","sizes":[]},"classic_image_width_mobile":{"unit":"%","size":"0","sizes":[]},"_animation":"fadeIn","animation_duration":"slow","posts_include":[],"posts_include_term_ids":["3"],"classic_title_typography_font_family":"Prompt","classic_title_typography_font_size_mobile":{"unit":"px","size":"20","sizes":[]},"classic_title_typography_line_height":{"unit":"em","size":"1.2","sizes":[]},"classic_title_typography_letter_spacing":{"unit":"px","size":"0.5","sizes":[]},"classic_excerpt_color":"#5F5B5B","classic_excerpt_typography_typography":"custom","classic_excerpt_typography_font_family":"Prompt","classic_excerpt_typography_font_size":{"unit":"px","size":"14","sizes":[]},"classic_excerpt_typography_font_weight":"300","classic_read_more_color":"#9AA8BA","classic_read_more_typography_font_family":"Prompt","classic_read_more_typography_font_size":{"unit":"px","size":"12","sizes":[]},"classic_read_more_typography_text_transform":"uppercase","classic_read_more_typography_letter_spacing":{"unit":"px","size":"1","sizes":[]},"pp_display_conditions":[{"pp_condition_key":"authentication","pp_condition_operator":"is","pp_condition_authentication_value":"authenticated","pp_condition_user_value":"","pp_condition_role_value":"subscriber","pp_condition_page_value":"","pp_condition_post_value":"","pp_condition_static_page_value":"home","pp_condition_post_type_value":"","pp_condition_taxonomy_archive_value":"","pp_condition_term_archive_value":"","pp_condition_post_type_archive_value":"","pp_condition_date_archive_value":"","pp_condition_author_archive_value":"","pp_condition_search_results_value":"","pp_condition_date_value":"2020-09-13 to 2020-09-19","pp_condition_date_time_before_value":"2020-09-19 08:43","pp_condition_time_value":"","pp_condition_day_value":"1","pp_condition_os_value":"iphone","pp_condition_browser_value":"ie","pp_condition_search-bot_value":"all_search_bots","_id":"d52af14"}]},"elements":[],"isInner":false,"widgetType":"posts","elType":"widget"}],"isInner":"","elType":"column"}],"isInner":"","elType":"section"}]}