{"version":"0.4","title":"15219","type":"page","content":[{"id":"29ce57bd","settings":{"layout":"full_width","height":"min-height","custom_height":{"unit":"px","size":"477","sizes":[]},"column_position":"stretch","content_position":"middle","structure":"20","margin":{"unit":"%","top":"0","right":"0","bottom":"0","left":"0","isLinked":""},"_title":"Slider with Call to Action","overflow":"hidden","_timestamp_":"v1R3BjMjVnNTZwRTgwWHBPUlA5UUxZUT09","pp_display_conditions":[{"pp_condition_key":"authentication","pp_condition_operator":"is","pp_condition_authentication_value":"authenticated","pp_condition_user_value":"","pp_condition_role_value":"subscriber","pp_condition_page_value":"","pp_condition_post_value":"","pp_condition_static_page_value":"home","pp_condition_post_type_value":"","pp_condition_taxonomy_archive_value":"","pp_condition_term_archive_value":"","pp_condition_post_type_archive_value":"","pp_condition_date_archive_value":"","pp_condition_author_archive_value":"","pp_condition_search_results_value":"","pp_condition_date_value":"2020-09-13 to 2020-09-19","pp_condition_date_time_before_value":"2020-09-19 08:46","pp_condition_time_value":"","pp_condition_day_value":"1","pp_condition_os_value":"iphone","pp_condition_browser_value":"ie","pp_condition_search-bot_value":"all_search_bots","_id":"8c5852f"}]},"elements":[{"id":"4b4f2cb4","settings":{"_column_size":"50","_inline_size":"62.015","background_background":"slideshow","background_slideshow_gallery":[{"id":808,"url":"http:\/\/library.elementor.com\/wp-content\/uploads\/2020\/09\/footer-slider_0000.jpg"},{"id":809,"url":"http:\/\/library.elementor.com\/wp-content\/uploads\/2020\/09\/footer-slider_0001.jpg"},{"id":810,"url":"http:\/\/library.elementor.com\/wp-content\/uploads\/2020\/09\/footer-slider_0002.jpg"}],"background_slideshow_background_size":"cover","background_slideshow_background_position":"center center","_inline_size_tablet":"100","background_slideshow_background_position_tablet":"center right","background_slideshow_background_position_mobile":"center center","background_slideshow_background_size_tablet":"cover"},"elements":[{"id":"11a05760","settings":{"space_mobile":{"unit":"px","size":"160","sizes":[]},"space_tablet":{"unit":"px","size":"270","sizes":[]},"pp_display_conditions":[{"pp_condition_key":"authentication","pp_condition_operator":"is","pp_condition_authentication_value":"authenticated","pp_condition_user_value":"","pp_condition_role_value":"subscriber","pp_condition_page_value":"","pp_condition_post_value":"","pp_condition_static_page_value":"home","pp_condition_post_type_value":"","pp_condition_taxonomy_archive_value":"","pp_condition_term_archive_value":"","pp_condition_post_type_archive_value":"","pp_condition_date_archive_value":"","pp_condition_author_archive_value":"","pp_condition_search_results_value":"","pp_condition_date_value":"2020-09-13 to 2020-09-19","pp_condition_date_time_before_value":"2020-09-19 08:45","pp_condition_time_value":"","pp_condition_day_value":"1","pp_condition_os_value":"iphone","pp_condition_browser_value":"ie","pp_condition_search-bot_value":"all_search_bots","_id":"e451a23"}]},"elements":[],"isInner":false,"widgetType":"spacer","elType":"widget"}],"isInner":"","elType":"column"},{"id":"1941e8a7","settings":{"_column_size":"50","_inline_size":"43.211","background_background":"classic","background_color":"#FFFFFF","_inline_size_tablet":"100","space_between_widgets":"0","padding":{"unit":"%","top":"0","right":"18","bottom":"0","left":"15.8","isLinked":""},"padding_tablet":{"unit":"%","top":"8","right":"7","bottom":"8","left":"7","isLinked":""},"padding_mobile":{"unit":"%","top":"12","right":"7","bottom":"12","left":"7","isLinked":""}},"elements":[{"id":"1b78f102","settings":{"title":"You don\u2019t have to go through your life struggles alone. Reach out today.","_padding":{"unit":"%","top":"0","right":"0","bottom":"5","left":"0","isLinked":""},"_margin":{"unit":"px","top":"0","right":"0","bottom":"0","left":"-3","isLinked":""},"_padding_tablet":{"unit":"%","top":"","right":"","bottom":"","left":"","isLinked":"1"},"align_tablet":"center","_padding_mobile":{"unit":"%","top":"0","right":"0","bottom":"8","left":"0","isLinked":""},"align_mobile":"left","typography_typography":"custom","title_color":"#9AA8BA","typography_font_family":"Prompt","typography_font_size":{"unit":"px","size":"40","sizes":[]},"typography_font_size_tablet":{"unit":"px","size":"36","sizes":[]},"typography_font_size_mobile":{"unit":"px","size":"24","sizes":[]},"typography_font_weight":"100","typography_line_height":{"unit":"px","size":"44","sizes":[]},"typography_line_height_tablet":{"unit":"px","size":"40","sizes":[]},"typography_line_height_mobile":{"unit":"px","size":"30","sizes":[]},"typography_letter_spacing_mobile":{"unit":"px","size":"-0.5","sizes":[]},"pp_display_conditions":[{"pp_condition_key":"authentication","pp_condition_operator":"is","pp_condition_authentication_value":"authenticated","pp_condition_user_value":"","pp_condition_role_value":"subscriber","pp_condition_page_value":"","pp_condition_post_value":"","pp_condition_static_page_value":"home","pp_condition_post_type_value":"","pp_condition_taxonomy_archive_value":"","pp_condition_term_archive_value":"","pp_condition_post_type_archive_value":"","pp_condition_date_archive_value":"","pp_condition_author_archive_value":"","pp_condition_search_results_value":"","pp_condition_date_value":"2020-09-13 to 2020-09-19","pp_condition_date_time_before_value":"2020-09-19 08:45","pp_condition_time_value":"","pp_condition_day_value":"1","pp_condition_os_value":"iphone","pp_condition_browser_value":"ie","pp_condition_search-bot_value":"all_search_bots","_id":"f4a2b95"}]},"elements":[],"isInner":false,"widgetType":"heading","elType":"widget"},{"id":"1142c5d3","settings":{"editor":"<p>Lorem ipsum dolor sit amet, consectet adipisc elit, sed do eiusm por incididunt ut labore<\/p>","_padding":{"unit":"%","top":"0","right":"30","bottom":"5","left":"0","isLinked":""},"_padding_tablet":{"unit":"%","top":"0","right":"8","bottom":"4","left":"8","isLinked":""},"align_tablet":"center","_padding_mobile":{"unit":"%","top":"0","right":"4","bottom":"8","left":"0","isLinked":""},"align_mobile":"left","text_color":"#5F5B5B","typography_typography":"custom","typography_font_family":"Prompt","typography_font_size":{"unit":"px","size":"16","sizes":[]},"typography_font_size_tablet":{"unit":"px","size":"15","sizes":[]},"typography_font_size_mobile":{"unit":"px","size":"14","sizes":[]},"typography_font_weight":"300","typography_line_height":{"unit":"px","size":"22","sizes":[]},"typography_line_height_tablet":{"unit":"px","size":"21","sizes":[]},"typography_line_height_mobile":{"unit":"px","size":"20","sizes":[]},"pp_display_conditions":[{"pp_condition_key":"authentication","pp_condition_operator":"is","pp_condition_authentication_value":"authenticated","pp_condition_user_value":"","pp_condition_role_value":"subscriber","pp_condition_page_value":"","pp_condition_post_value":"","pp_condition_static_page_value":"home","pp_condition_post_type_value":"","pp_condition_taxonomy_archive_value":"","pp_condition_term_archive_value":"","pp_condition_post_type_archive_value":"","pp_condition_date_archive_value":"","pp_condition_author_archive_value":"","pp_condition_search_results_value":"","pp_condition_date_value":"2020-09-13 to 2020-09-19","pp_condition_date_time_before_value":"2020-09-19 08:45","pp_condition_time_value":"","pp_condition_day_value":"1","pp_condition_os_value":"iphone","pp_condition_browser_value":"ie","pp_condition_search-bot_value":"all_search_bots","_id":"fff03bd"}]},"elements":[],"isInner":false,"widgetType":"text-editor","elType":"widget"},{"id":"1d7dd6bf","settings":{"text":"Request An Appointment","typography_typography":"custom","typography_text_decoration":"none","align_tablet":"center","align_mobile":"left","typography_font_family":"Prompt","typography_font_size":{"unit":"px","size":"12","sizes":[]},"typography_font_weight":"300","typography_text_transform":"uppercase","typography_letter_spacing":{"unit":"px","size":"1","sizes":[]},"button_text_color":"#FFFFFF","background_color":"#9AA8BA","hover_color":"#9AA8BA","button_background_hover_color":"rgba(2, 1, 1, 0)","button_hover_border_color":"#9AA8BA","border_border":"solid","border_width":{"unit":"px","top":"1","right":"1","bottom":"1","left":"1","isLinked":"1"},"border_color":"#9AA8BA","border_radius":{"unit":"px","top":"0","right":"0","bottom":"0","left":"0","isLinked":"1"},"text_padding":{"unit":"px","top":"19","right":"22","bottom":"16","left":"22","isLinked":""},"pp_display_conditions":[{"pp_condition_key":"authentication","pp_condition_operator":"is","pp_condition_authentication_value":"authenticated","pp_condition_user_value":"","pp_condition_role_value":"subscriber","pp_condition_page_value":"","pp_condition_post_value":"","pp_condition_static_page_value":"home","pp_condition_post_type_value":"","pp_condition_taxonomy_archive_value":"","pp_condition_term_archive_value":"","pp_condition_post_type_archive_value":"","pp_condition_date_archive_value":"","pp_condition_author_archive_value":"","pp_condition_search_results_value":"","pp_condition_date_value":"2020-09-13 to 2020-09-19","pp_condition_date_time_before_value":"2020-09-19 08:45","pp_condition_time_value":"","pp_condition_day_value":"1","pp_condition_os_value":"iphone","pp_condition_browser_value":"ie","pp_condition_search-bot_value":"all_search_bots","_id":"0e6fc00"}]},"elements":[],"isInner":false,"widgetType":"button","elType":"widget"}],"isInner":"","elType":"column"}],"isInner":"","elType":"section"},{"id":"333d14f7","settings":{"layout":"full_width","structure":"20","height":"min-height","custom_height":{"unit":"px","size":"260","sizes":[]},"custom_height_mobile":{"unit":"px","size":"261","sizes":[]},"column_position":"stretch","content_position":"middle","padding_mobile":{"unit":"%","top":"0","right":"0","bottom":"0","left":"0","isLinked":""},"z_index":"100","_title":"Contact Info","html_tag":"footer","_timestamp_":"v1R3BjMjVnNTZwRTgwWHBPUlA5UUxZUT09","pp_display_conditions":[{"pp_condition_key":"authentication","pp_condition_operator":"is","pp_condition_authentication_value":"authenticated","pp_condition_user_value":"","pp_condition_role_value":"subscriber","pp_condition_page_value":"","pp_condition_post_value":"","pp_condition_static_page_value":"home","pp_condition_post_type_value":"","pp_condition_taxonomy_archive_value":"","pp_condition_term_archive_value":"","pp_condition_post_type_archive_value":"","pp_condition_date_archive_value":"","pp_condition_author_archive_value":"","pp_condition_search_results_value":"","pp_condition_date_value":"2020-09-13 to 2020-09-19","pp_condition_date_time_before_value":"2020-09-19 08:46","pp_condition_time_value":"","pp_condition_day_value":"1","pp_condition_os_value":"iphone","pp_condition_browser_value":"ie","pp_condition_search-bot_value":"all_search_bots","_id":"d19c89d"}]},"elements":[{"id":"5d1e06dc","settings":{"_column_size":"50","_inline_size":"25.667","background_background":"classic","background_color":"#FFFFFF","_inline_size_tablet":"100","content_position":"top","content_position_mobile":"center","align":"center","align_mobile":"flex-start","padding":{"unit":"%","top":"13.3","right":"0","bottom":"0","left":"0","isLinked":""},"padding_tablet":{"unit":"%","top":"4","right":"7","bottom":"4","left":"7","isLinked":""},"padding_mobile":{"unit":"%","top":"8","right":"7","bottom":"8","left":"7","isLinked":""},"align_tablet":"flex-start"},"elements":[{"id":"3c0d9df9","settings":{"image":{"id":811,"url":"http:\/\/library.elementor.com\/wp-content\/uploads\/2020\/09\/logo_psycho.png"},"align":"center","width":{"unit":"px","size":"320","sizes":[]},"css_filters_hover_css_filter":"custom","css_filters_hover_brightness":{"unit":"px","size":"60","sizes":[]},"css_filters_hover_saturate":{"unit":"px","size":"0","sizes":[]},"background_hover_transition":{"unit":"px","size":"0.5","sizes":[]},"width_mobile":{"unit":"px","size":"270","sizes":[]},"_margin":{"unit":"px","top":"-3","right":"0","bottom":"-1","left":"0","isLinked":""},"link_to":"custom","__dynamic__":{"link":"[elementor-tag id=\"de9d029\" name=\"site-url\" settings=\"%7B%7D\"]"},"width_tablet":{"unit":"px","size":"250","sizes":[]},"align_tablet":"center","align_mobile":"left","pp_display_conditions":[{"pp_condition_key":"authentication","pp_condition_operator":"is","pp_condition_authentication_value":"authenticated","pp_condition_user_value":"","pp_condition_role_value":"subscriber","pp_condition_page_value":"","pp_condition_post_value":"","pp_condition_static_page_value":"home","pp_condition_post_type_value":"","pp_condition_taxonomy_archive_value":"","pp_condition_term_archive_value":"","pp_condition_post_type_archive_value":"","pp_condition_date_archive_value":"","pp_condition_author_archive_value":"","pp_condition_search_results_value":"","pp_condition_date_value":"2020-09-13 to 2020-09-19","pp_condition_date_time_before_value":"2020-09-19 08:45","pp_condition_time_value":"","pp_condition_day_value":"1","pp_condition_os_value":"iphone","pp_condition_browser_value":"ie","pp_condition_search-bot_value":"all_search_bots","_id":"c05c96b"}]},"elements":[],"isInner":false,"widgetType":"image","elType":"widget"}],"isInner":"","elType":"column"},{"id":"da6ea50","settings":{"_column_size":"50","_inline_size":"74.333","_inline_size_tablet":"100","space_between_widgets":"0","padding":{"unit":"%","top":"2","right":"0","bottom":"0","left":"0","isLinked":""},"padding_tablet":{"unit":"%","top":"6","right":"7","bottom":"6","left":"7","isLinked":""},"padding_mobile":{"unit":"%","top":"8","right":"7","bottom":"8","left":"7","isLinked":""},"background_background":"classic","background_color":"#E5E9EF"},"elements":[{"id":"5b05a51e","settings":{"editor":"<p><span style=\"color: #9aa8ba\"><strong>Address:<\/strong><\/span> 3204 Goldcliff Circle, Washington DC 20016<br \/><span style=\"color: #9aa8ba\"><strong>Phone:<\/strong><\/span> (202)243-8097 | <span style=\"color: #9aa8ba\"><strong>Email:<\/strong> <\/span>psychotherapy@drparker.com<\/p>","typography_font_size_tablet":{"unit":"px","size":"15","sizes":[]},"typography_line_height":{"unit":"px","size":"22","sizes":[]},"_margin":{"unit":"px","top":"0","right":"0","bottom":"-14","left":"0","isLinked":""},"_padding":{"unit":"%","top":"0","right":"0","bottom":"0","left":"14","isLinked":""},"_padding_tablet":{"unit":"px","top":"0","right":"0","bottom":"0","left":"0","isLinked":""},"align_tablet":"center","_padding_mobile":{"unit":"%","top":"0","right":"4","bottom":"0","left":"0","isLinked":""},"align_mobile":"left","text_color":"#5F5B5B","typography_typography":"custom","typography_font_family":"Prompt","typography_font_size":{"unit":"px","size":"16","sizes":[]},"typography_font_size_mobile":{"unit":"px","size":"14","sizes":[]},"typography_font_weight":"300","typography_line_height_tablet":{"unit":"px","size":"21","sizes":[]},"typography_line_height_mobile":{"unit":"px","size":"20","sizes":[]},"pp_display_conditions":[{"pp_condition_key":"authentication","pp_condition_operator":"is","pp_condition_authentication_value":"authenticated","pp_condition_user_value":"","pp_condition_role_value":"subscriber","pp_condition_page_value":"","pp_condition_post_value":"","pp_condition_static_page_value":"home","pp_condition_post_type_value":"","pp_condition_taxonomy_archive_value":"","pp_condition_term_archive_value":"","pp_condition_post_type_archive_value":"","pp_condition_date_archive_value":"","pp_condition_author_archive_value":"","pp_condition_search_results_value":"","pp_condition_date_value":"2020-09-13 to 2020-09-19","pp_condition_date_time_before_value":"2020-09-19 08:45","pp_condition_time_value":"","pp_condition_day_value":"1","pp_condition_os_value":"iphone","pp_condition_browser_value":"ie","pp_condition_search-bot_value":"all_search_bots","_id":"f582224"}]},"elements":[],"isInner":false,"widgetType":"text-editor","elType":"widget"},{"id":"6e6a1890","settings":{"text":"Divider","color":"#9AA8BA","gap":{"unit":"px","size":"50","sizes":[]},"gap_tablet":{"unit":"px","size":"19","sizes":[]},"_padding":{"unit":"%","top":"","right":"","bottom":"","left":"","isLinked":"1"},"pp_display_conditions":[{"pp_condition_key":"authentication","pp_condition_operator":"is","pp_condition_authentication_value":"authenticated","pp_condition_user_value":"","pp_condition_role_value":"subscriber","pp_condition_page_value":"","pp_condition_post_value":"","pp_condition_static_page_value":"home","pp_condition_post_type_value":"","pp_condition_taxonomy_archive_value":"","pp_condition_term_archive_value":"","pp_condition_post_type_archive_value":"","pp_condition_date_archive_value":"","pp_condition_author_archive_value":"","pp_condition_search_results_value":"","pp_condition_date_value":"2020-09-13 to 2020-09-19","pp_condition_date_time_before_value":"2020-09-19 08:45","pp_condition_time_value":"","pp_condition_day_value":"1","pp_condition_os_value":"iphone","pp_condition_browser_value":"ie","pp_condition_search-bot_value":"all_search_bots","_id":"70b9b48"}]},"elements":[],"isInner":false,"widgetType":"divider","elType":"widget"},{"id":"5a4c5457","settings":{"editor":"\u00a9  All Rights Reserved","text_color":"rgba(95, 91, 91, 0.4)","typography_line_height":{"unit":"px","size":"22","sizes":[]},"_padding":{"unit":"%","top":"0","right":"0","bottom":"0","left":"14","isLinked":""},"_padding_tablet":{"unit":"px","top":"0","right":"0","bottom":"0","left":"0","isLinked":""},"align_tablet":"center","align_mobile":"left","typography_typography":"custom","typography_font_family":"Prompt","typography_font_size":{"unit":"px","size":"16","sizes":[]},"typography_font_size_tablet":{"unit":"px","size":"15","sizes":[]},"typography_font_size_mobile":{"unit":"px","size":"14","sizes":[]},"typography_font_weight":"300","typography_line_height_tablet":{"unit":"px","size":"21","sizes":[]},"typography_line_height_mobile":{"unit":"px","size":"20","sizes":[]},"pp_display_conditions":[{"pp_condition_key":"authentication","pp_condition_operator":"is","pp_condition_authentication_value":"authenticated","pp_condition_user_value":"","pp_condition_role_value":"subscriber","pp_condition_page_value":"","pp_condition_post_value":"","pp_condition_static_page_value":"home","pp_condition_post_type_value":"","pp_condition_taxonomy_archive_value":"","pp_condition_term_archive_value":"","pp_condition_post_type_archive_value":"","pp_condition_date_archive_value":"","pp_condition_author_archive_value":"","pp_condition_search_results_value":"","pp_condition_date_value":"2020-09-13 to 2020-09-19","pp_condition_date_time_before_value":"2020-09-19 08:45","pp_condition_time_value":"","pp_condition_day_value":"1","pp_condition_os_value":"iphone","pp_condition_browser_value":"ie","pp_condition_search-bot_value":"all_search_bots","_id":"4a4b899"}]},"elements":[],"isInner":false,"widgetType":"text-editor","elType":"widget"}],"isInner":"","elType":"column"}],"isInner":"","elType":"section"}],"page_settings":{"background_background":"classic","background_color":"#E5E9EF"}}