{"version":"0.4","title":"15240","type":"page","content":[{"id":"1c887758","settings":{"layout":"full_width","gap":"no","height":"min-height","custom_height":{"unit":"px","size":"700","sizes":[]},"column_position":"stretch","content_position":"middle","overflow":"hidden","structure":"20","padding":{"unit":"%","top":"","right":"","bottom":"","left":"","isLinked":"1"},"_title":"Hero","custom_height_tablet":{"unit":"vh","size":"75","sizes":[]},"reverse_order_mobile":"reverse-mobile","reverse_order_tablet":"reverse-tablet","_timestamp_":"v1R3BjMjVnNTZwRTgwWHBPUlA5UUxZUT09","pp_display_conditions":[{"pp_condition_key":"authentication","pp_condition_operator":"is","pp_condition_authentication_value":"authenticated","pp_condition_user_value":"","pp_condition_role_value":"subscriber","pp_condition_page_value":"","pp_condition_post_value":"","pp_condition_static_page_value":"home","pp_condition_post_type_value":"","pp_condition_taxonomy_archive_value":"","pp_condition_term_archive_value":"","pp_condition_post_type_archive_value":"","pp_condition_date_archive_value":"","pp_condition_author_archive_value":"","pp_condition_search_results_value":"","pp_condition_date_value":"2020-09-13 to 2020-09-19","pp_condition_date_time_before_value":"2020-09-19 08:51","pp_condition_time_value":"","pp_condition_day_value":"1","pp_condition_os_value":"iphone","pp_condition_browser_value":"ie","pp_condition_search-bot_value":"all_search_bots","_id":"23402fd"}]},"elements":[{"id":"5c2a70a","settings":{"_column_size":"50","padding":{"unit":"%","top":"0","right":"0","bottom":"0","left":"13","isLinked":""},"space_between_widgets":"0","_inline_size_tablet":"100","padding_tablet":{"unit":"%","top":"8","right":"0","bottom":"0","left":"7","isLinked":""},"padding_mobile":{"unit":"%","top":"12","right":"7","bottom":"13","left":"7","isLinked":""},"_inline_size":"60.638"},"elements":[{"id":"6cc301ea","settings":{"text":"back to all","typography_typography":"custom","typography_text_decoration":"underline","button_text_color":"#9AA8BA","background_color":"rgba(2, 1, 1, 0)","hover_color":"#5F5B5B","border_border":"solid","border_width":{"unit":"px","top":"0","right":"0","bottom":"0","left":"0","isLinked":"1"},"border_radius":{"unit":"px","top":"0","right":"0","bottom":"0","left":"0","isLinked":"1"},"text_padding":{"unit":"px","top":"0","right":"0","bottom":"0","left":"0","isLinked":""},"_padding":{"unit":"%","top":"0","right":"0","bottom":"5","left":"0","isLinked":""},"_padding_tablet":{"unit":"%","top":"0","right":"0","bottom":"6","left":"0","isLinked":""},"_padding_mobile":{"unit":"%","top":"0","right":"0","bottom":"10","left":"0","isLinked":""},"_animation":"fadeIn","_animation_delay":"200","typography_font_family":"Prompt","typography_font_size":{"unit":"px","size":"12","sizes":[]},"typography_text_transform":"uppercase","typography_letter_spacing":{"unit":"px","size":"1","sizes":[]},"_margin":{"unit":"px","top":"0","right":"0","bottom":"0","left":"0","isLinked":""},"motion_fx_translateY_speed":{"unit":"px","size":"0.2","sizes":[]},"_animation_mobile":"none","pp_display_conditions":[{"pp_condition_key":"authentication","pp_condition_operator":"is","pp_condition_authentication_value":"authenticated","pp_condition_user_value":"","pp_condition_role_value":"subscriber","pp_condition_page_value":"","pp_condition_post_value":"","pp_condition_static_page_value":"home","pp_condition_post_type_value":"","pp_condition_taxonomy_archive_value":"","pp_condition_term_archive_value":"","pp_condition_post_type_archive_value":"","pp_condition_date_archive_value":"","pp_condition_author_archive_value":"","pp_condition_search_results_value":"","pp_condition_date_value":"2020-09-13 to 2020-09-19","pp_condition_date_time_before_value":"2020-09-19 08:51","pp_condition_time_value":"","pp_condition_day_value":"1","pp_condition_os_value":"iphone","pp_condition_browser_value":"ie","pp_condition_search-bot_value":"all_search_bots","_id":"5a9f737"}]},"elements":[],"isInner":false,"widgetType":"button","elType":"widget"},{"id":"a0abcac","settings":{"title":"","header_size":"h1","_padding":{"unit":"%","top":"0","right":"12","bottom":"6","left":"0","isLinked":""},"_margin":{"unit":"px","top":"0","right":"0","bottom":"0","left":"-3","isLinked":""},"_padding_tablet":{"unit":"%","top":"0","right":"28","bottom":"6","left":"0","isLinked":""},"_padding_mobile":{"unit":"%","top":"0","right":"0","bottom":"10","left":"0","isLinked":""},"align_mobile":"left","typography_text_transform":"capitalize","__dynamic__":{"title":"[elementor-tag id=\"0e5c81d\" name=\"post-title\" settings=\"%7B%7D\"]"},"_animation":"fadeIn","animation_duration":"fast","title_color":"#65768B","typography_typography":"custom","typography_font_family":"Prompt","typography_font_size":{"unit":"px","size":"80","sizes":[]},"typography_font_size_tablet":{"unit":"px","size":"48","sizes":[]},"typography_font_size_mobile":{"unit":"px","size":"36","sizes":[]},"typography_font_weight":"100","typography_line_height":{"unit":"px","size":"82","sizes":[]},"typography_line_height_tablet":{"unit":"px","size":"56","sizes":[]},"typography_line_height_mobile":{"unit":"px","size":"44","sizes":[]},"typography_letter_spacing_tablet":{"unit":"px","size":"-1","sizes":[]},"pp_display_conditions":[{"pp_condition_key":"authentication","pp_condition_operator":"is","pp_condition_authentication_value":"authenticated","pp_condition_user_value":"","pp_condition_role_value":"subscriber","pp_condition_page_value":"","pp_condition_post_value":"","pp_condition_static_page_value":"home","pp_condition_post_type_value":"","pp_condition_taxonomy_archive_value":"","pp_condition_term_archive_value":"","pp_condition_post_type_archive_value":"","pp_condition_date_archive_value":"","pp_condition_author_archive_value":"","pp_condition_search_results_value":"","pp_condition_date_value":"2020-09-13 to 2020-09-19","pp_condition_date_time_before_value":"2020-09-19 08:51","pp_condition_time_value":"","pp_condition_day_value":"1","pp_condition_os_value":"iphone","pp_condition_browser_value":"ie","pp_condition_search-bot_value":"all_search_bots","_id":"8e111b3"}]},"elements":[],"isInner":false,"widgetType":"heading","elType":"widget"},{"id":"6646f72d","settings":{"icon_list":[{"type":"date","selected_icon":{"value":"fas fa-calendar","library":"fa-solid"},"_id":"9ab8179","date_format":"default","custom_date_format":"F j, Y","time_format":"default","custom_time_format":"g:i a","taxonomy":[],"text_prefix":"","show_avatar":"","avatar_size":{"unit":"px","size":"","sizes":[]},"avatar_size_tablet":{"unit":"px","size":"","sizes":[]},"avatar_size_mobile":{"unit":"px","size":"","sizes":[]},"comments_custom_strings":"","string_no_comments":"","string_one_comment":"","string_comments":"","custom_text":"","link":"","custom_url":{"url":"","is_external":"","nofollow":"","custom_attributes":""},"show_icon":"none"}],"_animation":"fadeIn","_padding_tablet":{"unit":"%","top":"0","right":"0","bottom":"10","left":"0","isLinked":""},"text_color":"#5F5B5B","icon_typography_typography":"custom","icon_typography_font_family":"Prompt","icon_typography_font_size":{"unit":"px","size":"16","sizes":[]},"icon_typography_font_size_tablet":{"unit":"px","size":"15","sizes":[]},"icon_typography_font_size_mobile":{"unit":"px","size":"14","sizes":[]},"icon_typography_font_weight":"300","icon_typography_line_height":{"unit":"px","size":"22","sizes":[]},"icon_typography_line_height_tablet":{"unit":"px","size":"21","sizes":[]},"icon_typography_line_height_mobile":{"unit":"px","size":"20","sizes":[]},"pp_display_conditions":[{"pp_condition_key":"authentication","pp_condition_operator":"is","pp_condition_authentication_value":"authenticated","pp_condition_user_value":"","pp_condition_role_value":"subscriber","pp_condition_page_value":"","pp_condition_post_value":"","pp_condition_static_page_value":"home","pp_condition_post_type_value":"","pp_condition_taxonomy_archive_value":"","pp_condition_term_archive_value":"","pp_condition_post_type_archive_value":"","pp_condition_date_archive_value":"","pp_condition_author_archive_value":"","pp_condition_search_results_value":"","pp_condition_date_value":"2020-09-13 to 2020-09-19","pp_condition_date_time_before_value":"2020-09-19 08:51","pp_condition_time_value":"","pp_condition_day_value":"1","pp_condition_os_value":"iphone","pp_condition_browser_value":"ie","pp_condition_search-bot_value":"all_search_bots","_id":"c296882"}]},"elements":[],"isInner":false,"widgetType":"post-info","elType":"widget"},{"id":"4c64373e","settings":{"selected_icon":{"value":{"id":"771","url":"http:\/\/library.elementor.com\/wp-content\/uploads\/2020\/09\/scroll-down-icon.svg"},"library":"svg"},"view":"stacked","shape":"square","link":{"url":"#postcontent","is_external":"","nofollow":"","custom_attributes":""},"primary_color":"#CBD2DB","hover_primary_color":"#9AA8BA","size":{"unit":"px","size":"30","sizes":[]},"_margin":{"unit":"px","top":"0","right":"0","bottom":"-6","left":"0","isLinked":""},"_element_width":"auto","_position":"absolute","_offset_orientation_h":"end","_offset_x_end":{"unit":"%","size":"0","sizes":[]},"_offset_orientation_v":"end","_offset_y_end":{"unit":"%","size":"0","sizes":[]},"hide_mobile":"hidden-phone","_animation":"fadeInDown","animation_duration":"slow","_animation_delay":"500","_offset_x_end_mobile":{"unit":"%","size":"-7","sizes":[]},"_offset_y_end_mobile":{"unit":"%","size":"-13","sizes":[]},"pp_display_conditions":[{"pp_condition_key":"authentication","pp_condition_operator":"is","pp_condition_authentication_value":"authenticated","pp_condition_user_value":"","pp_condition_role_value":"subscriber","pp_condition_page_value":"","pp_condition_post_value":"","pp_condition_static_page_value":"home","pp_condition_post_type_value":"","pp_condition_taxonomy_archive_value":"","pp_condition_term_archive_value":"","pp_condition_post_type_archive_value":"","pp_condition_date_archive_value":"","pp_condition_author_archive_value":"","pp_condition_search_results_value":"","pp_condition_date_value":"2020-09-13 to 2020-09-19","pp_condition_date_time_before_value":"2020-09-19 08:51","pp_condition_time_value":"","pp_condition_day_value":"1","pp_condition_os_value":"iphone","pp_condition_browser_value":"ie","pp_condition_search-bot_value":"all_search_bots","_id":"6958104"}]},"elements":[],"isInner":false,"widgetType":"icon","elType":"widget"}],"isInner":"","elType":"column"},{"id":"6a862a57","settings":{"_column_size":"50","background_background":"classic","background_position":"center center","background_repeat":"no-repeat","background_size":"cover","_inline_size_tablet":"100","background_position_tablet":"center center","_inline_size":"39.362","__dynamic__":{"background_image":"[elementor-tag id=\"9da2d6f\" name=\"post-featured-image\" settings=\"%7B%7D\"]"}},"elements":[{"id":"af30869","settings":{"space_mobile":{"unit":"px","size":"238","sizes":[]},"space_tablet":{"unit":"px","size":"360","sizes":[]},"pp_display_conditions":[{"pp_condition_key":"authentication","pp_condition_operator":"is","pp_condition_authentication_value":"authenticated","pp_condition_user_value":"","pp_condition_role_value":"subscriber","pp_condition_page_value":"","pp_condition_post_value":"","pp_condition_static_page_value":"home","pp_condition_post_type_value":"","pp_condition_taxonomy_archive_value":"","pp_condition_term_archive_value":"","pp_condition_post_type_archive_value":"","pp_condition_date_archive_value":"","pp_condition_author_archive_value":"","pp_condition_search_results_value":"","pp_condition_date_value":"2020-09-13 to 2020-09-19","pp_condition_date_time_before_value":"2020-09-19 08:51","pp_condition_time_value":"","pp_condition_day_value":"1","pp_condition_os_value":"iphone","pp_condition_browser_value":"ie","pp_condition_search-bot_value":"all_search_bots","_id":"a5e9c61"}]},"elements":[],"isInner":false,"widgetType":"spacer","elType":"widget"}],"isInner":"","elType":"column"}],"isInner":"","elType":"section"},{"id":"38824536","settings":{"content_width":{"unit":"px","size":"787","sizes":[]},"gap":"no","overflow":"hidden","background_background":"classic","background_color":"#FFFFFF","padding":{"unit":"%","top":"12","right":"0","bottom":"12","left":"0","isLinked":""},"padding_tablet":{"unit":"%","top":"5","right":"7","bottom":"10","left":"7","isLinked":""},"_element_id":"postcontent","padding_mobile":{"unit":"%","top":"14","right":"7","bottom":"14","left":"7","isLinked":""},"_title":"Post Content","_timestamp_":"v1R3BjMjVnNTZwRTgwWHBPUlA5UUxZUT09","pp_display_conditions":[{"pp_condition_key":"authentication","pp_condition_operator":"is","pp_condition_authentication_value":"authenticated","pp_condition_user_value":"","pp_condition_role_value":"subscriber","pp_condition_page_value":"","pp_condition_post_value":"","pp_condition_static_page_value":"home","pp_condition_post_type_value":"","pp_condition_taxonomy_archive_value":"","pp_condition_term_archive_value":"","pp_condition_post_type_archive_value":"","pp_condition_date_archive_value":"","pp_condition_author_archive_value":"","pp_condition_search_results_value":"","pp_condition_date_value":"2020-09-13 to 2020-09-19","pp_condition_date_time_before_value":"2020-09-19 08:51","pp_condition_time_value":"","pp_condition_day_value":"1","pp_condition_os_value":"iphone","pp_condition_browser_value":"ie","pp_condition_search-bot_value":"all_search_bots","_id":"bc4b389"}]},"elements":[{"id":"1d699e8c","settings":{"_column_size":"100","space_between_widgets":"0","padding":{"unit":"%","top":"0","right":"0","bottom":"0","left":"0","isLinked":""}},"elements":[{"id":"4019b1d1","settings":{"icon_list":[{"type":"author","selected_icon":{"value":"fas fa-calendar","library":"fa-solid"},"_id":"9ab8179","date_format":"default","custom_date_format":"F j, Y","time_format":"default","custom_time_format":"g:i a","taxonomy":[],"text_prefix":"","show_avatar":"yes","avatar_size":{"unit":"px","size":"64","sizes":[]},"avatar_size_tablet":{"unit":"px","size":"","sizes":[]},"avatar_size_mobile":{"unit":"px","size":"","sizes":[]},"comments_custom_strings":"","string_no_comments":"","string_one_comment":"","string_comments":"","custom_text":"","link":"","custom_url":{"url":"","is_external":"","nofollow":"","custom_attributes":""},"show_icon":"none"}],"text_indent":{"unit":"px","size":"40","sizes":[]},"_padding":{"unit":"%","top":"0","right":"0","bottom":"6","left":"0","isLinked":""},"_animation":"fadeIn","animation_duration":"fast","text_color":"#5F5B5B","icon_typography_typography":"custom","icon_typography_font_family":"Prompt","icon_typography_font_size":{"unit":"px","size":"16","sizes":[]},"icon_typography_font_size_tablet":{"unit":"px","size":"15","sizes":[]},"icon_typography_font_size_mobile":{"unit":"px","size":"14","sizes":[]},"icon_typography_font_weight":"300","icon_typography_line_height":{"unit":"px","size":"22","sizes":[]},"icon_typography_line_height_tablet":{"unit":"px","size":"21","sizes":[]},"icon_typography_line_height_mobile":{"unit":"px","size":"20","sizes":[]},"pp_display_conditions":[{"pp_condition_key":"authentication","pp_condition_operator":"is","pp_condition_authentication_value":"authenticated","pp_condition_user_value":"","pp_condition_role_value":"subscriber","pp_condition_page_value":"","pp_condition_post_value":"","pp_condition_static_page_value":"home","pp_condition_post_type_value":"","pp_condition_taxonomy_archive_value":"","pp_condition_term_archive_value":"","pp_condition_post_type_archive_value":"","pp_condition_date_archive_value":"","pp_condition_author_archive_value":"","pp_condition_search_results_value":"","pp_condition_date_value":"2020-09-13 to 2020-09-19","pp_condition_date_time_before_value":"2020-09-19 08:51","pp_condition_time_value":"","pp_condition_day_value":"1","pp_condition_os_value":"iphone","pp_condition_browser_value":"ie","pp_condition_search-bot_value":"all_search_bots","_id":"c7f3163"}]},"elements":[],"isInner":false,"widgetType":"post-info","elType":"widget"},{"id":"7332fa19","settings":{"text_color":"#5F5B5B","typography_typography":"custom","typography_font_family":"Prompt","typography_font_size":{"unit":"px","size":"16","sizes":[]},"typography_font_size_tablet":{"unit":"px","size":"15","sizes":[]},"typography_font_size_mobile":{"unit":"px","size":"14","sizes":[]},"typography_font_weight":"300","typography_line_height":{"unit":"px","size":"22","sizes":[]},"typography_line_height_tablet":{"unit":"px","size":"21","sizes":[]},"typography_line_height_mobile":{"unit":"px","size":"20","sizes":[]},"pp_display_conditions":[{"pp_condition_key":"authentication","pp_condition_operator":"is","pp_condition_authentication_value":"authenticated","pp_condition_user_value":"","pp_condition_role_value":"subscriber","pp_condition_page_value":"","pp_condition_post_value":"","pp_condition_static_page_value":"home","pp_condition_post_type_value":"","pp_condition_taxonomy_archive_value":"","pp_condition_term_archive_value":"","pp_condition_post_type_archive_value":"","pp_condition_date_archive_value":"","pp_condition_author_archive_value":"","pp_condition_search_results_value":"","pp_condition_date_value":"2020-09-13 to 2020-09-19","pp_condition_date_time_before_value":"2020-09-19 08:51","pp_condition_time_value":"","pp_condition_day_value":"1","pp_condition_os_value":"iphone","pp_condition_browser_value":"ie","pp_condition_search-bot_value":"all_search_bots","_id":"c5838ff"}]},"elements":[],"isInner":false,"widgetType":"theme-post-content","elType":"widget"},{"id":"4cfc5083","settings":{"prev_label":"Previous Article","next_label":"Next Article","show_arrow":"","show_title":"","show_borders":"","in_same_term":["post"],"label_typography_typography":"custom","label_typography_font_size":{"unit":"px","size":"12","sizes":[]},"label_typography_text_decoration":"underline","_padding":{"unit":"px","top":"38","right":"0","bottom":"0","left":"0","isLinked":""},"_border_border":"solid","_border_width":{"unit":"px","top":"1","right":"0","bottom":"0","left":"0","isLinked":""},"_border_color":"#9AA8BA","post_taxonomy":"category","label_color":"#9AA8BA","label_typography_font_family":"Prompt","label_typography_font_weight":"300","label_typography_text_transform":"uppercase","label_typography_letter_spacing":{"unit":"px","size":"1","sizes":[]},"pp_display_conditions":[{"pp_condition_key":"authentication","pp_condition_operator":"is","pp_condition_authentication_value":"authenticated","pp_condition_user_value":"","pp_condition_role_value":"subscriber","pp_condition_page_value":"","pp_condition_post_value":"","pp_condition_static_page_value":"home","pp_condition_post_type_value":"","pp_condition_taxonomy_archive_value":"","pp_condition_term_archive_value":"","pp_condition_post_type_archive_value":"","pp_condition_date_archive_value":"","pp_condition_author_archive_value":"","pp_condition_search_results_value":"","pp_condition_date_value":"2020-09-13 to 2020-09-19","pp_condition_date_time_before_value":"2020-09-19 08:51","pp_condition_time_value":"","pp_condition_day_value":"1","pp_condition_os_value":"iphone","pp_condition_browser_value":"ie","pp_condition_search-bot_value":"all_search_bots","_id":"328c4a6"}]},"elements":[],"isInner":false,"widgetType":"post-navigation","elType":"widget"}],"isInner":"","elType":"column"}],"isInner":"","elType":"section"},{"id":"312ce018","settings":{"layout":"full_width","gap":"no","custom_height":{"unit":"vh","size":"75","sizes":[]},"column_position":"stretch","content_position":"bottom","overflow":"hidden","padding":{"unit":"%","top":"2","right":"8","bottom":"14","left":"8","isLinked":""},"_title":"Related Articles","custom_height_tablet":{"unit":"vh","size":"50","sizes":[]},"padding_tablet":{"unit":"%","top":"10","right":"6","bottom":"14","left":"6","isLinked":""},"padding_mobile":{"unit":"%","top":"14","right":"7","bottom":"14","left":"7","isLinked":""},"height":"min-height","_timestamp_":"v1R3BjMjVnNTZwRTgwWHBPUlA5UUxZUT09","pp_display_conditions":[{"pp_condition_key":"authentication","pp_condition_operator":"is","pp_condition_authentication_value":"authenticated","pp_condition_user_value":"","pp_condition_role_value":"subscriber","pp_condition_page_value":"","pp_condition_post_value":"","pp_condition_static_page_value":"home","pp_condition_post_type_value":"","pp_condition_taxonomy_archive_value":"","pp_condition_term_archive_value":"","pp_condition_post_type_archive_value":"","pp_condition_date_archive_value":"","pp_condition_author_archive_value":"","pp_condition_search_results_value":"","pp_condition_date_value":"2020-09-13 to 2020-09-19","pp_condition_date_time_before_value":"2020-09-19 08:51","pp_condition_time_value":"","pp_condition_day_value":"1","pp_condition_os_value":"iphone","pp_condition_browser_value":"ie","pp_condition_search-bot_value":"all_search_bots","_id":"b237209"}]},"elements":[{"id":"4bce6042","settings":{"_column_size":"100","padding":{"unit":"%","top":"0","right":"0","bottom":"0","left":"0","isLinked":""},"space_between_widgets":"0","background_background":"classic","_inline_size_tablet":"100","padding_tablet":{"unit":"%","top":"0","right":"0","bottom":"0","left":"0","isLinked":""},"padding_mobile":{"unit":"%","top":"0","right":"0","bottom":"0","left":"0","isLinked":""}},"elements":[{"id":"5bc6cd8b","settings":{"title":"Related Articles","_padding":{"unit":"%","top":"0","right":"0","bottom":"4","left":"0","isLinked":""},"_padding_tablet":{"unit":"%","top":"0","right":"0","bottom":"6","left":"0","isLinked":""},"_padding_mobile":{"unit":"%","top":"0","right":"0","bottom":"8","left":"0","isLinked":""},"_animation":"fadeInUp","title_color":"#9AA8BA","typography_typography":"custom","typography_font_family":"Prompt","typography_font_size":{"unit":"px","size":"40","sizes":[]},"typography_font_size_tablet":{"unit":"px","size":"36","sizes":[]},"typography_font_size_mobile":{"unit":"px","size":"24","sizes":[]},"typography_font_weight":"100","typography_text_transform":"capitalize","typography_line_height":{"unit":"px","size":"44","sizes":[]},"typography_line_height_tablet":{"unit":"px","size":"40","sizes":[]},"typography_line_height_mobile":{"unit":"px","size":"30","sizes":[]},"typography_letter_spacing_mobile":{"unit":"px","size":"-0.5","sizes":[]},"pp_display_conditions":[{"pp_condition_key":"authentication","pp_condition_operator":"is","pp_condition_authentication_value":"authenticated","pp_condition_user_value":"","pp_condition_role_value":"subscriber","pp_condition_page_value":"","pp_condition_post_value":"","pp_condition_static_page_value":"home","pp_condition_post_type_value":"","pp_condition_taxonomy_archive_value":"","pp_condition_term_archive_value":"","pp_condition_post_type_archive_value":"","pp_condition_date_archive_value":"","pp_condition_author_archive_value":"","pp_condition_search_results_value":"","pp_condition_date_value":"2020-09-13 to 2020-09-19","pp_condition_date_time_before_value":"2020-09-19 08:51","pp_condition_time_value":"","pp_condition_day_value":"1","pp_condition_os_value":"iphone","pp_condition_browser_value":"ie","pp_condition_search-bot_value":"all_search_bots","_id":"760d6ef"}]},"elements":[],"isInner":false,"widgetType":"heading","elType":"widget"},{"id":"1ac60a16","settings":{"gap":"no","structure":"20","padding":{"unit":"%","top":"0","right":"0","bottom":"0","left":"0","isLinked":""},"layout":"full_width","padding_tablet":{"unit":"%","top":"0","right":"0","bottom":"8","left":"0","isLinked":""},"padding_mobile":{"unit":"%","top":"0","right":"0","bottom":"12","left":"0","isLinked":""},"pp_display_conditions":[{"pp_condition_key":"authentication","pp_condition_operator":"is","pp_condition_authentication_value":"authenticated","pp_condition_user_value":"","pp_condition_role_value":"subscriber","pp_condition_page_value":"","pp_condition_post_value":"","pp_condition_static_page_value":"home","pp_condition_post_type_value":"","pp_condition_taxonomy_archive_value":"","pp_condition_term_archive_value":"","pp_condition_post_type_archive_value":"","pp_condition_date_archive_value":"","pp_condition_author_archive_value":"","pp_condition_search_results_value":"","pp_condition_date_value":"2020-09-13 to 2020-09-19","pp_condition_date_time_before_value":"2020-09-19 08:51","pp_condition_time_value":"","pp_condition_day_value":"1","pp_condition_os_value":"iphone","pp_condition_browser_value":"ie","pp_condition_search-bot_value":"all_search_bots","_id":"75cb25c"}]},"elements":[{"id":"91e491c","settings":{"_column_size":"50","_inline_size_mobile":"100","padding_mobile":{"unit":"%","top":"0","right":"0","bottom":"12","left":"0","isLinked":""},"_inline_size_tablet":"100","padding_tablet":{"unit":"%","top":"0","right":"0","bottom":"8","left":"0","isLinked":""},"animation":"fadeIn","animation_delay":"200","animation_mobile":"none"},"elements":[{"id":"48985651","settings":{"classic_columns":"1","classic_posts_per_page":"1","classic_meta_separator":"\/\/\/","classic_read_more_text":"Read More","cards_meta_separator":"\u2022","cards_read_more_text":"Read More \u00bb","full_content_meta_separator":"\/\/\/","posts_avoid_duplicates":"yes","pagination_page_limit":"5","pagination_prev_label":"&laquo; Previous","pagination_next_label":"Next &raquo;","classic_thumbnail_size_size":"large","classic_item_ratio":{"unit":"px","size":"0.42","sizes":[]},"classic_show_excerpt":"","classic_meta_data":[],"classic_box_border_width":{"unit":"px","top":"0","right":"0","bottom":"0","left":"0","isLinked":"1"},"classic_image_spacing":{"unit":"px","size":"44","sizes":[]},"classic_title_color":"#5F5B5B","classic_title_typography_typography":"custom","classic_title_typography_font_size":{"unit":"px","size":"22","sizes":[]},"classic_title_typography_font_weight":"200","classic_title_typography_text_transform":"none","classic_title_typography_line_height":{"unit":"px","size":"26","sizes":[]},"classic_title_spacing":{"unit":"px","size":"40","sizes":[]},"classic_read_more_typography_typography":"custom","classic_read_more_typography_font_weight":"300","classic_read_more_typography_text_decoration":"underline","classic_columns_tablet":"1","classic_item_ratio_tablet":{"unit":"px","size":"0.43","sizes":[]},"classic_thumbnail_hover_filters_css_filter":"custom","classic_thumbnail_hover_filters_brightness":{"unit":"px","size":"80","sizes":[]},"posts_include":[],"posts_include_term_ids":["3"],"posts_order":"asc","posts_exclude":["current_post"],"classic_title_typography_font_family":"Prompt","classic_read_more_color":"#9AA8BA","classic_read_more_typography_font_family":"Prompt","classic_read_more_typography_font_size":{"unit":"px","size":"12","sizes":[]},"classic_read_more_typography_text_transform":"uppercase","classic_read_more_typography_line_height":{"unit":"px","size":"22","sizes":[]},"classic_read_more_typography_letter_spacing":{"unit":"px","size":"1","sizes":[]},"pp_display_conditions":[{"pp_condition_key":"authentication","pp_condition_operator":"is","pp_condition_authentication_value":"authenticated","pp_condition_user_value":"","pp_condition_role_value":"subscriber","pp_condition_page_value":"","pp_condition_post_value":"","pp_condition_static_page_value":"home","pp_condition_post_type_value":"","pp_condition_taxonomy_archive_value":"","pp_condition_term_archive_value":"","pp_condition_post_type_archive_value":"","pp_condition_date_archive_value":"","pp_condition_author_archive_value":"","pp_condition_search_results_value":"","pp_condition_date_value":"2020-09-13 to 2020-09-19","pp_condition_date_time_before_value":"2020-09-19 08:51","pp_condition_time_value":"","pp_condition_day_value":"1","pp_condition_os_value":"iphone","pp_condition_browser_value":"ie","pp_condition_search-bot_value":"all_search_bots","_id":"1e317fb"}]},"elements":[],"isInner":false,"widgetType":"posts","elType":"widget"}],"isInner":"1","elType":"column"},{"id":"5c21ab9d","settings":{"_column_size":"50","_inline_size_mobile":"100","padding":{"unit":"px","top":"0","right":"0","bottom":"0","left":"62","isLinked":""},"_inline_size_tablet":"100","padding_tablet":{"unit":"px","top":"0","right":"0","bottom":"0","left":"0","isLinked":""},"animation":"fadeIn","animation_delay":"400","animation_mobile":"none"},"elements":[{"id":"390333d4","settings":{"classic_columns":"2","classic_posts_per_page":"2","classic_meta_separator":"\/\/\/","classic_read_more_text":"Read More","cards_meta_separator":"\u2022","cards_read_more_text":"Read More \u00bb","full_content_meta_separator":"\/\/\/","posts_avoid_duplicates":"yes","pagination_page_limit":"5","pagination_prev_label":"&laquo; Previous","pagination_next_label":"Next &raquo;","classic_thumbnail_size_size":"large","classic_item_ratio":{"unit":"px","size":"0.99","sizes":[]},"classic_show_excerpt":"","classic_meta_data":[],"classic_box_border_width":{"unit":"px","top":"0","right":"0","bottom":"0","left":"0","isLinked":"1"},"classic_image_spacing":{"unit":"px","size":"44","sizes":[]},"classic_title_color":"#5F5B5B","classic_title_typography_typography":"custom","classic_title_typography_font_size":{"unit":"px","size":"22","sizes":[]},"classic_title_typography_font_weight":"200","classic_title_typography_text_transform":"none","classic_title_typography_line_height":{"unit":"px","size":"26","sizes":[]},"classic_title_spacing":{"unit":"px","size":"40","sizes":[]},"classic_read_more_typography_typography":"custom","classic_read_more_typography_font_weight":"300","classic_read_more_typography_text_decoration":"underline","classic_column_gap":{"unit":"px","size":"62","sizes":[]},"classic_thumbnail_hover_filters_css_filter":"custom","classic_thumbnail_hover_filters_brightness":{"unit":"px","size":"80","sizes":[]},"posts_include":[],"posts_include_term_ids":["3"],"posts_order":"asc","posts_exclude":["current_post"],"classic_title_typography_font_family":"Prompt","classic_read_more_color":"#9AA8BA","classic_read_more_typography_font_family":"Prompt","classic_read_more_typography_font_size":{"unit":"px","size":"12","sizes":[]},"classic_read_more_typography_text_transform":"uppercase","classic_read_more_typography_line_height":{"unit":"px","size":"22","sizes":[]},"classic_read_more_typography_letter_spacing":{"unit":"px","size":"1","sizes":[]},"pp_display_conditions":[{"pp_condition_key":"authentication","pp_condition_operator":"is","pp_condition_authentication_value":"authenticated","pp_condition_user_value":"","pp_condition_role_value":"subscriber","pp_condition_page_value":"","pp_condition_post_value":"","pp_condition_static_page_value":"home","pp_condition_post_type_value":"","pp_condition_taxonomy_archive_value":"","pp_condition_term_archive_value":"","pp_condition_post_type_archive_value":"","pp_condition_date_archive_value":"","pp_condition_author_archive_value":"","pp_condition_search_results_value":"","pp_condition_date_value":"2020-09-13 to 2020-09-19","pp_condition_date_time_before_value":"2020-09-19 08:51","pp_condition_time_value":"","pp_condition_day_value":"1","pp_condition_os_value":"iphone","pp_condition_browser_value":"ie","pp_condition_search-bot_value":"all_search_bots","_id":"8f58bfc"}]},"elements":[],"isInner":false,"widgetType":"posts","elType":"widget"}],"isInner":"1","elType":"column"}],"isInner":"1","elType":"section"}],"isInner":"","elType":"column"}],"isInner":"","elType":"section"}]}