{"version":"0.4","title":"15349","type":"page","content":[{"id":"5b5c6062","settings":{"layout":"full_width","height":"min-height","custom_height":{"unit":"px","size":"650","sizes":[]},"column_position":"stretch","structure":"20","margin":{"unit":"%","top":"","right":"0","bottom":"","left":"0","isLinked":"1"},"padding":{"unit":"%","top":"0","right":"0","bottom":"0","left":"5","isLinked":""},"_title":"Hero","custom_height_tablet":{"unit":"vh","size":"90","sizes":[]},"custom_height_mobile":{"unit":"vh","size":"90","sizes":[]},"padding_tablet":{"unit":"px","top":"0","right":"0","bottom":"0","left":"0","isLinked":"1"},"_timestamp_":"v1R3BjMjVnNTZwRTgwWHBPUlA5UUxZUT09","pp_display_conditions":[{"pp_condition_key":"authentication","pp_condition_operator":"is","pp_condition_authentication_value":"authenticated","pp_condition_user_value":"","pp_condition_role_value":"subscriber","pp_condition_page_value":"","pp_condition_post_value":"","pp_condition_static_page_value":"home","pp_condition_post_type_value":"","pp_condition_taxonomy_archive_value":"","pp_condition_term_archive_value":"","pp_condition_post_type_archive_value":"","pp_condition_date_archive_value":"","pp_condition_author_archive_value":"","pp_condition_search_results_value":"","pp_condition_date_value":"2020-10-24 to 2020-10-30","pp_condition_date_time_before_value":"2020-10-30 13:48","pp_condition_time_value":"","pp_condition_day_value":"1","pp_condition_os_value":"iphone","pp_condition_browser_value":"ie","pp_condition_search-bot_value":"all_search_bots","_id":"50f786a"}]},"elements":[{"id":"28c17165","settings":{"_column_size":"50","_inline_size":"45","content_position":"center","padding":{"unit":"%","top":"0","right":"30","bottom":"0","left":"0","isLinked":""},"_inline_size_tablet":"100","padding_tablet":{"unit":"%","top":"0","right":"15","bottom":"0","left":"15","isLinked":""},"padding_mobile":{"unit":"%","top":"0","right":"5","bottom":"0","left":"5","isLinked":""}},"elements":[{"id":"7a146a92","settings":{"title":"Our\nClasses","title_color":"#000000","typography_typography":"custom","typography_font_family":"Fahkwang","typography_font_size":{"unit":"vw","size":"6.7","sizes":[]},"typography_font_weight":"600","typography_text_transform":"capitalize","typography_font_style":"normal","typography_text_decoration":"none","typography_line_height":{"unit":"em","size":"1","sizes":[]},"typography_letter_spacing":{"unit":"px","size":"0","sizes":[]},"header_size":"h1","align_tablet":"center","typography_font_size_tablet":{"unit":"vw","size":"9","sizes":[]},"typography_font_size_mobile":{"unit":"vw","size":"12","sizes":[]},"pp_display_conditions":[{"pp_condition_key":"authentication","pp_condition_operator":"is","pp_condition_authentication_value":"authenticated","pp_condition_user_value":"","pp_condition_role_value":"subscriber","pp_condition_page_value":"","pp_condition_post_value":"","pp_condition_static_page_value":"home","pp_condition_post_type_value":"","pp_condition_taxonomy_archive_value":"","pp_condition_term_archive_value":"","pp_condition_post_type_archive_value":"","pp_condition_date_archive_value":"","pp_condition_author_archive_value":"","pp_condition_search_results_value":"","pp_condition_date_value":"2020-10-24 to 2020-10-30","pp_condition_date_time_before_value":"2020-10-30 13:48","pp_condition_time_value":"","pp_condition_day_value":"1","pp_condition_os_value":"iphone","pp_condition_browser_value":"ie","pp_condition_search-bot_value":"all_search_bots","_id":"1f9b6ba"}]},"elements":[],"isInner":false,"widgetType":"heading","elType":"widget"},{"id":"7cbf2aa0","settings":{"editor":"Lorem ipsum dolor sit amet, consectetur adipisicing elit, sed do eiusmod tempor incididunt ut labore et dolore magna aliqua. ","align_tablet":"center","text_color":"#000000","typography_typography":"custom","typography_font_family":"Roboto","typography_font_size":{"unit":"px","size":"16","sizes":[]},"typography_font_weight":"400","typography_line_height":{"unit":"em","size":"1.4","sizes":[]},"pp_display_conditions":[{"pp_condition_key":"authentication","pp_condition_operator":"is","pp_condition_authentication_value":"authenticated","pp_condition_user_value":"","pp_condition_role_value":"subscriber","pp_condition_page_value":"","pp_condition_post_value":"","pp_condition_static_page_value":"home","pp_condition_post_type_value":"","pp_condition_taxonomy_archive_value":"","pp_condition_term_archive_value":"","pp_condition_post_type_archive_value":"","pp_condition_date_archive_value":"","pp_condition_author_archive_value":"","pp_condition_search_results_value":"","pp_condition_date_value":"2020-10-24 to 2020-10-30","pp_condition_date_time_before_value":"2020-10-30 13:48","pp_condition_time_value":"","pp_condition_day_value":"1","pp_condition_os_value":"iphone","pp_condition_browser_value":"ie","pp_condition_search-bot_value":"all_search_bots","_id":"b20b550"}]},"elements":[],"isInner":false,"widgetType":"text-editor","elType":"widget"}],"isInner":"","elType":"column"},{"id":"c106419","settings":{"_column_size":"50","_inline_size":"54.997","background_background":"classic","background_image":{"id":854,"url":"http:\/\/library.elementor.com\/wp-content\/uploads\/2020\/10\/About-Hero-Pic.png"},"background_position":"center center","background_repeat":"no-repeat","background_size":"cover","_inline_size_tablet":"100"},"elements":[{"id":"10ce769c","settings":{"space_tablet":{"unit":"px","size":"300","sizes":[]},"space_mobile":{"unit":"px","size":"100","sizes":[]},"pp_display_conditions":[{"pp_condition_key":"authentication","pp_condition_operator":"is","pp_condition_authentication_value":"authenticated","pp_condition_user_value":"","pp_condition_role_value":"subscriber","pp_condition_page_value":"","pp_condition_post_value":"","pp_condition_static_page_value":"home","pp_condition_post_type_value":"","pp_condition_taxonomy_archive_value":"","pp_condition_term_archive_value":"","pp_condition_post_type_archive_value":"","pp_condition_date_archive_value":"","pp_condition_author_archive_value":"","pp_condition_search_results_value":"","pp_condition_date_value":"2020-10-24 to 2020-10-30","pp_condition_date_time_before_value":"2020-10-30 13:48","pp_condition_time_value":"","pp_condition_day_value":"1","pp_condition_os_value":"iphone","pp_condition_browser_value":"ie","pp_condition_search-bot_value":"all_search_bots","_id":"b0c0b03"}]},"elements":[],"isInner":false,"widgetType":"spacer","elType":"widget"}],"isInner":"","elType":"column"}],"isInner":"","elType":"section"},{"id":"75b57156","settings":{"height":"min-height","custom_height":{"unit":"px","size":"700","sizes":[]},"column_position":"stretch","structure":"20","border_border":"solid","border_width":{"unit":"px","top":"1","right":"0","bottom":"1","left":"0","isLinked":""},"border_color":"#000000","margin":{"unit":"%","top":"","right":"0","bottom":"","left":"0","isLinked":"1"},"padding":{"unit":"%","top":"0","right":"0","bottom":"0","left":"5","isLinked":""},"padding_tablet":{"unit":"%","top":"0","right":"5","bottom":"0","left":"5","isLinked":""},"border_width_mobile":{"unit":"px","top":"1","right":"0","bottom":"0","left":"0","isLinked":""},"margin_tablet":{"unit":"%","top":"0","right":"0","bottom":"0","left":"0","isLinked":""},"margin_mobile":{"unit":"%","top":"0","right":"0","bottom":"0","left":"0","isLinked":""},"reverse_order_tablet":"reverse-tablet","reverse_order_mobile":"reverse-mobile","content_width":{"unit":"px","size":"1180","sizes":[]},"_timestamp_":"v1R3BjMjVnNTZwRTgwWHBPUlA5UUxZUT09","pp_display_conditions":[{"pp_condition_key":"authentication","pp_condition_operator":"is","pp_condition_authentication_value":"authenticated","pp_condition_user_value":"","pp_condition_role_value":"subscriber","pp_condition_page_value":"","pp_condition_post_value":"","pp_condition_static_page_value":"home","pp_condition_post_type_value":"","pp_condition_taxonomy_archive_value":"","pp_condition_term_archive_value":"","pp_condition_post_type_archive_value":"","pp_condition_date_archive_value":"","pp_condition_author_archive_value":"","pp_condition_search_results_value":"","pp_condition_date_value":"2020-10-24 to 2020-10-30","pp_condition_date_time_before_value":"2020-10-30 13:48","pp_condition_time_value":"","pp_condition_day_value":"1","pp_condition_os_value":"iphone","pp_condition_browser_value":"ie","pp_condition_search-bot_value":"all_search_bots","_id":"f77cb68"}]},"elements":[{"id":"4bf97a93","settings":{"_column_size":"50","_inline_size":"55","content_position":"center","border_width":{"unit":"px","top":"0","right":"1","bottom":"0","left":"0","isLinked":""},"border_color":"#000000","padding":{"unit":"%","top":"10","right":"0","bottom":"10","left":"0","isLinked":""},"_inline_size_tablet":"100","background_background":"classic","background_position":"center center","background_repeat":"no-repeat","background_size":"cover","border_width_tablet":{"unit":"px","top":"0","right":"0","bottom":"0","left":"0","isLinked":"1"},"margin":{"unit":"%","top":"","right":"","bottom":"","left":"","isLinked":"1"},"padding_tablet":{"unit":"%","top":"5","right":"0","bottom":"10","left":"0","isLinked":""},"margin_mobile":{"unit":"%","top":"","right":"","bottom":"","left":"","isLinked":"1"},"padding_mobile":{"unit":"px","top":"0","right":"0","bottom":"0","left":"0","isLinked":"1"}},"elements":[{"id":"42c87806","settings":{"video_type":"hosted","youtube_url":"https:\/\/www.youtube.com\/watch?v=XHOmBV4js_E","vimeo_url":"https:\/\/vimeo.com\/235215203","dailymotion_url":"https:\/\/www.dailymotion.com\/video\/x6tqhqb","hosted_url":{"id":855,"url":"http:\/\/library.elementor.com\/wp-content\/uploads\/2020\/10\/hiphop.mp4"},"autoplay":"yes","play_on_mobile":"yes","mute":"yes","loop":"yes","controls":"","aspect_ratio":"43","_border_width_tablet":{"unit":"px","top":"0","right":"0","bottom":"1","left":"0","isLinked":""},"image_overlay":{"id":"308","url":"http:\/\/library.elementor.com\/wp-content\/uploads\/2020\/07\/placeholder-2.png"},"poster":{"id":856,"url":"http:\/\/library.elementor.com\/wp-content\/uploads\/2020\/10\/class1.jpg"},"pp_display_conditions":[{"pp_condition_key":"authentication","pp_condition_operator":"is","pp_condition_authentication_value":"authenticated","pp_condition_user_value":"","pp_condition_role_value":"subscriber","pp_condition_page_value":"","pp_condition_post_value":"","pp_condition_static_page_value":"home","pp_condition_post_type_value":"","pp_condition_taxonomy_archive_value":"","pp_condition_term_archive_value":"","pp_condition_post_type_archive_value":"","pp_condition_date_archive_value":"","pp_condition_author_archive_value":"","pp_condition_search_results_value":"","pp_condition_date_value":"2020-10-24 to 2020-10-30","pp_condition_date_time_before_value":"2020-10-30 13:48","pp_condition_time_value":"","pp_condition_day_value":"1","pp_condition_os_value":"iphone","pp_condition_browser_value":"ie","pp_condition_search-bot_value":"all_search_bots","_id":"b63768b"}]},"elements":[],"isInner":false,"widgetType":"video","elType":"widget"}],"isInner":"","elType":"column"},{"id":"62d8513c","settings":{"_column_size":"50","_inline_size":"45.008","content_position":"center","space_between_widgets":"40","padding":{"unit":"%","top":"0","right":"15","bottom":"0","left":"15","isLinked":""},"_inline_size_tablet":"100","border_width_tablet":{"unit":"px","top":"0","right":"0","bottom":"0","left":"0","isLinked":"1"},"border_color":"#000000","margin_tablet":{"unit":"%","top":"","right":"","bottom":"","left":"","isLinked":"1"},"padding_tablet":{"unit":"%","top":"25","right":"5","bottom":"5","left":"5","isLinked":""},"padding_mobile":{"unit":"%","top":"20","right":"0","bottom":"20","left":"0","isLinked":""},"margin_mobile":{"unit":"%","top":"","right":"","bottom":"","left":"","isLinked":"1"}},"elements":[{"id":"61558c2b","settings":{"title":"Hip Hop","title_color":"#000000","typography_typography":"custom","typography_font_family":"Fahkwang","typography_font_size":{"unit":"px","size":"30","sizes":[]},"typography_font_weight":"600","typography_text_transform":"capitalize","typography_line_height":{"unit":"em","size":"1","sizes":[]},"align_tablet":"center","typography_font_size_tablet":{"unit":"px","size":"45","sizes":[]},"typography_font_size_mobile":{"unit":"px","size":"30","sizes":[]},"header_size":"h3","pp_display_conditions":[{"pp_condition_key":"authentication","pp_condition_operator":"is","pp_condition_authentication_value":"authenticated","pp_condition_user_value":"","pp_condition_role_value":"subscriber","pp_condition_page_value":"","pp_condition_post_value":"","pp_condition_static_page_value":"home","pp_condition_post_type_value":"","pp_condition_taxonomy_archive_value":"","pp_condition_term_archive_value":"","pp_condition_post_type_archive_value":"","pp_condition_date_archive_value":"","pp_condition_author_archive_value":"","pp_condition_search_results_value":"","pp_condition_date_value":"2020-10-24 to 2020-10-30","pp_condition_date_time_before_value":"2020-10-30 13:48","pp_condition_time_value":"","pp_condition_day_value":"1","pp_condition_os_value":"iphone","pp_condition_browser_value":"ie","pp_condition_search-bot_value":"all_search_bots","_id":"a687435"}]},"elements":[],"isInner":false,"widgetType":"heading","elType":"widget"},{"id":"332c0447","settings":{"editor":"Lorem ipsum dolor sit amet, consectetur adipisicing elit, sed do eiusmod tempor incididunt ut labore et dolore magna aliqua. Ut enim ad minim veniam, quis nostrud exercitation ullamco laboris nisi ut aliquip ex ea commodo consequat.","text_color":"#000000","typography_typography":"custom","typography_font_family":"Roboto","typography_font_size":{"unit":"px","size":"16","sizes":[]},"typography_font_weight":"400","typography_line_height":{"unit":"em","size":"1.4","sizes":[]},"align_tablet":"center","pp_display_conditions":[{"pp_condition_key":"authentication","pp_condition_operator":"is","pp_condition_authentication_value":"authenticated","pp_condition_user_value":"","pp_condition_role_value":"subscriber","pp_condition_page_value":"","pp_condition_post_value":"","pp_condition_static_page_value":"home","pp_condition_post_type_value":"","pp_condition_taxonomy_archive_value":"","pp_condition_term_archive_value":"","pp_condition_post_type_archive_value":"","pp_condition_date_archive_value":"","pp_condition_author_archive_value":"","pp_condition_search_results_value":"","pp_condition_date_value":"2020-10-24 to 2020-10-30","pp_condition_date_time_before_value":"2020-10-30 13:48","pp_condition_time_value":"","pp_condition_day_value":"1","pp_condition_os_value":"iphone","pp_condition_browser_value":"ie","pp_condition_search-bot_value":"all_search_bots","_id":"09979a3"}]},"elements":[],"isInner":false,"widgetType":"text-editor","elType":"widget"},{"id":"604a1015","settings":{"editor":"Instructors: Peter Price, Amber Willis, Samuel White","text_color":"#000000","typography_typography":"custom","typography_font_family":"Roboto","typography_font_size":{"unit":"px","size":"16","sizes":[]},"typography_font_weight":"400","typography_line_height":{"unit":"em","size":"1.4","sizes":[]},"align_tablet":"center","pp_display_conditions":[{"pp_condition_key":"authentication","pp_condition_operator":"is","pp_condition_authentication_value":"authenticated","pp_condition_user_value":"","pp_condition_role_value":"subscriber","pp_condition_page_value":"","pp_condition_post_value":"","pp_condition_static_page_value":"home","pp_condition_post_type_value":"","pp_condition_taxonomy_archive_value":"","pp_condition_term_archive_value":"","pp_condition_post_type_archive_value":"","pp_condition_date_archive_value":"","pp_condition_author_archive_value":"","pp_condition_search_results_value":"","pp_condition_date_value":"2020-10-24 to 2020-10-30","pp_condition_date_time_before_value":"2020-10-30 13:48","pp_condition_time_value":"","pp_condition_day_value":"1","pp_condition_os_value":"iphone","pp_condition_browser_value":"ie","pp_condition_search-bot_value":"all_search_bots","_id":"bbd03a2"}]},"elements":[],"isInner":false,"widgetType":"text-editor","elType":"widget"}],"isInner":"","elType":"column"}],"isInner":"","elType":"section"},{"id":"658627d3","settings":{"height":"min-height","custom_height":{"unit":"px","size":"700","sizes":[]},"column_position":"stretch","structure":"20","border_border":"solid","border_width":{"unit":"px","top":"0","right":"0","bottom":"1","left":"0","isLinked":""},"border_color":"#000000","margin":{"unit":"%","top":"","right":"0","bottom":"","left":"0","isLinked":"1"},"padding":{"unit":"%","top":"0","right":"0","bottom":"0","left":"5","isLinked":""},"padding_tablet":{"unit":"%","top":"0","right":"5","bottom":"0","left":"5","isLinked":""},"border_width_mobile":{"unit":"px","top":"1","right":"0","bottom":"0","left":"0","isLinked":""},"margin_tablet":{"unit":"%","top":"5","right":"0","bottom":"0","left":"0","isLinked":""},"margin_mobile":{"unit":"%","top":"20","right":"0","bottom":"0","left":"0","isLinked":""},"content_width":{"unit":"px","size":"1180","sizes":[]},"_timestamp_":"v1R3BjMjVnNTZwRTgwWHBPUlA5UUxZUT09","pp_display_conditions":[{"pp_condition_key":"authentication","pp_condition_operator":"is","pp_condition_authentication_value":"authenticated","pp_condition_user_value":"","pp_condition_role_value":"subscriber","pp_condition_page_value":"","pp_condition_post_value":"","pp_condition_static_page_value":"home","pp_condition_post_type_value":"","pp_condition_taxonomy_archive_value":"","pp_condition_term_archive_value":"","pp_condition_post_type_archive_value":"","pp_condition_date_archive_value":"","pp_condition_author_archive_value":"","pp_condition_search_results_value":"","pp_condition_date_value":"2020-10-24 to 2020-10-30","pp_condition_date_time_before_value":"2020-10-30 13:48","pp_condition_time_value":"","pp_condition_day_value":"1","pp_condition_os_value":"iphone","pp_condition_browser_value":"ie","pp_condition_search-bot_value":"all_search_bots","_id":"6f0b67d"}]},"elements":[{"id":"49208682","settings":{"_column_size":"50","_inline_size":"45.008","content_position":"center","space_between_widgets":"40","padding":{"unit":"%","top":"0","right":"30","bottom":"0","left":"0","isLinked":""},"_inline_size_tablet":"100","border_width_tablet":{"unit":"px","top":"0","right":"0","bottom":"0","left":"0","isLinked":"1"},"border_color":"#000000","margin_tablet":{"unit":"%","top":"","right":"","bottom":"","left":"","isLinked":"1"},"padding_tablet":{"unit":"%","top":"5","right":"5","bottom":"5","left":"5","isLinked":""},"padding_mobile":{"unit":"%","top":"20","right":"0","bottom":"20","left":"0","isLinked":""},"margin_mobile":{"unit":"%","top":"","right":"","bottom":"","left":"","isLinked":"1"}},"elements":[{"id":"4c539afd","settings":{"title":"Lyrical Dance","title_color":"#000000","typography_typography":"custom","typography_font_family":"Fahkwang","typography_font_size":{"unit":"px","size":"30","sizes":[]},"typography_font_weight":"600","typography_text_transform":"capitalize","typography_line_height":{"unit":"em","size":"1","sizes":[]},"align_tablet":"center","typography_font_size_tablet":{"unit":"px","size":"45","sizes":[]},"typography_font_size_mobile":{"unit":"px","size":"30","sizes":[]},"header_size":"h3","pp_display_conditions":[{"pp_condition_key":"authentication","pp_condition_operator":"is","pp_condition_authentication_value":"authenticated","pp_condition_user_value":"","pp_condition_role_value":"subscriber","pp_condition_page_value":"","pp_condition_post_value":"","pp_condition_static_page_value":"home","pp_condition_post_type_value":"","pp_condition_taxonomy_archive_value":"","pp_condition_term_archive_value":"","pp_condition_post_type_archive_value":"","pp_condition_date_archive_value":"","pp_condition_author_archive_value":"","pp_condition_search_results_value":"","pp_condition_date_value":"2020-10-24 to 2020-10-30","pp_condition_date_time_before_value":"2020-10-30 13:48","pp_condition_time_value":"","pp_condition_day_value":"1","pp_condition_os_value":"iphone","pp_condition_browser_value":"ie","pp_condition_search-bot_value":"all_search_bots","_id":"8f0cbbe"}]},"elements":[],"isInner":false,"widgetType":"heading","elType":"widget"},{"id":"6074f0b4","settings":{"editor":"Lorem ipsum dolor sit amet, consectetur adipisicing elit, sed do eiusmod tempor incididunt ut labore et dolore magna aliqua. Ut enim ad minim veniam, quis nostrud exercitation ullamco laboris nisi ut aliquip ex ea commodo consequat.","text_color":"#000000","typography_typography":"custom","typography_font_family":"Roboto","typography_font_size":{"unit":"px","size":"16","sizes":[]},"typography_font_weight":"400","typography_line_height":{"unit":"em","size":"1.4","sizes":[]},"align_tablet":"center","pp_display_conditions":[{"pp_condition_key":"authentication","pp_condition_operator":"is","pp_condition_authentication_value":"authenticated","pp_condition_user_value":"","pp_condition_role_value":"subscriber","pp_condition_page_value":"","pp_condition_post_value":"","pp_condition_static_page_value":"home","pp_condition_post_type_value":"","pp_condition_taxonomy_archive_value":"","pp_condition_term_archive_value":"","pp_condition_post_type_archive_value":"","pp_condition_date_archive_value":"","pp_condition_author_archive_value":"","pp_condition_search_results_value":"","pp_condition_date_value":"2020-10-24 to 2020-10-30","pp_condition_date_time_before_value":"2020-10-30 13:48","pp_condition_time_value":"","pp_condition_day_value":"1","pp_condition_os_value":"iphone","pp_condition_browser_value":"ie","pp_condition_search-bot_value":"all_search_bots","_id":"7fb48ab"}]},"elements":[],"isInner":false,"widgetType":"text-editor","elType":"widget"},{"id":"1d971950","settings":{"editor":"Instructors: Peter Price, Amber Willis, Samuel White","text_color":"#000000","typography_typography":"custom","typography_font_family":"Roboto","typography_font_size":{"unit":"px","size":"16","sizes":[]},"typography_font_weight":"400","typography_line_height":{"unit":"em","size":"1.4","sizes":[]},"align_tablet":"center","pp_display_conditions":[{"pp_condition_key":"authentication","pp_condition_operator":"is","pp_condition_authentication_value":"authenticated","pp_condition_user_value":"","pp_condition_role_value":"subscriber","pp_condition_page_value":"","pp_condition_post_value":"","pp_condition_static_page_value":"home","pp_condition_post_type_value":"","pp_condition_taxonomy_archive_value":"","pp_condition_term_archive_value":"","pp_condition_post_type_archive_value":"","pp_condition_date_archive_value":"","pp_condition_author_archive_value":"","pp_condition_search_results_value":"","pp_condition_date_value":"2020-10-24 to 2020-10-30","pp_condition_date_time_before_value":"2020-10-30 13:48","pp_condition_time_value":"","pp_condition_day_value":"1","pp_condition_os_value":"iphone","pp_condition_browser_value":"ie","pp_condition_search-bot_value":"all_search_bots","_id":"a975f0b"}]},"elements":[],"isInner":false,"widgetType":"text-editor","elType":"widget"}],"isInner":"","elType":"column"},{"id":"7399c507","settings":{"_column_size":"50","_inline_size":"55","content_position":"center","border_width":{"unit":"px","top":"0","right":"1","bottom":"0","left":"0","isLinked":""},"border_color":"#000000","padding":{"unit":"%","top":"10","right":"0","bottom":"10","left":"0","isLinked":""},"_inline_size_tablet":"100","background_background":"classic","background_position":"center center","background_repeat":"no-repeat","background_size":"cover","border_width_tablet":{"unit":"px","top":"0","right":"0","bottom":"0","left":"0","isLinked":"1"},"margin":{"unit":"%","top":"","right":"","bottom":"","left":"","isLinked":"1"},"padding_tablet":{"unit":"%","top":"5","right":"0","bottom":"10","left":"0","isLinked":""},"margin_mobile":{"unit":"%","top":"","right":"","bottom":"","left":"","isLinked":"1"},"padding_mobile":{"unit":"px","top":"0","right":"0","bottom":"0","left":"0","isLinked":"1"}},"elements":[{"id":"500afbd4","settings":{"image":{"id":857,"url":"http:\/\/library.elementor.com\/wp-content\/uploads\/2020\/10\/Class-2.png"},"image_size":"full","align":"center","align_tablet":"center","_border_width_tablet":{"unit":"px","top":"0","right":"0","bottom":"1","left":"0","isLinked":""},"pp_display_conditions":[{"pp_condition_key":"authentication","pp_condition_operator":"is","pp_condition_authentication_value":"authenticated","pp_condition_user_value":"","pp_condition_role_value":"subscriber","pp_condition_page_value":"","pp_condition_post_value":"","pp_condition_static_page_value":"home","pp_condition_post_type_value":"","pp_condition_taxonomy_archive_value":"","pp_condition_term_archive_value":"","pp_condition_post_type_archive_value":"","pp_condition_date_archive_value":"","pp_condition_author_archive_value":"","pp_condition_search_results_value":"","pp_condition_date_value":"2020-10-24 to 2020-10-30","pp_condition_date_time_before_value":"2020-10-30 13:48","pp_condition_time_value":"","pp_condition_day_value":"1","pp_condition_os_value":"iphone","pp_condition_browser_value":"ie","pp_condition_search-bot_value":"all_search_bots","_id":"2efafdf"}]},"elements":[],"isInner":false,"widgetType":"image","elType":"widget"}],"isInner":"","elType":"column"}],"isInner":"","elType":"section"},{"id":"2a628fc1","settings":{"height":"min-height","custom_height":{"unit":"px","size":"700","sizes":[]},"column_position":"stretch","structure":"20","border_border":"solid","border_width":{"unit":"px","top":"0","right":"0","bottom":"1","left":"0","isLinked":""},"border_color":"#000000","margin":{"unit":"%","top":"","right":"0","bottom":"","left":"0","isLinked":"1"},"padding":{"unit":"%","top":"0","right":"0","bottom":"0","left":"5","isLinked":""},"padding_tablet":{"unit":"%","top":"0","right":"5","bottom":"0","left":"5","isLinked":""},"border_width_mobile":{"unit":"px","top":"1","right":"0","bottom":"0","left":"0","isLinked":""},"margin_tablet":{"unit":"%","top":"0","right":"0","bottom":"0","left":"0","isLinked":""},"margin_mobile":{"unit":"%","top":"20","right":"0","bottom":"0","left":"0","isLinked":""},"reverse_order_tablet":"reverse-tablet","reverse_order_mobile":"reverse-mobile","content_width":{"unit":"px","size":"1180","sizes":[]},"_timestamp_":"v1R3BjMjVnNTZwRTgwWHBPUlA5UUxZUT09","pp_display_conditions":[{"pp_condition_key":"authentication","pp_condition_operator":"is","pp_condition_authentication_value":"authenticated","pp_condition_user_value":"","pp_condition_role_value":"subscriber","pp_condition_page_value":"","pp_condition_post_value":"","pp_condition_static_page_value":"home","pp_condition_post_type_value":"","pp_condition_taxonomy_archive_value":"","pp_condition_term_archive_value":"","pp_condition_post_type_archive_value":"","pp_condition_date_archive_value":"","pp_condition_author_archive_value":"","pp_condition_search_results_value":"","pp_condition_date_value":"2020-10-24 to 2020-10-30","pp_condition_date_time_before_value":"2020-10-30 13:48","pp_condition_time_value":"","pp_condition_day_value":"1","pp_condition_os_value":"iphone","pp_condition_browser_value":"ie","pp_condition_search-bot_value":"all_search_bots","_id":"bd747ae"}]},"elements":[{"id":"3277a680","settings":{"_column_size":"50","_inline_size":"55","content_position":"center","border_width":{"unit":"px","top":"0","right":"1","bottom":"0","left":"0","isLinked":""},"border_color":"#000000","padding":{"unit":"%","top":"10","right":"0","bottom":"10","left":"0","isLinked":""},"_inline_size_tablet":"100","background_background":"classic","background_position":"center center","background_repeat":"no-repeat","background_size":"cover","border_width_tablet":{"unit":"px","top":"0","right":"0","bottom":"0","left":"0","isLinked":"1"},"margin":{"unit":"%","top":"","right":"","bottom":"","left":"","isLinked":"1"},"padding_tablet":{"unit":"%","top":"5","right":"0","bottom":"10","left":"0","isLinked":""},"margin_mobile":{"unit":"%","top":"","right":"","bottom":"","left":"","isLinked":"1"},"padding_mobile":{"unit":"px","top":"0","right":"0","bottom":"0","left":"0","isLinked":"1"}},"elements":[{"id":"44c89ea0","settings":{"video_type":"hosted","youtube_url":"https:\/\/www.youtube.com\/watch?v=XHOmBV4js_E","vimeo_url":"https:\/\/vimeo.com\/235215203","dailymotion_url":"https:\/\/www.dailymotion.com\/video\/x6tqhqb","hosted_url":{"id":858,"url":"http:\/\/library.elementor.com\/wp-content\/uploads\/2020\/10\/Modern_Ballet.mp4"},"autoplay":"yes","play_on_mobile":"yes","mute":"yes","loop":"yes","controls":"","aspect_ratio":"43","_border_width_tablet":{"unit":"px","top":"0","right":"0","bottom":"1","left":"0","isLinked":""},"image_overlay":{"id":"308","url":"http:\/\/library.elementor.com\/wp-content\/uploads\/2020\/07\/placeholder-2.png"},"poster":{"id":859,"url":"http:\/\/library.elementor.com\/wp-content\/uploads\/2020\/10\/class2.jpg"},"pp_display_conditions":[{"pp_condition_key":"authentication","pp_condition_operator":"is","pp_condition_authentication_value":"authenticated","pp_condition_user_value":"","pp_condition_role_value":"subscriber","pp_condition_page_value":"","pp_condition_post_value":"","pp_condition_static_page_value":"home","pp_condition_post_type_value":"","pp_condition_taxonomy_archive_value":"","pp_condition_term_archive_value":"","pp_condition_post_type_archive_value":"","pp_condition_date_archive_value":"","pp_condition_author_archive_value":"","pp_condition_search_results_value":"","pp_condition_date_value":"2020-10-24 to 2020-10-30","pp_condition_date_time_before_value":"2020-10-30 13:48","pp_condition_time_value":"","pp_condition_day_value":"1","pp_condition_os_value":"iphone","pp_condition_browser_value":"ie","pp_condition_search-bot_value":"all_search_bots","_id":"65500fd"}]},"elements":[],"isInner":false,"widgetType":"video","elType":"widget"}],"isInner":"","elType":"column"},{"id":"691d3066","settings":{"_column_size":"50","_inline_size":"45.008","content_position":"center","space_between_widgets":"40","padding":{"unit":"%","top":"0","right":"15","bottom":"0","left":"15","isLinked":""},"_inline_size_tablet":"100","border_width_tablet":{"unit":"px","top":"0","right":"0","bottom":"0","left":"0","isLinked":"1"},"border_color":"#000000","margin_tablet":{"unit":"%","top":"","right":"","bottom":"","left":"","isLinked":"1"},"padding_tablet":{"unit":"%","top":"10","right":"5","bottom":"5","left":"5","isLinked":""},"padding_mobile":{"unit":"%","top":"20","right":"0","bottom":"20","left":"0","isLinked":""},"margin_mobile":{"unit":"%","top":"","right":"","bottom":"","left":"","isLinked":"1"}},"elements":[{"id":"215a3bf9","settings":{"title":"Modern Ballet","title_color":"#000000","typography_typography":"custom","typography_font_family":"Fahkwang","typography_font_size":{"unit":"px","size":"30","sizes":[]},"typography_font_weight":"600","typography_text_transform":"capitalize","typography_line_height":{"unit":"em","size":"1","sizes":[]},"align_tablet":"center","typography_font_size_tablet":{"unit":"px","size":"45","sizes":[]},"typography_font_size_mobile":{"unit":"px","size":"30","sizes":[]},"header_size":"h3","pp_display_conditions":[{"pp_condition_key":"authentication","pp_condition_operator":"is","pp_condition_authentication_value":"authenticated","pp_condition_user_value":"","pp_condition_role_value":"subscriber","pp_condition_page_value":"","pp_condition_post_value":"","pp_condition_static_page_value":"home","pp_condition_post_type_value":"","pp_condition_taxonomy_archive_value":"","pp_condition_term_archive_value":"","pp_condition_post_type_archive_value":"","pp_condition_date_archive_value":"","pp_condition_author_archive_value":"","pp_condition_search_results_value":"","pp_condition_date_value":"2020-10-24 to 2020-10-30","pp_condition_date_time_before_value":"2020-10-30 13:48","pp_condition_time_value":"","pp_condition_day_value":"1","pp_condition_os_value":"iphone","pp_condition_browser_value":"ie","pp_condition_search-bot_value":"all_search_bots","_id":"d4e648a"}]},"elements":[],"isInner":false,"widgetType":"heading","elType":"widget"},{"id":"24c7b741","settings":{"editor":"Lorem ipsum dolor sit amet, consectetur adipisicing elit, sed do eiusmod tempor incididunt ut labore et dolore magna aliqua. Ut enim ad minim veniam, quis nostrud exercitation ullamco laboris nisi ut aliquip ex ea commodo consequat.","text_color":"#000000","typography_typography":"custom","typography_font_family":"Roboto","typography_font_size":{"unit":"px","size":"16","sizes":[]},"typography_font_weight":"400","typography_line_height":{"unit":"em","size":"1.4","sizes":[]},"align_tablet":"center","pp_display_conditions":[{"pp_condition_key":"authentication","pp_condition_operator":"is","pp_condition_authentication_value":"authenticated","pp_condition_user_value":"","pp_condition_role_value":"subscriber","pp_condition_page_value":"","pp_condition_post_value":"","pp_condition_static_page_value":"home","pp_condition_post_type_value":"","pp_condition_taxonomy_archive_value":"","pp_condition_term_archive_value":"","pp_condition_post_type_archive_value":"","pp_condition_date_archive_value":"","pp_condition_author_archive_value":"","pp_condition_search_results_value":"","pp_condition_date_value":"2020-10-24 to 2020-10-30","pp_condition_date_time_before_value":"2020-10-30 13:48","pp_condition_time_value":"","pp_condition_day_value":"1","pp_condition_os_value":"iphone","pp_condition_browser_value":"ie","pp_condition_search-bot_value":"all_search_bots","_id":"f4689a8"}]},"elements":[],"isInner":false,"widgetType":"text-editor","elType":"widget"},{"id":"79e6397f","settings":{"editor":"Instructors: Peter Price, Amber Willis, Samuel White","text_color":"#000000","typography_typography":"custom","typography_font_family":"Roboto","typography_font_size":{"unit":"px","size":"16","sizes":[]},"typography_font_weight":"400","typography_line_height":{"unit":"em","size":"1.4","sizes":[]},"align_tablet":"center","pp_display_conditions":[{"pp_condition_key":"authentication","pp_condition_operator":"is","pp_condition_authentication_value":"authenticated","pp_condition_user_value":"","pp_condition_role_value":"subscriber","pp_condition_page_value":"","pp_condition_post_value":"","pp_condition_static_page_value":"home","pp_condition_post_type_value":"","pp_condition_taxonomy_archive_value":"","pp_condition_term_archive_value":"","pp_condition_post_type_archive_value":"","pp_condition_date_archive_value":"","pp_condition_author_archive_value":"","pp_condition_search_results_value":"","pp_condition_date_value":"2020-10-24 to 2020-10-30","pp_condition_date_time_before_value":"2020-10-30 13:48","pp_condition_time_value":"","pp_condition_day_value":"1","pp_condition_os_value":"iphone","pp_condition_browser_value":"ie","pp_condition_search-bot_value":"all_search_bots","_id":"3faca63"}]},"elements":[],"isInner":false,"widgetType":"text-editor","elType":"widget"}],"isInner":"","elType":"column"}],"isInner":"","elType":"section"},{"id":"37ece850","settings":{"height":"min-height","custom_height":{"unit":"px","size":"700","sizes":[]},"column_position":"stretch","structure":"20","border_border":"solid","border_width":{"unit":"px","top":"0","right":"0","bottom":"1","left":"0","isLinked":""},"border_color":"#000000","margin":{"unit":"%","top":"","right":"0","bottom":"","left":"0","isLinked":"1"},"padding":{"unit":"%","top":"0","right":"0","bottom":"0","left":"5","isLinked":""},"padding_tablet":{"unit":"%","top":"0","right":"5","bottom":"0","left":"5","isLinked":""},"border_width_mobile":{"unit":"px","top":"1","right":"0","bottom":"0","left":"0","isLinked":""},"margin_tablet":{"unit":"%","top":"0","right":"0","bottom":"0","left":"0","isLinked":""},"margin_mobile":{"unit":"%","top":"20","right":"0","bottom":"0","left":"0","isLinked":""},"content_width":{"unit":"px","size":"1180","sizes":[]},"_timestamp_":"v1R3BjMjVnNTZwRTgwWHBPUlA5UUxZUT09","pp_display_conditions":[{"pp_condition_key":"authentication","pp_condition_operator":"is","pp_condition_authentication_value":"authenticated","pp_condition_user_value":"","pp_condition_role_value":"subscriber","pp_condition_page_value":"","pp_condition_post_value":"","pp_condition_static_page_value":"home","pp_condition_post_type_value":"","pp_condition_taxonomy_archive_value":"","pp_condition_term_archive_value":"","pp_condition_post_type_archive_value":"","pp_condition_date_archive_value":"","pp_condition_author_archive_value":"","pp_condition_search_results_value":"","pp_condition_date_value":"2020-10-24 to 2020-10-30","pp_condition_date_time_before_value":"2020-10-30 13:48","pp_condition_time_value":"","pp_condition_day_value":"1","pp_condition_os_value":"iphone","pp_condition_browser_value":"ie","pp_condition_search-bot_value":"all_search_bots","_id":"76ee4a8"}]},"elements":[{"id":"57bc96de","settings":{"_column_size":"50","_inline_size":"45.008","content_position":"center","space_between_widgets":"40","padding":{"unit":"%","top":"0","right":"30","bottom":"0","left":"0","isLinked":""},"_inline_size_tablet":"100","border_width_tablet":{"unit":"px","top":"0","right":"0","bottom":"0","left":"0","isLinked":"1"},"border_color":"#000000","margin_tablet":{"unit":"%","top":"","right":"","bottom":"","left":"","isLinked":"1"},"padding_tablet":{"unit":"%","top":"10","right":"5","bottom":"5","left":"5","isLinked":""},"padding_mobile":{"unit":"%","top":"20","right":"0","bottom":"20","left":"0","isLinked":""},"margin_mobile":{"unit":"%","top":"","right":"","bottom":"","left":"","isLinked":"1"}},"elements":[{"id":"71a43fb8","settings":{"title":"Acrobatic Dance ","title_color":"#000000","typography_typography":"custom","typography_font_family":"Fahkwang","typography_font_size":{"unit":"px","size":"30","sizes":[]},"typography_font_weight":"600","typography_text_transform":"capitalize","typography_line_height":{"unit":"em","size":"1","sizes":[]},"align_tablet":"center","typography_font_size_tablet":{"unit":"px","size":"45","sizes":[]},"typography_font_size_mobile":{"unit":"px","size":"30","sizes":[]},"header_size":"h3","pp_display_conditions":[{"pp_condition_key":"authentication","pp_condition_operator":"is","pp_condition_authentication_value":"authenticated","pp_condition_user_value":"","pp_condition_role_value":"subscriber","pp_condition_page_value":"","pp_condition_post_value":"","pp_condition_static_page_value":"home","pp_condition_post_type_value":"","pp_condition_taxonomy_archive_value":"","pp_condition_term_archive_value":"","pp_condition_post_type_archive_value":"","pp_condition_date_archive_value":"","pp_condition_author_archive_value":"","pp_condition_search_results_value":"","pp_condition_date_value":"2020-10-24 to 2020-10-30","pp_condition_date_time_before_value":"2020-10-30 13:48","pp_condition_time_value":"","pp_condition_day_value":"1","pp_condition_os_value":"iphone","pp_condition_browser_value":"ie","pp_condition_search-bot_value":"all_search_bots","_id":"1f0c775"}]},"elements":[],"isInner":false,"widgetType":"heading","elType":"widget"},{"id":"24db8951","settings":{"editor":"Lorem ipsum dolor sit amet, consectetur adipisicing elit, sed do eiusmod tempor incididunt ut labore et dolore magna aliqua. Ut enim ad minim veniam, quis nostrud exercitation ullamco laboris nisi ut aliquip ex ea commodo consequat.","text_color":"#000000","typography_typography":"custom","typography_font_family":"Roboto","typography_font_size":{"unit":"px","size":"16","sizes":[]},"typography_font_weight":"400","typography_line_height":{"unit":"em","size":"1.4","sizes":[]},"align_tablet":"center","pp_display_conditions":[{"pp_condition_key":"authentication","pp_condition_operator":"is","pp_condition_authentication_value":"authenticated","pp_condition_user_value":"","pp_condition_role_value":"subscriber","pp_condition_page_value":"","pp_condition_post_value":"","pp_condition_static_page_value":"home","pp_condition_post_type_value":"","pp_condition_taxonomy_archive_value":"","pp_condition_term_archive_value":"","pp_condition_post_type_archive_value":"","pp_condition_date_archive_value":"","pp_condition_author_archive_value":"","pp_condition_search_results_value":"","pp_condition_date_value":"2020-10-24 to 2020-10-30","pp_condition_date_time_before_value":"2020-10-30 13:48","pp_condition_time_value":"","pp_condition_day_value":"1","pp_condition_os_value":"iphone","pp_condition_browser_value":"ie","pp_condition_search-bot_value":"all_search_bots","_id":"7e74c6d"}]},"elements":[],"isInner":false,"widgetType":"text-editor","elType":"widget"},{"id":"15295bc2","settings":{"editor":"Instructors: Peter Price, Amber Willis, Samuel White","text_color":"#000000","typography_typography":"custom","typography_font_family":"Roboto","typography_font_size":{"unit":"px","size":"16","sizes":[]},"typography_font_weight":"400","typography_line_height":{"unit":"em","size":"1.4","sizes":[]},"align_tablet":"center","pp_display_conditions":[{"pp_condition_key":"authentication","pp_condition_operator":"is","pp_condition_authentication_value":"authenticated","pp_condition_user_value":"","pp_condition_role_value":"subscriber","pp_condition_page_value":"","pp_condition_post_value":"","pp_condition_static_page_value":"home","pp_condition_post_type_value":"","pp_condition_taxonomy_archive_value":"","pp_condition_term_archive_value":"","pp_condition_post_type_archive_value":"","pp_condition_date_archive_value":"","pp_condition_author_archive_value":"","pp_condition_search_results_value":"","pp_condition_date_value":"2020-10-24 to 2020-10-30","pp_condition_date_time_before_value":"2020-10-30 13:48","pp_condition_time_value":"","pp_condition_day_value":"1","pp_condition_os_value":"iphone","pp_condition_browser_value":"ie","pp_condition_search-bot_value":"all_search_bots","_id":"a1f2bd8"}]},"elements":[],"isInner":false,"widgetType":"text-editor","elType":"widget"}],"isInner":"","elType":"column"},{"id":"f6b8121","settings":{"_column_size":"50","_inline_size":"55","content_position":"center","border_width":{"unit":"px","top":"0","right":"1","bottom":"0","left":"0","isLinked":""},"border_color":"#000000","padding":{"unit":"%","top":"10","right":"0","bottom":"10","left":"0","isLinked":""},"_inline_size_tablet":"100","background_background":"classic","background_position":"center center","background_repeat":"no-repeat","background_size":"cover","border_width_tablet":{"unit":"px","top":"0","right":"0","bottom":"0","left":"0","isLinked":"1"},"margin":{"unit":"%","top":"","right":"","bottom":"","left":"","isLinked":"1"},"padding_tablet":{"unit":"%","top":"5","right":"0","bottom":"10","left":"0","isLinked":""},"margin_mobile":{"unit":"%","top":"","right":"","bottom":"","left":"","isLinked":"1"},"padding_mobile":{"unit":"px","top":"0","right":"0","bottom":"0","left":"0","isLinked":"1"}},"elements":[{"id":"5cd94245","settings":{"image":{"id":860,"url":"http:\/\/library.elementor.com\/wp-content\/uploads\/2020\/10\/Class-4.png"},"image_size":"full","align":"center","align_tablet":"center","_border_width_tablet":{"unit":"px","top":"0","right":"0","bottom":"1","left":"0","isLinked":""},"pp_display_conditions":[{"pp_condition_key":"authentication","pp_condition_operator":"is","pp_condition_authentication_value":"authenticated","pp_condition_user_value":"","pp_condition_role_value":"subscriber","pp_condition_page_value":"","pp_condition_post_value":"","pp_condition_static_page_value":"home","pp_condition_post_type_value":"","pp_condition_taxonomy_archive_value":"","pp_condition_term_archive_value":"","pp_condition_post_type_archive_value":"","pp_condition_date_archive_value":"","pp_condition_author_archive_value":"","pp_condition_search_results_value":"","pp_condition_date_value":"2020-10-24 to 2020-10-30","pp_condition_date_time_before_value":"2020-10-30 13:48","pp_condition_time_value":"","pp_condition_day_value":"1","pp_condition_os_value":"iphone","pp_condition_browser_value":"ie","pp_condition_search-bot_value":"all_search_bots","_id":"92e35a9"}]},"elements":[],"isInner":false,"widgetType":"image","elType":"widget"}],"isInner":"","elType":"column"}],"isInner":"","elType":"section"},{"id":"7676d937","settings":{"height":"min-height","custom_height":{"unit":"px","size":"700","sizes":[]},"column_position":"stretch","structure":"20","border_border":"solid","border_width":{"unit":"px","top":"0","right":"0","bottom":"1","left":"0","isLinked":""},"border_color":"#000000","margin":{"unit":"%","top":"","right":"0","bottom":"","left":"0","isLinked":"1"},"padding":{"unit":"%","top":"0","right":"0","bottom":"0","left":"5","isLinked":""},"padding_tablet":{"unit":"%","top":"0","right":"5","bottom":"0","left":"5","isLinked":""},"border_width_mobile":{"unit":"px","top":"1","right":"0","bottom":"0","left":"0","isLinked":""},"margin_tablet":{"unit":"%","top":"0","right":"0","bottom":"0","left":"0","isLinked":""},"margin_mobile":{"unit":"%","top":"20","right":"0","bottom":"0","left":"0","isLinked":""},"content_width":{"unit":"px","size":"1180","sizes":[]},"reverse_order_tablet":"reverse-tablet","reverse_order_mobile":"reverse-mobile","_timestamp_":"v1R3BjMjVnNTZwRTgwWHBPUlA5UUxZUT09","pp_display_conditions":[{"pp_condition_key":"authentication","pp_condition_operator":"is","pp_condition_authentication_value":"authenticated","pp_condition_user_value":"","pp_condition_role_value":"subscriber","pp_condition_page_value":"","pp_condition_post_value":"","pp_condition_static_page_value":"home","pp_condition_post_type_value":"","pp_condition_taxonomy_archive_value":"","pp_condition_term_archive_value":"","pp_condition_post_type_archive_value":"","pp_condition_date_archive_value":"","pp_condition_author_archive_value":"","pp_condition_search_results_value":"","pp_condition_date_value":"2020-10-24 to 2020-10-30","pp_condition_date_time_before_value":"2020-10-30 13:48","pp_condition_time_value":"","pp_condition_day_value":"1","pp_condition_os_value":"iphone","pp_condition_browser_value":"ie","pp_condition_search-bot_value":"all_search_bots","_id":"774fb99"}]},"elements":[{"id":"78d12d0d","settings":{"_column_size":"50","_inline_size":"55","content_position":"center","border_width":{"unit":"px","top":"0","right":"1","bottom":"0","left":"0","isLinked":""},"border_color":"#000000","padding":{"unit":"%","top":"10","right":"0","bottom":"10","left":"0","isLinked":""},"_inline_size_tablet":"100","background_background":"classic","background_position":"center center","background_repeat":"no-repeat","background_size":"cover","border_width_tablet":{"unit":"px","top":"0","right":"0","bottom":"0","left":"0","isLinked":"1"},"margin":{"unit":"%","top":"","right":"","bottom":"","left":"","isLinked":"1"},"padding_tablet":{"unit":"%","top":"5","right":"0","bottom":"10","left":"0","isLinked":""},"margin_mobile":{"unit":"%","top":"","right":"","bottom":"","left":"","isLinked":"1"},"padding_mobile":{"unit":"px","top":"0","right":"0","bottom":"0","left":"0","isLinked":"1"}},"elements":[{"id":"65cc3c89","settings":{"video_type":"hosted","youtube_url":"https:\/\/www.youtube.com\/watch?v=XHOmBV4js_E","vimeo_url":"https:\/\/vimeo.com\/235215203","dailymotion_url":"https:\/\/www.dailymotion.com\/video\/x6tqhqb","hosted_url":{"id":861,"url":"http:\/\/library.elementor.com\/wp-content\/uploads\/2020\/10\/Contemporary.mp4"},"autoplay":"yes","play_on_mobile":"yes","mute":"yes","loop":"yes","controls":"","aspect_ratio":"43","_border_width_tablet":{"unit":"px","top":"0","right":"0","bottom":"1","left":"0","isLinked":""},"image_overlay":{"id":"308","url":"http:\/\/library.elementor.com\/wp-content\/uploads\/2020\/07\/placeholder-2.png"},"poster":{"id":862,"url":"http:\/\/library.elementor.com\/wp-content\/uploads\/2020\/10\/class3.jpg"},"pp_display_conditions":[{"pp_condition_key":"authentication","pp_condition_operator":"is","pp_condition_authentication_value":"authenticated","pp_condition_user_value":"","pp_condition_role_value":"subscriber","pp_condition_page_value":"","pp_condition_post_value":"","pp_condition_static_page_value":"home","pp_condition_post_type_value":"","pp_condition_taxonomy_archive_value":"","pp_condition_term_archive_value":"","pp_condition_post_type_archive_value":"","pp_condition_date_archive_value":"","pp_condition_author_archive_value":"","pp_condition_search_results_value":"","pp_condition_date_value":"2020-10-24 to 2020-10-30","pp_condition_date_time_before_value":"2020-10-30 13:48","pp_condition_time_value":"","pp_condition_day_value":"1","pp_condition_os_value":"iphone","pp_condition_browser_value":"ie","pp_condition_search-bot_value":"all_search_bots","_id":"4a01247"}]},"elements":[],"isInner":false,"widgetType":"video","elType":"widget"}],"isInner":"","elType":"column"},{"id":"371214b2","settings":{"_column_size":"50","_inline_size":"45.008","content_position":"center","space_between_widgets":"40","padding":{"unit":"%","top":"0","right":"15","bottom":"0","left":"15","isLinked":""},"_inline_size_tablet":"100","border_width_tablet":{"unit":"px","top":"0","right":"0","bottom":"0","left":"0","isLinked":"1"},"border_color":"#000000","margin_tablet":{"unit":"%","top":"","right":"","bottom":"","left":"","isLinked":"1"},"padding_tablet":{"unit":"%","top":"10","right":"5","bottom":"5","left":"5","isLinked":""},"padding_mobile":{"unit":"%","top":"20","right":"0","bottom":"20","left":"0","isLinked":""},"margin_mobile":{"unit":"%","top":"","right":"","bottom":"","left":"","isLinked":"1"}},"elements":[{"id":"4922fd42","settings":{"title":"Contemporary","title_color":"#000000","typography_typography":"custom","typography_font_family":"Fahkwang","typography_font_size":{"unit":"px","size":"30","sizes":[]},"typography_font_weight":"600","typography_text_transform":"capitalize","typography_line_height":{"unit":"em","size":"1","sizes":[]},"align_tablet":"center","typography_font_size_tablet":{"unit":"px","size":"45","sizes":[]},"typography_font_size_mobile":{"unit":"px","size":"30","sizes":[]},"header_size":"h3","pp_display_conditions":[{"pp_condition_key":"authentication","pp_condition_operator":"is","pp_condition_authentication_value":"authenticated","pp_condition_user_value":"","pp_condition_role_value":"subscriber","pp_condition_page_value":"","pp_condition_post_value":"","pp_condition_static_page_value":"home","pp_condition_post_type_value":"","pp_condition_taxonomy_archive_value":"","pp_condition_term_archive_value":"","pp_condition_post_type_archive_value":"","pp_condition_date_archive_value":"","pp_condition_author_archive_value":"","pp_condition_search_results_value":"","pp_condition_date_value":"2020-10-24 to 2020-10-30","pp_condition_date_time_before_value":"2020-10-30 13:48","pp_condition_time_value":"","pp_condition_day_value":"1","pp_condition_os_value":"iphone","pp_condition_browser_value":"ie","pp_condition_search-bot_value":"all_search_bots","_id":"ae76bdc"}]},"elements":[],"isInner":false,"widgetType":"heading","elType":"widget"},{"id":"4159ecc6","settings":{"editor":"Lorem ipsum dolor sit amet, consectetur adipisicing elit, sed do eiusmod tempor incididunt ut labore et dolore magna aliqua. Ut enim ad minim veniam, quis nostrud exercitation ullamco laboris nisi ut aliquip ex ea commodo consequat.","text_color":"#000000","typography_typography":"custom","typography_font_family":"Roboto","typography_font_size":{"unit":"px","size":"16","sizes":[]},"typography_font_weight":"400","typography_line_height":{"unit":"em","size":"1.4","sizes":[]},"align_tablet":"center","pp_display_conditions":[{"pp_condition_key":"authentication","pp_condition_operator":"is","pp_condition_authentication_value":"authenticated","pp_condition_user_value":"","pp_condition_role_value":"subscriber","pp_condition_page_value":"","pp_condition_post_value":"","pp_condition_static_page_value":"home","pp_condition_post_type_value":"","pp_condition_taxonomy_archive_value":"","pp_condition_term_archive_value":"","pp_condition_post_type_archive_value":"","pp_condition_date_archive_value":"","pp_condition_author_archive_value":"","pp_condition_search_results_value":"","pp_condition_date_value":"2020-10-24 to 2020-10-30","pp_condition_date_time_before_value":"2020-10-30 13:48","pp_condition_time_value":"","pp_condition_day_value":"1","pp_condition_os_value":"iphone","pp_condition_browser_value":"ie","pp_condition_search-bot_value":"all_search_bots","_id":"56d0bd6"}]},"elements":[],"isInner":false,"widgetType":"text-editor","elType":"widget"},{"id":"887c0cf","settings":{"editor":"Instructors: Peter Price, Amber Willis, Samuel White","text_color":"#000000","typography_typography":"custom","typography_font_family":"Roboto","typography_font_size":{"unit":"px","size":"16","sizes":[]},"typography_font_weight":"400","typography_line_height":{"unit":"em","size":"1.4","sizes":[]},"align_tablet":"center","pp_display_conditions":[{"pp_condition_key":"authentication","pp_condition_operator":"is","pp_condition_authentication_value":"authenticated","pp_condition_user_value":"","pp_condition_role_value":"subscriber","pp_condition_page_value":"","pp_condition_post_value":"","pp_condition_static_page_value":"home","pp_condition_post_type_value":"","pp_condition_taxonomy_archive_value":"","pp_condition_term_archive_value":"","pp_condition_post_type_archive_value":"","pp_condition_date_archive_value":"","pp_condition_author_archive_value":"","pp_condition_search_results_value":"","pp_condition_date_value":"2020-10-24 to 2020-10-30","pp_condition_date_time_before_value":"2020-10-30 13:48","pp_condition_time_value":"","pp_condition_day_value":"1","pp_condition_os_value":"iphone","pp_condition_browser_value":"ie","pp_condition_search-bot_value":"all_search_bots","_id":"e988282"}]},"elements":[],"isInner":false,"widgetType":"text-editor","elType":"widget"}],"isInner":"","elType":"column"}],"isInner":"","elType":"section"},{"id":"10b8dc1e","settings":{"height":"min-height","custom_height":{"unit":"px","size":"700","sizes":[]},"column_position":"stretch","structure":"20","border_border":"solid","border_width":{"unit":"px","top":"0","right":"0","bottom":"1","left":"0","isLinked":""},"border_color":"#000000","margin":{"unit":"%","top":"","right":"0","bottom":"","left":"0","isLinked":"1"},"padding":{"unit":"%","top":"0","right":"0","bottom":"0","left":"5","isLinked":""},"padding_tablet":{"unit":"%","top":"0","right":"5","bottom":"0","left":"5","isLinked":""},"border_width_mobile":{"unit":"px","top":"1","right":"0","bottom":"0","left":"0","isLinked":""},"margin_tablet":{"unit":"%","top":"0","right":"0","bottom":"0","left":"0","isLinked":""},"margin_mobile":{"unit":"%","top":"20","right":"0","bottom":"0","left":"0","isLinked":""},"content_width":{"unit":"px","size":"1180","sizes":[]},"_timestamp_":"v1R3BjMjVnNTZwRTgwWHBPUlA5UUxZUT09","pp_display_conditions":[{"pp_condition_key":"authentication","pp_condition_operator":"is","pp_condition_authentication_value":"authenticated","pp_condition_user_value":"","pp_condition_role_value":"subscriber","pp_condition_page_value":"","pp_condition_post_value":"","pp_condition_static_page_value":"home","pp_condition_post_type_value":"","pp_condition_taxonomy_archive_value":"","pp_condition_term_archive_value":"","pp_condition_post_type_archive_value":"","pp_condition_date_archive_value":"","pp_condition_author_archive_value":"","pp_condition_search_results_value":"","pp_condition_date_value":"2020-10-24 to 2020-10-30","pp_condition_date_time_before_value":"2020-10-30 13:48","pp_condition_time_value":"","pp_condition_day_value":"1","pp_condition_os_value":"iphone","pp_condition_browser_value":"ie","pp_condition_search-bot_value":"all_search_bots","_id":"18ce9b8"}]},"elements":[{"id":"3f375abb","settings":{"_column_size":"50","_inline_size":"45.008","content_position":"center","space_between_widgets":"40","padding":{"unit":"%","top":"0","right":"30","bottom":"0","left":"0","isLinked":""},"_inline_size_tablet":"100","border_width_tablet":{"unit":"px","top":"0","right":"0","bottom":"0","left":"0","isLinked":"1"},"border_color":"#000000","margin_tablet":{"unit":"%","top":"","right":"","bottom":"","left":"","isLinked":"1"},"padding_tablet":{"unit":"%","top":"10","right":"5","bottom":"5","left":"5","isLinked":""},"padding_mobile":{"unit":"%","top":"20","right":"0","bottom":"20","left":"0","isLinked":""},"margin_mobile":{"unit":"%","top":"","right":"","bottom":"","left":"","isLinked":"1"}},"elements":[{"id":"3ce91119","settings":{"title":"Breakdance","title_color":"#000000","typography_typography":"custom","typography_font_family":"Fahkwang","typography_font_size":{"unit":"px","size":"30","sizes":[]},"typography_font_weight":"600","typography_text_transform":"capitalize","typography_line_height":{"unit":"em","size":"1","sizes":[]},"align_tablet":"center","typography_font_size_tablet":{"unit":"px","size":"45","sizes":[]},"typography_font_size_mobile":{"unit":"px","size":"30","sizes":[]},"header_size":"h3","pp_display_conditions":[{"pp_condition_key":"authentication","pp_condition_operator":"is","pp_condition_authentication_value":"authenticated","pp_condition_user_value":"","pp_condition_role_value":"subscriber","pp_condition_page_value":"","pp_condition_post_value":"","pp_condition_static_page_value":"home","pp_condition_post_type_value":"","pp_condition_taxonomy_archive_value":"","pp_condition_term_archive_value":"","pp_condition_post_type_archive_value":"","pp_condition_date_archive_value":"","pp_condition_author_archive_value":"","pp_condition_search_results_value":"","pp_condition_date_value":"2020-10-24 to 2020-10-30","pp_condition_date_time_before_value":"2020-10-30 13:48","pp_condition_time_value":"","pp_condition_day_value":"1","pp_condition_os_value":"iphone","pp_condition_browser_value":"ie","pp_condition_search-bot_value":"all_search_bots","_id":"c82d7f2"}]},"elements":[],"isInner":false,"widgetType":"heading","elType":"widget"},{"id":"1e51af30","settings":{"editor":"Lorem ipsum dolor sit amet, consectetur adipisicing elit, sed do eiusmod tempor incididunt ut labore et dolore magna aliqua. Ut enim ad minim veniam, quis nostrud exercitation ullamco laboris nisi ut aliquip ex ea commodo consequat.","text_color":"#000000","typography_typography":"custom","typography_font_family":"Roboto","typography_font_size":{"unit":"px","size":"16","sizes":[]},"typography_font_weight":"400","typography_line_height":{"unit":"em","size":"1.4","sizes":[]},"align_tablet":"center","pp_display_conditions":[{"pp_condition_key":"authentication","pp_condition_operator":"is","pp_condition_authentication_value":"authenticated","pp_condition_user_value":"","pp_condition_role_value":"subscriber","pp_condition_page_value":"","pp_condition_post_value":"","pp_condition_static_page_value":"home","pp_condition_post_type_value":"","pp_condition_taxonomy_archive_value":"","pp_condition_term_archive_value":"","pp_condition_post_type_archive_value":"","pp_condition_date_archive_value":"","pp_condition_author_archive_value":"","pp_condition_search_results_value":"","pp_condition_date_value":"2020-10-24 to 2020-10-30","pp_condition_date_time_before_value":"2020-10-30 13:48","pp_condition_time_value":"","pp_condition_day_value":"1","pp_condition_os_value":"iphone","pp_condition_browser_value":"ie","pp_condition_search-bot_value":"all_search_bots","_id":"b580a4a"}]},"elements":[],"isInner":false,"widgetType":"text-editor","elType":"widget"},{"id":"3b0f675c","settings":{"editor":"Instructors: Peter Price, Amber Willis, Samuel White","text_color":"#000000","typography_typography":"custom","typography_font_family":"Roboto","typography_font_size":{"unit":"px","size":"16","sizes":[]},"typography_font_weight":"400","typography_line_height":{"unit":"em","size":"1.4","sizes":[]},"align_tablet":"center","pp_display_conditions":[{"pp_condition_key":"authentication","pp_condition_operator":"is","pp_condition_authentication_value":"authenticated","pp_condition_user_value":"","pp_condition_role_value":"subscriber","pp_condition_page_value":"","pp_condition_post_value":"","pp_condition_static_page_value":"home","pp_condition_post_type_value":"","pp_condition_taxonomy_archive_value":"","pp_condition_term_archive_value":"","pp_condition_post_type_archive_value":"","pp_condition_date_archive_value":"","pp_condition_author_archive_value":"","pp_condition_search_results_value":"","pp_condition_date_value":"2020-10-24 to 2020-10-30","pp_condition_date_time_before_value":"2020-10-30 13:48","pp_condition_time_value":"","pp_condition_day_value":"1","pp_condition_os_value":"iphone","pp_condition_browser_value":"ie","pp_condition_search-bot_value":"all_search_bots","_id":"123d2cd"}]},"elements":[],"isInner":false,"widgetType":"text-editor","elType":"widget"}],"isInner":"","elType":"column"},{"id":"59fd82e1","settings":{"_column_size":"50","_inline_size":"55","content_position":"center","border_width":{"unit":"px","top":"0","right":"1","bottom":"0","left":"0","isLinked":""},"border_color":"#000000","padding":{"unit":"%","top":"10","right":"0","bottom":"10","left":"0","isLinked":""},"_inline_size_tablet":"100","background_background":"classic","background_position":"center center","background_repeat":"no-repeat","background_size":"cover","border_width_tablet":{"unit":"px","top":"0","right":"0","bottom":"0","left":"0","isLinked":"1"},"margin":{"unit":"%","top":"","right":"","bottom":"","left":"","isLinked":"1"},"padding_tablet":{"unit":"%","top":"5","right":"0","bottom":"10","left":"0","isLinked":""},"margin_mobile":{"unit":"%","top":"","right":"","bottom":"","left":"","isLinked":"1"},"padding_mobile":{"unit":"px","top":"0","right":"0","bottom":"0","left":"0","isLinked":"1"}},"elements":[{"id":"229bfdb8","settings":{"image":{"id":863,"url":"http:\/\/library.elementor.com\/wp-content\/uploads\/2020\/10\/Class-3.png"},"image_size":"full","align":"center","align_tablet":"center","_border_width_tablet":{"unit":"px","top":"0","right":"0","bottom":"1","left":"0","isLinked":""},"pp_display_conditions":[{"pp_condition_key":"authentication","pp_condition_operator":"is","pp_condition_authentication_value":"authenticated","pp_condition_user_value":"","pp_condition_role_value":"subscriber","pp_condition_page_value":"","pp_condition_post_value":"","pp_condition_static_page_value":"home","pp_condition_post_type_value":"","pp_condition_taxonomy_archive_value":"","pp_condition_term_archive_value":"","pp_condition_post_type_archive_value":"","pp_condition_date_archive_value":"","pp_condition_author_archive_value":"","pp_condition_search_results_value":"","pp_condition_date_value":"2020-10-24 to 2020-10-30","pp_condition_date_time_before_value":"2020-10-30 13:48","pp_condition_time_value":"","pp_condition_day_value":"1","pp_condition_os_value":"iphone","pp_condition_browser_value":"ie","pp_condition_search-bot_value":"all_search_bots","_id":"c8908ad"}]},"elements":[],"isInner":false,"widgetType":"image","elType":"widget"}],"isInner":"","elType":"column"}],"isInner":"","elType":"section"},{"id":"935e157","settings":{"layout":"full_width","height":"min-height","custom_height":{"unit":"px","size":"300","sizes":[]},"column_position":"stretch","structure":"21","padding":{"unit":"%","top":"0","right":"5","bottom":"0","left":"5","isLinked":""},"border_border":"solid","border_width":{"unit":"px","top":"0","right":"0","bottom":"1","left":"0","isLinked":""},"border_color":"#000000","border_width_tablet":{"unit":"px","top":"0","right":"0","bottom":"1","left":"0","isLinked":""},"_title":"Masterclass","custom_height_mobile":{"unit":"px","size":"400","sizes":[]},"border_width_mobile":{"unit":"px","top":"1","right":"0","bottom":"1","left":"0","isLinked":""},"margin_mobile":{"unit":"%","top":"20","right":"0","bottom":"0","left":"0","isLinked":""},"_timestamp_":"v1R3BjMjVnNTZwRTgwWHBPUlA5UUxZUT09","pp_display_conditions":[{"pp_condition_key":"authentication","pp_condition_operator":"is","pp_condition_authentication_value":"authenticated","pp_condition_user_value":"","pp_condition_role_value":"subscriber","pp_condition_page_value":"","pp_condition_post_value":"","pp_condition_static_page_value":"home","pp_condition_post_type_value":"","pp_condition_taxonomy_archive_value":"","pp_condition_term_archive_value":"","pp_condition_post_type_archive_value":"","pp_condition_date_archive_value":"","pp_condition_author_archive_value":"","pp_condition_search_results_value":"","pp_condition_date_value":"2020-10-24 to 2020-10-30","pp_condition_date_time_before_value":"2020-10-30 13:48","pp_condition_time_value":"","pp_condition_day_value":"1","pp_condition_os_value":"iphone","pp_condition_browser_value":"ie","pp_condition_search-bot_value":"all_search_bots","_id":"064b08b"}]},"elements":[{"id":"4577cba7","settings":{"_column_size":"33","content_position":"center","padding":{"unit":"px","top":"0","right":"0","bottom":"0","left":"0","isLinked":"1"},"_inline_size_tablet":"100","content_position_tablet":"bottom"},"elements":[{"id":"56b24753","settings":{"title":"Masterclass","align":"left","title_color":"#000000","typography_typography":"custom","typography_font_family":"Fahkwang","typography_font_size":{"unit":"px","size":"60","sizes":[]},"typography_font_weight":"600","typography_text_transform":"capitalize","typography_line_height":{"unit":"em","size":"1","sizes":[]},"align_tablet":"center","typography_font_size_tablet":{"unit":"px","size":"45","sizes":[]},"typography_font_size_mobile":{"unit":"px","size":"35","sizes":[]},"pp_display_conditions":[{"pp_condition_key":"authentication","pp_condition_operator":"is","pp_condition_authentication_value":"authenticated","pp_condition_user_value":"","pp_condition_role_value":"subscriber","pp_condition_page_value":"","pp_condition_post_value":"","pp_condition_static_page_value":"home","pp_condition_post_type_value":"","pp_condition_taxonomy_archive_value":"","pp_condition_term_archive_value":"","pp_condition_post_type_archive_value":"","pp_condition_date_archive_value":"","pp_condition_author_archive_value":"","pp_condition_search_results_value":"","pp_condition_date_value":"2020-10-24 to 2020-10-30","pp_condition_date_time_before_value":"2020-10-30 13:48","pp_condition_time_value":"","pp_condition_day_value":"1","pp_condition_os_value":"iphone","pp_condition_browser_value":"ie","pp_condition_search-bot_value":"all_search_bots","_id":"ed13b53"}]},"elements":[],"isInner":false,"widgetType":"heading","elType":"widget"}],"isInner":"","elType":"column"},{"id":"6f0ddbc1","settings":{"_column_size":"66","content_position":"center","padding":{"unit":"%","top":"0","right":"20","bottom":"0","left":"20","isLinked":""},"border_border":"solid","border_width":{"unit":"px","top":"0","right":"0","bottom":"0","left":"1","isLinked":""},"border_color":"#000000","_inline_size_tablet":"100","content_position_tablet":"top","border_width_tablet":{"unit":"px","top":"0","right":"0","bottom":"0","left":"0","isLinked":"1"},"padding_tablet":{"unit":"%","top":"5","right":"5","bottom":"0","left":"5","isLinked":""}},"elements":[{"id":"6e28bfba","settings":{"editor":"Lorem ipsum dolor sit amet, consectetur adipisicing elit, sed do eiusmod tempor incididunt ut labore et dolore magna aliqua. Ut enim ad minim veniam, quis nostrud exercitation ullamco laboris nisi ut aliquip ex ea commodo consequat. Lorem ipsum dolor sit amet, consectet adipiscing\u00a0elit,sed do eiusm por incididunt ut labore et dolore magna aliqua.","align":"left","text_color":"#000000","typography_typography":"custom","typography_font_family":"Roboto","typography_font_size":{"unit":"px","size":"16","sizes":[]},"typography_font_weight":"400","typography_line_height":{"unit":"em","size":"1.4","sizes":[]},"align_tablet":"center","pp_display_conditions":[{"pp_condition_key":"authentication","pp_condition_operator":"is","pp_condition_authentication_value":"authenticated","pp_condition_user_value":"","pp_condition_role_value":"subscriber","pp_condition_page_value":"","pp_condition_post_value":"","pp_condition_static_page_value":"home","pp_condition_post_type_value":"","pp_condition_taxonomy_archive_value":"","pp_condition_term_archive_value":"","pp_condition_post_type_archive_value":"","pp_condition_date_archive_value":"","pp_condition_author_archive_value":"","pp_condition_search_results_value":"","pp_condition_date_value":"2020-10-24 to 2020-10-30","pp_condition_date_time_before_value":"2020-10-30 13:48","pp_condition_time_value":"","pp_condition_day_value":"1","pp_condition_os_value":"iphone","pp_condition_browser_value":"ie","pp_condition_search-bot_value":"all_search_bots","_id":"b2ee946"}]},"elements":[],"isInner":false,"widgetType":"text-editor","elType":"widget"}],"isInner":"","elType":"column"}],"isInner":"","elType":"section"},{"id":"47f76bfb","settings":{"layout":"full_width","height":"min-height","custom_height":{"unit":"px","size":"300","sizes":[]},"column_position":"stretch","structure":"21","padding":{"unit":"%","top":"0","right":"5","bottom":"0","left":"5","isLinked":""},"border_border":"solid","border_width":{"unit":"px","top":"0","right":"0","bottom":"1","left":"0","isLinked":""},"border_color":"#000000","border_width_tablet":{"unit":"px","top":"0","right":"0","bottom":"0","left":"0","isLinked":"1"},"_title":"Livestream\nLessons","custom_height_mobile":{"unit":"px","size":"450","sizes":[]},"_timestamp_":"v1R3BjMjVnNTZwRTgwWHBPUlA5UUxZUT09","pp_display_conditions":[{"pp_condition_key":"authentication","pp_condition_operator":"is","pp_condition_authentication_value":"authenticated","pp_condition_user_value":"","pp_condition_role_value":"subscriber","pp_condition_page_value":"","pp_condition_post_value":"","pp_condition_static_page_value":"home","pp_condition_post_type_value":"","pp_condition_taxonomy_archive_value":"","pp_condition_term_archive_value":"","pp_condition_post_type_archive_value":"","pp_condition_date_archive_value":"","pp_condition_author_archive_value":"","pp_condition_search_results_value":"","pp_condition_date_value":"2020-10-24 to 2020-10-30","pp_condition_date_time_before_value":"2020-10-30 13:48","pp_condition_time_value":"","pp_condition_day_value":"1","pp_condition_os_value":"iphone","pp_condition_browser_value":"ie","pp_condition_search-bot_value":"all_search_bots","_id":"0aa4ba0"}]},"elements":[{"id":"259c6338","settings":{"_column_size":"33","content_position":"center","padding":{"unit":"px","top":"0","right":"0","bottom":"0","left":"0","isLinked":"1"},"_inline_size_tablet":"100","content_position_tablet":"bottom"},"elements":[{"id":"3c7b49b8","settings":{"title":"Livestream\nLessons","align":"left","title_color":"#000000","typography_typography":"custom","typography_font_family":"Fahkwang","typography_font_size":{"unit":"px","size":"60","sizes":[]},"typography_font_weight":"600","typography_text_transform":"capitalize","typography_line_height":{"unit":"em","size":"1","sizes":[]},"align_tablet":"center","typography_font_size_tablet":{"unit":"px","size":"45","sizes":[]},"typography_font_size_mobile":{"unit":"px","size":"35","sizes":[]},"pp_display_conditions":[{"pp_condition_key":"authentication","pp_condition_operator":"is","pp_condition_authentication_value":"authenticated","pp_condition_user_value":"","pp_condition_role_value":"subscriber","pp_condition_page_value":"","pp_condition_post_value":"","pp_condition_static_page_value":"home","pp_condition_post_type_value":"","pp_condition_taxonomy_archive_value":"","pp_condition_term_archive_value":"","pp_condition_post_type_archive_value":"","pp_condition_date_archive_value":"","pp_condition_author_archive_value":"","pp_condition_search_results_value":"","pp_condition_date_value":"2020-10-24 to 2020-10-30","pp_condition_date_time_before_value":"2020-10-30 13:48","pp_condition_time_value":"","pp_condition_day_value":"1","pp_condition_os_value":"iphone","pp_condition_browser_value":"ie","pp_condition_search-bot_value":"all_search_bots","_id":"64fc076"}]},"elements":[],"isInner":false,"widgetType":"heading","elType":"widget"}],"isInner":"","elType":"column"},{"id":"3197fcdf","settings":{"_column_size":"66","content_position":"center","padding":{"unit":"%","top":"0","right":"20","bottom":"0","left":"20","isLinked":""},"border_border":"solid","border_width":{"unit":"px","top":"0","right":"0","bottom":"0","left":"1","isLinked":""},"border_color":"#000000","_inline_size_tablet":"100","content_position_tablet":"top","border_width_tablet":{"unit":"px","top":"0","right":"0","bottom":"0","left":"0","isLinked":"1"},"padding_tablet":{"unit":"%","top":"5","right":"5","bottom":"0","left":"5","isLinked":""}},"elements":[{"id":"7fb3fe12","settings":{"editor":"Lorem ipsum dolor sit amet, consectetur adipisicing elit, sed do eiusmod tempor incididunt ut labore et dolore magna aliqua. Ut enim ad minim veniam, quis nostrud exercitation ullamco laboris nisi ut aliquip ex ea commodo consequat. Lorem ipsum dolor sit amet, consectet adipiscing\u00a0elit,sed do eiusm por incididunt ut labore et dolore magna aliqua.","align":"left","text_color":"#000000","typography_typography":"custom","typography_font_family":"Roboto","typography_font_size":{"unit":"px","size":"16","sizes":[]},"typography_font_weight":"400","typography_line_height":{"unit":"em","size":"1.4","sizes":[]},"align_tablet":"center","pp_display_conditions":[{"pp_condition_key":"authentication","pp_condition_operator":"is","pp_condition_authentication_value":"authenticated","pp_condition_user_value":"","pp_condition_role_value":"subscriber","pp_condition_page_value":"","pp_condition_post_value":"","pp_condition_static_page_value":"home","pp_condition_post_type_value":"","pp_condition_taxonomy_archive_value":"","pp_condition_term_archive_value":"","pp_condition_post_type_archive_value":"","pp_condition_date_archive_value":"","pp_condition_author_archive_value":"","pp_condition_search_results_value":"","pp_condition_date_value":"2020-10-24 to 2020-10-30","pp_condition_date_time_before_value":"2020-10-30 13:48","pp_condition_time_value":"","pp_condition_day_value":"1","pp_condition_os_value":"iphone","pp_condition_browser_value":"ie","pp_condition_search-bot_value":"all_search_bots","_id":"69583fb"}]},"elements":[],"isInner":false,"widgetType":"text-editor","elType":"widget"}],"isInner":"","elType":"column"}],"isInner":"","elType":"section"},{"id":"74df9b5a","settings":{"layout":"full_width","height":"min-height","custom_height":{"unit":"px","size":"650","sizes":[]},"column_position":"stretch","background_background":"classic","background_color":"#FFFFFF","border_width":{"unit":"px","top":"0","right":"0","bottom":"0","left":"0","isLinked":""},"border_color":"#000000","custom_height_tablet":{"unit":"px","size":"500","sizes":[]},"margin_mobile":{"unit":"%","top":"","right":"0","bottom":"","left":"0","isLinked":"1"},"_title":"Dancing Levels Guide","custom_height_mobile":{"unit":"vh","size":"","sizes":[]},"border_border":"solid","border_width_tablet":{"unit":"px","top":"1","right":"0","bottom":"0","left":"0","isLinked":""},"padding_mobile":{"unit":"%","top":"0","right":"5","bottom":"0","left":"5","isLinked":""},"_timestamp_":"v1R3BjMjVnNTZwRTgwWHBPUlA5UUxZUT09","pp_display_conditions":[{"pp_condition_key":"authentication","pp_condition_operator":"is","pp_condition_authentication_value":"authenticated","pp_condition_user_value":"","pp_condition_role_value":"subscriber","pp_condition_page_value":"","pp_condition_post_value":"","pp_condition_static_page_value":"home","pp_condition_post_type_value":"","pp_condition_taxonomy_archive_value":"","pp_condition_term_archive_value":"","pp_condition_post_type_archive_value":"","pp_condition_date_archive_value":"","pp_condition_author_archive_value":"","pp_condition_search_results_value":"","pp_condition_date_value":"2020-10-24 to 2020-10-30","pp_condition_date_time_before_value":"2020-10-30 13:48","pp_condition_time_value":"","pp_condition_day_value":"1","pp_condition_os_value":"iphone","pp_condition_browser_value":"ie","pp_condition_search-bot_value":"all_search_bots","_id":"0d66a39"}]},"elements":[{"id":"45844134","settings":{"_column_size":"100","content_position":"center","margin_mobile":{"unit":"%","top":"","right":"","bottom":"","left":"","isLinked":"1"},"padding_mobile":{"unit":"%","top":"20","right":"0","bottom":"20","left":"0","isLinked":""}},"elements":[{"id":"1b6c7995","settings":{"title":"Dancing Levels Guide","align":"center","title_color":"#000000","typography_typography":"custom","typography_font_family":"Fahkwang","typography_font_size":{"unit":"px","size":"60","sizes":[]},"typography_font_weight":"600","typography_text_transform":"capitalize","typography_line_height":{"unit":"em","size":"1","sizes":[]},"typography_font_size_tablet":{"unit":"px","size":"45","sizes":[]},"typography_font_size_mobile":{"unit":"px","size":"35","sizes":[]},"pp_display_conditions":[{"pp_condition_key":"authentication","pp_condition_operator":"is","pp_condition_authentication_value":"authenticated","pp_condition_user_value":"","pp_condition_role_value":"subscriber","pp_condition_page_value":"","pp_condition_post_value":"","pp_condition_static_page_value":"home","pp_condition_post_type_value":"","pp_condition_taxonomy_archive_value":"","pp_condition_term_archive_value":"","pp_condition_post_type_archive_value":"","pp_condition_date_archive_value":"","pp_condition_author_archive_value":"","pp_condition_search_results_value":"","pp_condition_date_value":"2020-10-24 to 2020-10-30","pp_condition_date_time_before_value":"2020-10-30 13:48","pp_condition_time_value":"","pp_condition_day_value":"1","pp_condition_os_value":"iphone","pp_condition_browser_value":"ie","pp_condition_search-bot_value":"all_search_bots","_id":"3ef8a5a"}]},"elements":[],"isInner":false,"widgetType":"heading","elType":"widget"},{"id":"3b5399f0","settings":{"content_width":{"unit":"px","size":"1315","sizes":[]},"margin_tablet":{"unit":"%","top":"5","right":"0","bottom":"0","left":"0","isLinked":""},"structure":"30","margin":{"unit":"%","top":"5","right":"0","bottom":"0","left":"0","isLinked":""},"pp_display_conditions":[{"pp_condition_key":"authentication","pp_condition_operator":"is","pp_condition_authentication_value":"authenticated","pp_condition_user_value":"","pp_condition_role_value":"subscriber","pp_condition_page_value":"","pp_condition_post_value":"","pp_condition_static_page_value":"home","pp_condition_post_type_value":"","pp_condition_taxonomy_archive_value":"","pp_condition_term_archive_value":"","pp_condition_post_type_archive_value":"","pp_condition_date_archive_value":"","pp_condition_author_archive_value":"","pp_condition_search_results_value":"","pp_condition_date_value":"2020-10-24 to 2020-10-30","pp_condition_date_time_before_value":"2020-10-30 13:48","pp_condition_time_value":"","pp_condition_day_value":"1","pp_condition_os_value":"iphone","pp_condition_browser_value":"ie","pp_condition_search-bot_value":"all_search_bots","_id":"0a64eb3"}]},"elements":[{"id":"4bb60356","settings":{"_column_size":"33","space_between_widgets":"0","padding":{"unit":"%","top":"0","right":"10","bottom":"0","left":"0","isLinked":""},"content_position_tablet":"center","padding_tablet":{"unit":"%","top":"0","right":"5","bottom":"0","left":"5","isLinked":""}},"elements":[{"id":"1eb85899","settings":{"selected_icon":{"value":{"id":864,"url":"http:\/\/library.elementor.com\/wp-content\/uploads\/2020\/10\/Beginners.svg"},"library":"svg"},"title_text":"Beginners","description_text":"Lorem ipsum dolor sit amet, consectetur adipisicing elit, sed do eiusmod tempor incididunt ut labore et dolore magna aliqua. Ut enim ad minim veniam","primary_color":"#000000","text_align":"center","title_color":"#000000","title_typography_typography":"custom","title_typography_font_family":"Fahkwang","title_typography_font_size":{"unit":"px","size":"30","sizes":[]},"title_typography_font_weight":"600","title_typography_text_transform":"capitalize","title_typography_font_style":"normal","title_typography_text_decoration":"none","title_typography_line_height":{"unit":"em","size":"1","sizes":[]},"title_typography_letter_spacing":{"unit":"px","size":"0","sizes":[]},"description_color":"#000000","description_typography_typography":"custom","description_typography_font_family":"Roboto","description_typography_font_size":{"unit":"px","size":"16","sizes":[]},"description_typography_font_weight":"400","description_typography_line_height":{"unit":"em","size":"1.5","sizes":[]},"icon_size_mobile":{"unit":"px","size":"45","sizes":[]},"title_typography_font_size_tablet":{"unit":"px","size":"25","sizes":[]},"pp_display_conditions":[{"pp_condition_key":"authentication","pp_condition_operator":"is","pp_condition_authentication_value":"authenticated","pp_condition_user_value":"","pp_condition_role_value":"subscriber","pp_condition_page_value":"","pp_condition_post_value":"","pp_condition_static_page_value":"home","pp_condition_post_type_value":"","pp_condition_taxonomy_archive_value":"","pp_condition_term_archive_value":"","pp_condition_post_type_archive_value":"","pp_condition_date_archive_value":"","pp_condition_author_archive_value":"","pp_condition_search_results_value":"","pp_condition_date_value":"2020-10-24 to 2020-10-30","pp_condition_date_time_before_value":"2020-10-30 13:48","pp_condition_time_value":"","pp_condition_day_value":"1","pp_condition_os_value":"iphone","pp_condition_browser_value":"ie","pp_condition_search-bot_value":"all_search_bots","_id":"b6c7e4d"}]},"elements":[],"isInner":false,"widgetType":"icon-box","elType":"widget"}],"isInner":"1","elType":"column"},{"id":"69026ca4","settings":{"_column_size":"33","space_between_widgets":"0","padding":{"unit":"%","top":"0","right":"5","bottom":"0","left":"5","isLinked":""},"content_position_tablet":"center","padding_tablet":{"unit":"%","top":"0","right":"5","bottom":"0","left":"5","isLinked":""},"padding_mobile":{"unit":"%","top":"10","right":"0","bottom":"10","left":"0","isLinked":""}},"elements":[{"id":"2bb72d9c","settings":{"selected_icon":{"value":{"id":865,"url":"http:\/\/library.elementor.com\/wp-content\/uploads\/2020\/10\/Intermediate-1.svg"},"library":"svg"},"title_text":"Intermediate","description_text":"Lorem ipsum dolor sit amet, consectetur adipisicing elit, sed do eiusmod tempor incididunt ut labore et dolore magna aliqua. Ut enim ad minim veniam","primary_color":"#000000","text_align":"center","title_color":"#000000","title_typography_typography":"custom","title_typography_font_family":"Fahkwang","title_typography_font_size":{"unit":"px","size":"30","sizes":[]},"title_typography_font_weight":"600","title_typography_text_transform":"capitalize","title_typography_font_style":"normal","title_typography_text_decoration":"none","title_typography_line_height":{"unit":"em","size":"1","sizes":[]},"title_typography_letter_spacing":{"unit":"px","size":"0","sizes":[]},"description_color":"#000000","description_typography_typography":"custom","description_typography_font_family":"Roboto","description_typography_font_size":{"unit":"px","size":"16","sizes":[]},"description_typography_font_weight":"400","description_typography_line_height":{"unit":"em","size":"1.5","sizes":[]},"icon_size_mobile":{"unit":"px","size":"45","sizes":[]},"title_typography_font_size_tablet":{"unit":"px","size":"25","sizes":[]},"pp_display_conditions":[{"pp_condition_key":"authentication","pp_condition_operator":"is","pp_condition_authentication_value":"authenticated","pp_condition_user_value":"","pp_condition_role_value":"subscriber","pp_condition_page_value":"","pp_condition_post_value":"","pp_condition_static_page_value":"home","pp_condition_post_type_value":"","pp_condition_taxonomy_archive_value":"","pp_condition_term_archive_value":"","pp_condition_post_type_archive_value":"","pp_condition_date_archive_value":"","pp_condition_author_archive_value":"","pp_condition_search_results_value":"","pp_condition_date_value":"2020-10-24 to 2020-10-30","pp_condition_date_time_before_value":"2020-10-30 13:48","pp_condition_time_value":"","pp_condition_day_value":"1","pp_condition_os_value":"iphone","pp_condition_browser_value":"ie","pp_condition_search-bot_value":"all_search_bots","_id":"5989efa"}]},"elements":[],"isInner":false,"widgetType":"icon-box","elType":"widget"}],"isInner":"1","elType":"column"},{"id":"6fb4ed03","settings":{"_column_size":"33","space_between_widgets":"0","padding":{"unit":"%","top":"0","right":"0","bottom":"0","left":"10","isLinked":""},"content_position_tablet":"center","padding_tablet":{"unit":"%","top":"0","right":"5","bottom":"0","left":"5","isLinked":""}},"elements":[{"id":"25359713","settings":{"selected_icon":{"value":{"id":866,"url":"http:\/\/library.elementor.com\/wp-content\/uploads\/2020\/10\/Advanced.svg"},"library":"svg"},"title_text":"Advanced","description_text":"Lorem ipsum dolor sit amet, consectetur adipisicing elit, sed do eiusmod tempor incididunt ut labore et dolore magna aliqua. Ut enim ad minim veniam","primary_color":"#000000","text_align":"center","title_color":"#000000","title_typography_typography":"custom","title_typography_font_family":"Fahkwang","title_typography_font_size":{"unit":"px","size":"30","sizes":[]},"title_typography_font_weight":"600","title_typography_text_transform":"capitalize","title_typography_font_style":"normal","title_typography_text_decoration":"none","title_typography_line_height":{"unit":"em","size":"1","sizes":[]},"title_typography_letter_spacing":{"unit":"px","size":"0","sizes":[]},"description_color":"#000000","description_typography_typography":"custom","description_typography_font_family":"Roboto","description_typography_font_size":{"unit":"px","size":"16","sizes":[]},"description_typography_font_weight":"400","description_typography_line_height":{"unit":"em","size":"1.5","sizes":[]},"icon_size_mobile":{"unit":"px","size":"45","sizes":[]},"title_typography_font_size_tablet":{"unit":"px","size":"25","sizes":[]},"pp_display_conditions":[{"pp_condition_key":"authentication","pp_condition_operator":"is","pp_condition_authentication_value":"authenticated","pp_condition_user_value":"","pp_condition_role_value":"subscriber","pp_condition_page_value":"","pp_condition_post_value":"","pp_condition_static_page_value":"home","pp_condition_post_type_value":"","pp_condition_taxonomy_archive_value":"","pp_condition_term_archive_value":"","pp_condition_post_type_archive_value":"","pp_condition_date_archive_value":"","pp_condition_author_archive_value":"","pp_condition_search_results_value":"","pp_condition_date_value":"2020-10-24 to 2020-10-30","pp_condition_date_time_before_value":"2020-10-30 13:48","pp_condition_time_value":"","pp_condition_day_value":"1","pp_condition_os_value":"iphone","pp_condition_browser_value":"ie","pp_condition_search-bot_value":"all_search_bots","_id":"cf13f44"}]},"elements":[],"isInner":false,"widgetType":"icon-box","elType":"widget"}],"isInner":"1","elType":"column"}],"isInner":"1","elType":"section"}],"isInner":"","elType":"column"}],"isInner":"","elType":"section"}],"page_settings":{"background_background":"classic","background_color":"#F2EFEC"}}