{"version":"0.4","title":"15384","type":"page","content":[{"id":"4dc6998c","settings":{"layout":"full_width","height":"min-height","custom_height":{"unit":"vh","size":"7","sizes":[]},"column_position":"stretch","margin":{"unit":"px","top":"","right":"0","bottom":"","left":"0","isLinked":"1"},"padding":{"unit":"%","top":"0","right":"5","bottom":"0","left":"5","isLinked":""},"border_color":"#000000","custom_height_tablet":{"unit":"vh","size":"5","sizes":[]},"_title":"Contact Us","_timestamp_":"v1R3BjMjVnNTZwRTgwWHBPUlA5UUxZUT09","pp_display_conditions":[{"pp_condition_key":"authentication","pp_condition_operator":"is","pp_condition_authentication_value":"authenticated","pp_condition_user_value":"","pp_condition_role_value":"subscriber","pp_condition_page_value":"","pp_condition_post_value":"","pp_condition_static_page_value":"home","pp_condition_post_type_value":"","pp_condition_taxonomy_archive_value":"","pp_condition_term_archive_value":"","pp_condition_post_type_archive_value":"","pp_condition_date_archive_value":"","pp_condition_author_archive_value":"","pp_condition_search_results_value":"","pp_condition_date_value":"2020-10-24 to 2020-10-30","pp_condition_date_time_before_value":"2020-10-30 13:54","pp_condition_time_value":"","pp_condition_day_value":"1","pp_condition_os_value":"iphone","pp_condition_browser_value":"ie","pp_condition_search-bot_value":"all_search_bots","_id":"ccc0344"}]},"elements":[{"id":"38a70aa4","settings":{"_column_size":"100","space_between_widgets":"0","padding":{"unit":"px","top":"0","right":"0","bottom":"0","left":"0","isLinked":"1"},"content_position":"center"},"elements":[{"id":"4db93301","settings":{"title":"Contact Us","title_color":"#000000","typography_typography":"custom","typography_font_family":"Roboto","typography_font_size":{"unit":"px","size":"25","sizes":[]},"typography_font_weight":"400","typography_text_transform":"capitalize","typography_font_size_tablet":{"unit":"px","size":"20","sizes":[]},"typography_font_size_mobile":{"unit":"px","size":"18","sizes":[]},"header_size":"h4","pp_display_conditions":[{"pp_condition_key":"authentication","pp_condition_operator":"is","pp_condition_authentication_value":"authenticated","pp_condition_user_value":"","pp_condition_role_value":"subscriber","pp_condition_page_value":"","pp_condition_post_value":"","pp_condition_static_page_value":"home","pp_condition_post_type_value":"","pp_condition_taxonomy_archive_value":"","pp_condition_term_archive_value":"","pp_condition_post_type_archive_value":"","pp_condition_date_archive_value":"","pp_condition_author_archive_value":"","pp_condition_search_results_value":"","pp_condition_date_value":"2020-10-24 to 2020-10-30","pp_condition_date_time_before_value":"2020-10-30 13:54","pp_condition_time_value":"","pp_condition_day_value":"1","pp_condition_os_value":"iphone","pp_condition_browser_value":"ie","pp_condition_search-bot_value":"all_search_bots","_id":"2069fb1"}]},"elements":[],"isInner":false,"widgetType":"heading","elType":"widget"}],"isInner":"","elType":"column"}],"isInner":"","elType":"section"},{"id":"1112e2b8","settings":{"layout":"full_width","height":"min-height","custom_height":{"unit":"vh","size":"30","sizes":[]},"column_position":"stretch","border_border":"solid","border_width":{"unit":"px","top":"1","right":"0","bottom":"1","left":"0","isLinked":""},"border_color":"#000000","margin":{"unit":"px","top":"","right":"0","bottom":"","left":"0","isLinked":"1"},"padding":{"unit":"%","top":"0","right":"5","bottom":"0","left":"5","isLinked":""},"custom_height_tablet":{"unit":"vh","size":"20","sizes":[]},"custom_height_mobile":{"unit":"vh","size":"15","sizes":[]},"gap":"no","_title":"MAin Headline","_timestamp_":"v1R3BjMjVnNTZwRTgwWHBPUlA5UUxZUT09","pp_display_conditions":[{"pp_condition_key":"authentication","pp_condition_operator":"is","pp_condition_authentication_value":"authenticated","pp_condition_user_value":"","pp_condition_role_value":"subscriber","pp_condition_page_value":"","pp_condition_post_value":"","pp_condition_static_page_value":"home","pp_condition_post_type_value":"","pp_condition_taxonomy_archive_value":"","pp_condition_term_archive_value":"","pp_condition_post_type_archive_value":"","pp_condition_date_archive_value":"","pp_condition_author_archive_value":"","pp_condition_search_results_value":"","pp_condition_date_value":"2020-10-24 to 2020-10-30","pp_condition_date_time_before_value":"2020-10-30 13:54","pp_condition_time_value":"","pp_condition_day_value":"1","pp_condition_os_value":"iphone","pp_condition_browser_value":"ie","pp_condition_search-bot_value":"all_search_bots","_id":"3ffbf4c"}]},"elements":[{"id":"71ef4492","settings":{"_column_size":"100","content_position":"center","padding":{"unit":"px","top":"0","right":"0","bottom":"0","left":"0","isLinked":"1"}},"elements":[{"id":"3affdd7c","settings":{"title":"We'd Love To Dance With You","title_color":"#000000","typography_typography":"custom","typography_font_family":"Fahkwang","typography_font_size":{"unit":"vw","size":"6.7","sizes":[]},"typography_font_weight":"600","typography_text_transform":"capitalize","typography_font_size_tablet":{"unit":"vw","size":"9","sizes":[]},"typography_font_size_mobile":{"unit":"vw","size":"10","sizes":[]},"typography_letter_spacing":{"unit":"px","size":"0","sizes":[]},"header_size":"h1","align_tablet":"left","align_mobile":"left","typography_font_style":"normal","typography_text_decoration":"none","typography_line_height":{"unit":"em","size":"1","sizes":[]},"pp_display_conditions":[{"pp_condition_key":"authentication","pp_condition_operator":"is","pp_condition_authentication_value":"authenticated","pp_condition_user_value":"","pp_condition_role_value":"subscriber","pp_condition_page_value":"","pp_condition_post_value":"","pp_condition_static_page_value":"home","pp_condition_post_type_value":"","pp_condition_taxonomy_archive_value":"","pp_condition_term_archive_value":"","pp_condition_post_type_archive_value":"","pp_condition_date_archive_value":"","pp_condition_author_archive_value":"","pp_condition_search_results_value":"","pp_condition_date_value":"2020-10-24 to 2020-10-30","pp_condition_date_time_before_value":"2020-10-30 13:54","pp_condition_time_value":"","pp_condition_day_value":"1","pp_condition_os_value":"iphone","pp_condition_browser_value":"ie","pp_condition_search-bot_value":"all_search_bots","_id":"0d0cf12"}]},"elements":[],"isInner":false,"widgetType":"heading","elType":"widget"}],"isInner":"","elType":"column"}],"isInner":"","elType":"section"},{"id":"38305b13","settings":{"layout":"full_width","height":"min-height","custom_height":{"unit":"px","size":"210","sizes":[]},"column_position":"stretch","structure":"20","padding":{"unit":"%","top":"0","right":"5","bottom":"0","left":"5","isLinked":""},"border_border":"solid","border_width":{"unit":"px","top":"0","right":"0","bottom":"1","left":"0","isLinked":""},"border_color":"#000000","border_width_tablet":{"unit":"px","top":"0","right":"0","bottom":"0","left":"0","isLinked":"1"},"_title":"Contact Info","margin_mobile":{"unit":"px","top":"","right":"0","bottom":"","left":"0","isLinked":"1"},"padding_tablet":{"unit":"%","top":"0","right":"5","bottom":"0","left":"5","isLinked":""},"_timestamp_":"v1R3BjMjVnNTZwRTgwWHBPUlA5UUxZUT09","pp_display_conditions":[{"pp_condition_key":"authentication","pp_condition_operator":"is","pp_condition_authentication_value":"authenticated","pp_condition_user_value":"","pp_condition_role_value":"subscriber","pp_condition_page_value":"","pp_condition_post_value":"","pp_condition_static_page_value":"home","pp_condition_post_type_value":"","pp_condition_taxonomy_archive_value":"","pp_condition_term_archive_value":"","pp_condition_post_type_archive_value":"","pp_condition_date_archive_value":"","pp_condition_author_archive_value":"","pp_condition_search_results_value":"","pp_condition_date_value":"2020-10-24 to 2020-10-30","pp_condition_date_time_before_value":"2020-10-30 13:54","pp_condition_time_value":"","pp_condition_day_value":"1","pp_condition_os_value":"iphone","pp_condition_browser_value":"ie","pp_condition_search-bot_value":"all_search_bots","_id":"bedc8ef"}]},"elements":[{"id":"7a30ca86","settings":{"_column_size":"50","content_position":"center","padding":{"unit":"px","top":"0","right":"0","bottom":"0","left":"0","isLinked":"1"},"_inline_size_tablet":"100","content_position_tablet":"bottom","_inline_size":"59.96"},"elements":[{"id":"8262f22","settings":{"structure":"30","margin_tablet":{"unit":"%","top":"5","right":"0","bottom":"5","left":"0","isLinked":"1"},"margin_mobile":{"unit":"%","top":"20","right":"0","bottom":"20","left":"0","isLinked":"1"},"pp_display_conditions":[{"pp_condition_key":"authentication","pp_condition_operator":"is","pp_condition_authentication_value":"authenticated","pp_condition_user_value":"","pp_condition_role_value":"subscriber","pp_condition_page_value":"","pp_condition_post_value":"","pp_condition_static_page_value":"home","pp_condition_post_type_value":"","pp_condition_taxonomy_archive_value":"","pp_condition_term_archive_value":"","pp_condition_post_type_archive_value":"","pp_condition_date_archive_value":"","pp_condition_author_archive_value":"","pp_condition_search_results_value":"","pp_condition_date_value":"2020-10-24 to 2020-10-30","pp_condition_date_time_before_value":"2020-10-30 13:54","pp_condition_time_value":"","pp_condition_day_value":"1","pp_condition_os_value":"iphone","pp_condition_browser_value":"ie","pp_condition_search-bot_value":"all_search_bots","_id":"b15268a"}]},"elements":[{"id":"3a62e5c6","settings":{"_column_size":"33","padding":{"unit":"px","top":"0","right":"0","bottom":"0","left":"0","isLinked":"1"},"content_position":"top","_inline_size_tablet":"100"},"elements":[{"id":"12db160","settings":{"title":"Contact info","title_color":"#000000","typography_typography":"custom","typography_font_family":"Fahkwang","typography_font_size":{"unit":"px","size":"30","sizes":[]},"typography_font_weight":"600","typography_text_transform":"capitalize","typography_line_height":{"unit":"em","size":"1","sizes":[]},"align_tablet":"center","typography_font_size_tablet":{"unit":"px","size":"30","sizes":[]},"typography_font_size_mobile":{"unit":"px","size":"30","sizes":[]},"header_size":"h3","pp_display_conditions":[{"pp_condition_key":"authentication","pp_condition_operator":"is","pp_condition_authentication_value":"authenticated","pp_condition_user_value":"","pp_condition_role_value":"subscriber","pp_condition_page_value":"","pp_condition_post_value":"","pp_condition_static_page_value":"home","pp_condition_post_type_value":"","pp_condition_taxonomy_archive_value":"","pp_condition_term_archive_value":"","pp_condition_post_type_archive_value":"","pp_condition_date_archive_value":"","pp_condition_author_archive_value":"","pp_condition_search_results_value":"","pp_condition_date_value":"2020-10-24 to 2020-10-30","pp_condition_date_time_before_value":"2020-10-30 13:54","pp_condition_time_value":"","pp_condition_day_value":"1","pp_condition_os_value":"iphone","pp_condition_browser_value":"ie","pp_condition_search-bot_value":"all_search_bots","_id":"db395f5"}]},"elements":[],"isInner":false,"widgetType":"heading","elType":"widget"},{"id":"51fe060e","settings":{"icon_list":[{"text":"Phone: (253) 948-4951","selected_icon":{"value":"","library":""},"_id":"bdc64c1","link":{"url":"","is_external":"","nofollow":"","custom_attributes":""}},{"text":"Email: info@810dancefloor.net","selected_icon":{"value":"","library":""},"link":{"url":"","is_external":"","nofollow":"","custom_attributes":""},"_id":"736a4a1"}],"space_between":{"unit":"px","size":"10","sizes":[]},"icon_align":"left","icon_size":{"unit":"px","size":"0","sizes":[]},"text_color":"#000000","icon_typography_typography":"custom","icon_typography_font_family":"Roboto","icon_typography_font_size":{"unit":"px","size":"16","sizes":[]},"icon_typography_font_weight":"400","icon_typography_text_transform":"none","icon_typography_line_height":{"unit":"em","size":"1","sizes":[]},"icon_align_tablet":"center","pp_display_conditions":[{"pp_condition_key":"authentication","pp_condition_operator":"is","pp_condition_authentication_value":"authenticated","pp_condition_user_value":"","pp_condition_role_value":"subscriber","pp_condition_page_value":"","pp_condition_post_value":"","pp_condition_static_page_value":"home","pp_condition_post_type_value":"","pp_condition_taxonomy_archive_value":"","pp_condition_term_archive_value":"","pp_condition_post_type_archive_value":"","pp_condition_date_archive_value":"","pp_condition_author_archive_value":"","pp_condition_search_results_value":"","pp_condition_date_value":"2020-10-24 to 2020-10-30","pp_condition_date_time_before_value":"2020-10-30 13:54","pp_condition_time_value":"","pp_condition_day_value":"1","pp_condition_os_value":"iphone","pp_condition_browser_value":"ie","pp_condition_search-bot_value":"all_search_bots","_id":"27ce7b6"}]},"elements":[],"isInner":false,"widgetType":"icon-list","elType":"widget"}],"isInner":"1","elType":"column"},{"id":"46954eed","settings":{"_column_size":"33","padding":{"unit":"px","top":"0","right":"0","bottom":"0","left":"0","isLinked":"1"},"content_position":"top","_inline_size_tablet":"100","margin_tablet":{"unit":"%","top":"5","right":"0","bottom":"5","left":"0","isLinked":""},"margin_mobile":{"unit":"%","top":"15","right":"0","bottom":"15","left":"0","isLinked":""}},"elements":[{"id":"10044285","settings":{"title":"Studio Address","title_color":"#000000","typography_typography":"custom","typography_font_family":"Fahkwang","typography_font_size":{"unit":"px","size":"30","sizes":[]},"typography_font_weight":"600","typography_text_transform":"capitalize","typography_line_height":{"unit":"em","size":"1","sizes":[]},"align_tablet":"center","typography_font_size_tablet":{"unit":"px","size":"30","sizes":[]},"typography_font_size_mobile":{"unit":"px","size":"30","sizes":[]},"header_size":"h3","pp_display_conditions":[{"pp_condition_key":"authentication","pp_condition_operator":"is","pp_condition_authentication_value":"authenticated","pp_condition_user_value":"","pp_condition_role_value":"subscriber","pp_condition_page_value":"","pp_condition_post_value":"","pp_condition_static_page_value":"home","pp_condition_post_type_value":"","pp_condition_taxonomy_archive_value":"","pp_condition_term_archive_value":"","pp_condition_post_type_archive_value":"","pp_condition_date_archive_value":"","pp_condition_author_archive_value":"","pp_condition_search_results_value":"","pp_condition_date_value":"2020-10-24 to 2020-10-30","pp_condition_date_time_before_value":"2020-10-30 13:54","pp_condition_time_value":"","pp_condition_day_value":"1","pp_condition_os_value":"iphone","pp_condition_browser_value":"ie","pp_condition_search-bot_value":"all_search_bots","_id":"db6af84"}]},"elements":[],"isInner":false,"widgetType":"heading","elType":"widget"},{"id":"7f866cd","settings":{"icon_list":[{"text":"810  Horizon Circle, Tacoma","selected_icon":{"value":"","library":""},"_id":"bdc64c1","link":{"url":"","is_external":"","nofollow":"","custom_attributes":""}},{"text":"Washington D.C. 98491","selected_icon":{"value":"","library":""},"link":{"url":"","is_external":"","nofollow":"","custom_attributes":""},"_id":"736a4a1"}],"space_between":{"unit":"px","size":"10","sizes":[]},"icon_align":"left","icon_size":{"unit":"px","size":"0","sizes":[]},"text_color":"#000000","icon_typography_typography":"custom","icon_typography_font_family":"Roboto","icon_typography_font_size":{"unit":"px","size":"16","sizes":[]},"icon_typography_font_weight":"400","icon_typography_text_transform":"none","icon_typography_line_height":{"unit":"em","size":"1","sizes":[]},"icon_align_tablet":"center","pp_display_conditions":[{"pp_condition_key":"authentication","pp_condition_operator":"is","pp_condition_authentication_value":"authenticated","pp_condition_user_value":"","pp_condition_role_value":"subscriber","pp_condition_page_value":"","pp_condition_post_value":"","pp_condition_static_page_value":"home","pp_condition_post_type_value":"","pp_condition_taxonomy_archive_value":"","pp_condition_term_archive_value":"","pp_condition_post_type_archive_value":"","pp_condition_date_archive_value":"","pp_condition_author_archive_value":"","pp_condition_search_results_value":"","pp_condition_date_value":"2020-10-24 to 2020-10-30","pp_condition_date_time_before_value":"2020-10-30 13:54","pp_condition_time_value":"","pp_condition_day_value":"1","pp_condition_os_value":"iphone","pp_condition_browser_value":"ie","pp_condition_search-bot_value":"all_search_bots","_id":"26389bb"}]},"elements":[],"isInner":false,"widgetType":"icon-list","elType":"widget"}],"isInner":"1","elType":"column"},{"id":"361e6214","settings":{"_column_size":"33","padding":{"unit":"px","top":"0","right":"0","bottom":"0","left":"0","isLinked":"1"},"content_position":"top","_inline_size_tablet":"100"},"elements":[{"id":"516de084","settings":{"title":"Opening Hours","title_color":"#000000","typography_typography":"custom","typography_font_family":"Fahkwang","typography_font_size":{"unit":"px","size":"30","sizes":[]},"typography_font_weight":"600","typography_text_transform":"capitalize","typography_line_height":{"unit":"em","size":"1","sizes":[]},"align_tablet":"center","typography_font_size_tablet":{"unit":"px","size":"30","sizes":[]},"typography_font_size_mobile":{"unit":"px","size":"30","sizes":[]},"header_size":"h3","pp_display_conditions":[{"pp_condition_key":"authentication","pp_condition_operator":"is","pp_condition_authentication_value":"authenticated","pp_condition_user_value":"","pp_condition_role_value":"subscriber","pp_condition_page_value":"","pp_condition_post_value":"","pp_condition_static_page_value":"home","pp_condition_post_type_value":"","pp_condition_taxonomy_archive_value":"","pp_condition_term_archive_value":"","pp_condition_post_type_archive_value":"","pp_condition_date_archive_value":"","pp_condition_author_archive_value":"","pp_condition_search_results_value":"","pp_condition_date_value":"2020-10-24 to 2020-10-30","pp_condition_date_time_before_value":"2020-10-30 13:54","pp_condition_time_value":"","pp_condition_day_value":"1","pp_condition_os_value":"iphone","pp_condition_browser_value":"ie","pp_condition_search-bot_value":"all_search_bots","_id":"c56c9c7"}]},"elements":[],"isInner":false,"widgetType":"heading","elType":"widget"},{"id":"3e52a07a","settings":{"icon_list":[{"text":"Monday - Friday 9am - 10pm","selected_icon":{"value":"","library":""},"_id":"bdc64c1","link":{"url":"","is_external":"","nofollow":"","custom_attributes":""}},{"text":"Saturday 10am - 8pm","selected_icon":{"value":"","library":""},"link":{"url":"","is_external":"","nofollow":"","custom_attributes":""},"_id":"736a4a1"}],"space_between":{"unit":"px","size":"10","sizes":[]},"icon_align":"left","icon_size":{"unit":"px","size":"0","sizes":[]},"text_color":"#000000","icon_typography_typography":"custom","icon_typography_font_family":"Roboto","icon_typography_font_size":{"unit":"px","size":"16","sizes":[]},"icon_typography_font_weight":"400","icon_typography_text_transform":"none","icon_typography_line_height":{"unit":"em","size":"1","sizes":[]},"icon_align_tablet":"center","pp_display_conditions":[{"pp_condition_key":"authentication","pp_condition_operator":"is","pp_condition_authentication_value":"authenticated","pp_condition_user_value":"","pp_condition_role_value":"subscriber","pp_condition_page_value":"","pp_condition_post_value":"","pp_condition_static_page_value":"home","pp_condition_post_type_value":"","pp_condition_taxonomy_archive_value":"","pp_condition_term_archive_value":"","pp_condition_post_type_archive_value":"","pp_condition_date_archive_value":"","pp_condition_author_archive_value":"","pp_condition_search_results_value":"","pp_condition_date_value":"2020-10-24 to 2020-10-30","pp_condition_date_time_before_value":"2020-10-30 13:54","pp_condition_time_value":"","pp_condition_day_value":"1","pp_condition_os_value":"iphone","pp_condition_browser_value":"ie","pp_condition_search-bot_value":"all_search_bots","_id":"224d558"}]},"elements":[],"isInner":false,"widgetType":"icon-list","elType":"widget"}],"isInner":"1","elType":"column"}],"isInner":"1","elType":"section"}],"isInner":"","elType":"column"},{"id":"27e87d27","settings":{"_column_size":"50","content_position":"top","padding":{"unit":"%","top":"","right":"","bottom":"","left":"","isLinked":"1"},"border_border":"solid","border_width":{"unit":"px","top":"0","right":"0","bottom":"0","left":"1","isLinked":""},"border_color":"#000000","_inline_size_tablet":"100","content_position_tablet":"top","border_width_tablet":{"unit":"px","top":"0","right":"0","bottom":"0","left":"0","isLinked":"1"},"padding_tablet":{"unit":"%","top":"5","right":"5","bottom":"0","left":"5","isLinked":""},"_inline_size":"40"},"elements":[{"id":"5b50f3a8","settings":{"space_tablet":{"unit":"px","size":"0","sizes":[]},"pp_display_conditions":[{"pp_condition_key":"authentication","pp_condition_operator":"is","pp_condition_authentication_value":"authenticated","pp_condition_user_value":"","pp_condition_role_value":"subscriber","pp_condition_page_value":"","pp_condition_post_value":"","pp_condition_static_page_value":"home","pp_condition_post_type_value":"","pp_condition_taxonomy_archive_value":"","pp_condition_term_archive_value":"","pp_condition_post_type_archive_value":"","pp_condition_date_archive_value":"","pp_condition_author_archive_value":"","pp_condition_search_results_value":"","pp_condition_date_value":"2020-10-24 to 2020-10-30","pp_condition_date_time_before_value":"2020-10-30 13:54","pp_condition_time_value":"","pp_condition_day_value":"1","pp_condition_os_value":"iphone","pp_condition_browser_value":"ie","pp_condition_search-bot_value":"all_search_bots","_id":"7553ebc"}]},"elements":[],"isInner":false,"widgetType":"spacer","elType":"widget"}],"isInner":"","elType":"column"}],"isInner":"","elType":"section"},{"id":"115951fa","settings":{"layout":"full_width","height":"min-height","custom_height":{"unit":"px","size":"650","sizes":[]},"column_position":"stretch","structure":"20","padding":{"unit":"%","top":"0","right":"0","bottom":"0","left":"5","isLinked":""},"border_width":{"unit":"px","top":"0","right":"0","bottom":"0","left":"0","isLinked":""},"border_color":"#000000","border_width_tablet":{"unit":"px","top":"1","right":"0","bottom":"0","left":"0","isLinked":""},"_title":"Form + Map","margin_mobile":{"unit":"%","top":"0","right":"0","bottom":"0","left":"0","isLinked":"1"},"padding_tablet":{"unit":"%","top":"10","right":"5","bottom":"0","left":"5","isLinked":""},"border_border":"solid","_timestamp_":"v1R3BjMjVnNTZwRTgwWHBPUlA5UUxZUT09","pp_display_conditions":[{"pp_condition_key":"authentication","pp_condition_operator":"is","pp_condition_authentication_value":"authenticated","pp_condition_user_value":"","pp_condition_role_value":"subscriber","pp_condition_page_value":"","pp_condition_post_value":"","pp_condition_static_page_value":"home","pp_condition_post_type_value":"","pp_condition_taxonomy_archive_value":"","pp_condition_term_archive_value":"","pp_condition_post_type_archive_value":"","pp_condition_date_archive_value":"","pp_condition_author_archive_value":"","pp_condition_search_results_value":"","pp_condition_date_value":"2020-10-24 to 2020-10-30","pp_condition_date_time_before_value":"2020-10-30 13:54","pp_condition_time_value":"","pp_condition_day_value":"1","pp_condition_os_value":"iphone","pp_condition_browser_value":"ie","pp_condition_search-bot_value":"all_search_bots","_id":"ab54fec"}]},"elements":[{"id":"36f42e57","settings":{"_column_size":"50","content_position":"center","padding":{"unit":"%","top":"0","right":"25","bottom":"0","left":"0","isLinked":""},"_inline_size_tablet":"100","content_position_tablet":"bottom","_inline_size":"56.78","space_between_widgets":"65","padding_tablet":{"unit":"px","top":"0","right":"0","bottom":"0","left":"0","isLinked":"1"}},"elements":[{"id":"40133662","settings":{"title":"For all inquiries and booking please\n<br>call or fill out the form below","title_color":"#000000","typography_typography":"custom","typography_font_family":"Fahkwang","typography_font_size":{"unit":"px","size":"30","sizes":[]},"typography_font_weight":"600","typography_text_transform":"capitalize","typography_line_height":{"unit":"em","size":"1","sizes":[]},"align_tablet":"center","typography_font_size_tablet":{"unit":"px","size":"30","sizes":[]},"typography_font_size_mobile":{"unit":"px","size":"30","sizes":[]},"header_size":"h3","pp_display_conditions":[{"pp_condition_key":"authentication","pp_condition_operator":"is","pp_condition_authentication_value":"authenticated","pp_condition_user_value":"","pp_condition_role_value":"subscriber","pp_condition_page_value":"","pp_condition_post_value":"","pp_condition_static_page_value":"home","pp_condition_post_type_value":"","pp_condition_taxonomy_archive_value":"","pp_condition_term_archive_value":"","pp_condition_post_type_archive_value":"","pp_condition_date_archive_value":"","pp_condition_author_archive_value":"","pp_condition_search_results_value":"","pp_condition_date_value":"2020-10-24 to 2020-10-30","pp_condition_date_time_before_value":"2020-10-30 13:54","pp_condition_time_value":"","pp_condition_day_value":"1","pp_condition_os_value":"iphone","pp_condition_browser_value":"ie","pp_condition_search-bot_value":"all_search_bots","_id":"ed0a2ab"}]},"elements":[],"isInner":false,"widgetType":"heading","elType":"widget"},{"id":"2a858dbd","settings":{"form_name":"New Form","form_fields":[{"custom_id":"name","field_type":"text","field_label":"First Name","placeholder":"","width":"50","_id":"70dbdd2","required":"","selected_icon":{"value":"fas fa-star","library":"fa-solid"},"field_options":"","allow_multiple":"","select_size":"","inline_list":"","field_html":"","width_tablet":"","width_mobile":"","rows":"4","recaptcha_size":"normal","recaptcha_style":"light","recaptcha_badge":"bottomright","css_classes":"","field_value":"","file_sizes":"","file_types":"","allow_multiple_upload":"","max_files":"","acceptance_text":"","checked_by_default":"","field_min":"","field_max":"","min_date":"","max_date":"","use_native_date":"","use_native_time":"","previous_button":"","next_button":"","field_pattern":"","field_pattern_message":"\u0644\u0637\u0641\u0627 \u0628\u0627 \u0641\u0631\u0645\u062a \u062f\u0631\u062e\u0648\u0627\u0633\u062a \u0634\u062f\u0647 \u0648\u0627\u0631\u062f \u06a9\u0646\u06cc\u062f","password_preview_toggle":""},{"custom_id":"field_f2064fc","field_type":"text","field_label":"Last Name","placeholder":"","width":"50","required":"","selected_icon":{"value":"fas fa-star","library":"fa-solid"},"field_options":"","allow_multiple":"","select_size":"","inline_list":"","field_html":"","width_tablet":"","width_mobile":"","rows":"4","recaptcha_size":"normal","recaptcha_style":"light","recaptcha_badge":"bottomright","css_classes":"","field_value":"","_id":"f2064fc","file_sizes":"","file_types":"","allow_multiple_upload":"","max_files":"","acceptance_text":"","checked_by_default":"","field_min":"","field_max":"","min_date":"","max_date":"","use_native_date":"","use_native_time":"","previous_button":"","next_button":"","field_pattern":"","field_pattern_message":"\u0644\u0637\u0641\u0627 \u0628\u0627 \u0641\u0631\u0645\u062a \u062f\u0631\u062e\u0648\u0627\u0633\u062a \u0634\u062f\u0647 \u0648\u0627\u0631\u062f \u06a9\u0646\u06cc\u062f","password_preview_toggle":""},{"custom_id":"email","field_type":"email","required":"","field_label":"Email","placeholder":"","width":"50","_id":"1c1aeb6","selected_icon":{"value":"fas fa-star","library":"fa-solid"},"field_options":"","allow_multiple":"","select_size":"","inline_list":"","field_html":"","width_tablet":"","width_mobile":"","rows":"4","recaptcha_size":"normal","recaptcha_style":"light","recaptcha_badge":"bottomright","css_classes":"","field_value":"","file_sizes":"","file_types":"","allow_multiple_upload":"","max_files":"","acceptance_text":"","checked_by_default":"","field_min":"","field_max":"","min_date":"","max_date":"","use_native_date":"","use_native_time":"","previous_button":"","next_button":"","field_pattern":"","field_pattern_message":"\u0644\u0637\u0641\u0627 \u0628\u0627 \u0641\u0631\u0645\u062a \u062f\u0631\u062e\u0648\u0627\u0633\u062a \u0634\u062f\u0647 \u0648\u0627\u0631\u062f \u06a9\u0646\u06cc\u062f","password_preview_toggle":""},{"custom_id":"field_61d2de4","field_type":"tel","required":"","field_label":"Phone Number","placeholder":"","width":"50","selected_icon":{"value":"fas fa-star","library":"fa-solid"},"field_options":"","allow_multiple":"","select_size":"","inline_list":"","field_html":"","width_tablet":"","width_mobile":"","rows":"4","recaptcha_size":"normal","recaptcha_style":"light","recaptcha_badge":"bottomright","css_classes":"","field_value":"","_id":"61d2de4","file_sizes":"","file_types":"","allow_multiple_upload":"","max_files":"","acceptance_text":"","checked_by_default":"","field_min":"","field_max":"","min_date":"","max_date":"","use_native_date":"","use_native_time":"","previous_button":"","next_button":"","field_pattern":"","field_pattern_message":"\u0644\u0637\u0641\u0627 \u0628\u0627 \u0641\u0631\u0645\u062a \u062f\u0631\u062e\u0648\u0627\u0633\u062a \u0634\u062f\u0647 \u0648\u0627\u0631\u062f \u06a9\u0646\u06cc\u062f","password_preview_toggle":""},{"custom_id":"message","field_type":"textarea","field_label":"Message","placeholder":"","width":"100","_id":"ac42c58","required":"","selected_icon":{"value":"fas fa-star","library":"fa-solid"},"field_options":"","allow_multiple":"","select_size":"","inline_list":"","field_html":"","width_tablet":"","width_mobile":"","rows":"4","recaptcha_size":"normal","recaptcha_style":"light","recaptcha_badge":"bottomright","css_classes":"","field_value":"","file_sizes":"","file_types":"","allow_multiple_upload":"","max_files":"","acceptance_text":"","checked_by_default":"","field_min":"","field_max":"","min_date":"","max_date":"","use_native_date":"","use_native_time":"","previous_button":"","next_button":"","field_pattern":"","field_pattern_message":"\u0644\u0637\u0641\u0627 \u0628\u0627 \u0641\u0631\u0645\u062a \u062f\u0631\u062e\u0648\u0627\u0633\u062a \u0634\u062f\u0647 \u0648\u0627\u0631\u062f \u06a9\u0646\u06cc\u062f","password_preview_toggle":""}],"button_align":"center","step_next_label":"Next","step_previous_label":"Previous","button_text":"Submit","email_content":"[all-fields]","email_content_2":"[all-fields]","success_message":"The form was sent successfully.","error_message":"An error occured.","required_field_message":"This field is required.","invalid_message":"There's something wrong. The form is invalid.","column_gap":{"unit":"px","size":"80","sizes":[]},"row_gap":{"unit":"px","size":"30","sizes":[]},"label_color":"#000000","label_typography_typography":"custom","label_typography_font_family":"Roboto","label_typography_font_size":{"unit":"px","size":"16","sizes":[]},"label_typography_font_weight":"400","label_typography_text_transform":"capitalize","label_typography_line_height":{"unit":"em","size":"1","sizes":[]},"field_text_color":"#000000","field_typography_font_family":"Roboto","field_typography_font_size":{"unit":"px","size":"16","sizes":[]},"field_typography_font_weight":"400","field_typography_text_transform":"capitalize","field_typography_line_height":{"unit":"em","size":"1","sizes":[]},"field_background_color":"rgba(255, 255, 255, 0)","field_border_color":"#000000","field_border_width":{"unit":"px","top":"0","right":"0","bottom":"1","left":"0","isLinked":""},"field_border_radius":{"unit":"px","top":"0","right":"0","bottom":"0","left":"0","isLinked":"1"},"button_typography_typography":"custom","button_typography_font_family":"Roboto","button_typography_font_size":{"unit":"px","size":"16","sizes":[]},"button_typography_font_weight":"400","button_typography_text_transform":"capitalize","button_typography_line_height":{"unit":"em","size":"1","sizes":[]},"button_background_color":"#000000","button_text_color":"#FFFFFF","previous_button_text_color":"#FFFFFF","button_border_radius":{"unit":"px","top":"0","right":"0","bottom":"0","left":"0","isLinked":"1"},"button_text_padding":{"unit":"px","top":"20","right":"65","bottom":"20","left":"65","isLinked":""},"message_typography_typography":"custom","message_typography_font_family":"Roboto","message_typography_font_size":{"unit":"px","size":"16","sizes":[]},"message_typography_font_weight":"400","message_typography_line_height":{"unit":"em","size":"1.5","sizes":[]},"success_message_color":"#000000","error_message_color":"#000000","inline_message_color":"#000000","button_border_border":"solid","button_border_width":{"unit":"px","top":"1","right":"1","bottom":"1","left":"1","isLinked":"1"},"button_border_color":"#000000","button_background_hover_color":"#F2EFEC","button_hover_color":"#000000","button_hover_border_color":"#000000","ap_google_sheet_mapping":[{"ap_google_sheet_field_id":"name","ap_google_sheet_column_id":1,"_id":"044dd1c"},{"ap_google_sheet_field_id":"email","ap_google_sheet_column_id":2,"_id":"90e876f"},{"ap_google_sheet_field_id":"message","ap_google_sheet_column_id":3,"_id":"0fe8573"}],"pp_display_conditions":[{"pp_condition_key":"authentication","pp_condition_operator":"is","pp_condition_authentication_value":"authenticated","pp_condition_user_value":"","pp_condition_role_value":"subscriber","pp_condition_page_value":"","pp_condition_post_value":"","pp_condition_static_page_value":"home","pp_condition_post_type_value":"","pp_condition_taxonomy_archive_value":"","pp_condition_term_archive_value":"","pp_condition_post_type_archive_value":"","pp_condition_date_archive_value":"","pp_condition_author_archive_value":"","pp_condition_search_results_value":"","pp_condition_date_value":"2020-10-24 to 2020-10-30","pp_condition_date_time_before_value":"2020-10-30 13:54","pp_condition_time_value":"","pp_condition_day_value":"1","pp_condition_os_value":"iphone","pp_condition_browser_value":"ie","pp_condition_search-bot_value":"all_search_bots","_id":"a6e6f67"}],"ap_register_email_from_name":"\u0627\u0644\u0645\u0646\u062a\u0648\u0631 \u0641\u0627\u0631\u0633\u06cc","ap_register_email_from":"elementorfa@gmail.com","ap_register_email_subject":"\u0628\u0627 \u062a\u0634\u06a9\u0631 \u0627\u0632 \u062b\u0628\u062a \u0646\u0627\u0645 \u0634\u0645\u0627","ap_register_email_message":"\u0628\u0627 \u062a\u0634\u06a9\u0631 \u0627\u0632 \u062b\u0628\u062a \u0646\u0627\u0645 \u0634\u0645\u0627.","ap_register_phone_message":"\u0645\u0645\u0646\u0648\u0646 \u0627\u0632 \u0627\u06cc\u0646\u06a9\u0647 \u062b\u0628\u062a \u0646\u0627\u0645 \u06a9\u0631\u062f\u06cc\u062f. \u0644\u0637\u0641\u0627\u064b \u0642\u0628\u0644 \u0627\u0632 \u0648\u0631\u0648\u062f \u0628\u0647 \u0633\u0627\u06cc\u062a \u0645\u0627 \u060c \u0634\u0645\u0627\u0631\u0647 \u062a\u0644\u0641\u0646 \u062e\u0648\u062f \u0631\u0627 \u0628\u0627 \u0627\u0633\u062a\u0641\u0627\u062f\u0647 \u0627\u0632 [ap-verification] \u0644\u06cc\u0646\u06a9 \/ otp \u062a\u0623\u06cc\u06cc\u062f \u06a9\u0646\u06cc\u062f.","ap_login_email_from_name":"\u0627\u0644\u0645\u0646\u062a\u0648\u0631 \u0641\u0627\u0631\u0633\u06cc","ap_login_email_from":"elementorfa@gmail.com","ap_login_email_subject":"Your One Time Passcode","ap_login_email_message":"Your one time password is [ap-login-otp].","ap_login_phone_message":"Your one time password is [ap-login-otp].","ap_reset_pass_email_from_name":"\u0627\u0644\u0645\u0646\u062a\u0648\u0631 \u0641\u0627\u0631\u0633\u06cc","ap_reset_pass_email_from":"elementorfa@gmail.com","ap_reset_pass_email_subject":"Your password reset link","ap_reset_pass_email_message":"Hi, Use the following link\/otp [ap-reset-pass] to reset your password","ap_reset_pass_phone_message":"Hi, Use the following link\/otp [ap-reset-pass] to reset your password","ap_sms_message":"[all-fields]"},"elements":[],"isInner":false,"widgetType":"form","elType":"widget"}],"isInner":"","elType":"column"},{"id":"266c0b9e","settings":{"_column_size":"50","content_position":"top","padding":{"unit":"%","top":"0","right":"0","bottom":"0","left":"0","isLinked":"1"},"border_border":"solid","border_width":{"unit":"px","top":"0","right":"0","bottom":"0","left":"1","isLinked":""},"border_color":"#000000","_inline_size_tablet":"100","content_position_tablet":"top","border_width_tablet":{"unit":"px","top":"0","right":"0","bottom":"0","left":"0","isLinked":"1"},"padding_tablet":{"unit":"%","top":"","right":"","bottom":"","left":"","isLinked":"1"},"_inline_size":"43.18","margin_tablet":{"unit":"%","top":"15","right":"0","bottom":"15","left":"0","isLinked":""}},"elements":[{"id":"21fdba5d","settings":{"address":"Washington DC","height":{"unit":"px","size":"650","sizes":[]},"css_filters_css_filter":"custom","css_filters_saturate":{"unit":"px","size":"0","sizes":[]},"height_mobile":{"unit":"px","size":"450","sizes":[]},"pp_display_conditions":[{"pp_condition_key":"authentication","pp_condition_operator":"is","pp_condition_authentication_value":"authenticated","pp_condition_user_value":"","pp_condition_role_value":"subscriber","pp_condition_page_value":"","pp_condition_post_value":"","pp_condition_static_page_value":"home","pp_condition_post_type_value":"","pp_condition_taxonomy_archive_value":"","pp_condition_term_archive_value":"","pp_condition_post_type_archive_value":"","pp_condition_date_archive_value":"","pp_condition_author_archive_value":"","pp_condition_search_results_value":"","pp_condition_date_value":"2020-10-24 to 2020-10-30","pp_condition_date_time_before_value":"2020-10-30 13:54","pp_condition_time_value":"","pp_condition_day_value":"1","pp_condition_os_value":"iphone","pp_condition_browser_value":"ie","pp_condition_search-bot_value":"all_search_bots","_id":"6952738"}]},"elements":[],"isInner":false,"widgetType":"google_maps","elType":"widget"}],"isInner":"","elType":"column"}],"isInner":"","elType":"section"}],"page_settings":{"background_background":"classic","background_color":"#F2EFEC"}}