{"version":"0.4","title":"15391","type":"page","content":[{"id":"359d8c39","settings":{"layout":"full_width","height":"min-height","custom_height":{"unit":"vh","size":"10","sizes":[]},"column_position":"stretch","structure":"33","margin":{"unit":"px","top":"","right":"0","bottom":"","left":"0","isLinked":"1"},"padding":{"unit":"%","top":"0","right":"5","bottom":"0","left":"5","isLinked":""},"background_background":"classic","background_color":"#F2EFEC","border_border":"solid","border_width":{"unit":"px","top":"0","right":"0","bottom":"1","left":"0","isLinked":""},"border_color":"#000000","custom_height_tablet":{"unit":"vh","size":"","sizes":[]},"_title":"Header","_timestamp_":"v1R3BjMjVnNTZwRTgwWHBPUlA5UUxZUT09","pp_display_conditions":[{"pp_condition_key":"authentication","pp_condition_operator":"is","pp_condition_authentication_value":"authenticated","pp_condition_user_value":"","pp_condition_role_value":"subscriber","pp_condition_page_value":"","pp_condition_post_value":"","pp_condition_static_page_value":"home","pp_condition_post_type_value":"","pp_condition_taxonomy_archive_value":"","pp_condition_term_archive_value":"","pp_condition_post_type_archive_value":"","pp_condition_date_archive_value":"","pp_condition_author_archive_value":"","pp_condition_search_results_value":"","pp_condition_date_value":"2020-11-02 to 2020-11-08","pp_condition_date_time_before_value":"2020-11-08 09:18","pp_condition_time_value":"","pp_condition_day_value":"1","pp_condition_os_value":"iphone","pp_condition_browser_value":"ie","pp_condition_search-bot_value":"all_search_bots","_id":"319a8ab"}]},"elements":[{"id":"18e97544","settings":{"_column_size":"25","content_position":"center","padding":{"unit":"px","top":"0","right":"0","bottom":"0","left":"0","isLinked":"1"},"_inline_size":"20","_inline_size_tablet":"26","_inline_size_mobile":"40"},"elements":[{"id":"12b2d0c6","settings":{"image":{"id":894,"url":"http:\/\/library.elementor.com\/wp-content\/uploads\/2020\/10\/Logo.png"},"image_size":"full","align":"left","link_to":"custom","__dynamic__":{"link":"[elementor-tag id=\"2bdeddb\" name=\"site-url\" settings=\"%7B%7D\"]"},"pp_display_conditions":[{"pp_condition_key":"authentication","pp_condition_operator":"is","pp_condition_authentication_value":"authenticated","pp_condition_user_value":"","pp_condition_role_value":"subscriber","pp_condition_page_value":"","pp_condition_post_value":"","pp_condition_static_page_value":"home","pp_condition_post_type_value":"","pp_condition_taxonomy_archive_value":"","pp_condition_term_archive_value":"","pp_condition_post_type_archive_value":"","pp_condition_date_archive_value":"","pp_condition_author_archive_value":"","pp_condition_search_results_value":"","pp_condition_date_value":"2020-11-02 to 2020-11-08","pp_condition_date_time_before_value":"2020-11-08 09:18","pp_condition_time_value":"","pp_condition_day_value":"1","pp_condition_os_value":"iphone","pp_condition_browser_value":"ie","pp_condition_search-bot_value":"all_search_bots","_id":"831cc9b"}]},"elements":[],"isInner":false,"widgetType":"image","elType":"widget"}],"isInner":"","elType":"column"},{"id":"498cf14e","settings":{"_column_size":"50","_inline_size":"60","content_position":"center","_inline_size_tablet":"48","_inline_size_mobile":"24","padding_mobile":{"unit":"px","top":"0","right":"0","bottom":"0","left":"0","isLinked":"1"}},"elements":[{"id":"237f4744","settings":{"align_items":"center","full_width":"stretch","menu_typography_typography":"custom","menu_typography_font_family":"Roboto","menu_typography_font_size":{"unit":"px","size":"16","sizes":[]},"menu_typography_font_weight":"400","menu_typography_text_transform":"uppercase","color_menu_item":"#000000","color_menu_item_hover":"#000000","pointer_color_menu_item_hover":"#030303","color_menu_item_active":"#000000","pointer_color_menu_item_active":"#000000","pointer_width":{"unit":"px","size":"1","sizes":[]},"padding_horizontal_menu_item":{"unit":"px","size":"0","sizes":[]},"padding_vertical_menu_item":{"unit":"px","size":"0","sizes":[]},"menu_space_between":{"unit":"px","size":"50","sizes":[]},"text_align":"center","toggle_align":"right","color_dropdown_item":"#000000","background_color_dropdown_item":"#F2EFEC","color_dropdown_item_hover":"#000000","background_color_dropdown_item_hover":"#F2EFEC","color_dropdown_item_active":"#000000","background_color_dropdown_item_active":"#F2EFEC","padding_vertical_dropdown_item_tablet":{"unit":"px","size":"20","sizes":[]},"dropdown_divider_border":"solid","dropdown_divider_color":"#000000","dropdown_divider_width":{"unit":"px","size":"1","sizes":[]},"dropdown_top_distance_tablet":{"unit":"px","size":"37","sizes":[]},"toggle_color":"#000000","toggle_background_color":"rgba(255, 255, 255, 0)","toggle_color_hover":"#ACA298","dropdown_top_distance_mobile":{"unit":"px","size":"16","sizes":[]},"dropdown_border_border":"solid","dropdown_border_width_tablet":{"unit":"px","top":"0","right":"0","bottom":"1","left":"0","isLinked":""},"dropdown_border_color":"#000000","pp_display_conditions":[{"pp_condition_key":"authentication","pp_condition_operator":"is","pp_condition_authentication_value":"authenticated","pp_condition_user_value":"","pp_condition_role_value":"subscriber","pp_condition_page_value":"","pp_condition_post_value":"","pp_condition_static_page_value":"home","pp_condition_post_type_value":"","pp_condition_taxonomy_archive_value":"","pp_condition_term_archive_value":"","pp_condition_post_type_archive_value":"","pp_condition_date_archive_value":"","pp_condition_author_archive_value":"","pp_condition_search_results_value":"","pp_condition_date_value":"2020-11-02 to 2020-11-08","pp_condition_date_time_before_value":"2020-11-08 09:18","pp_condition_time_value":"","pp_condition_day_value":"1","pp_condition_os_value":"iphone","pp_condition_browser_value":"ie","pp_condition_search-bot_value":"all_search_bots","_id":"6a0998b"}]},"elements":[],"isInner":false,"widgetType":"nav-menu","elType":"widget"}],"isInner":"","elType":"column"},{"id":"1fc959a4","settings":{"_column_size":"25","_inline_size":"20.011","content_position":"center","padding":{"unit":"px","top":"0","right":"0","bottom":"0","left":"0","isLinked":"1"},"_inline_size_tablet":"26","_inline_size_mobile":"36"},"elements":[{"id":"57300f72","settings":{"social_icon_list":[{"social_icon":{"value":{"id":"889","url":"http:\/\/library.elementor.com\/wp-content\/uploads\/2020\/10\/Instagram.svg"},"library":"svg"},"_id":"12ecc50","link":{"url":"","is_external":"true","nofollow":"","custom_attributes":""},"item_icon_color":"default","item_icon_primary_color":"","item_icon_secondary_color":""},{"social_icon":{"value":"fab fa-facebook-f","library":"fa-brands"},"link":{"url":"","is_external":"true","nofollow":"","custom_attributes":""},"item_icon_color":"default","item_icon_primary_color":"","item_icon_secondary_color":"","_id":"fac13cb"},{"social_icon":{"value":"fab fa-twitter","library":"fa-brands"},"_id":"2b24867","link":{"url":"","is_external":"true","nofollow":"","custom_attributes":""},"item_icon_color":"default","item_icon_primary_color":"","item_icon_secondary_color":""},{"social_icon":{"value":"fab fa-youtube","library":"fa-brands"},"_id":"467570f","link":{"url":"","is_external":"true","nofollow":"","custom_attributes":""},"item_icon_color":"default","item_icon_primary_color":"","item_icon_secondary_color":""}],"shape":"square","align":"right","icon_color":"custom","icon_primary_color":"rgba(255, 255, 255, 0)","icon_secondary_color":"#000000","icon_size":{"unit":"px","size":"18","sizes":[]},"icon_padding":{"unit":"em","size":"0","sizes":[]},"icon_spacing":{"unit":"px","size":"20","sizes":[]},"hover_secondary_color":"#ACA298","icon_size_mobile":{"unit":"px","size":"15","sizes":[]},"icon_spacing_mobile":{"unit":"px","size":"10","sizes":[]},"pp_display_conditions":[{"pp_condition_key":"authentication","pp_condition_operator":"is","pp_condition_authentication_value":"authenticated","pp_condition_user_value":"","pp_condition_role_value":"subscriber","pp_condition_page_value":"","pp_condition_post_value":"","pp_condition_static_page_value":"home","pp_condition_post_type_value":"","pp_condition_taxonomy_archive_value":"","pp_condition_term_archive_value":"","pp_condition_post_type_archive_value":"","pp_condition_date_archive_value":"","pp_condition_author_archive_value":"","pp_condition_search_results_value":"","pp_condition_date_value":"2020-11-02 to 2020-11-08","pp_condition_date_time_before_value":"2020-11-08 09:18","pp_condition_time_value":"","pp_condition_day_value":"1","pp_condition_os_value":"iphone","pp_condition_browser_value":"ie","pp_condition_search-bot_value":"all_search_bots","_id":"05f78fd"}]},"elements":[],"isInner":false,"widgetType":"social-icons","elType":"widget"}],"isInner":"","elType":"column"}],"isInner":"","elType":"section"}],"page_settings":{"background_background":"classic","background_color":"#F2EFEC"}}