{"version":"0.4","title":"15407","type":"page","content":[{"id":"555cd0ac","settings":{"layout":"full_width","height":"min-height","custom_height":{"unit":"vh","size":"7","sizes":[]},"column_position":"stretch","margin":{"unit":"px","top":"","right":"0","bottom":"","left":"0","isLinked":"1"},"padding":{"unit":"%","top":"0","right":"5","bottom":"0","left":"5","isLinked":""},"border_color":"#000000","custom_height_tablet":{"unit":"vh","size":"5","sizes":[]},"_title":"Eror 404","_timestamp_":"v1R3BjMjVnNTZwRTgwWHBPUlA5UUxZUT09","pp_display_conditions":[{"pp_condition_key":"authentication","pp_condition_operator":"is","pp_condition_authentication_value":"authenticated","pp_condition_user_value":"","pp_condition_role_value":"subscriber","pp_condition_page_value":"","pp_condition_post_value":"","pp_condition_static_page_value":"home","pp_condition_post_type_value":"","pp_condition_taxonomy_archive_value":"","pp_condition_term_archive_value":"","pp_condition_post_type_archive_value":"","pp_condition_date_archive_value":"","pp_condition_author_archive_value":"","pp_condition_search_results_value":"","pp_condition_date_value":"2020-10-24 to 2020-10-30","pp_condition_date_time_before_value":"2020-10-30 13:56","pp_condition_time_value":"","pp_condition_day_value":"1","pp_condition_os_value":"iphone","pp_condition_browser_value":"ie","pp_condition_search-bot_value":"all_search_bots","_id":"4def7a0"}]},"elements":[{"id":"49eea680","settings":{"_column_size":"100","space_between_widgets":"0","padding":{"unit":"px","top":"0","right":"0","bottom":"0","left":"0","isLinked":"1"},"content_position":"center"},"elements":[{"id":"f1ddb35","settings":{"title":"Error 404*","title_color":"#000000","typography_typography":"custom","typography_font_family":"Roboto","typography_font_size":{"unit":"px","size":"25","sizes":[]},"typography_font_weight":"400","typography_text_transform":"capitalize","typography_font_size_tablet":{"unit":"px","size":"20","sizes":[]},"typography_font_size_mobile":{"unit":"px","size":"18","sizes":[]},"header_size":"h4","pp_display_conditions":[{"pp_condition_key":"authentication","pp_condition_operator":"is","pp_condition_authentication_value":"authenticated","pp_condition_user_value":"","pp_condition_role_value":"subscriber","pp_condition_page_value":"","pp_condition_post_value":"","pp_condition_static_page_value":"home","pp_condition_post_type_value":"","pp_condition_taxonomy_archive_value":"","pp_condition_term_archive_value":"","pp_condition_post_type_archive_value":"","pp_condition_date_archive_value":"","pp_condition_author_archive_value":"","pp_condition_search_results_value":"","pp_condition_date_value":"2020-10-24 to 2020-10-30","pp_condition_date_time_before_value":"2020-10-30 13:56","pp_condition_time_value":"","pp_condition_day_value":"1","pp_condition_os_value":"iphone","pp_condition_browser_value":"ie","pp_condition_search-bot_value":"all_search_bots","_id":"a308397"}]},"elements":[],"isInner":false,"widgetType":"heading","elType":"widget"}],"isInner":"","elType":"column"}],"isInner":"","elType":"section"},{"id":"25b35b3c","settings":{"layout":"full_width","height":"min-height","custom_height":{"unit":"vh","size":"65","sizes":[]},"column_position":"stretch","border_border":"solid","border_width":{"unit":"px","top":"1","right":"0","bottom":"0","left":"0","isLinked":""},"border_color":"#000000","margin":{"unit":"px","top":"","right":"0","bottom":"","left":"0","isLinked":"1"},"padding":{"unit":"%","top":"0","right":"5","bottom":"0","left":"5","isLinked":""},"custom_height_tablet":{"unit":"vh","size":"12","sizes":[]},"custom_height_mobile":{"unit":"vh","size":"15","sizes":[]},"gap":"no","_title":"Hero","_timestamp_":"v1R3BjMjVnNTZwRTgwWHBPUlA5UUxZUT09","pp_display_conditions":[{"pp_condition_key":"authentication","pp_condition_operator":"is","pp_condition_authentication_value":"authenticated","pp_condition_user_value":"","pp_condition_role_value":"subscriber","pp_condition_page_value":"","pp_condition_post_value":"","pp_condition_static_page_value":"home","pp_condition_post_type_value":"","pp_condition_taxonomy_archive_value":"","pp_condition_term_archive_value":"","pp_condition_post_type_archive_value":"","pp_condition_date_archive_value":"","pp_condition_author_archive_value":"","pp_condition_search_results_value":"","pp_condition_date_value":"2020-10-24 to 2020-10-30","pp_condition_date_time_before_value":"2020-10-30 13:56","pp_condition_time_value":"","pp_condition_day_value":"1","pp_condition_os_value":"iphone","pp_condition_browser_value":"ie","pp_condition_search-bot_value":"all_search_bots","_id":"b2b8692"}]},"elements":[{"id":"734d9608","settings":{"_column_size":"100","content_position":"top","padding":{"unit":"%","top":"7","right":"0","bottom":"0","left":"0","isLinked":""},"space_between_widgets":"0","content_position_tablet":"top","padding_tablet":{"unit":"%","top":"15","right":"0","bottom":"15","left":"0","isLinked":""}},"elements":[{"id":"3cacaf7b","settings":{"title":"*","align":"left","title_color":"#000000","typography_typography":"custom","typography_font_family":"Fahkwang","typography_font_size":{"unit":"vw","size":"12","sizes":[]},"typography_font_weight":"600","typography_text_transform":"capitalize","typography_font_size_tablet":{"unit":"vw","size":"15","sizes":[]},"typography_font_size_mobile":{"unit":"vw","size":"18","sizes":[]},"typography_letter_spacing":{"unit":"px","size":"3","sizes":[]},"_padding":{"unit":"px","top":"0","right":"0","bottom":"0","left":"0","isLinked":""},"typography_letter_spacing_mobile":{"unit":"px","size":"1","sizes":[]},"_element_custom_width":{"unit":"%","size":"95","sizes":[]},"_element_width":"auto","_position":"absolute","_offset_x":{"size":"0","unit":"px"},"_offset_y":{"size":"-50","unit":"px"},"_offset_x_tablet":{"size":"1","unit":"px"},"_offset_x_mobile":{"size":"1","unit":"px"},"_offset_y_tablet":{"size":"-28","unit":"px"},"_offset_y_mobile":{"size":"-19","unit":"px"},"pp_display_conditions":[{"pp_condition_key":"authentication","pp_condition_operator":"is","pp_condition_authentication_value":"authenticated","pp_condition_user_value":"","pp_condition_role_value":"subscriber","pp_condition_page_value":"","pp_condition_post_value":"","pp_condition_static_page_value":"home","pp_condition_post_type_value":"","pp_condition_taxonomy_archive_value":"","pp_condition_term_archive_value":"","pp_condition_post_type_archive_value":"","pp_condition_date_archive_value":"","pp_condition_author_archive_value":"","pp_condition_search_results_value":"","pp_condition_date_value":"2020-10-24 to 2020-10-30","pp_condition_date_time_before_value":"2020-10-30 13:56","pp_condition_time_value":"","pp_condition_day_value":"1","pp_condition_os_value":"iphone","pp_condition_browser_value":"ie","pp_condition_search-bot_value":"all_search_bots","_id":"07bc37c"}]},"elements":[],"isInner":false,"widgetType":"heading","elType":"widget"},{"id":"642fd967","settings":{"title":"You may be in the wrong place","align":"left","title_color":"#000000","typography_typography":"custom","typography_font_family":"Fahkwang","typography_font_size":{"unit":"vw","size":"6.7","sizes":[]},"typography_font_weight":"600","typography_text_transform":"capitalize","typography_font_size_tablet":{"unit":"vw","size":"6.3","sizes":[]},"typography_font_size_mobile":{"unit":"vw","size":"8.5","sizes":[]},"typography_letter_spacing":{"unit":"px","size":"3","sizes":[]},"_padding":{"unit":"%","top":"0","right":"0","bottom":"6","left":"7","isLinked":""},"typography_letter_spacing_mobile":{"unit":"px","size":"1","sizes":[]},"_element_custom_width":{"unit":"%","size":"95","sizes":[]},"header_size":"h1","_element_width":"auto","_padding_tablet":{"unit":"%","top":"0","right":"0","bottom":"10","left":"10","isLinked":""},"pp_display_conditions":[{"pp_condition_key":"authentication","pp_condition_operator":"is","pp_condition_authentication_value":"authenticated","pp_condition_user_value":"","pp_condition_role_value":"subscriber","pp_condition_page_value":"","pp_condition_post_value":"","pp_condition_static_page_value":"home","pp_condition_post_type_value":"","pp_condition_taxonomy_archive_value":"","pp_condition_term_archive_value":"","pp_condition_post_type_archive_value":"","pp_condition_date_archive_value":"","pp_condition_author_archive_value":"","pp_condition_search_results_value":"","pp_condition_date_value":"2020-10-24 to 2020-10-30","pp_condition_date_time_before_value":"2020-10-30 13:56","pp_condition_time_value":"","pp_condition_day_value":"1","pp_condition_os_value":"iphone","pp_condition_browser_value":"ie","pp_condition_search-bot_value":"all_search_bots","_id":"f934e8a"}]},"elements":[],"isInner":false,"widgetType":"heading","elType":"widget"},{"id":"1010fdcd","settings":{"text":"Go Back","typography_typography":"custom","typography_font_family":"Roboto","typography_font_size":{"unit":"px","size":"16","sizes":[]},"typography_font_weight":"400","typography_text_transform":"capitalize","typography_line_height":{"unit":"em","size":"1","sizes":[]},"button_text_color":"#FFFFFF","background_color":"#000000","hover_color":"#000000","button_background_hover_color":"#FFFFFF00","border_border":"solid","border_width":{"unit":"px","top":"1","right":"1","bottom":"1","left":"1","isLinked":"1"},"border_color":"#000000","border_radius":{"unit":"px","top":"0","right":"0","bottom":"0","left":"0","isLinked":"1"},"text_padding":{"unit":"px","top":"20","right":"65","bottom":"20","left":"65","isLinked":""},"align_tablet":"left","text_padding_mobile":{"unit":"px","top":"15","right":"50","bottom":"15","left":"50","isLinked":""},"pp_display_conditions":[{"pp_condition_key":"authentication","pp_condition_operator":"is","pp_condition_authentication_value":"authenticated","pp_condition_user_value":"","pp_condition_role_value":"subscriber","pp_condition_page_value":"","pp_condition_post_value":"","pp_condition_static_page_value":"home","pp_condition_post_type_value":"","pp_condition_taxonomy_archive_value":"","pp_condition_term_archive_value":"","pp_condition_post_type_archive_value":"","pp_condition_date_archive_value":"","pp_condition_author_archive_value":"","pp_condition_search_results_value":"","pp_condition_date_value":"2020-10-24 to 2020-10-30","pp_condition_date_time_before_value":"2020-10-30 13:56","pp_condition_time_value":"","pp_condition_day_value":"1","pp_condition_os_value":"iphone","pp_condition_browser_value":"ie","pp_condition_search-bot_value":"all_search_bots","_id":"de5d8e4"}]},"elements":[],"isInner":false,"widgetType":"button","elType":"widget"}],"isInner":"","elType":"column"}],"isInner":"","elType":"section"}],"page_settings":{"background_background":"classic","background_color":"#F2EFEC"}}