{"version":"0.4","title":"15467","type":"page","content":[{"id":"36e75dbf","settings":{"motion_fx_motion_fx_scrolling":"yes","motion_fx_scale_speed":{"unit":"px","size":"-2","sizes":[]},"motion_fx_transform_origin_x":"left","motion_fx_transform_origin_y":"top","layout":"full_width","gap":"no","height":"min-height","custom_height":{"unit":"vh","size":"100","sizes":[]},"column_position":"stretch","content_position":"middle","structure":"20","padding":{"unit":"%","top":"0","right":"3","bottom":"0","left":"0","isLinked":""},"custom_height_tablet":{"unit":"vh","size":"","sizes":[]},"border_width_tablet":{"unit":"px","top":"0","right":"1","bottom":"0","left":"0","isLinked":""},"margin_tablet":{"unit":"px","top":"","right":"0","bottom":"","left":"0","isLinked":"1"},"custom_height_mobile":{"unit":"vh","size":"100","sizes":[]},"_title":"Hero","_timestamp_":"v1RldrWUFIdzRDazhJUGVVMVEzdndOdz09"},"elements":[{"id":"9c50f22","settings":{"_column_size":"50","background_background":"classic","__globals__":{"background_color":""},"_inline_size":"58.978","margin":{"unit":"%","top":"0","right":"30","bottom":"0","left":"0","isLinked":""},"padding":{"unit":"%","top":"","right":"","bottom":"","left":"","isLinked":"1"},"_inline_size_tablet":"100","margin_tablet":{"unit":"px","top":"0","right":"0","bottom":"0","left":"0","isLinked":""},"border_width_tablet":{"unit":"px","top":"0","right":"1","bottom":"0","left":"0","isLinked":""},"padding_tablet":{"unit":"%","top":"","right":"","bottom":"","left":"","isLinked":"1"},"background_color":"#E9E9E9"},"elements":[{"id":"30d046cf","settings":{"image":{"id":1172,"url":"https:\/\/library.elementor.com\/wp-content\/uploads\/2020\/11\/HomePage-Hero.jpg"},"image_size":"full","width_tablet":{"unit":"%","size":"65","sizes":[]},"width_mobile":{"unit":"%","size":"65","sizes":[]},"width":{"unit":"vw","size":"28","sizes":[]},"_animation":"fadeIn","animation_duration":"slow"},"elements":[],"isInner":false,"widgetType":"image","elType":"widget"},{"id":"7abbdd05","settings":{"view":"stacked","shape":"square","align":"right","_margin":{"unit":"px","top":"0","right":"0","bottom":"-6","left":"0","isLinked":""},"_position":"absolute","_offset_orientation_h":"end","_offset_orientation_v":"end","size_tablet":{"unit":"px","size":"34","sizes":[]},"selected_icon":{"value":{"id":"1160","url":"https:\/\/library.elementor.com\/wp-content\/uploads\/2020\/11\/ArrowScroll-1.svg"},"library":"svg"},"__globals__":{"primary_color":"","secondary_color":"","hover_primary_color":""},"size_mobile":{"unit":"px","size":"28","sizes":[]},"primary_color":"#E86B18","secondary_color":"#FFFFFF","hover_primary_color":"#141313","link":{"url":"#hero_down","is_external":"","nofollow":"","custom_attributes":""}},"elements":[],"isInner":false,"widgetType":"icon","elType":"widget"}],"isInner":"","elType":"column"},{"id":"64278fb7","settings":{"_column_size":"50","border_border":"solid","border_width":{"unit":"px","top":"0","right":"1","bottom":"0","left":"1","isLinked":""},"__globals__":{"border_color":""},"_inline_size":"41","margin":{"unit":"%","top":"","right":"","bottom":"","left":"","isLinked":"1"},"_inline_size_tablet":"100","margin_tablet":{"unit":"%","top":"0","right":"0","bottom":"0","left":"6","isLinked":""},"padding_tablet":{"unit":"%","top":"0","right":"6","bottom":"0","left":"0","isLinked":""},"padding":{"unit":"%","top":"","right":"","bottom":"","left":"","isLinked":"1"},"border_color":"#E9E9E9"},"elements":[{"id":"6cfe2826","settings":{"layout":"full_width","gap":"no","margin":{"unit":"px","top":"0","right":"0","bottom":"0","left":"0","isLinked":"1"},"margin_tablet":{"unit":"px","top":"-140","right":"0","bottom":"0","left":"0","isLinked":""},"padding":{"unit":"%","top":"","right":"","bottom":"","left":"","isLinked":"1"},"padding_tablet":{"unit":"%","top":"","right":"","bottom":"","left":"","isLinked":"1"},"margin_mobile":{"unit":"px","top":"-125","right":"0","bottom":"0","left":"0","isLinked":""}},"elements":[{"id":"7ae9b6ae","settings":{"_column_size":"100","margin":{"unit":"%","top":"0","right":"0","bottom":"0","left":"-50","isLinked":""},"margin_tablet":{"unit":"px","top":"0","right":"0","bottom":"0","left":"0","isLinked":""}},"elements":[{"id":"2760d7c7","settings":{"title":"The <br>\nAdventurers","header_size":"h1","__globals__":{"typography_typography":""},"animation_duration":"fast","title_color":"#141313","typography_typography":"custom","typography_font_family":"Poppins","typography_font_size":{"unit":"vw","size":"7.5","sizes":[]},"typography_font_size_tablet":{"unit":"px","size":"85","sizes":[]},"typography_font_size_mobile":{"unit":"px","size":"45","sizes":[]},"typography_font_weight":"bold","typography_text_transform":"capitalize","typography_font_style":"normal","typography_text_decoration":"underline","typography_line_height":{"unit":"em","size":"1.2","sizes":[]},"typography_line_height_tablet":{"unit":"px","size":"105","sizes":[]},"typography_line_height_mobile":{"unit":"px","size":"60","sizes":[]},"typography_letter_spacing":{"unit":"px","size":"0","sizes":[]}},"elements":[],"isInner":false,"widgetType":"heading","elType":"widget"},{"id":"27e836ff","settings":{"title":"A couple on their quest to explore<br>\nthe world's greatest treasures","header_size":"h5","__globals__":{"typography_typography":""},"title_color":"#141313","typography_typography":"custom","typography_font_family":"Poppins","typography_font_size":{"unit":"px","size":"20","sizes":[]},"typography_font_size_tablet":{"unit":"px","size":"18","sizes":[]},"typography_font_size_mobile":{"unit":"px","size":"16","sizes":[]},"typography_font_weight":"300","typography_text_transform":"none","typography_font_style":"normal","typography_text_decoration":"none","typography_line_height":{"unit":"px","size":"29","sizes":[]},"typography_line_height_tablet":{"unit":"px","size":"27","sizes":[]},"typography_line_height_mobile":{"unit":"px","size":"25","sizes":[]},"typography_letter_spacing":{"unit":"px","size":"1.08","sizes":[]},"_animation":"fadeInDown"},"elements":[],"isInner":false,"widgetType":"heading","elType":"widget"}],"isInner":"1","elType":"column"}],"isInner":"1","elType":"section"}],"isInner":"","elType":"column"}],"isInner":"","elType":"section"},{"id":"1a82f8dd","settings":{"motion_fx_motion_fx_scrolling":"yes","motion_fx_scale_speed":{"unit":"px","size":"-2","sizes":[]},"motion_fx_transform_origin_x":"left","motion_fx_transform_origin_y":"top","layout":"full_width","gap":"no","custom_height":{"unit":"vh","size":"100","sizes":[]},"column_position":"stretch","structure":"20","padding":{"unit":"%","top":"0","right":"3","bottom":"0","left":"0","isLinked":""},"custom_height_tablet":{"unit":"vh","size":"80","sizes":[]},"border_width_tablet":{"unit":"px","top":"0","right":"1","bottom":"0","left":"0","isLinked":""},"margin_tablet":{"unit":"px","top":"","right":"0","bottom":"","left":"0","isLinked":"1"},"_title":"About Us","_element_id":"hero_down","_timestamp_":"v1RldrWUFIdzRDazhJUGVVMVEzdndOdz09"},"elements":[{"id":"37c3c158","settings":{"_column_size":"50","__globals__":{"background_color":"globals\/colors?id=82e7690","border_color":"globals\/colors?id=81d0100"},"_inline_size":"58.975","margin":{"unit":"%","top":"","right":"","bottom":"","left":"","isLinked":"1"},"padding":{"unit":"%","top":"25","right":"0","bottom":"0","left":"5","isLinked":""},"_inline_size_tablet":"100","margin_tablet":{"unit":"%","top":"0","right":"0","bottom":"0","left":"6","isLinked":""},"border_width_tablet":{"unit":"px","top":"0","right":"1","bottom":"0","left":"1","isLinked":""},"padding_tablet":{"unit":"%","top":"30","right":"0","bottom":"0","left":"0","isLinked":""},"border_border":"solid","border_width":{"unit":"px","top":"0","right":"0","bottom":"0","left":"0","isLinked":""},"border_color":"#E9E9E9"},"elements":[{"id":"4d3fd10a","settings":{"layout":"full_width","gap":"no","margin":{"unit":"px","top":"0","right":"0","bottom":"0","left":"0","isLinked":"1"},"margin_tablet":{"unit":"px","top":"-125","right":"0","bottom":"0","left":"0","isLinked":""},"padding":{"unit":"%","top":"","right":"","bottom":"","left":"","isLinked":"1"},"padding_tablet":{"unit":"%","top":"","right":"","bottom":"","left":"","isLinked":"1"},"margin_mobile":{"unit":"%","top":"-27","right":"0","bottom":"0","left":"0","isLinked":""},"structure":"20"},"elements":[{"id":"37f8e725","settings":{"_column_size":"50","margin":{"unit":"%","top":"","right":"","bottom":"","left":"","isLinked":"1"},"margin_tablet":{"unit":"px","top":"0","right":"0","bottom":"0","left":"0","isLinked":""}},"elements":[{"id":"7ca84bff","settings":{"image":{"id":1173,"url":"https:\/\/library.elementor.com\/wp-content\/uploads\/2020\/11\/HomePage-AboutSec-img_1.jpg"},"image_size":"full","align":"left","width_mobile":{"unit":"%","size":"85","sizes":[]},"_animation":"fadeInUp","animation_duration":"slow"},"elements":[],"isInner":false,"widgetType":"image","elType":"widget"}],"isInner":"1","elType":"column"},{"id":"217a51bc","settings":{"_column_size":"50","content_position":"bottom","align":"flex-end","space_between_widgets":"0","padding":{"unit":"%","top":"0","right":"0","bottom":"0","left":"15","isLinked":""},"padding_mobile":{"unit":"%","top":"10","right":"0","bottom":"0","left":"15","isLinked":""}},"elements":[{"id":"5b0a2783","settings":{"title":"Hi, we are Amanda<br>and Shawn","__globals__":{"typography_typography":""},"_margin":{"unit":"%","top":"0","right":"-100","bottom":"40","left":"0","isLinked":""},"_padding":{"unit":"%","top":"","right":"","bottom":"","left":"","isLinked":"1"},"_z_index":"1","_margin_tablet":{"unit":"%","top":"0","right":"0","bottom":"30","left":"0","isLinked":""},"title_color":"#141313","typography_typography":"custom","typography_font_family":"Poppins","typography_font_size":{"unit":"px","size":"75","sizes":[]},"typography_font_size_tablet":{"unit":"px","size":"45","sizes":[]},"typography_font_size_mobile":{"unit":"px","size":"32","sizes":[]},"typography_font_weight":"700","typography_text_transform":"none","typography_font_style":"normal","typography_text_decoration":"underline","typography_line_height":{"unit":"px","size":"105","sizes":[]},"typography_line_height_tablet":{"unit":"px","size":"60","sizes":[]},"typography_line_height_mobile":{"unit":"px","size":"42","sizes":[]},"typography_letter_spacing":{"unit":"px","size":"0","sizes":[]}},"elements":[],"isInner":false,"widgetType":"heading","elType":"widget"},{"id":"21ec30fd","settings":{"space":{"unit":"px","size":"230","sizes":[]},"_background_background":"classic","_element_width":"initial","_element_custom_width":{"unit":"%","size":"100","sizes":[]},"_position":"absolute","_offset_orientation_h":"end","_offset_x_end":{"unit":"%","size":"0","sizes":[]},"_offset_orientation_v":"end","__globals__":{"_background_color":""},"space_mobile":{"unit":"px","size":"175","sizes":[]},"motion_fx_translateY_effect":"yes","motion_fx_translateY_affectedRange":{"unit":"%","size":"","sizes":{"start":"50","end":"100"}},"motion_fx_translateX_direction":"negative","motion_fx_translateX_speed":{"unit":"px","size":"0.2","sizes":[]},"motion_fx_translateX_affectedRange":{"unit":"%","size":"","sizes":{"start":"50","end":"100"}},"animation_duration":"slow","_background_color":"#E86B18"},"elements":[],"isInner":false,"widgetType":"spacer","elType":"widget"},{"id":"3b63d8af","settings":{"image":{"id":1174,"url":"https:\/\/library.elementor.com\/wp-content\/uploads\/2020\/11\/HomePage-AboutSec-img_2-18102020.jpg"},"image_size":"full","align":"right","width":{"unit":"%","size":"85","sizes":[]},"_margin":{"unit":"%","top":"","right":"","bottom":"","left":"","isLinked":"1"},"_z_index":"2","_element_width":"auto","_element_custom_width":{"unit":"%","size":"85","sizes":[]}},"elements":[],"isInner":false,"widgetType":"image","elType":"widget"}],"isInner":"1","elType":"column"}],"isInner":"1","elType":"section"}],"isInner":"","elType":"column"},{"id":"9ea0cc5","settings":{"_column_size":"50","border_border":"solid","border_width":{"unit":"px","top":"0","right":"1","bottom":"0","left":"1","isLinked":""},"__globals__":{"border_color":""},"_inline_size":"41","margin":{"unit":"%","top":"","right":"","bottom":"","left":"","isLinked":"1"},"_inline_size_tablet":"100","margin_tablet":{"unit":"%","top":"0","right":"0","bottom":"0","left":"6","isLinked":""},"padding_tablet":{"unit":"%","top":"0","right":"40","bottom":"0","left":"6","isLinked":""},"padding":{"unit":"%","top":"25","right":"0","bottom":"0","left":"20","isLinked":""},"padding_mobile":{"unit":"%","top":"10","right":"6","bottom":"0","left":"6","isLinked":""},"border_color":"#E9E9E9"},"elements":[{"id":"4e4cf842","settings":{"space":{"unit":"px","size":"280","sizes":[]},"_background_background":"classic","__globals__":{"_background_color":""},"space_tablet":{"unit":"px","size":"145","sizes":[]},"space_mobile":{"unit":"px","size":"95","sizes":[]},"_background_color":"#E9E9E9","_animation":"fadeInDown","animation_duration":"slow"},"elements":[],"isInner":false,"widgetType":"spacer","elType":"widget"},{"id":"1dea8da8","settings":{"editor":"Lorem ipsum dolor sit amet, consectet adipiscing\u00a0elit,sed do eiusm por incididunt ut labore et dolore magna aliqua. Ut enim ad minim veniam, quis nostrud exercitation ullamco laboris nisi ut aliquip ex ea sint occaecat cupidatat non proident, sunt in culpa qui officia mollit natoque consequat massa quis enim. Donec pede justo, fringilla vitae, eleifend acer sem neque sed ipsum. Nam quam nunc, blandit vel, ridiculus mus. ","_margin":{"unit":"%","top":"15","right":"15","bottom":"0","left":"0","isLinked":""},"_margin_tablet":{"unit":"px","top":"0","right":"0","bottom":"0","left":"0","isLinked":""},"text_color":"#686868","typography_typography":"custom","typography_font_family":"Roboto","typography_font_size":{"unit":"px","size":"16","sizes":[]},"typography_font_size_tablet":{"unit":"px","size":"14","sizes":[]},"typography_font_size_mobile":{"unit":"px","size":"14","sizes":[]},"typography_font_weight":"400","typography_text_transform":"none","typography_font_style":"normal","typography_text_decoration":"none","typography_line_height":{"unit":"px","size":"24","sizes":[]},"typography_line_height_tablet":{"unit":"px","size":"21","sizes":[]},"typography_letter_spacing":{"unit":"px","size":"0","sizes":[]}},"elements":[],"isInner":false,"widgetType":"text-editor","elType":"widget"},{"id":"58972202","settings":{"text":"MORE  ABOUT US","border_border":"solid","border_width":{"unit":"px","top":"1","right":"1","bottom":"1","left":"1","isLinked":"1"},"border_radius":{"unit":"px","top":"0","right":"0","bottom":"0","left":"0","isLinked":"1"},"text_padding":{"unit":"px","top":"16","right":"50","bottom":"16","left":"50","isLinked":""},"_margin":{"unit":"%","top":"10","right":"0","bottom":"0","left":"0","isLinked":""},"__globals__":{"button_text_color":"","background_color":"","border_color":"","hover_color":"","button_background_hover_color":""},"text_padding_mobile":{"unit":"px","top":"15","right":"35","bottom":"15","left":"35","isLinked":""},"typography_typography":"custom","typography_font_family":"Poppins","typography_font_size":{"unit":"px","size":"12","sizes":[]},"typography_font_size_mobile":{"unit":"px","size":"12","sizes":[]},"typography_font_weight":"400","typography_text_transform":"uppercase","typography_font_style":"normal","typography_text_decoration":"none","typography_line_height_mobile":{"unit":"px","size":"","sizes":[]},"typography_letter_spacing":{"unit":"px","size":"0","sizes":[]},"typography_letter_spacing_mobile":{"unit":"px","size":"0","sizes":[]},"button_text_color":"#141313","background_color":"#FFFFFF00","hover_color":"#FFFFFF","button_background_hover_color":"#141313","border_color":"#141313"},"elements":[],"isInner":false,"widgetType":"button","elType":"widget"}],"isInner":"","elType":"column"}],"isInner":"","elType":"section"},{"id":"1b9f0b10","settings":{"motion_fx_motion_fx_scrolling":"yes","motion_fx_scale_speed":{"unit":"px","size":"-2","sizes":[]},"motion_fx_transform_origin_x":"left","motion_fx_transform_origin_y":"top","layout":"full_width","gap":"no","custom_height":{"unit":"vh","size":"100","sizes":[]},"column_position":"stretch","structure":"20","padding":{"unit":"%","top":"0","right":"3","bottom":"0","left":"0","isLinked":""},"custom_height_tablet":{"unit":"vh","size":"80","sizes":[]},"border_width_tablet":{"unit":"px","top":"0","right":"1","bottom":"0","left":"0","isLinked":""},"margin_tablet":{"unit":"px","top":"","right":"0","bottom":"","left":"0","isLinked":"1"},"_title":"Latest Adventures - Title","_timestamp_":"v1RldrWUFIdzRDazhJUGVVMVEzdndOdz09"},"elements":[{"id":"62a7ec31","settings":{"_column_size":"50","__globals__":{"background_color":"globals\/colors?id=82e7690","border_color":"globals\/colors?id=81d0100"},"_inline_size":"58.975","margin":{"unit":"%","top":"","right":"","bottom":"","left":"","isLinked":"1"},"padding":{"unit":"%","top":"","right":"","bottom":"","left":"","isLinked":"1"},"_inline_size_tablet":"100","margin_tablet":{"unit":"%","top":"","right":"","bottom":"","left":"","isLinked":"1"},"border_width_tablet":{"unit":"px","top":"0","right":"1","bottom":"0","left":"1","isLinked":""},"padding_tablet":{"unit":"%","top":"","right":"","bottom":"","left":"","isLinked":"1"},"border_border":"solid","border_width":{"unit":"px","top":"0","right":"0","bottom":"0","left":"0","isLinked":""}},"elements":[],"isInner":"","elType":"column"},{"id":"2492d04a","settings":{"_column_size":"50","border_border":"solid","border_width":{"unit":"px","top":"0","right":"1","bottom":"0","left":"1","isLinked":""},"__globals__":{"border_color":""},"_inline_size":"41","margin":{"unit":"%","top":"","right":"","bottom":"","left":"","isLinked":"1"},"_inline_size_tablet":"100","margin_tablet":{"unit":"%","top":"0","right":"0","bottom":"0","left":"6","isLinked":""},"padding_tablet":{"unit":"%","top":"20","right":"0","bottom":"8","left":"0","isLinked":""},"padding":{"unit":"%","top":"35","right":"0","bottom":"20","left":"0","isLinked":""},"padding_mobile":{"unit":"%","top":"35","right":"0","bottom":"15","left":"0","isLinked":""},"border_color":"#E9E9E9"},"elements":[{"id":"3875ed08","settings":{"title":"Our Latest Adventures ","__globals__":{"typography_typography":""},"_margin":{"unit":"%","top":"0","right":"0","bottom":"0","left":"-125","isLinked":""},"_padding":{"unit":"%","top":"","right":"","bottom":"","left":"","isLinked":"1"},"_margin_tablet":{"unit":"%","top":"0","right":"0","bottom":"0","left":"0","isLinked":""},"align":"center","title_color":"#141313","typography_typography":"custom","typography_font_family":"Poppins","typography_font_size":{"unit":"px","size":"75","sizes":[]},"typography_font_size_tablet":{"unit":"px","size":"45","sizes":[]},"typography_font_size_mobile":{"unit":"px","size":"32","sizes":[]},"typography_font_weight":"700","typography_text_transform":"none","typography_font_style":"normal","typography_text_decoration":"underline","typography_line_height":{"unit":"px","size":"105","sizes":[]},"typography_line_height_tablet":{"unit":"px","size":"60","sizes":[]},"typography_line_height_mobile":{"unit":"px","size":"42","sizes":[]},"typography_letter_spacing":{"unit":"px","size":"0","sizes":[]}},"elements":[],"isInner":false,"widgetType":"heading","elType":"widget"}],"isInner":"","elType":"column"}],"isInner":"","elType":"section"},{"id":"357266ad","settings":{"motion_fx_motion_fx_scrolling":"yes","motion_fx_scale_speed":{"unit":"px","size":"-2","sizes":[]},"motion_fx_transform_origin_x":"left","motion_fx_transform_origin_y":"top","layout":"full_width","gap":"no","custom_height":{"unit":"vh","size":"100","sizes":[]},"column_position":"stretch","structure":"20","padding":{"unit":"%","top":"0","right":"3","bottom":"0","left":"0","isLinked":""},"custom_height_tablet":{"unit":"vh","size":"80","sizes":[]},"border_width_tablet":{"unit":"px","top":"0","right":"1","bottom":"0","left":"0","isLinked":""},"margin_tablet":{"unit":"px","top":"","right":"0","bottom":"","left":"0","isLinked":"1"},"_title":"Latest Adventures - Posts","padding_tablet":{"unit":"%","top":"","right":"","bottom":"","left":"","isLinked":"1"},"_timestamp_":"v1RldrWUFIdzRDazhJUGVVMVEzdndOdz09"},"elements":[{"id":"5d32db61","settings":{"_column_size":"50","__globals__":{"background_color":"globals\/colors?id=82e7690","border_color":""},"_inline_size":"58.975","margin":{"unit":"%","top":"","right":"","bottom":"","left":"","isLinked":"1"},"padding":{"unit":"%","top":"0","right":"19.2","bottom":"10","left":"40","isLinked":""},"_inline_size_tablet":"50","margin_tablet":{"unit":"%","top":"0","right":"0","bottom":"0","left":"12","isLinked":""},"border_width_tablet":{"unit":"px","top":"0","right":"0","bottom":"0","left":"1","isLinked":""},"padding_tablet":{"unit":"%","top":"0","right":"0","bottom":"20","left":"0","isLinked":""},"border_border":"solid","border_width":{"unit":"px","top":"0","right":"0","bottom":"0","left":"0","isLinked":""},"background_color":"#E9E9E9","border_width_mobile":{"unit":"px","top":"0","right":"1","bottom":"0","left":"1","isLinked":""},"border_color":"#E9E9E9","margin_mobile":{"unit":"%","top":"0","right":"0","bottom":"0","left":"6","isLinked":""},"padding_mobile":{"unit":"px","top":"0","right":"0","bottom":"0","left":"0","isLinked":""}},"elements":[{"id":"70f14968","settings":{"title":"01","title_color":"#141313","typography_typography":"custom","typography_font_family":"Poppins","typography_font_size":{"unit":"px","size":"40","sizes":[]},"typography_font_size_tablet":{"unit":"px","size":"32","sizes":[]},"typography_font_size_mobile":{"unit":"px","size":"22","sizes":[]},"typography_font_weight":"700","typography_text_transform":"none","typography_font_style":"normal","typography_text_decoration":"underline","typography_line_height":{"unit":"px","size":"50","sizes":[]},"typography_line_height_tablet":{"unit":"px","size":"42","sizes":[]},"typography_line_height_mobile":{"unit":"px","size":"32","sizes":[]},"typography_letter_spacing":{"unit":"px","size":"0","sizes":[]},"_margin":{"unit":"px","top":"-9","right":"0","bottom":"0","left":"-70","isLinked":""},"_margin_tablet":{"unit":"px","top":"0","right":"0","bottom":"0","left":"0","isLinked":""},"_margin_mobile":{"unit":"px","top":"0","right":"0","bottom":"8","left":"0","isLinked":""},"_element_width":"auto","__globals__":{"typography_typography":""},"_animation":"fadeIn"},"elements":[],"isInner":false,"widgetType":"heading","elType":"widget"},{"id":"ce2fcde","settings":{"classic_meta_separator":"\/","classic_read_more_text":"Read More \u00bb","cards_meta_separator":"\/","cards_read_more_text":"Read More \u00bb","full_content_meta_separator":"\/\/\/","pagination_page_limit":"5","pagination_prev_label":"&laquo; Previous","pagination_next_label":"Next &raquo;","classic_columns":"2","classic_posts_per_page":"4","classic_thumbnail_size_size":"full","_skin":"cards","classic_item_ratio":{"unit":"px","size":"1","sizes":[]},"classic_title_tag":"h4","classic_show_read_more":"","cards_thumbnail_size_size":"full","cards_item_ratio":{"unit":"px","size":"1","sizes":[]},"cards_show_read_more":"","cards_badge_taxonomy":"post_tag","cards_show_avatar":"","posts_include":[],"posts_include_term_ids":["1"],"posts_avoid_duplicates":"yes","cards_columns":"1","cards_posts_per_page":"1","cards_item_ratio_mobile":{"unit":"px","size":"","sizes":[]},"cards_column_gap":{"unit":"px","size":"60","sizes":[]},"cards_row_gap":{"unit":"px","size":"60","sizes":[]},"cards_card_border_radius":{"unit":"px","size":"0","sizes":[]},"cards_card_padding":{"unit":"px","size":"0","sizes":[]},"cards_card_vertical_padding":{"unit":"px","size":"0","sizes":[]},"cards_box_shadow_box_shadow_type":"","cards_hover_effect":"none","cards_badge_position":"left","cards_badge_radius":{"unit":"px","size":"0","sizes":[]},"cards_badge_size":{"unit":"px","size":"16","sizes":[]},"cards_badge_margin":{"unit":"px","size":"0","sizes":[]},"cards_title_spacing":{"unit":"px","size":"15","sizes":[]},"cards_excerpt_spacing":{"unit":"px","size":"15","sizes":[]},"__globals__":{"cards_card_bg_color":"","cards_badge_bg_color":"","cards_badge_color":"","cards_badge_typography_typography":"","cards_title_color":"","cards_meta_color":"","cards_meta_separator_color":"","cards_meta_typography_typography":"","cards_excerpt_color":""},"posts_order":"asc","cards_thumbnail_hover_filters_css_filter":"custom","cards_thumbnail_hover_filters_brightness":{"unit":"px","size":"75","sizes":[]},"cards_columns_tablet":"1","cards_card_bg_color":"#FFFFFF00","cards_badge_bg_color":"#E86B18","cards_badge_color":"#FFFFFF","cards_badge_typography_typography":"custom","cards_badge_typography_font_family":"Poppins","cards_badge_typography_font_weight":"400","cards_badge_typography_text_transform":"uppercase","cards_badge_typography_font_style":"normal","cards_badge_typography_text_decoration":"none","cards_badge_typography_line_height_mobile":{"unit":"px","size":"","sizes":[]},"cards_badge_typography_letter_spacing":{"unit":"px","size":"0","sizes":[]},"cards_badge_typography_letter_spacing_mobile":{"unit":"px","size":"0","sizes":[]},"cards_title_color":"#141313","cards_title_typography_typography":"custom","cards_title_typography_font_family":"Poppins","cards_title_typography_font_size":{"unit":"px","size":"28","sizes":[]},"cards_title_typography_font_size_tablet":{"unit":"px","size":"22","sizes":[]},"cards_title_typography_font_weight":"500","cards_title_typography_text_transform":"none","cards_title_typography_font_style":"normal","cards_title_typography_text_decoration":"none","cards_title_typography_line_height":{"unit":"px","size":"36","sizes":[]},"cards_title_typography_line_height_tablet":{"unit":"px","size":"30","sizes":[]},"cards_title_typography_letter_spacing":{"unit":"px","size":"0.51","sizes":[]},"cards_meta_color":"#E86B18","cards_meta_separator_color":"#E86B18","cards_meta_typography_typography":"custom","cards_meta_typography_font_family":"Roboto","cards_meta_typography_font_size":{"unit":"px","size":"16","sizes":[]},"cards_meta_typography_font_size_tablet":{"unit":"px","size":"14","sizes":[]},"cards_meta_typography_font_size_mobile":{"unit":"px","size":"14","sizes":[]},"cards_meta_typography_font_weight":"400","cards_meta_typography_text_transform":"none","cards_meta_typography_font_style":"normal","cards_meta_typography_text_decoration":"none","cards_meta_typography_line_height":{"unit":"px","size":"24","sizes":[]},"cards_meta_typography_line_height_tablet":{"unit":"px","size":"21","sizes":[]},"cards_meta_typography_letter_spacing":{"unit":"px","size":"0","sizes":[]},"cards_excerpt_color":"#686868","cards_excerpt_typography_typography":"custom","cards_excerpt_typography_font_family":"Roboto","cards_excerpt_typography_font_size":{"unit":"px","size":"16","sizes":[]},"cards_excerpt_typography_font_size_tablet":{"unit":"px","size":"14","sizes":[]},"cards_excerpt_typography_font_size_mobile":{"unit":"px","size":"14","sizes":[]},"cards_excerpt_typography_font_weight":"400","cards_excerpt_typography_text_transform":"none","cards_excerpt_typography_font_style":"normal","cards_excerpt_typography_text_decoration":"none","cards_excerpt_typography_line_height":{"unit":"px","size":"24","sizes":[]},"cards_excerpt_typography_line_height_tablet":{"unit":"px","size":"21","sizes":[]},"cards_excerpt_typography_letter_spacing":{"unit":"px","size":"0","sizes":[]},"_element_custom_width":{"unit":"px","size":"375","sizes":[]},"cards_badge_typography_font_size_mobile":{"unit":"px","size":"12","sizes":[]},"cards_badge_typography_font_size":{"unit":"px","size":"12","sizes":[]},"custom_template_list":[{"nth":1,"_id":"bafa24f"}],"custom_meta_separator":"\/\/\/","loadmore_text":"Load More","loadmore_loading_text":"Loading..."},"elements":[],"isInner":false,"widgetType":"posts","elType":"widget"}],"isInner":"","elType":"column"},{"id":"7c0fdd63","settings":{"_column_size":"50","border_border":"solid","border_width":{"unit":"px","top":"0","right":"1","bottom":"0","left":"1","isLinked":""},"__globals__":{"border_color":""},"_inline_size":"41","margin":{"unit":"%","top":"","right":"","bottom":"","left":"","isLinked":"1"},"_inline_size_tablet":"50","margin_tablet":{"unit":"%","top":"0","right":"0","bottom":"0","left":"12","isLinked":""},"padding_tablet":{"unit":"%","top":"0","right":"0","bottom":"20","left":"0","isLinked":""},"padding":{"unit":"%","top":"0","right":"41","bottom":"10","left":"0","isLinked":""},"padding_mobile":{"unit":"%","top":"15","right":"0","bottom":"0","left":"0","isLinked":""},"border_width_tablet":{"unit":"px","top":"0","right":"1","bottom":"0","left":"0","isLinked":""},"border_width_mobile":{"unit":"px","top":"0","right":"1","bottom":"0","left":"1","isLinked":""},"border_color":"#E9E9E9","margin_mobile":{"unit":"%","top":"0","right":"0","bottom":"0","left":"6","isLinked":""}},"elements":[{"id":"79d027f","settings":{"title":"02","title_color":"#141313","typography_typography":"custom","typography_font_family":"Poppins","typography_font_size":{"unit":"px","size":"40","sizes":[]},"typography_font_size_tablet":{"unit":"px","size":"32","sizes":[]},"typography_font_size_mobile":{"unit":"px","size":"22","sizes":[]},"typography_font_weight":"700","typography_text_transform":"none","typography_font_style":"normal","typography_text_decoration":"underline","typography_line_height":{"unit":"px","size":"50","sizes":[]},"typography_line_height_tablet":{"unit":"px","size":"42","sizes":[]},"typography_line_height_mobile":{"unit":"px","size":"32","sizes":[]},"typography_letter_spacing":{"unit":"px","size":"0","sizes":[]},"_margin":{"unit":"px","top":"-9","right":"0","bottom":"0","left":"-70","isLinked":""},"_margin_tablet":{"unit":"px","top":"0","right":"0","bottom":"0","left":"0","isLinked":""},"_margin_mobile":{"unit":"px","top":"0","right":"0","bottom":"8","left":"0","isLinked":""},"_element_width":"auto","__globals__":{"typography_typography":""},"_animation":"fadeIn"},"elements":[],"isInner":false,"widgetType":"heading","elType":"widget"},{"id":"655b289f","settings":{"classic_meta_separator":"\/","classic_read_more_text":"Read More \u00bb","cards_meta_separator":"\/","cards_read_more_text":"Read More \u00bb","full_content_meta_separator":"\/\/\/","pagination_page_limit":"5","pagination_prev_label":"&laquo; Previous","pagination_next_label":"Next &raquo;","classic_columns":"2","classic_posts_per_page":"4","classic_thumbnail_size_size":"full","_skin":"cards","classic_item_ratio":{"unit":"px","size":"1","sizes":[]},"classic_title_tag":"h4","classic_show_read_more":"","cards_thumbnail_size_size":"full","cards_item_ratio":{"unit":"px","size":"1","sizes":[]},"cards_show_read_more":"","cards_badge_taxonomy":"post_tag","cards_show_avatar":"","posts_include":["terms"],"posts_include_term_ids":[],"posts_avoid_duplicates":"yes","cards_columns":"1","cards_posts_per_page":"1","cards_item_ratio_mobile":{"unit":"px","size":"","sizes":[]},"cards_column_gap":{"unit":"px","size":"60","sizes":[]},"cards_row_gap":{"unit":"px","size":"60","sizes":[]},"cards_card_border_radius":{"unit":"px","size":"0","sizes":[]},"cards_card_padding":{"unit":"px","size":"0","sizes":[]},"cards_card_vertical_padding":{"unit":"px","size":"0","sizes":[]},"cards_box_shadow_box_shadow_type":"","cards_hover_effect":"none","cards_badge_position":"left","cards_badge_radius":{"unit":"px","size":"0","sizes":[]},"cards_badge_size":{"unit":"px","size":"16","sizes":[]},"cards_badge_margin":{"unit":"px","size":"0","sizes":[]},"cards_title_spacing":{"unit":"px","size":"15","sizes":[]},"cards_excerpt_spacing":{"unit":"px","size":"15","sizes":[]},"__globals__":{"cards_card_bg_color":"","cards_badge_bg_color":"","cards_badge_color":"","cards_badge_typography_typography":"","cards_title_color":"","cards_meta_color":"","cards_meta_separator_color":"","cards_meta_typography_typography":"","cards_excerpt_color":""},"posts_order":"asc","cards_thumbnail_hover_filters_css_filter":"custom","cards_thumbnail_hover_filters_brightness":{"unit":"px","size":"75","sizes":[]},"cards_columns_tablet":"1","posts_offset":"1","cards_card_bg_color":"#FFFFFF00","cards_badge_bg_color":"#E86B18","cards_badge_color":"#FFFFFF","cards_badge_typography_typography":"custom","cards_badge_typography_font_family":"Poppins","cards_badge_typography_font_weight":"400","cards_badge_typography_text_transform":"uppercase","cards_badge_typography_font_style":"normal","cards_badge_typography_text_decoration":"none","cards_badge_typography_line_height_mobile":{"unit":"px","size":"","sizes":[]},"cards_badge_typography_letter_spacing":{"unit":"px","size":"0","sizes":[]},"cards_badge_typography_letter_spacing_mobile":{"unit":"px","size":"0","sizes":[]},"cards_title_color":"#141313","cards_title_typography_typography":"custom","cards_title_typography_font_family":"Poppins","cards_title_typography_font_size":{"unit":"px","size":"28","sizes":[]},"cards_title_typography_font_size_tablet":{"unit":"px","size":"22","sizes":[]},"cards_title_typography_font_weight":"500","cards_title_typography_text_transform":"none","cards_title_typography_font_style":"normal","cards_title_typography_text_decoration":"none","cards_title_typography_line_height":{"unit":"px","size":"36","sizes":[]},"cards_title_typography_line_height_tablet":{"unit":"px","size":"30","sizes":[]},"cards_title_typography_letter_spacing":{"unit":"px","size":"0.51","sizes":[]},"cards_meta_color":"#E86B18","cards_meta_separator_color":"#E86B18","cards_meta_typography_typography":"custom","cards_meta_typography_font_family":"Roboto","cards_meta_typography_font_size":{"unit":"px","size":"16","sizes":[]},"cards_meta_typography_font_size_tablet":{"unit":"px","size":"14","sizes":[]},"cards_meta_typography_font_size_mobile":{"unit":"px","size":"14","sizes":[]},"cards_meta_typography_font_weight":"400","cards_meta_typography_text_transform":"none","cards_meta_typography_font_style":"normal","cards_meta_typography_text_decoration":"none","cards_meta_typography_line_height":{"unit":"px","size":"24","sizes":[]},"cards_meta_typography_line_height_tablet":{"unit":"px","size":"21","sizes":[]},"cards_meta_typography_letter_spacing":{"unit":"px","size":"0","sizes":[]},"cards_excerpt_color":"#686868","cards_excerpt_typography_typography":"custom","cards_excerpt_typography_font_family":"Roboto","cards_excerpt_typography_font_size":{"unit":"px","size":"16","sizes":[]},"cards_excerpt_typography_font_size_tablet":{"unit":"px","size":"14","sizes":[]},"cards_excerpt_typography_font_size_mobile":{"unit":"px","size":"14","sizes":[]},"cards_excerpt_typography_font_weight":"400","cards_excerpt_typography_text_transform":"none","cards_excerpt_typography_font_style":"normal","cards_excerpt_typography_text_decoration":"none","cards_excerpt_typography_line_height":{"unit":"px","size":"24","sizes":[]},"cards_excerpt_typography_line_height_tablet":{"unit":"px","size":"21","sizes":[]},"cards_excerpt_typography_letter_spacing":{"unit":"px","size":"0","sizes":[]},"_element_custom_width":{"unit":"px","size":"375","sizes":[]},"cards_badge_typography_font_size_mobile":{"unit":"px","size":"12","sizes":[]},"cards_badge_typography_font_size":{"unit":"px","size":"12","sizes":[]},"custom_template_list":[{"nth":1,"_id":"531dcf3"}],"custom_meta_separator":"\/\/\/","loadmore_text":"Load More","loadmore_loading_text":"Loading..."},"elements":[],"isInner":false,"widgetType":"posts","elType":"widget"}],"isInner":"","elType":"column"}],"isInner":"","elType":"section"},{"id":"1a5a760a","settings":{"motion_fx_motion_fx_scrolling":"yes","motion_fx_scale_speed":{"unit":"px","size":"-2","sizes":[]},"motion_fx_transform_origin_x":"left","motion_fx_transform_origin_y":"top","layout":"full_width","gap":"no","custom_height":{"unit":"vh","size":"100","sizes":[]},"column_position":"stretch","structure":"20","padding":{"unit":"%","top":"0","right":"3","bottom":"0","left":"0","isLinked":""},"custom_height_tablet":{"unit":"vh","size":"80","sizes":[]},"border_width_tablet":{"unit":"px","top":"0","right":"1","bottom":"0","left":"0","isLinked":""},"margin_tablet":{"unit":"px","top":"","right":"0","bottom":"","left":"0","isLinked":"1"},"_title":"Latest Adventures - Posts","padding_tablet":{"unit":"%","top":"","right":"","bottom":"","left":"","isLinked":"1"},"_timestamp_":"v1RldrWUFIdzRDazhJUGVVMVEzdndOdz09"},"elements":[{"id":"41ad3f36","settings":{"_column_size":"50","__globals__":{"background_color":"globals\/colors?id=82e7690","border_color":""},"_inline_size":"58.975","margin":{"unit":"%","top":"","right":"","bottom":"","left":"","isLinked":"1"},"padding":{"unit":"%","top":"0","right":"19.2","bottom":"0","left":"40","isLinked":""},"_inline_size_tablet":"50","margin_tablet":{"unit":"%","top":"0","right":"0","bottom":"0","left":"12","isLinked":""},"border_width_tablet":{"unit":"px","top":"0","right":"0","bottom":"0","left":"1","isLinked":""},"padding_tablet":{"unit":"%","top":"0","right":"0","bottom":"0","left":"0","isLinked":""},"border_border":"solid","border_width":{"unit":"px","top":"0","right":"0","bottom":"0","left":"0","isLinked":""},"background_color":"#E9E9E9","border_width_mobile":{"unit":"px","top":"0","right":"1","bottom":"0","left":"1","isLinked":""},"border_color":"#E9E9E9","margin_mobile":{"unit":"%","top":"0","right":"0","bottom":"0","left":"6","isLinked":""},"padding_mobile":{"unit":"%","top":"15","right":"0","bottom":"0","left":"0","isLinked":""}},"elements":[{"id":"16092f65","settings":{"title":"03","title_color":"#141313","typography_typography":"custom","typography_font_family":"Poppins","typography_font_size":{"unit":"px","size":"40","sizes":[]},"typography_font_size_tablet":{"unit":"px","size":"32","sizes":[]},"typography_font_size_mobile":{"unit":"px","size":"22","sizes":[]},"typography_font_weight":"700","typography_text_transform":"none","typography_font_style":"normal","typography_text_decoration":"underline","typography_line_height":{"unit":"px","size":"50","sizes":[]},"typography_line_height_tablet":{"unit":"px","size":"42","sizes":[]},"typography_line_height_mobile":{"unit":"px","size":"32","sizes":[]},"typography_letter_spacing":{"unit":"px","size":"0","sizes":[]},"_margin":{"unit":"px","top":"-9","right":"0","bottom":"0","left":"-70","isLinked":""},"_margin_tablet":{"unit":"px","top":"0","right":"0","bottom":"0","left":"0","isLinked":""},"_margin_mobile":{"unit":"px","top":"0","right":"0","bottom":"8","left":"0","isLinked":""},"_element_width":"auto","__globals__":{"typography_typography":""},"_animation":"fadeIn"},"elements":[],"isInner":false,"widgetType":"heading","elType":"widget"},{"id":"1a6003ab","settings":{"classic_meta_separator":"\/","classic_read_more_text":"Read More \u00bb","cards_meta_separator":"\/","cards_read_more_text":"Read More \u00bb","full_content_meta_separator":"\/\/\/","pagination_page_limit":"5","pagination_prev_label":"&laquo; Previous","pagination_next_label":"Next &raquo;","classic_columns":"2","classic_posts_per_page":"4","classic_thumbnail_size_size":"full","_skin":"cards","classic_item_ratio":{"unit":"px","size":"1","sizes":[]},"classic_title_tag":"h4","classic_show_read_more":"","cards_thumbnail_size_size":"full","cards_item_ratio":{"unit":"px","size":"1","sizes":[]},"cards_show_read_more":"","cards_badge_taxonomy":"post_tag","cards_show_avatar":"","posts_include":[],"posts_include_term_ids":["1"],"posts_avoid_duplicates":"yes","cards_columns":"1","cards_posts_per_page":"1","cards_item_ratio_mobile":{"unit":"px","size":"","sizes":[]},"cards_column_gap":{"unit":"px","size":"60","sizes":[]},"cards_row_gap":{"unit":"px","size":"60","sizes":[]},"cards_card_border_radius":{"unit":"px","size":"0","sizes":[]},"cards_card_padding":{"unit":"px","size":"0","sizes":[]},"cards_card_vertical_padding":{"unit":"px","size":"0","sizes":[]},"cards_box_shadow_box_shadow_type":"","cards_hover_effect":"none","cards_badge_position":"left","cards_badge_radius":{"unit":"px","size":"0","sizes":[]},"cards_badge_size":{"unit":"px","size":"16","sizes":[]},"cards_badge_margin":{"unit":"px","size":"0","sizes":[]},"cards_title_spacing":{"unit":"px","size":"15","sizes":[]},"cards_excerpt_spacing":{"unit":"px","size":"15","sizes":[]},"__globals__":{"cards_card_bg_color":"","cards_badge_bg_color":"","cards_badge_color":"","cards_badge_typography_typography":"","cards_title_color":"","cards_meta_color":"","cards_meta_separator_color":"","cards_meta_typography_typography":"","cards_excerpt_color":""},"posts_order":"asc","cards_thumbnail_hover_filters_css_filter":"custom","cards_thumbnail_hover_filters_brightness":{"unit":"px","size":"75","sizes":[]},"cards_columns_tablet":"1","posts_offset":"2","cards_card_bg_color":"#FFFFFF00","cards_badge_bg_color":"#E86B18","cards_badge_color":"#FFFFFF","cards_badge_typography_typography":"custom","cards_badge_typography_font_family":"Poppins","cards_badge_typography_font_weight":"400","cards_badge_typography_text_transform":"uppercase","cards_badge_typography_font_style":"normal","cards_badge_typography_text_decoration":"none","cards_badge_typography_line_height_mobile":{"unit":"px","size":"","sizes":[]},"cards_badge_typography_letter_spacing":{"unit":"px","size":"0","sizes":[]},"cards_badge_typography_letter_spacing_mobile":{"unit":"px","size":"0","sizes":[]},"cards_title_color":"#141313","cards_title_typography_typography":"custom","cards_title_typography_font_family":"Poppins","cards_title_typography_font_size":{"unit":"px","size":"28","sizes":[]},"cards_title_typography_font_size_tablet":{"unit":"px","size":"22","sizes":[]},"cards_title_typography_font_weight":"500","cards_title_typography_text_transform":"none","cards_title_typography_font_style":"normal","cards_title_typography_text_decoration":"none","cards_title_typography_line_height":{"unit":"px","size":"36","sizes":[]},"cards_title_typography_line_height_tablet":{"unit":"px","size":"30","sizes":[]},"cards_title_typography_letter_spacing":{"unit":"px","size":"0.51","sizes":[]},"cards_meta_color":"#E86B18","cards_meta_separator_color":"#E86B18","cards_meta_typography_typography":"custom","cards_meta_typography_font_family":"Roboto","cards_meta_typography_font_size":{"unit":"px","size":"16","sizes":[]},"cards_meta_typography_font_size_tablet":{"unit":"px","size":"14","sizes":[]},"cards_meta_typography_font_size_mobile":{"unit":"px","size":"14","sizes":[]},"cards_meta_typography_font_weight":"400","cards_meta_typography_text_transform":"none","cards_meta_typography_font_style":"normal","cards_meta_typography_text_decoration":"none","cards_meta_typography_line_height":{"unit":"px","size":"24","sizes":[]},"cards_meta_typography_line_height_tablet":{"unit":"px","size":"21","sizes":[]},"cards_meta_typography_letter_spacing":{"unit":"px","size":"0","sizes":[]},"cards_excerpt_color":"#686868","cards_excerpt_typography_typography":"custom","cards_excerpt_typography_font_family":"Roboto","cards_excerpt_typography_font_size":{"unit":"px","size":"16","sizes":[]},"cards_excerpt_typography_font_size_tablet":{"unit":"px","size":"14","sizes":[]},"cards_excerpt_typography_font_size_mobile":{"unit":"px","size":"14","sizes":[]},"cards_excerpt_typography_font_weight":"400","cards_excerpt_typography_text_transform":"none","cards_excerpt_typography_font_style":"normal","cards_excerpt_typography_text_decoration":"none","cards_excerpt_typography_line_height":{"unit":"px","size":"24","sizes":[]},"cards_excerpt_typography_line_height_tablet":{"unit":"px","size":"21","sizes":[]},"cards_excerpt_typography_letter_spacing":{"unit":"px","size":"0","sizes":[]},"_element_custom_width":{"unit":"px","size":"375","sizes":[]},"cards_badge_typography_font_size_mobile":{"unit":"px","size":"12","sizes":[]},"cards_badge_typography_font_size":{"unit":"px","size":"12","sizes":[]},"custom_template_list":[{"nth":1,"_id":"0dcc60e"}],"custom_meta_separator":"\/\/\/","loadmore_text":"Load More","loadmore_loading_text":"Loading..."},"elements":[],"isInner":false,"widgetType":"posts","elType":"widget"}],"isInner":"","elType":"column"},{"id":"694c7cb7","settings":{"_column_size":"50","border_border":"solid","border_width":{"unit":"px","top":"0","right":"1","bottom":"0","left":"1","isLinked":""},"__globals__":{"border_color":""},"_inline_size":"41","margin":{"unit":"%","top":"","right":"","bottom":"","left":"","isLinked":"1"},"_inline_size_tablet":"50","margin_tablet":{"unit":"%","top":"0","right":"0","bottom":"0","left":"12","isLinked":""},"padding_tablet":{"unit":"%","top":"0","right":"0","bottom":"0","left":"0","isLinked":""},"padding":{"unit":"%","top":"0","right":"41","bottom":"0","left":"0","isLinked":""},"padding_mobile":{"unit":"%","top":"15","right":"0","bottom":"0","left":"0","isLinked":""},"border_width_tablet":{"unit":"px","top":"0","right":"1","bottom":"0","left":"0","isLinked":""},"border_width_mobile":{"unit":"px","top":"0","right":"1","bottom":"0","left":"1","isLinked":""},"border_color":"#E9E9E9","margin_mobile":{"unit":"%","top":"0","right":"0","bottom":"0","left":"6","isLinked":""}},"elements":[{"id":"5c1cd47b","settings":{"title":"04","title_color":"#141313","typography_typography":"custom","typography_font_family":"Poppins","typography_font_size":{"unit":"px","size":"40","sizes":[]},"typography_font_size_tablet":{"unit":"px","size":"32","sizes":[]},"typography_font_size_mobile":{"unit":"px","size":"22","sizes":[]},"typography_font_weight":"700","typography_text_transform":"none","typography_font_style":"normal","typography_text_decoration":"underline","typography_line_height":{"unit":"px","size":"50","sizes":[]},"typography_line_height_tablet":{"unit":"px","size":"42","sizes":[]},"typography_line_height_mobile":{"unit":"px","size":"32","sizes":[]},"typography_letter_spacing":{"unit":"px","size":"0","sizes":[]},"_margin":{"unit":"px","top":"-9","right":"0","bottom":"0","left":"-70","isLinked":""},"_margin_tablet":{"unit":"px","top":"0","right":"0","bottom":"0","left":"0","isLinked":""},"_margin_mobile":{"unit":"px","top":"0","right":"0","bottom":"8","left":"0","isLinked":""},"_element_width":"auto","__globals__":{"typography_typography":""},"_animation":"fadeIn"},"elements":[],"isInner":false,"widgetType":"heading","elType":"widget"},{"id":"578fee12","settings":{"classic_meta_separator":"\/","classic_read_more_text":"Read More \u00bb","cards_meta_separator":"\/","cards_read_more_text":"Read More \u00bb","full_content_meta_separator":"\/\/\/","pagination_page_limit":"5","pagination_prev_label":"&laquo; Previous","pagination_next_label":"Next &raquo;","classic_columns":"2","classic_posts_per_page":"4","classic_thumbnail_size_size":"full","_skin":"cards","classic_item_ratio":{"unit":"px","size":"1","sizes":[]},"classic_title_tag":"h4","classic_show_read_more":"","cards_thumbnail_size_size":"full","cards_item_ratio":{"unit":"px","size":"1","sizes":[]},"cards_show_read_more":"","cards_badge_taxonomy":"post_tag","cards_show_avatar":"","posts_include":[],"posts_include_term_ids":["1"],"posts_avoid_duplicates":"yes","cards_columns":"1","cards_posts_per_page":"1","cards_item_ratio_mobile":{"unit":"px","size":"","sizes":[]},"cards_column_gap":{"unit":"px","size":"60","sizes":[]},"cards_row_gap":{"unit":"px","size":"60","sizes":[]},"cards_card_border_radius":{"unit":"px","size":"0","sizes":[]},"cards_card_padding":{"unit":"px","size":"0","sizes":[]},"cards_card_vertical_padding":{"unit":"px","size":"0","sizes":[]},"cards_box_shadow_box_shadow_type":"","cards_hover_effect":"none","cards_badge_position":"left","cards_badge_radius":{"unit":"px","size":"0","sizes":[]},"cards_badge_size":{"unit":"px","size":"16","sizes":[]},"cards_badge_margin":{"unit":"px","size":"0","sizes":[]},"cards_title_spacing":{"unit":"px","size":"15","sizes":[]},"cards_excerpt_spacing":{"unit":"px","size":"15","sizes":[]},"__globals__":{"cards_card_bg_color":"","cards_badge_bg_color":"","cards_badge_color":"","cards_badge_typography_typography":"","cards_title_color":"","cards_meta_color":"","cards_meta_separator_color":"","cards_meta_typography_typography":"","cards_excerpt_color":""},"posts_order":"asc","cards_thumbnail_hover_filters_css_filter":"custom","cards_thumbnail_hover_filters_brightness":{"unit":"px","size":"75","sizes":[]},"cards_columns_tablet":"1","posts_offset":"3","cards_card_bg_color":"#FFFFFF00","cards_badge_bg_color":"#E86B18","cards_badge_color":"#FFFFFF","cards_badge_typography_typography":"custom","cards_badge_typography_font_family":"Poppins","cards_badge_typography_font_weight":"400","cards_badge_typography_text_transform":"uppercase","cards_badge_typography_font_style":"normal","cards_badge_typography_text_decoration":"none","cards_badge_typography_line_height_mobile":{"unit":"px","size":"","sizes":[]},"cards_badge_typography_letter_spacing":{"unit":"px","size":"0","sizes":[]},"cards_badge_typography_letter_spacing_mobile":{"unit":"px","size":"0","sizes":[]},"cards_title_color":"#141313","cards_title_typography_typography":"custom","cards_title_typography_font_family":"Poppins","cards_title_typography_font_size":{"unit":"px","size":"28","sizes":[]},"cards_title_typography_font_size_tablet":{"unit":"px","size":"22","sizes":[]},"cards_title_typography_font_weight":"500","cards_title_typography_text_transform":"none","cards_title_typography_font_style":"normal","cards_title_typography_text_decoration":"none","cards_title_typography_line_height":{"unit":"px","size":"36","sizes":[]},"cards_title_typography_line_height_tablet":{"unit":"px","size":"30","sizes":[]},"cards_title_typography_letter_spacing":{"unit":"px","size":"0.51","sizes":[]},"cards_meta_color":"#E86B18","cards_meta_separator_color":"#E86B18","cards_meta_typography_typography":"custom","cards_meta_typography_font_family":"Roboto","cards_meta_typography_font_size":{"unit":"px","size":"16","sizes":[]},"cards_meta_typography_font_size_tablet":{"unit":"px","size":"14","sizes":[]},"cards_meta_typography_font_size_mobile":{"unit":"px","size":"14","sizes":[]},"cards_meta_typography_font_weight":"400","cards_meta_typography_text_transform":"none","cards_meta_typography_font_style":"normal","cards_meta_typography_text_decoration":"none","cards_meta_typography_line_height":{"unit":"px","size":"24","sizes":[]},"cards_meta_typography_line_height_tablet":{"unit":"px","size":"21","sizes":[]},"cards_meta_typography_letter_spacing":{"unit":"px","size":"0","sizes":[]},"cards_excerpt_color":"#686868","cards_excerpt_typography_typography":"custom","cards_excerpt_typography_font_family":"Roboto","cards_excerpt_typography_font_size":{"unit":"px","size":"16","sizes":[]},"cards_excerpt_typography_font_size_tablet":{"unit":"px","size":"14","sizes":[]},"cards_excerpt_typography_font_size_mobile":{"unit":"px","size":"14","sizes":[]},"cards_excerpt_typography_font_weight":"400","cards_excerpt_typography_text_transform":"none","cards_excerpt_typography_font_style":"normal","cards_excerpt_typography_text_decoration":"none","cards_excerpt_typography_line_height":{"unit":"px","size":"24","sizes":[]},"cards_excerpt_typography_line_height_tablet":{"unit":"px","size":"21","sizes":[]},"cards_excerpt_typography_letter_spacing":{"unit":"px","size":"0","sizes":[]},"_element_custom_width":{"unit":"px","size":"375","sizes":[]},"cards_badge_typography_font_size_mobile":{"unit":"px","size":"12","sizes":[]},"cards_badge_typography_font_size":{"unit":"px","size":"12","sizes":[]},"custom_template_list":[{"nth":1,"_id":"14cb326"}],"custom_meta_separator":"\/\/\/","loadmore_text":"Load More","loadmore_loading_text":"Loading..."},"elements":[],"isInner":false,"widgetType":"posts","elType":"widget"}],"isInner":"","elType":"column"}],"isInner":"","elType":"section"},{"id":"60087e36","settings":{"motion_fx_motion_fx_scrolling":"yes","motion_fx_scale_speed":{"unit":"px","size":"-2","sizes":[]},"motion_fx_transform_origin_x":"left","motion_fx_transform_origin_y":"top","layout":"full_width","gap":"no","custom_height":{"unit":"vh","size":"100","sizes":[]},"column_position":"stretch","structure":"20","padding":{"unit":"%","top":"0","right":"3","bottom":"0","left":"0","isLinked":""},"custom_height_tablet":{"unit":"vh","size":"80","sizes":[]},"border_width_tablet":{"unit":"px","top":"0","right":"1","bottom":"0","left":"0","isLinked":""},"margin_tablet":{"unit":"px","top":"","right":"0","bottom":"","left":"0","isLinked":"1"},"_title":"Latest Adventures - Button","_timestamp_":"v1RldrWUFIdzRDazhJUGVVMVEzdndOdz09"},"elements":[{"id":"21221a4b","settings":{"_column_size":"50","__globals__":{"background_color":"globals\/colors?id=82e7690","border_color":"globals\/colors?id=81d0100"},"_inline_size":"58.975","margin":{"unit":"%","top":"","right":"","bottom":"","left":"","isLinked":"1"},"padding":{"unit":"%","top":"25","right":"0","bottom":"0","left":"5","isLinked":""},"_inline_size_tablet":"100","margin_tablet":{"unit":"%","top":"0","right":"0","bottom":"0","left":"6","isLinked":""},"border_width_tablet":{"unit":"px","top":"0","right":"1","bottom":"0","left":"1","isLinked":""},"padding_tablet":{"unit":"%","top":"30","right":"0","bottom":"0","left":"0","isLinked":""},"border_border":"solid","border_width":{"unit":"px","top":"0","right":"0","bottom":"0","left":"0","isLinked":""}},"elements":[],"isInner":"","elType":"column"},{"id":"4520be28","settings":{"_column_size":"50","border_border":"solid","border_width":{"unit":"px","top":"0","right":"1","bottom":"0","left":"1","isLinked":""},"__globals__":{"border_color":""},"_inline_size":"41","margin":{"unit":"%","top":"","right":"","bottom":"","left":"","isLinked":"1"},"_inline_size_tablet":"100","margin_tablet":{"unit":"%","top":"0","right":"0","bottom":"0","left":"6","isLinked":""},"padding_tablet":{"unit":"%","top":"8","right":"0","bottom":"0","left":"0","isLinked":""},"padding":{"unit":"%","top":"20","right":"0","bottom":"0","left":"0","isLinked":""},"padding_mobile":{"unit":"%","top":"15","right":"0","bottom":"0","left":"0","isLinked":""},"border_color":"#E9E9E9"},"elements":[{"id":"11da5f9a","settings":{"text":"VIEW ALL STORIES ","border_border":"solid","border_width":{"unit":"px","top":"1","right":"1","bottom":"1","left":"1","isLinked":"1"},"border_radius":{"unit":"px","top":"0","right":"0","bottom":"0","left":"0","isLinked":"1"},"text_padding":{"unit":"px","top":"16","right":"50","bottom":"16","left":"50","isLinked":""},"_margin":{"unit":"%","top":"0","right":"0","bottom":"0","left":"-30","isLinked":""},"__globals__":{"button_text_color":"","background_color":"","border_color":"","hover_color":"","button_background_hover_color":""},"text_padding_mobile":{"unit":"px","top":"15","right":"35","bottom":"15","left":"35","isLinked":""},"align_tablet":"center","_margin_tablet":{"unit":"px","top":"0","right":"0","bottom":"0","left":"0","isLinked":""},"typography_typography":"custom","typography_font_family":"Poppins","typography_font_size":{"unit":"px","size":"12","sizes":[]},"typography_font_size_mobile":{"unit":"px","size":"12","sizes":[]},"typography_font_weight":"400","typography_text_transform":"uppercase","typography_font_style":"normal","typography_text_decoration":"none","typography_line_height_mobile":{"unit":"px","size":"","sizes":[]},"typography_letter_spacing":{"unit":"px","size":"0","sizes":[]},"typography_letter_spacing_mobile":{"unit":"px","size":"0","sizes":[]},"button_text_color":"#141313","background_color":"#FFFFFF00","hover_color":"#FFFFFF","button_background_hover_color":"#141313","border_color":"#141313"},"elements":[],"isInner":false,"widgetType":"button","elType":"widget"}],"isInner":"","elType":"column"}],"isInner":"","elType":"section"},{"id":"775ada8d","settings":{"motion_fx_motion_fx_scrolling":"yes","motion_fx_scale_speed":{"unit":"px","size":"-2","sizes":[]},"motion_fx_transform_origin_x":"left","motion_fx_transform_origin_y":"top","layout":"full_width","gap":"no","custom_height":{"unit":"vh","size":"100","sizes":[]},"column_position":"stretch","structure":"20","padding":{"unit":"%","top":"0","right":"3","bottom":"0","left":"0","isLinked":""},"custom_height_tablet":{"unit":"vh","size":"80","sizes":[]},"border_width_tablet":{"unit":"px","top":"0","right":"1","bottom":"0","left":"0","isLinked":""},"margin_tablet":{"unit":"px","top":"","right":"0","bottom":"","left":"0","isLinked":"1"},"_title":"Latest Travel Tips - Title","_timestamp_":"v1RldrWUFIdzRDazhJUGVVMVEzdndOdz09"},"elements":[{"id":"4c6d5200","settings":{"_column_size":"50","__globals__":{"background_color":"globals\/colors?id=82e7690","border_color":"globals\/colors?id=81d0100"},"_inline_size":"58.975","margin":{"unit":"%","top":"","right":"","bottom":"","left":"","isLinked":"1"},"padding":{"unit":"%","top":"20","right":"30","bottom":"5","left":"0","isLinked":""},"_inline_size_tablet":"100","margin_tablet":{"unit":"%","top":"0","right":"0","bottom":"0","left":"6","isLinked":""},"border_width_tablet":{"unit":"px","top":"0","right":"1","bottom":"0","left":"1","isLinked":""},"padding_tablet":{"unit":"%","top":"10","right":"40","bottom":"0","left":"0","isLinked":""},"border_border":"solid","border_width":{"unit":"px","top":"0","right":"0","bottom":"0","left":"0","isLinked":""},"padding_mobile":{"unit":"%","top":"35","right":"40","bottom":"0","left":"0","isLinked":""},"border_color":"#E9E9E9"},"elements":[{"id":"724a441","settings":{"space":{"unit":"px","size":"280","sizes":[]},"_background_background":"classic","__globals__":{"_background_color":""},"space_tablet":{"unit":"px","size":"145","sizes":[]},"space_mobile":{"unit":"px","size":"95","sizes":[]},"_background_color":"#E9E9E9"},"elements":[],"isInner":false,"widgetType":"spacer","elType":"widget"}],"isInner":"","elType":"column"},{"id":"35f1210a","settings":{"_column_size":"50","border_border":"solid","border_width":{"unit":"px","top":"0","right":"1","bottom":"0","left":"1","isLinked":""},"__globals__":{"border_color":""},"_inline_size":"41","margin":{"unit":"%","top":"","right":"","bottom":"","left":"","isLinked":"1"},"_inline_size_tablet":"100","margin_tablet":{"unit":"%","top":"0","right":"0","bottom":"0","left":"6","isLinked":""},"padding_tablet":{"unit":"%","top":"0","right":"0","bottom":"8","left":"0","isLinked":""},"padding":{"unit":"%","top":"50","right":"0","bottom":"0","left":"0","isLinked":""},"padding_mobile":{"unit":"%","top":"0","right":"0","bottom":"15","left":"0","isLinked":""},"border_color":"#E9E9E9"},"elements":[{"id":"18ac2634","settings":{"title":"Latest Travel Tips","__globals__":{"typography_typography":""},"_margin":{"unit":"%","top":"0","right":"0","bottom":"0","left":"-125","isLinked":""},"_padding":{"unit":"%","top":"","right":"","bottom":"","left":"","isLinked":"1"},"_margin_tablet":{"unit":"%","top":"-5","right":"0","bottom":"0","left":"0","isLinked":""},"align":"center","title_color":"#141313","typography_typography":"custom","typography_font_family":"Poppins","typography_font_size":{"unit":"px","size":"75","sizes":[]},"typography_font_size_tablet":{"unit":"px","size":"45","sizes":[]},"typography_font_size_mobile":{"unit":"px","size":"32","sizes":[]},"typography_font_weight":"700","typography_text_transform":"none","typography_font_style":"normal","typography_text_decoration":"underline","typography_line_height":{"unit":"px","size":"105","sizes":[]},"typography_line_height_tablet":{"unit":"px","size":"60","sizes":[]},"typography_line_height_mobile":{"unit":"px","size":"42","sizes":[]},"typography_letter_spacing":{"unit":"px","size":"0","sizes":[]}},"elements":[],"isInner":false,"widgetType":"heading","elType":"widget"}],"isInner":"","elType":"column"}],"isInner":"","elType":"section"},{"id":"65d59bae","settings":{"motion_fx_motion_fx_scrolling":"yes","motion_fx_scale_speed":{"unit":"px","size":"-2","sizes":[]},"motion_fx_transform_origin_x":"left","motion_fx_transform_origin_y":"top","layout":"full_width","gap":"no","custom_height":{"unit":"vh","size":"100","sizes":[]},"column_position":"stretch","structure":"20","padding":{"unit":"%","top":"0","right":"3","bottom":"0","left":"0","isLinked":""},"custom_height_tablet":{"unit":"vh","size":"80","sizes":[]},"border_width_tablet":{"unit":"px","top":"0","right":"1","bottom":"0","left":"0","isLinked":""},"margin_tablet":{"unit":"px","top":"","right":"0","bottom":"","left":"0","isLinked":"1"},"_title":"Latest Travel Tips - Posts","_timestamp_":"v1RldrWUFIdzRDazhJUGVVMVEzdndOdz09"},"elements":[{"id":"13cf0604","settings":{"_column_size":"50","__globals__":{"background_color":"globals\/colors?id=82e7690","border_color":""},"_inline_size":"58.975","margin":{"unit":"%","top":"","right":"","bottom":"","left":"","isLinked":"1"},"padding":{"unit":"%","top":"0","right":"19.2","bottom":"4","left":"40","isLinked":""},"_inline_size_tablet":"100","margin_tablet":{"unit":"%","top":"0","right":"0","bottom":"0","left":"6","isLinked":""},"border_width_tablet":{"unit":"px","top":"0","right":"1","bottom":"0","left":"1","isLinked":""},"padding_tablet":{"unit":"%","top":"0","right":"6","bottom":"0","left":"6","isLinked":""},"border_border":"solid","border_width":{"unit":"px","top":"0","right":"0","bottom":"0","left":"0","isLinked":""},"background_color":"#E9E9E9","border_color":"#E9E9E9"},"elements":[{"id":"79a50fa8","settings":{"title":"01","header_size":"span","title_color":"#E86B18","typography_typography":"custom","typography_font_family":"Poppins","typography_font_size":{"unit":"px","size":"28","sizes":[]},"typography_font_size_tablet":{"unit":"px","size":"22","sizes":[]},"typography_font_weight":"500","typography_text_transform":"none","typography_font_style":"normal","typography_text_decoration":"none","typography_line_height":{"unit":"px","size":"36","sizes":[]},"typography_line_height_tablet":{"unit":"px","size":"30","sizes":[]},"typography_letter_spacing":{"unit":"px","size":"0.51","sizes":[]},"_margin":{"unit":"px","top":"46","right":"0","bottom":"0","left":"-50","isLinked":""},"_margin_tablet":{"unit":"px","top":"0","right":"0","bottom":"0","left":"0","isLinked":""},"_element_width":"auto","__globals__":{"typography_typography":"","title_color":""},"_animation":"fadeIn"},"elements":[],"isInner":false,"widgetType":"heading","elType":"widget"},{"id":"1b6a8da0","settings":{"classic_meta_separator":"\/","classic_read_more_text":"Read More \u00bb","cards_meta_separator":"\/","cards_read_more_text":"Read More \u00bb","full_content_meta_separator":"\/\/\/","pagination_page_limit":"5","pagination_prev_label":"&laquo; Previous","pagination_next_label":"Next &raquo;","classic_columns":"2","classic_posts_per_page":"4","classic_thumbnail_size_size":"full","_skin":"cards","classic_item_ratio":{"unit":"px","size":"1","sizes":[]},"classic_title_tag":"h4","classic_show_read_more":"","cards_thumbnail_size_size":"full","cards_item_ratio":{"unit":"px","size":"0","sizes":[]},"cards_show_read_more":"","cards_badge_taxonomy":"post_tag","cards_show_avatar":"","posts_include":[],"posts_include_term_ids":["4"],"posts_avoid_duplicates":"yes","cards_columns":"1","cards_posts_per_page":"1","cards_item_ratio_mobile":{"unit":"px","size":"","sizes":[]},"cards_column_gap":{"unit":"px","size":"60","sizes":[]},"cards_row_gap":{"unit":"px","size":"60","sizes":[]},"cards_card_border_radius":{"unit":"px","size":"0","sizes":[]},"cards_card_padding":{"unit":"px","size":"0","sizes":[]},"cards_card_vertical_padding":{"unit":"px","size":"0","sizes":[]},"cards_box_shadow_box_shadow_type":"","cards_hover_effect":"none","cards_badge_position":"left","cards_badge_radius":{"unit":"px","size":"0","sizes":[]},"cards_badge_size":{"unit":"px","size":"14","sizes":[]},"cards_badge_margin":{"unit":"px","size":"0","sizes":[]},"cards_title_spacing":{"unit":"px","size":"0","sizes":[]},"cards_excerpt_spacing":{"unit":"px","size":"15","sizes":[]},"__globals__":{"cards_card_bg_color":"","cards_badge_bg_color":"","cards_badge_color":"","cards_badge_typography_typography":"","cards_title_color":"","cards_meta_color":"globals\/colors?id=secondary","cards_meta_separator_color":"globals\/colors?id=secondary","cards_meta_typography_typography":"globals\/typography?id=text","cards_excerpt_color":"globals\/colors?id=text","_border_color":""},"posts_order":"asc","cards_show_excerpt":"","cards_meta_data":[],"cards_image_spacing":{"unit":"px","size":"40","sizes":[]},"cards_thumbnail_hover_filters_css_filter":"custom","cards_thumbnail_hover_filters_brightness":{"unit":"px","size":"75","sizes":[]},"_padding":{"unit":"px","top":"50","right":"0","bottom":"25","left":"0","isLinked":""},"_border_border":"solid","_border_width":{"unit":"px","top":"2","right":"0","bottom":"2","left":"0","isLinked":""},"_border_width_tablet":{"unit":"px","top":"2","right":"0","bottom":"0","left":"0","isLinked":""},"cards_columns_tablet":"1","cards_card_bg_color":"#FFFFFF00","cards_thumbnail_filters_brightness":{"unit":"px","size":"108","sizes":[]},"cards_badge_bg_color":"#E86B18","cards_badge_color":"#FFFFFF","cards_badge_typography_typography":"custom","cards_badge_typography_font_family":"Poppins","cards_badge_typography_font_weight":"400","cards_badge_typography_text_transform":"uppercase","cards_badge_typography_font_style":"normal","cards_badge_typography_text_decoration":"none","cards_badge_typography_line_height_mobile":{"unit":"px","size":"","sizes":[]},"cards_badge_typography_letter_spacing":{"unit":"px","size":"0","sizes":[]},"cards_badge_typography_letter_spacing_mobile":{"unit":"px","size":"0","sizes":[]},"cards_title_color":"#141313","cards_title_typography_typography":"custom","cards_title_typography_font_family":"Poppins","cards_title_typography_font_size":{"unit":"px","size":"28","sizes":[]},"cards_title_typography_font_size_tablet":{"unit":"px","size":"22","sizes":[]},"cards_title_typography_font_weight":"500","cards_title_typography_text_transform":"none","cards_title_typography_font_style":"normal","cards_title_typography_text_decoration":"none","cards_title_typography_line_height":{"unit":"px","size":"36","sizes":[]},"cards_title_typography_line_height_tablet":{"unit":"px","size":"30","sizes":[]},"cards_title_typography_letter_spacing":{"unit":"px","size":"0.51","sizes":[]},"cards_meta_color":"#E86B18","cards_meta_separator_color":"#E86B18","cards_meta_typography_typography":"custom","cards_meta_typography_font_family":"Roboto","cards_meta_typography_font_size":{"unit":"px","size":"16","sizes":[]},"cards_meta_typography_font_size_tablet":{"unit":"px","size":"14","sizes":[]},"cards_meta_typography_font_size_mobile":{"unit":"px","size":"14","sizes":[]},"cards_meta_typography_font_weight":"400","cards_meta_typography_text_transform":"none","cards_meta_typography_font_style":"normal","cards_meta_typography_text_decoration":"none","cards_meta_typography_line_height":{"unit":"px","size":"24","sizes":[]},"cards_meta_typography_line_height_tablet":{"unit":"px","size":"21","sizes":[]},"cards_meta_typography_letter_spacing":{"unit":"px","size":"0","sizes":[]},"cards_excerpt_color":"#686868","_padding_tablet":{"unit":"px","top":"20","right":"0","bottom":"0","left":"0","isLinked":""},"_border_color":"#E86B18","cards_badge_typography_font_size_mobile":{"unit":"px","size":"12","sizes":[]},"cards_badge_typography_font_size":{"unit":"px","size":"12","sizes":[]},"custom_template_list":[{"nth":1,"_id":"380a024"}],"custom_meta_separator":"\/\/\/","loadmore_text":"Load More","loadmore_loading_text":"Loading..."},"elements":[],"isInner":false,"widgetType":"posts","elType":"widget"}],"isInner":"","elType":"column"},{"id":"74af7ef9","settings":{"_column_size":"50","border_border":"solid","border_width":{"unit":"px","top":"0","right":"1","bottom":"0","left":"1","isLinked":""},"__globals__":{"border_color":""},"_inline_size":"41","margin":{"unit":"%","top":"","right":"","bottom":"","left":"","isLinked":"1"},"_inline_size_tablet":"100","margin_tablet":{"unit":"%","top":"0","right":"0","bottom":"0","left":"6","isLinked":""},"padding_tablet":{"unit":"%","top":"5","right":"6","bottom":"0","left":"6","isLinked":""},"padding":{"unit":"%","top":"0","right":"41","bottom":"4","left":"0","isLinked":""},"padding_mobile":{"unit":"%","top":"10","right":"6","bottom":"0","left":"6","isLinked":""},"border_color":"#E9E9E9"},"elements":[{"id":"4abd17fe","settings":{"title":"02","header_size":"span","title_color":"#E86B18","typography_typography":"custom","typography_font_family":"Poppins","typography_font_size":{"unit":"px","size":"28","sizes":[]},"typography_font_size_tablet":{"unit":"px","size":"22","sizes":[]},"typography_font_weight":"500","typography_text_transform":"none","typography_font_style":"normal","typography_text_decoration":"none","typography_line_height":{"unit":"px","size":"36","sizes":[]},"typography_line_height_tablet":{"unit":"px","size":"30","sizes":[]},"typography_letter_spacing":{"unit":"px","size":"0.51","sizes":[]},"_margin":{"unit":"px","top":"46","right":"0","bottom":"0","left":"-50","isLinked":""},"_margin_tablet":{"unit":"px","top":"0","right":"0","bottom":"0","left":"0","isLinked":""},"_element_width":"auto","__globals__":{"typography_typography":"","title_color":""},"_animation":"fadeIn"},"elements":[],"isInner":false,"widgetType":"heading","elType":"widget"},{"id":"23ea6f07","settings":{"classic_meta_separator":"\/","classic_read_more_text":"Read More \u00bb","cards_meta_separator":"\/","cards_read_more_text":"Read More \u00bb","full_content_meta_separator":"\/\/\/","pagination_page_limit":"5","pagination_prev_label":"&laquo; Previous","pagination_next_label":"Next &raquo;","classic_columns":"2","classic_posts_per_page":"4","classic_thumbnail_size_size":"full","_skin":"cards","classic_item_ratio":{"unit":"px","size":"1","sizes":[]},"classic_title_tag":"h4","classic_show_read_more":"","cards_thumbnail_size_size":"full","cards_item_ratio":{"unit":"px","size":"0","sizes":[]},"cards_show_read_more":"","cards_badge_taxonomy":"post_tag","cards_show_avatar":"","posts_include":[],"posts_include_term_ids":["4"],"posts_avoid_duplicates":"yes","cards_columns":"1","cards_posts_per_page":"1","cards_item_ratio_mobile":{"unit":"px","size":"","sizes":[]},"cards_column_gap":{"unit":"px","size":"60","sizes":[]},"cards_row_gap":{"unit":"px","size":"60","sizes":[]},"cards_card_border_radius":{"unit":"px","size":"0","sizes":[]},"cards_card_padding":{"unit":"px","size":"0","sizes":[]},"cards_card_vertical_padding":{"unit":"px","size":"0","sizes":[]},"cards_box_shadow_box_shadow_type":"","cards_hover_effect":"none","cards_badge_position":"left","cards_badge_radius":{"unit":"px","size":"0","sizes":[]},"cards_badge_size":{"unit":"px","size":"14","sizes":[]},"cards_badge_margin":{"unit":"px","size":"0","sizes":[]},"cards_title_spacing":{"unit":"px","size":"0","sizes":[]},"cards_excerpt_spacing":{"unit":"px","size":"15","sizes":[]},"__globals__":{"cards_card_bg_color":"","cards_badge_bg_color":"","cards_badge_color":"","cards_badge_typography_typography":"","cards_title_color":"","cards_meta_color":"globals\/colors?id=secondary","cards_meta_separator_color":"globals\/colors?id=secondary","cards_meta_typography_typography":"globals\/typography?id=text","cards_excerpt_color":"globals\/colors?id=text","_border_color":""},"posts_order":"asc","cards_show_excerpt":"","cards_meta_data":[],"cards_image_spacing":{"unit":"px","size":"40","sizes":[]},"cards_thumbnail_hover_filters_css_filter":"custom","cards_thumbnail_hover_filters_brightness":{"unit":"px","size":"75","sizes":[]},"_padding":{"unit":"px","top":"50","right":"0","bottom":"25","left":"0","isLinked":""},"_border_border":"solid","_border_width":{"unit":"px","top":"2","right":"0","bottom":"2","left":"0","isLinked":""},"cards_columns_tablet":"1","posts_offset":"1","cards_card_bg_color":"#FFFFFF00","cards_thumbnail_filters_brightness":{"unit":"px","size":"108","sizes":[]},"cards_badge_bg_color":"#E86B18","cards_badge_color":"#FFFFFF","cards_badge_typography_typography":"custom","cards_badge_typography_font_family":"Poppins","cards_badge_typography_font_weight":"400","cards_badge_typography_text_transform":"uppercase","cards_badge_typography_font_style":"normal","cards_badge_typography_text_decoration":"none","cards_badge_typography_line_height_mobile":{"unit":"px","size":"","sizes":[]},"cards_badge_typography_letter_spacing":{"unit":"px","size":"0","sizes":[]},"cards_badge_typography_letter_spacing_mobile":{"unit":"px","size":"0","sizes":[]},"cards_title_color":"#141313","cards_title_typography_typography":"custom","cards_title_typography_font_family":"Poppins","cards_title_typography_font_size":{"unit":"px","size":"28","sizes":[]},"cards_title_typography_font_size_tablet":{"unit":"px","size":"22","sizes":[]},"cards_title_typography_font_weight":"500","cards_title_typography_text_transform":"none","cards_title_typography_font_style":"normal","cards_title_typography_text_decoration":"none","cards_title_typography_line_height":{"unit":"px","size":"36","sizes":[]},"cards_title_typography_line_height_tablet":{"unit":"px","size":"30","sizes":[]},"cards_title_typography_letter_spacing":{"unit":"px","size":"0.51","sizes":[]},"cards_meta_color":"#E86B18","cards_meta_separator_color":"#E86B18","cards_meta_typography_typography":"custom","cards_meta_typography_font_family":"Roboto","cards_meta_typography_font_size":{"unit":"px","size":"16","sizes":[]},"cards_meta_typography_font_size_tablet":{"unit":"px","size":"14","sizes":[]},"cards_meta_typography_font_size_mobile":{"unit":"px","size":"14","sizes":[]},"cards_meta_typography_font_weight":"400","cards_meta_typography_text_transform":"none","cards_meta_typography_font_style":"normal","cards_meta_typography_text_decoration":"none","cards_meta_typography_line_height":{"unit":"px","size":"24","sizes":[]},"cards_meta_typography_line_height_tablet":{"unit":"px","size":"21","sizes":[]},"cards_meta_typography_letter_spacing":{"unit":"px","size":"0","sizes":[]},"cards_excerpt_color":"#686868","_padding_tablet":{"unit":"px","top":"20","right":"0","bottom":"0","left":"0","isLinked":""},"_border_width_tablet":{"unit":"px","top":"2","right":"0","bottom":"0","left":"0","isLinked":""},"_border_color":"#E86B18","cards_badge_typography_font_size_mobile":{"unit":"px","size":"12","sizes":[]},"cards_badge_typography_font_size":{"unit":"px","size":"12","sizes":[]},"custom_template_list":[{"nth":1,"_id":"0a66038"}],"custom_meta_separator":"\/\/\/","loadmore_text":"Load More","loadmore_loading_text":"Loading..."},"elements":[],"isInner":false,"widgetType":"posts","elType":"widget"}],"isInner":"","elType":"column"}],"isInner":"","elType":"section"},{"id":"5f361844","settings":{"motion_fx_motion_fx_scrolling":"yes","motion_fx_scale_speed":{"unit":"px","size":"-2","sizes":[]},"motion_fx_transform_origin_x":"left","motion_fx_transform_origin_y":"top","layout":"full_width","gap":"no","custom_height":{"unit":"vh","size":"100","sizes":[]},"column_position":"stretch","structure":"20","padding":{"unit":"%","top":"0","right":"3","bottom":"0","left":"0","isLinked":""},"custom_height_tablet":{"unit":"vh","size":"80","sizes":[]},"border_width_tablet":{"unit":"px","top":"0","right":"1","bottom":"0","left":"0","isLinked":""},"margin_tablet":{"unit":"px","top":"","right":"0","bottom":"","left":"0","isLinked":"1"},"_title":"Latest Travel Tips - Posts","_timestamp_":"v1RldrWUFIdzRDazhJUGVVMVEzdndOdz09"},"elements":[{"id":"3f7e675d","settings":{"_column_size":"50","__globals__":{"background_color":"globals\/colors?id=82e7690","border_color":""},"_inline_size":"58.975","margin":{"unit":"%","top":"","right":"","bottom":"","left":"","isLinked":"1"},"padding":{"unit":"%","top":"0","right":"19.2","bottom":"0","left":"40","isLinked":""},"_inline_size_tablet":"100","margin_tablet":{"unit":"%","top":"0","right":"0","bottom":"0","left":"6","isLinked":""},"border_width_tablet":{"unit":"px","top":"0","right":"1","bottom":"0","left":"1","isLinked":""},"padding_tablet":{"unit":"%","top":"5","right":"6","bottom":"0","left":"6","isLinked":""},"border_border":"solid","border_width":{"unit":"px","top":"0","right":"0","bottom":"0","left":"0","isLinked":""},"background_color":"#E9E9E9","border_color":"#E9E9E9","padding_mobile":{"unit":"%","top":"10","right":"6","bottom":"0","left":"6","isLinked":""}},"elements":[{"id":"400402e8","settings":{"title":"03","header_size":"span","title_color":"#E86B18","typography_typography":"custom","typography_font_family":"Poppins","typography_font_size":{"unit":"px","size":"28","sizes":[]},"typography_font_size_tablet":{"unit":"px","size":"22","sizes":[]},"typography_font_weight":"500","typography_text_transform":"none","typography_font_style":"normal","typography_text_decoration":"none","typography_line_height":{"unit":"px","size":"36","sizes":[]},"typography_line_height_tablet":{"unit":"px","size":"30","sizes":[]},"typography_letter_spacing":{"unit":"px","size":"0.51","sizes":[]},"_margin":{"unit":"px","top":"-4","right":"0","bottom":"0","left":"-50","isLinked":""},"_margin_tablet":{"unit":"px","top":"0","right":"0","bottom":"0","left":"0","isLinked":""},"_element_width":"auto","__globals__":{"typography_typography":"","title_color":""},"_animation":"fadeIn"},"elements":[],"isInner":false,"widgetType":"heading","elType":"widget"},{"id":"5c351b2c","settings":{"classic_meta_separator":"\/","classic_read_more_text":"Read More \u00bb","cards_meta_separator":"\/","cards_read_more_text":"Read More \u00bb","full_content_meta_separator":"\/\/\/","pagination_page_limit":"5","pagination_prev_label":"&laquo; Previous","pagination_next_label":"Next &raquo;","classic_columns":"2","classic_posts_per_page":"4","classic_thumbnail_size_size":"full","_skin":"cards","classic_item_ratio":{"unit":"px","size":"1","sizes":[]},"classic_title_tag":"h4","classic_show_read_more":"","cards_thumbnail_size_size":"full","cards_item_ratio":{"unit":"px","size":"0","sizes":[]},"cards_show_read_more":"","cards_badge_taxonomy":"post_tag","cards_show_avatar":"","posts_include":[],"posts_include_term_ids":["4"],"posts_avoid_duplicates":"yes","cards_columns":"1","cards_posts_per_page":"1","cards_item_ratio_mobile":{"unit":"px","size":"","sizes":[]},"cards_column_gap":{"unit":"px","size":"60","sizes":[]},"cards_row_gap":{"unit":"px","size":"60","sizes":[]},"cards_card_border_radius":{"unit":"px","size":"0","sizes":[]},"cards_card_padding":{"unit":"px","size":"0","sizes":[]},"cards_card_vertical_padding":{"unit":"px","size":"0","sizes":[]},"cards_box_shadow_box_shadow_type":"","cards_hover_effect":"none","cards_badge_position":"left","cards_badge_radius":{"unit":"px","size":"0","sizes":[]},"cards_badge_size":{"unit":"px","size":"14","sizes":[]},"cards_badge_margin":{"unit":"px","size":"0","sizes":[]},"cards_title_spacing":{"unit":"px","size":"0","sizes":[]},"cards_excerpt_spacing":{"unit":"px","size":"15","sizes":[]},"__globals__":{"cards_card_bg_color":"","cards_badge_bg_color":"","cards_badge_color":"","cards_badge_typography_typography":"","cards_title_color":"","cards_meta_color":"globals\/colors?id=secondary","cards_meta_separator_color":"globals\/colors?id=secondary","cards_meta_typography_typography":"globals\/typography?id=text","cards_excerpt_color":"globals\/colors?id=text","_border_color":""},"posts_order":"asc","cards_show_excerpt":"","cards_meta_data":[],"cards_image_spacing":{"unit":"px","size":"40","sizes":[]},"cards_thumbnail_hover_filters_css_filter":"custom","cards_thumbnail_hover_filters_brightness":{"unit":"px","size":"75","sizes":[]},"_padding":{"unit":"px","top":"0","right":"0","bottom":"25","left":"0","isLinked":""},"_border_border":"solid","_border_width":{"unit":"px","top":"0","right":"0","bottom":"2","left":"0","isLinked":""},"_border_width_tablet":{"unit":"px","top":"2","right":"0","bottom":"0","left":"0","isLinked":""},"cards_columns_tablet":"1","posts_offset":"2","cards_card_bg_color":"#FFFFFF00","cards_thumbnail_filters_brightness":{"unit":"px","size":"108","sizes":[]},"cards_badge_bg_color":"#E86B18","cards_badge_color":"#FFFFFF","cards_badge_typography_typography":"custom","cards_badge_typography_font_family":"Poppins","cards_badge_typography_font_weight":"400","cards_badge_typography_text_transform":"uppercase","cards_badge_typography_font_style":"normal","cards_badge_typography_text_decoration":"none","cards_badge_typography_line_height_mobile":{"unit":"px","size":"","sizes":[]},"cards_badge_typography_letter_spacing":{"unit":"px","size":"0","sizes":[]},"cards_badge_typography_letter_spacing_mobile":{"unit":"px","size":"0","sizes":[]},"cards_title_color":"#141313","cards_title_typography_typography":"custom","cards_title_typography_font_family":"Poppins","cards_title_typography_font_size":{"unit":"px","size":"28","sizes":[]},"cards_title_typography_font_size_tablet":{"unit":"px","size":"22","sizes":[]},"cards_title_typography_font_weight":"500","cards_title_typography_text_transform":"none","cards_title_typography_font_style":"normal","cards_title_typography_text_decoration":"none","cards_title_typography_line_height":{"unit":"px","size":"36","sizes":[]},"cards_title_typography_line_height_tablet":{"unit":"px","size":"30","sizes":[]},"cards_title_typography_letter_spacing":{"unit":"px","size":"0.51","sizes":[]},"cards_meta_color":"#E86B18","cards_meta_separator_color":"#E86B18","cards_meta_typography_typography":"custom","cards_meta_typography_font_family":"Roboto","cards_meta_typography_font_size":{"unit":"px","size":"16","sizes":[]},"cards_meta_typography_font_size_tablet":{"unit":"px","size":"14","sizes":[]},"cards_meta_typography_font_size_mobile":{"unit":"px","size":"14","sizes":[]},"cards_meta_typography_font_weight":"400","cards_meta_typography_text_transform":"none","cards_meta_typography_font_style":"normal","cards_meta_typography_text_decoration":"none","cards_meta_typography_line_height":{"unit":"px","size":"24","sizes":[]},"cards_meta_typography_line_height_tablet":{"unit":"px","size":"21","sizes":[]},"cards_meta_typography_letter_spacing":{"unit":"px","size":"0","sizes":[]},"cards_excerpt_color":"#686868","_padding_tablet":{"unit":"px","top":"20","right":"0","bottom":"0","left":"0","isLinked":""},"_border_color":"#E86B18","cards_badge_typography_font_size_mobile":{"unit":"px","size":"12","sizes":[]},"cards_badge_typography_font_size":{"unit":"px","size":"12","sizes":[]},"custom_template_list":[{"nth":1,"_id":"c7fdef2"}],"custom_meta_separator":"\/\/\/","loadmore_text":"Load More","loadmore_loading_text":"Loading..."},"elements":[],"isInner":false,"widgetType":"posts","elType":"widget"}],"isInner":"","elType":"column"},{"id":"68ae6c7f","settings":{"_column_size":"50","border_border":"solid","border_width":{"unit":"px","top":"0","right":"1","bottom":"0","left":"1","isLinked":""},"__globals__":{"border_color":""},"_inline_size":"41","margin":{"unit":"%","top":"","right":"","bottom":"","left":"","isLinked":"1"},"_inline_size_tablet":"100","margin_tablet":{"unit":"%","top":"0","right":"0","bottom":"0","left":"6","isLinked":""},"padding_tablet":{"unit":"%","top":"5","right":"6","bottom":"0","left":"6","isLinked":""},"padding":{"unit":"%","top":"0","right":"41","bottom":"0","left":"0","isLinked":""},"padding_mobile":{"unit":"%","top":"10","right":"6","bottom":"0","left":"6","isLinked":""},"border_color":"#E9E9E9"},"elements":[{"id":"34989ece","settings":{"title":"04","header_size":"span","title_color":"#E86B18","typography_typography":"custom","typography_font_family":"Poppins","typography_font_size":{"unit":"px","size":"28","sizes":[]},"typography_font_size_tablet":{"unit":"px","size":"22","sizes":[]},"typography_font_weight":"500","typography_text_transform":"none","typography_font_style":"normal","typography_text_decoration":"none","typography_line_height":{"unit":"px","size":"36","sizes":[]},"typography_line_height_tablet":{"unit":"px","size":"30","sizes":[]},"typography_letter_spacing":{"unit":"px","size":"0.51","sizes":[]},"_margin":{"unit":"px","top":"-4","right":"0","bottom":"0","left":"-50","isLinked":""},"_margin_tablet":{"unit":"px","top":"0","right":"0","bottom":"0","left":"0","isLinked":""},"_element_width":"auto","__globals__":{"typography_typography":"","title_color":""},"_animation":"fadeIn"},"elements":[],"isInner":false,"widgetType":"heading","elType":"widget"},{"id":"19cd307c","settings":{"classic_meta_separator":"\/","classic_read_more_text":"Read More \u00bb","cards_meta_separator":"\/","cards_read_more_text":"Read More \u00bb","full_content_meta_separator":"\/\/\/","pagination_page_limit":"5","pagination_prev_label":"&laquo; Previous","pagination_next_label":"Next &raquo;","classic_columns":"2","classic_posts_per_page":"4","classic_thumbnail_size_size":"full","_skin":"cards","classic_item_ratio":{"unit":"px","size":"1","sizes":[]},"classic_title_tag":"h4","classic_show_read_more":"","cards_thumbnail_size_size":"full","cards_item_ratio":{"unit":"px","size":"0","sizes":[]},"cards_show_read_more":"","cards_badge_taxonomy":"post_tag","cards_show_avatar":"","posts_include":[],"posts_include_term_ids":["4"],"posts_avoid_duplicates":"yes","cards_columns":"1","cards_posts_per_page":"1","cards_item_ratio_mobile":{"unit":"px","size":"","sizes":[]},"cards_column_gap":{"unit":"px","size":"60","sizes":[]},"cards_row_gap":{"unit":"px","size":"60","sizes":[]},"cards_card_border_radius":{"unit":"px","size":"0","sizes":[]},"cards_card_padding":{"unit":"px","size":"0","sizes":[]},"cards_card_vertical_padding":{"unit":"px","size":"0","sizes":[]},"cards_box_shadow_box_shadow_type":"","cards_hover_effect":"none","cards_badge_position":"left","cards_badge_radius":{"unit":"px","size":"0","sizes":[]},"cards_badge_size":{"unit":"px","size":"14","sizes":[]},"cards_badge_margin":{"unit":"px","size":"0","sizes":[]},"cards_title_spacing":{"unit":"px","size":"0","sizes":[]},"cards_excerpt_spacing":{"unit":"px","size":"15","sizes":[]},"__globals__":{"cards_card_bg_color":"","cards_badge_bg_color":"","cards_badge_color":"","cards_badge_typography_typography":"","cards_title_color":"","cards_meta_color":"globals\/colors?id=secondary","cards_meta_separator_color":"globals\/colors?id=secondary","cards_meta_typography_typography":"globals\/typography?id=text","cards_excerpt_color":"globals\/colors?id=text","_border_color":""},"posts_order":"asc","cards_show_excerpt":"","cards_meta_data":[],"cards_image_spacing":{"unit":"px","size":"40","sizes":[]},"cards_thumbnail_hover_filters_css_filter":"custom","cards_thumbnail_hover_filters_brightness":{"unit":"px","size":"75","sizes":[]},"_padding":{"unit":"px","top":"0","right":"0","bottom":"25","left":"0","isLinked":""},"_border_border":"solid","_border_width":{"unit":"px","top":"0","right":"0","bottom":"2","left":"0","isLinked":""},"cards_columns_tablet":"1","posts_offset":"3","cards_card_bg_color":"#FFFFFF00","cards_thumbnail_filters_brightness":{"unit":"px","size":"108","sizes":[]},"cards_badge_bg_color":"#E86B18","cards_badge_color":"#FFFFFF","cards_badge_typography_typography":"custom","cards_badge_typography_font_family":"Poppins","cards_badge_typography_font_weight":"400","cards_badge_typography_text_transform":"uppercase","cards_badge_typography_font_style":"normal","cards_badge_typography_text_decoration":"none","cards_badge_typography_line_height_mobile":{"unit":"px","size":"","sizes":[]},"cards_badge_typography_letter_spacing":{"unit":"px","size":"0","sizes":[]},"cards_badge_typography_letter_spacing_mobile":{"unit":"px","size":"0","sizes":[]},"cards_title_color":"#141313","cards_title_typography_typography":"custom","cards_title_typography_font_family":"Poppins","cards_title_typography_font_size":{"unit":"px","size":"28","sizes":[]},"cards_title_typography_font_size_tablet":{"unit":"px","size":"22","sizes":[]},"cards_title_typography_font_weight":"500","cards_title_typography_text_transform":"none","cards_title_typography_font_style":"normal","cards_title_typography_text_decoration":"none","cards_title_typography_line_height":{"unit":"px","size":"36","sizes":[]},"cards_title_typography_line_height_tablet":{"unit":"px","size":"30","sizes":[]},"cards_title_typography_letter_spacing":{"unit":"px","size":"0.51","sizes":[]},"cards_meta_color":"#E86B18","cards_meta_separator_color":"#E86B18","cards_meta_typography_typography":"custom","cards_meta_typography_font_family":"Roboto","cards_meta_typography_font_size":{"unit":"px","size":"16","sizes":[]},"cards_meta_typography_font_size_tablet":{"unit":"px","size":"14","sizes":[]},"cards_meta_typography_font_size_mobile":{"unit":"px","size":"14","sizes":[]},"cards_meta_typography_font_weight":"400","cards_meta_typography_text_transform":"none","cards_meta_typography_font_style":"normal","cards_meta_typography_text_decoration":"none","cards_meta_typography_line_height":{"unit":"px","size":"24","sizes":[]},"cards_meta_typography_line_height_tablet":{"unit":"px","size":"21","sizes":[]},"cards_meta_typography_letter_spacing":{"unit":"px","size":"0","sizes":[]},"cards_excerpt_color":"#686868","_padding_tablet":{"unit":"px","top":"20","right":"0","bottom":"0","left":"0","isLinked":""},"_border_width_tablet":{"unit":"px","top":"2","right":"0","bottom":"0","left":"0","isLinked":""},"_border_color":"#E86B18","cards_badge_typography_font_size_mobile":{"unit":"px","size":"12","sizes":[]},"cards_badge_typography_font_size":{"unit":"px","size":"12","sizes":[]},"custom_template_list":[{"nth":1,"_id":"114bdd1"}],"custom_meta_separator":"\/\/\/","loadmore_text":"Load More","loadmore_loading_text":"Loading..."},"elements":[],"isInner":false,"widgetType":"posts","elType":"widget"}],"isInner":"","elType":"column"}],"isInner":"","elType":"section"},{"id":"1e0c6443","settings":{"motion_fx_motion_fx_scrolling":"yes","motion_fx_scale_speed":{"unit":"px","size":"-2","sizes":[]},"motion_fx_transform_origin_x":"left","motion_fx_transform_origin_y":"top","layout":"full_width","gap":"no","custom_height":{"unit":"vh","size":"100","sizes":[]},"column_position":"stretch","structure":"20","padding":{"unit":"%","top":"0","right":"3","bottom":"0","left":"0","isLinked":""},"custom_height_tablet":{"unit":"vh","size":"80","sizes":[]},"border_width_tablet":{"unit":"px","top":"0","right":"1","bottom":"0","left":"0","isLinked":""},"margin_tablet":{"unit":"px","top":"","right":"0","bottom":"","left":"0","isLinked":"1"},"_title":"Latest Travel Tips - Button","_timestamp_":"v1RldrWUFIdzRDazhJUGVVMVEzdndOdz09"},"elements":[{"id":"20e0dd00","settings":{"_column_size":"50","__globals__":{"background_color":"globals\/colors?id=82e7690","border_color":"globals\/colors?id=81d0100"},"_inline_size":"58.975","margin":{"unit":"%","top":"","right":"","bottom":"","left":"","isLinked":"1"},"padding":{"unit":"%","top":"25","right":"0","bottom":"0","left":"5","isLinked":""},"_inline_size_tablet":"100","margin_tablet":{"unit":"%","top":"0","right":"0","bottom":"0","left":"6","isLinked":""},"border_width_tablet":{"unit":"px","top":"0","right":"1","bottom":"0","left":"1","isLinked":""},"padding_tablet":{"unit":"%","top":"30","right":"0","bottom":"0","left":"0","isLinked":""},"border_border":"solid","border_width":{"unit":"px","top":"0","right":"0","bottom":"0","left":"0","isLinked":""}},"elements":[],"isInner":"","elType":"column"},{"id":"685a14ee","settings":{"_column_size":"50","border_border":"solid","border_width":{"unit":"px","top":"0","right":"1","bottom":"0","left":"1","isLinked":""},"__globals__":{"border_color":""},"_inline_size":"41","margin":{"unit":"%","top":"","right":"","bottom":"","left":"","isLinked":"1"},"_inline_size_tablet":"100","margin_tablet":{"unit":"%","top":"0","right":"0","bottom":"0","left":"6","isLinked":""},"padding_tablet":{"unit":"%","top":"8","right":"0","bottom":"25","left":"0","isLinked":""},"padding":{"unit":"%","top":"20","right":"0","bottom":"25","left":"0","isLinked":""},"padding_mobile":{"unit":"%","top":"15","right":"0","bottom":"35","left":"0","isLinked":""},"border_color":"#E9E9E9"},"elements":[{"id":"4139c629","settings":{"text":"VIEW ALL TIPS","border_border":"solid","border_width":{"unit":"px","top":"1","right":"1","bottom":"1","left":"1","isLinked":"1"},"border_radius":{"unit":"px","top":"0","right":"0","bottom":"0","left":"0","isLinked":"1"},"text_padding":{"unit":"px","top":"16","right":"50","bottom":"16","left":"50","isLinked":""},"_margin":{"unit":"%","top":"0","right":"0","bottom":"0","left":"-30","isLinked":""},"__globals__":{"button_text_color":"","background_color":"","border_color":"","hover_color":"","button_background_hover_color":""},"text_padding_mobile":{"unit":"px","top":"15","right":"35","bottom":"15","left":"35","isLinked":""},"align_tablet":"center","_margin_tablet":{"unit":"px","top":"0","right":"0","bottom":"0","left":"0","isLinked":""},"typography_typography":"custom","typography_font_family":"Poppins","typography_font_size":{"unit":"px","size":"12","sizes":[]},"typography_font_size_mobile":{"unit":"px","size":"12","sizes":[]},"typography_font_weight":"400","typography_text_transform":"uppercase","typography_font_style":"normal","typography_text_decoration":"none","typography_line_height_mobile":{"unit":"px","size":"","sizes":[]},"typography_letter_spacing":{"unit":"px","size":"0","sizes":[]},"typography_letter_spacing_mobile":{"unit":"px","size":"0","sizes":[]},"button_text_color":"#141313","background_color":"#FFFFFF00","hover_color":"#FFFFFF","button_background_hover_color":"#141313","border_color":"#141313"},"elements":[],"isInner":false,"widgetType":"button","elType":"widget"}],"isInner":"","elType":"column"}],"isInner":"","elType":"section"}],"page_settings":{"background_background":"classic","background_color":"#FFFFFF"}}