{"version":"0.4","title":"15478","type":"page","content":[{"id":"7e4398f9","settings":{"motion_fx_motion_fx_scrolling":"yes","motion_fx_scale_speed":{"unit":"px","size":"-2","sizes":[]},"motion_fx_transform_origin_x":"left","motion_fx_transform_origin_y":"top","layout":"full_width","gap":"no","height":"min-height","custom_height":{"unit":"vh","size":"100","sizes":[]},"column_position":"stretch","content_position":"middle","structure":"20","padding":{"unit":"%","top":"0","right":"3","bottom":"0","left":"0","isLinked":""},"custom_height_tablet":{"unit":"vh","size":"","sizes":[]},"border_width_tablet":{"unit":"px","top":"0","right":"1","bottom":"0","left":"0","isLinked":""},"margin_tablet":{"unit":"px","top":"","right":"0","bottom":"","left":"0","isLinked":"1"},"custom_height_mobile":{"unit":"vh","size":"100","sizes":[]},"_title":"Content","margin":{"unit":"px","top":"","right":"0","bottom":"","left":"0","isLinked":"1"},"_timestamp_":"v1RldrWUFIdzRDazhJUGVVMVEzdndOdz09"},"elements":[{"id":"194cc4b3","settings":{"_column_size":"50","background_background":"classic","__globals__":{"background_color":""},"_inline_size":"58.978","margin":{"unit":"%","top":"0","right":"30","bottom":"0","left":"0","isLinked":""},"padding":{"unit":"%","top":"","right":"","bottom":"","left":"","isLinked":"1"},"_inline_size_tablet":"100","margin_tablet":{"unit":"px","top":"0","right":"0","bottom":"0","left":"0","isLinked":""},"border_width_tablet":{"unit":"px","top":"0","right":"1","bottom":"0","left":"0","isLinked":""},"padding_tablet":{"unit":"%","top":"","right":"","bottom":"","left":"","isLinked":"1"},"padding_mobile":{"unit":"%","top":"20","right":"0","bottom":"0","left":"0","isLinked":""},"background_color":"#E9E9E9"},"elements":[{"id":"1eeb7d17","settings":{"image":{"id":1168,"url":"https:\/\/library.elementor.com\/wp-content\/uploads\/2020\/11\/ContactPage-Hero.jpg"},"image_size":"full","width_tablet":{"unit":"%","size":"65","sizes":[]},"width_mobile":{"unit":"%","size":"65","sizes":[]},"width":{"unit":"vw","size":"28","sizes":[]},"_margin_tablet":{"unit":"%","top":"12","right":"0","bottom":"12","left":"0","isLinked":""},"_margin_mobile":{"unit":"%","top":"3","right":"0","bottom":"22","left":"0","isLinked":""},"_animation":"fadeIn","animation_duration":"slow"},"elements":[],"isInner":false,"widgetType":"image","elType":"widget"},{"id":"7f9b13a0","settings":{"view":"stacked","shape":"square","align":"right","_margin":{"unit":"px","top":"0","right":"0","bottom":"-6","left":"0","isLinked":""},"_position":"absolute","_offset_orientation_h":"end","_offset_orientation_v":"end","size_tablet":{"unit":"px","size":"34","sizes":[]},"selected_icon":{"value":{"id":"1160","url":"https:\/\/library.elementor.com\/wp-content\/uploads\/2020\/11\/ArrowScroll-1.svg"},"library":"svg"},"__globals__":{"primary_color":"","secondary_color":"","hover_primary_color":""},"size_mobile":{"unit":"px","size":"28","sizes":[]},"primary_color":"#E86B18","secondary_color":"#FFFFFF","hover_primary_color":"#141313","link":{"url":"#hero_down","is_external":"","nofollow":"","custom_attributes":""}},"elements":[],"isInner":false,"widgetType":"icon","elType":"widget"}],"isInner":"","elType":"column"},{"id":"6939340b","settings":{"_column_size":"50","border_border":"solid","border_width":{"unit":"px","top":"0","right":"1","bottom":"0","left":"1","isLinked":""},"__globals__":{"border_color":""},"_inline_size":"41","margin":{"unit":"%","top":"","right":"","bottom":"","left":"","isLinked":"1"},"_inline_size_tablet":"100","margin_tablet":{"unit":"%","top":"0","right":"0","bottom":"0","left":"6","isLinked":""},"padding_tablet":{"unit":"%","top":"","right":"","bottom":"","left":"","isLinked":"1"},"padding":{"unit":"%","top":"","right":"","bottom":"","left":"","isLinked":"1"},"border_color":"#E9E9E9"},"elements":[{"id":"52972aa8","settings":{"space":{"unit":"px","size":"280","sizes":[]},"_background_background":"classic","__globals__":{"_background_color":""},"space_tablet":{"unit":"px","size":"145","sizes":[]},"space_mobile":{"unit":"px","size":"80","sizes":[]},"_margin":{"unit":"%","top":"0","right":"0","bottom":"0","left":"30","isLinked":""},"_margin_tablet":{"unit":"%","top":"0","right":"30","bottom":"0","left":"30","isLinked":""},"_margin_mobile":{"unit":"%","top":"10","right":"0","bottom":"0","left":"60","isLinked":""},"_position":"absolute","_offset_orientation_h":"end","_offset_x":{"unit":"%","size":"","sizes":[]},"_offset_y":{"unit":"%","size":"10","sizes":[]},"_offset_y_tablet":{"unit":"%","size":"10","sizes":[]},"_background_color":"#E9E9E9"},"elements":[],"isInner":false,"widgetType":"spacer","elType":"widget"},{"id":"267dfdd8","settings":{"layout":"full_width","gap":"no","margin":{"unit":"%","top":"0","right":"0","bottom":"0","left":"0","isLinked":""},"margin_tablet":{"unit":"%","top":"-12","right":"0","bottom":"0","left":"0","isLinked":""},"padding":{"unit":"%","top":"0","right":"30","bottom":"0","left":"0","isLinked":""},"padding_tablet":{"unit":"%","top":"","right":"","bottom":"","left":"","isLinked":"1"},"margin_mobile":{"unit":"%","top":"-14","right":"0","bottom":"0","left":"0","isLinked":""},"padding_mobile":{"unit":"%","top":"0","right":"6","bottom":"0","left":"0","isLinked":""},"z_index":"1"},"elements":[{"id":"67816e75","settings":{"_column_size":"100","margin":{"unit":"%","top":"","right":"","bottom":"","left":"","isLinked":"1"}},"elements":[{"id":"7a9fb088","settings":{"title":"Hello <br>Friends!","header_size":"h1","__globals__":{"typography_typography":""},"title_color":"#141313","typography_typography":"custom","typography_font_family":"Poppins","typography_font_size":{"unit":"vw","size":"7.5","sizes":[]},"typography_font_size_tablet":{"unit":"px","size":"85","sizes":[]},"typography_font_size_mobile":{"unit":"px","size":"45","sizes":[]},"typography_font_weight":"bold","typography_text_transform":"capitalize","typography_font_style":"normal","typography_text_decoration":"underline","typography_line_height":{"unit":"em","size":"1.2","sizes":[]},"typography_line_height_tablet":{"unit":"px","size":"105","sizes":[]},"typography_line_height_mobile":{"unit":"px","size":"60","sizes":[]},"typography_letter_spacing":{"unit":"px","size":"0","sizes":[]}},"elements":[],"isInner":false,"widgetType":"heading","elType":"widget"},{"id":"636f8668","settings":{"title":"Want to get in touch?  Just fill in the form below and we\u2019ll get back to you.","header_size":"h5","__globals__":{"typography_typography":""},"title_color":"#141313","typography_typography":"custom","typography_font_family":"Poppins","typography_font_size":{"unit":"px","size":"20","sizes":[]},"typography_font_size_tablet":{"unit":"px","size":"18","sizes":[]},"typography_font_size_mobile":{"unit":"px","size":"16","sizes":[]},"typography_font_weight":"300","typography_text_transform":"none","typography_font_style":"normal","typography_text_decoration":"none","typography_line_height":{"unit":"px","size":"29","sizes":[]},"typography_line_height_tablet":{"unit":"px","size":"27","sizes":[]},"typography_line_height_mobile":{"unit":"px","size":"25","sizes":[]},"typography_letter_spacing":{"unit":"px","size":"1.08","sizes":[]}},"elements":[],"isInner":false,"widgetType":"heading","elType":"widget"},{"id":"6f8feb6","settings":{"form_name":"Contact Form","form_fields":[{"custom_id":"name","field_label":"First Name","placeholder":"First Name","width":"50","_id":"10a7f63","rows":"4","file_sizes":"","file_types":"","allow_multiple_upload":"","max_files":"","acceptance_text":"","checked_by_default":"","field_min":"","field_max":"","min_date":"","max_date":"","use_native_date":"","use_native_time":"","previous_button":"","next_button":""},{"custom_id":"field_b0f5ac3","field_label":"Last Name","placeholder":"Last Name","width":"50","_id":"b0f5ac3","rows":"4","file_sizes":"","file_types":"","allow_multiple_upload":"","max_files":"","acceptance_text":"","checked_by_default":"","field_min":"","field_max":"","min_date":"","max_date":"","use_native_date":"","use_native_time":"","previous_button":"","next_button":""},{"custom_id":"email","field_type":"email","required":"true","field_label":"Email Address","placeholder":"Email Address","_id":"96446dc","rows":"4","file_sizes":"","file_types":"","allow_multiple_upload":"","max_files":"","acceptance_text":"","checked_by_default":"","field_min":"","field_max":"","min_date":"","max_date":"","use_native_date":"","use_native_time":"","previous_button":"","next_button":""},{"custom_id":"message","field_type":"textarea","field_label":"Message","placeholder":"Write your message here\u2026","_id":"4a043d9","rows":"2","file_sizes":"","file_types":"","allow_multiple_upload":"","max_files":"","acceptance_text":"","checked_by_default":"","field_min":"","field_max":"","min_date":"","max_date":"","use_native_date":"","use_native_time":"","previous_button":"","next_button":""}],"show_labels":"","button_align":"center","step_next_label":"Next","step_previous_label":"Previous","button_text":"SUBMIT","email_content":"[all-fields]","email_content_2":"[all-fields]","success_message":"The form was sent successfully.","error_message":"An error occurred.","required_field_message":"This field is required.","invalid_message":"There's something wrong. The form is invalid.","column_gap":{"unit":"px","size":"20","sizes":[]},"row_gap":{"unit":"px","size":"19","sizes":[]},"field_background_color":"","field_border_width":{"unit":"px","top":"0","right":"0","bottom":"1","left":"0","isLinked":""},"field_border_radius":{"unit":"px","top":"0","right":"0","bottom":"0","left":"0","isLinked":"1"},"button_border_border":"solid","button_border_width":{"unit":"px","top":"1","right":"1","bottom":"1","left":"1","isLinked":"1"},"button_border_radius":{"unit":"px","top":"0","right":"0","bottom":"0","left":"0","isLinked":"1"},"button_text_padding":{"unit":"px","top":"15","right":"50","bottom":"15","left":"50","isLinked":""},"_margin":{"unit":"%","top":"","right":"","bottom":"","left":"","isLinked":"1"},"__globals__":{"field_border_color":"","button_background_color":"","button_text_color":"","button_border_color":"","button_background_hover_color":"","button_hover_color":"","success_message_color":"","error_message_color":""},"field_text_color":"#686868","field_typography_typography":"custom","field_typography_font_family":"Roboto","field_typography_font_size":{"unit":"px","size":"16","sizes":[]},"field_typography_font_size_tablet":{"unit":"px","size":"14","sizes":[]},"field_typography_font_size_mobile":{"unit":"px","size":"14","sizes":[]},"field_typography_font_weight":"400","field_typography_text_transform":"none","field_typography_font_style":"normal","field_typography_text_decoration":"none","field_typography_line_height":{"unit":"px","size":"24","sizes":[]},"field_typography_line_height_tablet":{"unit":"px","size":"21","sizes":[]},"field_typography_letter_spacing":{"unit":"px","size":"0","sizes":[]},"field_border_color":"#E9E9E9","button_typography_typography":"custom","button_typography_font_family":"Poppins","button_typography_font_size":{"unit":"px","size":"12","sizes":[]},"button_typography_font_size_mobile":{"unit":"px","size":"12","sizes":[]},"button_typography_font_weight":"400","button_typography_text_transform":"uppercase","button_typography_font_style":"normal","button_typography_text_decoration":"none","button_typography_line_height_mobile":{"unit":"px","size":"","sizes":[]},"button_typography_letter_spacing":{"unit":"px","size":"0","sizes":[]},"button_typography_letter_spacing_mobile":{"unit":"px","size":"0","sizes":[]},"button_background_color":"#FFFFFF00","button_text_color":"#141313","button_border_color":"#141313","button_background_hover_color":"#141313","button_hover_color":"#FFFFFF","message_typography_typography":"custom","message_typography_font_family":"Roboto","message_typography_font_size":{"unit":"px","size":"16","sizes":[]},"message_typography_font_size_tablet":{"unit":"px","size":"14","sizes":[]},"message_typography_font_size_mobile":{"unit":"px","size":"14","sizes":[]},"message_typography_font_weight":"400","message_typography_text_transform":"none","message_typography_font_style":"normal","message_typography_text_decoration":"none","message_typography_line_height":{"unit":"px","size":"24","sizes":[]},"message_typography_line_height_tablet":{"unit":"px","size":"21","sizes":[]},"message_typography_letter_spacing":{"unit":"px","size":"0","sizes":[]},"success_message_color":"#141313","error_message_color":"#E86B18"},"elements":[],"isInner":false,"widgetType":"form","elType":"widget"}],"isInner":"1","elType":"column"}],"isInner":"1","elType":"section"}],"isInner":"","elType":"column"}],"isInner":"","elType":"section"},{"id":"5f895a2c","settings":{"motion_fx_motion_fx_scrolling":"yes","motion_fx_scale_speed":{"unit":"px","size":"-2","sizes":[]},"motion_fx_transform_origin_x":"left","motion_fx_transform_origin_y":"top","layout":"full_width","gap":"no","height":"min-height","custom_height":{"unit":"vh","size":"20","sizes":[]},"column_position":"stretch","content_position":"middle","structure":"20","padding":{"unit":"%","top":"0","right":"3","bottom":"0","left":"0","isLinked":""},"custom_height_tablet":{"unit":"vh","size":"","sizes":[]},"border_width_tablet":{"unit":"px","top":"0","right":"1","bottom":"0","left":"0","isLinked":""},"margin_tablet":{"unit":"px","top":"","right":"0","bottom":"","left":"0","isLinked":"1"},"custom_height_mobile":{"unit":"vh","size":"","sizes":[]},"_title":"Space","margin":{"unit":"px","top":"","right":"0","bottom":"","left":"0","isLinked":"1"},"_element_id":"hero_down","_timestamp_":"v1RldrWUFIdzRDazhJUGVVMVEzdndOdz09"},"elements":[{"id":"65826a50","settings":{"_column_size":"50","__globals__":{"background_color":"globals\/colors?id=82e7690"},"_inline_size":"58.978","margin":{"unit":"%","top":"","right":"","bottom":"","left":"","isLinked":"1"},"padding":{"unit":"%","top":"","right":"","bottom":"","left":"","isLinked":"1"},"_inline_size_tablet":"100","border_width_tablet":{"unit":"px","top":"0","right":"1","bottom":"0","left":"0","isLinked":""},"padding_tablet":{"unit":"%","top":"","right":"","bottom":"","left":"","isLinked":"1"},"padding_mobile":{"unit":"%","top":"","right":"","bottom":"","left":"","isLinked":"1"},"hide_tablet":"hidden-tablet","hide_mobile":"hidden-phone"},"elements":[],"isInner":"","elType":"column"},{"id":"34e2e9bb","settings":{"_column_size":"50","border_border":"solid","border_width":{"unit":"px","top":"0","right":"1","bottom":"0","left":"1","isLinked":""},"__globals__":{"border_color":""},"_inline_size":"41","margin":{"unit":"%","top":"","right":"","bottom":"","left":"","isLinked":"1"},"_inline_size_tablet":"100","margin_tablet":{"unit":"%","top":"0","right":"0","bottom":"0","left":"6","isLinked":""},"padding_tablet":{"unit":"%","top":"0","right":"0","bottom":"20","left":"0","isLinked":""},"padding":{"unit":"%","top":"","right":"","bottom":"","left":"","isLinked":"1"},"border_color":"#E9E9E9"},"elements":[{"id":"7e4b685","settings":[],"elements":[],"isInner":false,"widgetType":"spacer","elType":"widget"}],"isInner":"","elType":"column"}],"isInner":"","elType":"section"}],"page_settings":{"background_background":"classic","background_color":"#FFFFFF"}}