{"version":"0.4","title":"15486","type":"page","content":[{"id":"2f7c66d","settings":{"motion_fx_motion_fx_scrolling":"yes","motion_fx_scale_speed":{"unit":"px","size":"-2","sizes":[]},"motion_fx_transform_origin_x":"left","motion_fx_transform_origin_y":"top","layout":"full_width","gap":"no","height":"min-height","custom_height":{"unit":"vh","size":"100","sizes":[]},"column_position":"stretch","content_position":"middle","structure":"20","padding":{"unit":"%","top":"0","right":"3","bottom":"0","left":"0","isLinked":""},"custom_height_tablet":{"unit":"vh","size":"","sizes":[]},"border_width_tablet":{"unit":"px","top":"0","right":"1","bottom":"0","left":"0","isLinked":""},"margin_tablet":{"unit":"px","top":"","right":"0","bottom":"","left":"0","isLinked":"1"},"custom_height_mobile":{"unit":"px","size":"730","sizes":[]},"_title":"Hero","_timestamp_":"v1RldrWUFIdzRDazhJUGVVMVEzdndOdz09"},"elements":[{"id":"61a28e4c","settings":{"_column_size":"50","background_background":"classic","__globals__":{"background_color":""},"_inline_size":"58.978","margin":{"unit":"%","top":"0","right":"30","bottom":"0","left":"0","isLinked":""},"padding":{"unit":"%","top":"","right":"","bottom":"","left":"","isLinked":"1"},"_inline_size_tablet":"100","margin_tablet":{"unit":"px","top":"0","right":"0","bottom":"0","left":"0","isLinked":""},"border_width_tablet":{"unit":"px","top":"0","right":"1","bottom":"0","left":"0","isLinked":""},"padding_tablet":{"unit":"%","top":"","right":"","bottom":"","left":"","isLinked":"1"},"background_color":"#E9E9E9"},"elements":[{"id":"58b69567","settings":{"image":{"id":1159,"url":"https:\/\/library.elementor.com\/wp-content\/uploads\/2020\/11\/AboutPage-Hero.jpg"},"image_size":"full","width_tablet":{"unit":"%","size":"65","sizes":[]},"width_mobile":{"unit":"%","size":"65","sizes":[]},"width":{"unit":"vw","size":"28","sizes":[]},"_animation":"fadeIn","animation_duration":"slow"},"elements":[],"isInner":false,"widgetType":"image","elType":"widget"},{"id":"ddbbeb1","settings":{"view":"stacked","shape":"square","align":"right","_margin":{"unit":"px","top":"0","right":"0","bottom":"-6","left":"0","isLinked":""},"_position":"absolute","_offset_orientation_h":"end","_offset_orientation_v":"end","size_tablet":{"unit":"px","size":"34","sizes":[]},"selected_icon":{"value":{"id":1160,"url":"https:\/\/library.elementor.com\/wp-content\/uploads\/2020\/11\/ArrowScroll-1.svg"},"library":"svg"},"__globals__":{"primary_color":"","secondary_color":"","hover_primary_color":""},"size_mobile":{"unit":"px","size":"28","sizes":[]},"primary_color":"#E86B18","secondary_color":"#FFFFFF","hover_primary_color":"#141313","link":{"url":"#hero_down","is_external":"","nofollow":"","custom_attributes":""}},"elements":[],"isInner":false,"widgetType":"icon","elType":"widget"}],"isInner":"","elType":"column"},{"id":"48e0a47e","settings":{"_column_size":"50","border_border":"solid","border_width":{"unit":"px","top":"0","right":"1","bottom":"0","left":"1","isLinked":""},"__globals__":{"border_color":""},"_inline_size":"41","margin":{"unit":"%","top":"","right":"","bottom":"","left":"","isLinked":"1"},"_inline_size_tablet":"100","margin_tablet":{"unit":"%","top":"0","right":"0","bottom":"0","left":"6","isLinked":""},"padding_tablet":{"unit":"%","top":"0","right":"6","bottom":"0","left":"0","isLinked":""},"padding":{"unit":"%","top":"0","right":"30","bottom":"0","left":"0","isLinked":""},"border_color":"#E9E9E9"},"elements":[{"id":"4c2d1864","settings":{"title":"About<br>\nUs","header_size":"h1","__globals__":{"typography_typography":""},"_margin_tablet":{"unit":"%","top":"-22","right":"0","bottom":"0","left":"0","isLinked":""},"_margin_mobile":{"unit":"%","top":"-40","right":"0","bottom":"0","left":"0","isLinked":""},"title_color":"#141313","typography_typography":"custom","typography_font_family":"Poppins","typography_font_size":{"unit":"vw","size":"7.5","sizes":[]},"typography_font_size_tablet":{"unit":"px","size":"85","sizes":[]},"typography_font_size_mobile":{"unit":"px","size":"45","sizes":[]},"typography_font_weight":"bold","typography_text_transform":"capitalize","typography_font_style":"normal","typography_text_decoration":"underline","typography_line_height":{"unit":"em","size":"1.2","sizes":[]},"typography_line_height_tablet":{"unit":"px","size":"105","sizes":[]},"typography_line_height_mobile":{"unit":"px","size":"60","sizes":[]},"typography_letter_spacing":{"unit":"px","size":"0","sizes":[]}},"elements":[],"isInner":false,"widgetType":"heading","elType":"widget"},{"id":"c0a7f17","settings":{"title":"Hi there! We're Amanda and Shawn. We've been traveling around the world together for over a decade, exploring unique destinations, cultures and adventures.","header_size":"h5","__globals__":{"typography_typography":""},"title_color":"#141313","typography_typography":"custom","typography_font_family":"Poppins","typography_font_size":{"unit":"px","size":"20","sizes":[]},"typography_font_size_tablet":{"unit":"px","size":"18","sizes":[]},"typography_font_size_mobile":{"unit":"px","size":"16","sizes":[]},"typography_font_weight":"300","typography_text_transform":"none","typography_font_style":"normal","typography_text_decoration":"none","typography_line_height":{"unit":"px","size":"29","sizes":[]},"typography_line_height_tablet":{"unit":"px","size":"27","sizes":[]},"typography_line_height_mobile":{"unit":"px","size":"25","sizes":[]},"typography_letter_spacing":{"unit":"px","size":"1.08","sizes":[]}},"elements":[],"isInner":false,"widgetType":"heading","elType":"widget"}],"isInner":"","elType":"column"}],"isInner":"","elType":"section"},{"id":"351bcc7c","settings":{"motion_fx_motion_fx_scrolling":"yes","motion_fx_scale_speed":{"unit":"px","size":"-2","sizes":[]},"motion_fx_transform_origin_x":"left","motion_fx_transform_origin_y":"top","layout":"full_width","gap":"no","custom_height":{"unit":"vh","size":"100","sizes":[]},"column_position":"stretch","structure":"20","padding":{"unit":"%","top":"0","right":"3","bottom":"0","left":"0","isLinked":""},"custom_height_tablet":{"unit":"vh","size":"80","sizes":[]},"border_width_tablet":{"unit":"px","top":"0","right":"1","bottom":"0","left":"0","isLinked":""},"margin_tablet":{"unit":"px","top":"","right":"0","bottom":"","left":"0","isLinked":"1"},"_title":"About Us","reverse_order_tablet":"reverse-tablet","reverse_order_mobile":"reverse-mobile","_element_id":"hero_down","_timestamp_":"v1RldrWUFIdzRDazhJUGVVMVEzdndOdz09"},"elements":[{"id":"5183b5c3","settings":{"_column_size":"50","__globals__":{"background_color":"globals\/colors?id=82e7690","border_color":""},"_inline_size":"58.975","margin":{"unit":"%","top":"","right":"","bottom":"","left":"","isLinked":"1"},"padding":{"unit":"%","top":"25","right":"0","bottom":"0","left":"5","isLinked":""},"_inline_size_tablet":"100","margin_tablet":{"unit":"%","top":"0","right":"0","bottom":"0","left":"6","isLinked":""},"border_width_tablet":{"unit":"px","top":"0","right":"1","bottom":"0","left":"1","isLinked":""},"padding_tablet":{"unit":"%","top":"0","right":"0","bottom":"0","left":"0","isLinked":""},"border_border":"solid","border_width":{"unit":"px","top":"0","right":"0","bottom":"0","left":"0","isLinked":""},"content_position":"bottom","background_color":"#E9E9E9","border_color":"#E9E9E9"},"elements":[{"id":"74936c61","settings":{"layout":"full_width","gap":"no","margin":{"unit":"px","top":"0","right":"0","bottom":"0","left":"0","isLinked":"1"},"padding":{"unit":"%","top":"","right":"","bottom":"","left":"","isLinked":"1"},"z_index":"1","margin_tablet":{"unit":"%","top":"-10","right":"0","bottom":"0","left":"0","isLinked":""},"margin_mobile":{"unit":"%","top":"-15","right":"0","bottom":"0","left":"0","isLinked":""}},"elements":[{"id":"3ae45ba","settings":{"_column_size":"100","margin":{"unit":"%","top":"0","right":"-41","bottom":"0","left":"41","isLinked":""},"margin_tablet":{"unit":"px","top":"0","right":"0","bottom":"0","left":"0","isLinked":""}},"elements":[{"id":"47133c65","settings":{"title":"How it all began","__globals__":{"typography_typography":""},"_margin":{"unit":"%","top":"","right":"","bottom":"","left":"","isLinked":"1"},"_padding":{"unit":"%","top":"","right":"","bottom":"","left":"","isLinked":"1"},"_margin_tablet":{"unit":"%","top":"","right":"","bottom":"","left":"","isLinked":"1"},"align":"center","title_color":"#141313","typography_typography":"custom","typography_font_family":"Poppins","typography_font_size":{"unit":"px","size":"75","sizes":[]},"typography_font_size_tablet":{"unit":"px","size":"45","sizes":[]},"typography_font_size_mobile":{"unit":"px","size":"32","sizes":[]},"typography_font_weight":"700","typography_text_transform":"none","typography_font_style":"normal","typography_text_decoration":"underline","typography_line_height":{"unit":"px","size":"105","sizes":[]},"typography_line_height_tablet":{"unit":"px","size":"60","sizes":[]},"typography_line_height_mobile":{"unit":"px","size":"42","sizes":[]},"typography_letter_spacing":{"unit":"px","size":"0","sizes":[]}},"elements":[],"isInner":false,"widgetType":"heading","elType":"widget"},{"id":"718ed575","settings":{"image":{"id":1161,"url":"https:\/\/library.elementor.com\/wp-content\/uploads\/2020\/11\/AboutPage-AboutSec-img_1.jpg"},"image_size":"full","align":"center","width_mobile":{"unit":"%","size":"95","sizes":[]},"_margin":{"unit":"%","top":"15","right":"0","bottom":"0","left":"0","isLinked":""},"align_tablet":"right","width_tablet":{"unit":"%","size":"85","sizes":[]},"_margin_tablet":{"unit":"%","top":"5","right":"0","bottom":"0","left":"0","isLinked":""}},"elements":[],"isInner":false,"widgetType":"image","elType":"widget"}],"isInner":"1","elType":"column"}],"isInner":"1","elType":"section"},{"id":"451e23f6","settings":{"space":{"unit":"px","size":"400","sizes":[]},"_background_background":"classic","__globals__":{"_background_color":""},"space_tablet":{"unit":"px","size":"145","sizes":[]},"space_mobile":{"unit":"px","size":"95","sizes":[]},"_margin":{"unit":"%","top":"-45","right":"0","bottom":"0","left":"0","isLinked":""},"_element_width":"initial","_element_custom_width":{"unit":"%","size":"70","sizes":[]},"_margin_tablet":{"unit":"px","top":"-85","right":"0","bottom":"0","left":"0","isLinked":""},"_margin_mobile":{"unit":"px","top":"-75","right":"0","bottom":"0","left":"0","isLinked":""},"_background_color":"#E9E9E9"},"elements":[],"isInner":false,"widgetType":"spacer","elType":"widget"}],"isInner":"","elType":"column"},{"id":"674ca0ae","settings":{"_column_size":"50","border_border":"solid","border_width":{"unit":"px","top":"0","right":"1","bottom":"0","left":"1","isLinked":""},"__globals__":{"border_color":""},"_inline_size":"41","margin":{"unit":"%","top":"","right":"","bottom":"","left":"","isLinked":"1"},"_inline_size_tablet":"100","margin_tablet":{"unit":"%","top":"0","right":"0","bottom":"0","left":"6","isLinked":""},"padding_tablet":{"unit":"%","top":"15","right":"0","bottom":"0","left":"53","isLinked":""},"padding":{"unit":"%","top":"25","right":"0","bottom":"0","left":"0","isLinked":""},"padding_mobile":{"unit":"%","top":"10","right":"0","bottom":"0","left":"43","isLinked":""},"border_color":"#E9E9E9"},"elements":[{"id":"6449a0d","settings":{"space":{"unit":"px","size":"280","sizes":[]},"_background_background":"classic","__globals__":{"_background_color":""},"space_tablet":{"unit":"px","size":"145","sizes":[]},"space_mobile":{"unit":"px","size":"95","sizes":[]},"_background_color":"#E9E9E9"},"elements":[],"isInner":false,"widgetType":"spacer","elType":"widget"}],"isInner":"","elType":"column"}],"isInner":"","elType":"section"},{"id":"4e6d6a6b","settings":{"motion_fx_motion_fx_scrolling":"yes","motion_fx_scale_speed":{"unit":"px","size":"-2","sizes":[]},"motion_fx_transform_origin_x":"left","motion_fx_transform_origin_y":"top","layout":"full_width","gap":"no","custom_height":{"unit":"vh","size":"100","sizes":[]},"column_position":"stretch","structure":"20","padding":{"unit":"%","top":"0","right":"3","bottom":"0","left":"0","isLinked":""},"custom_height_tablet":{"unit":"vh","size":"80","sizes":[]},"border_width_tablet":{"unit":"px","top":"0","right":"1","bottom":"0","left":"0","isLinked":""},"margin_tablet":{"unit":"px","top":"","right":"0","bottom":"","left":"0","isLinked":"1"},"_title":"About Us","_timestamp_":"v1RldrWUFIdzRDazhJUGVVMVEzdndOdz09"},"elements":[{"id":"5be32770","settings":{"_column_size":"50","__globals__":{"background_color":"globals\/colors?id=82e7690","border_color":""},"_inline_size":"58.975","margin":{"unit":"%","top":"","right":"","bottom":"","left":"","isLinked":"1"},"padding":{"unit":"%","top":"17","right":"15","bottom":"0","left":"30","isLinked":""},"_inline_size_tablet":"100","margin_tablet":{"unit":"%","top":"0","right":"0","bottom":"0","left":"6","isLinked":""},"border_width_tablet":{"unit":"px","top":"0","right":"1","bottom":"0","left":"1","isLinked":""},"padding_tablet":{"unit":"%","top":"10","right":"6","bottom":"0","left":"6","isLinked":""},"border_border":"solid","border_width":{"unit":"px","top":"0","right":"0","bottom":"0","left":"0","isLinked":""},"background_color":"#E9E9E9","border_color":"#E9E9E9"},"elements":[{"id":"438aea3e","settings":{"title":"Amanda","__globals__":{"typography_typography":""},"title_color":"#141313","typography_typography":"custom","typography_font_family":"Poppins","typography_font_size":{"unit":"px","size":"24","sizes":[]},"typography_font_size_tablet":{"unit":"px","size":"22","sizes":[]},"typography_font_size_mobile":{"unit":"px","size":"20","sizes":[]},"typography_font_weight":"700","typography_text_transform":"none","typography_font_style":"normal","typography_text_decoration":"none","typography_line_height":{"unit":"px","size":"32","sizes":[]},"typography_line_height_tablet":{"unit":"px","size":"30","sizes":[]},"typography_line_height_mobile":{"unit":"px","size":"28","sizes":[]},"typography_letter_spacing":{"unit":"px","size":"0","sizes":[]}},"elements":[],"isInner":false,"widgetType":"heading","elType":"widget"},{"id":"35370005","settings":{"editor":"<p>Lorem ipsum dolor sit amet, consectet adipiscing elit,sed do eiusmpor incididunt ut labore et dolore magna aliqua. Ut enim ad minim veniam, quis nostrud exercitation ullamco laboris nisi ut aliquip ex easint occaecat cupidatat non proident, sunt in culpa qui officia mollit natoque consequat massa quis enim.<\/p><p>Donec pede justo, fringilla vitae, eleifend acer sem neque sed Lorem Lorem ipsum dolor sit amet, consectet adipiscing elit,sed do eiusmpor incididunt ut labore et dolore magna aliqua. Ut enim ad minim veniam, quis nostrud exercitation ullamco laboris nisi ipsum. Nam quam nunc, blandit vel, ridiculus mus. Donec quam felis, ultricies nec, pellentesque eu, pretium consectetuer Lorem ipsum dolor sit amet, consectet adipiscing elit,sed do eiusm por incididunt ut labore<\/p>","text_color":"#686868","typography_typography":"custom","typography_font_family":"Roboto","typography_font_size":{"unit":"px","size":"16","sizes":[]},"typography_font_size_tablet":{"unit":"px","size":"14","sizes":[]},"typography_font_size_mobile":{"unit":"px","size":"14","sizes":[]},"typography_font_weight":"400","typography_text_transform":"none","typography_font_style":"normal","typography_text_decoration":"none","typography_line_height":{"unit":"px","size":"24","sizes":[]},"typography_line_height_tablet":{"unit":"px","size":"21","sizes":[]},"typography_letter_spacing":{"unit":"px","size":"0","sizes":[]}},"elements":[],"isInner":false,"widgetType":"text-editor","elType":"widget"},{"id":"2cb19bf0","settings":{"title":"Our travel philosophy","__globals__":{"typography_typography":""},"_margin":{"unit":"%","top":"10","right":"0","bottom":"0","left":"0","isLinked":""},"title_color":"#141313","typography_typography":"custom","typography_font_family":"Poppins","typography_font_size":{"unit":"px","size":"24","sizes":[]},"typography_font_size_tablet":{"unit":"px","size":"22","sizes":[]},"typography_font_size_mobile":{"unit":"px","size":"20","sizes":[]},"typography_font_weight":"700","typography_text_transform":"none","typography_font_style":"normal","typography_text_decoration":"none","typography_line_height":{"unit":"px","size":"32","sizes":[]},"typography_line_height_tablet":{"unit":"px","size":"30","sizes":[]},"typography_line_height_mobile":{"unit":"px","size":"28","sizes":[]},"typography_letter_spacing":{"unit":"px","size":"0","sizes":[]}},"elements":[],"isInner":false,"widgetType":"heading","elType":"widget"},{"id":"4b4ed669","settings":{"editor":"<p>Lorem Lorem ipsum dolor sit amet, consectet adipiscing\u00a0elit,sed do eiusm por incididunt ut labore et dolore magna aliqua. Ut enim ad minim veniam, quis nostrud exercitation ullamco laboris nisi ipsum. Nam quam nunc, blandit vel, ridiculus mus. Donec quam felis, ultricies nec, pellentesque eu, pretium consectetuer luculvinar, ids lorem. Maecenas nec odio et ante tincidunt tempus. Donec vitae sapien ut libero venenatis tincidunt. Duis leo. Sed fringilla mauris sit amet nibh. labore et dolore magna aliqua. Ut enim ad minim veniam, quis nostrud exercitation ullamco laboris nisi ipsumam quam nunc blandit vel.<\/p>","text_color":"#686868","typography_typography":"custom","typography_font_family":"Roboto","typography_font_size":{"unit":"px","size":"16","sizes":[]},"typography_font_size_tablet":{"unit":"px","size":"14","sizes":[]},"typography_font_size_mobile":{"unit":"px","size":"14","sizes":[]},"typography_font_weight":"400","typography_text_transform":"none","typography_font_style":"normal","typography_text_decoration":"none","typography_line_height":{"unit":"px","size":"24","sizes":[]},"typography_line_height_tablet":{"unit":"px","size":"21","sizes":[]},"typography_letter_spacing":{"unit":"px","size":"0","sizes":[]}},"elements":[],"isInner":false,"widgetType":"text-editor","elType":"widget"}],"isInner":"","elType":"column"},{"id":"38ec36","settings":{"_column_size":"50","border_border":"solid","border_width":{"unit":"px","top":"0","right":"1","bottom":"0","left":"1","isLinked":""},"__globals__":{"border_color":""},"_inline_size":"41","margin":{"unit":"%","top":"","right":"","bottom":"","left":"","isLinked":"1"},"_inline_size_tablet":"100","margin_tablet":{"unit":"%","top":"0","right":"0","bottom":"0","left":"6","isLinked":""},"padding_tablet":{"unit":"%","top":"10","right":"6","bottom":"0","left":"6","isLinked":""},"padding":{"unit":"%","top":"25","right":"14","bottom":"0","left":"0","isLinked":""},"padding_mobile":{"unit":"%","top":"18","right":"6","bottom":"0","left":"6","isLinked":""},"border_color":"#E9E9E9"},"elements":[{"id":"b0d00ed","settings":{"title":"Shawn","__globals__":{"typography_typography":""},"title_color":"#141313","typography_typography":"custom","typography_font_family":"Poppins","typography_font_size":{"unit":"px","size":"24","sizes":[]},"typography_font_size_tablet":{"unit":"px","size":"22","sizes":[]},"typography_font_size_mobile":{"unit":"px","size":"20","sizes":[]},"typography_font_weight":"700","typography_text_transform":"none","typography_font_style":"normal","typography_text_decoration":"none","typography_line_height":{"unit":"px","size":"32","sizes":[]},"typography_line_height_tablet":{"unit":"px","size":"30","sizes":[]},"typography_line_height_mobile":{"unit":"px","size":"28","sizes":[]},"typography_letter_spacing":{"unit":"px","size":"0","sizes":[]}},"elements":[],"isInner":false,"widgetType":"heading","elType":"widget"},{"id":"6737ae28","settings":{"editor":"<p>Lorem ipsum dolor sit amet, consectet adipiscing elit,sed do eiusmpor incididunt ut labore et dolore magna aliqua. Ut enim ad minim veniam, quis nostrud exercitation ullamco laboris nisi ut aliquip ex easint occaecat cupidatat non proident, sunt in culpa qui officia mollit natoque consequat massa quis enim.<\/p><p>Donec pede justo, fringilla vitae, eleifend acer sem neque sed Lorem Lorem ipsum dolor sit amet, consectet adipiscing elit,sed do eiusmpor incididunt ut labore et dolore magna aliqua. Ut enim ad minim veniam, quis nostrud exercitation ullamco laboris nisi ipsum. Nam quam nunc, blandit vel, ridiculus mus. Donec quam felis, ultricies nec, pellentesque eu, pretium consectetuer Lorem ipsum dolor sit amet, consectet adipiscing elit,sed do eiusm por incididunt ut labore<\/p>","text_color":"#686868","typography_typography":"custom","typography_font_family":"Roboto","typography_font_size":{"unit":"px","size":"16","sizes":[]},"typography_font_size_tablet":{"unit":"px","size":"14","sizes":[]},"typography_font_size_mobile":{"unit":"px","size":"14","sizes":[]},"typography_font_weight":"400","typography_text_transform":"none","typography_font_style":"normal","typography_text_decoration":"none","typography_line_height":{"unit":"px","size":"24","sizes":[]},"typography_line_height_tablet":{"unit":"px","size":"21","sizes":[]},"typography_letter_spacing":{"unit":"px","size":"0","sizes":[]}},"elements":[],"isInner":false,"widgetType":"text-editor","elType":"widget"},{"id":"3005f128","settings":{"editor":"<p>Lorem Lorem ipsum dolor sit amet, consectet adipiscing\u00a0elit,sed do eiusm por incididunt ut labore et dolore magna aliqua. Ut enim ad minim veniam, quis nostrud exercitation ullamco laboris nisi ipsum. Nam quam nunc, blandit vel, ridiculus mus. Donec quam felis, ultricies nec, pellentesque eu, pretium consectetuer luculvinar, ids lorem. Maecenas nec odio et ante tincidunt tempus. Donec vitae sapien ut libero venenatis tincidunt. Duis leo. Sed fringilla mauris sit amet nibh. labore et dolore magna aliqua. Ut enim ad minim veniam, quis nostrud exercitation ullamco laboris nisi ipsumam quam nunc blandit vel.<\/p>","_margin":{"unit":"%","top":"18","right":"0","bottom":"0","left":"0","isLinked":""},"_margin_tablet":{"unit":"px","top":"0","right":"0","bottom":"0","left":"0","isLinked":""},"text_color":"#686868","typography_typography":"custom","typography_font_family":"Roboto","typography_font_size":{"unit":"px","size":"16","sizes":[]},"typography_font_size_tablet":{"unit":"px","size":"14","sizes":[]},"typography_font_size_mobile":{"unit":"px","size":"14","sizes":[]},"typography_font_weight":"400","typography_text_transform":"none","typography_font_style":"normal","typography_text_decoration":"none","typography_line_height":{"unit":"px","size":"24","sizes":[]},"typography_line_height_tablet":{"unit":"px","size":"21","sizes":[]},"typography_letter_spacing":{"unit":"px","size":"0","sizes":[]}},"elements":[],"isInner":false,"widgetType":"text-editor","elType":"widget"}],"isInner":"","elType":"column"}],"isInner":"","elType":"section"},{"id":"7f5851eb","settings":{"motion_fx_motion_fx_scrolling":"yes","motion_fx_scale_speed":{"unit":"px","size":"-2","sizes":[]},"motion_fx_transform_origin_x":"left","motion_fx_transform_origin_y":"top","layout":"full_width","gap":"no","custom_height":{"unit":"vh","size":"100","sizes":[]},"column_position":"stretch","structure":"20","padding":{"unit":"%","top":"0","right":"3","bottom":"0","left":"0","isLinked":""},"custom_height_tablet":{"unit":"vh","size":"80","sizes":[]},"border_width_tablet":{"unit":"px","top":"0","right":"1","bottom":"0","left":"0","isLinked":""},"margin_tablet":{"unit":"px","top":"","right":"0","bottom":"","left":"0","isLinked":"1"},"_title":"Quotation","_timestamp_":"v1RldrWUFIdzRDazhJUGVVMVEzdndOdz09"},"elements":[{"id":"4ba21c59","settings":{"_column_size":"50","__globals__":{"background_color":"globals\/colors?id=82e7690","border_color":""},"_inline_size":"58.975","margin":{"unit":"%","top":"","right":"","bottom":"","left":"","isLinked":"1"},"padding":{"unit":"%","top":"","right":"","bottom":"","left":"","isLinked":"1"},"_inline_size_tablet":"100","margin_tablet":{"unit":"%","top":"0","right":"0","bottom":"0","left":"6","isLinked":""},"border_width_tablet":{"unit":"px","top":"0","right":"1","bottom":"0","left":"1","isLinked":""},"padding_tablet":{"unit":"%","top":"0","right":"6","bottom":"0","left":"6","isLinked":""},"border_border":"solid","border_width":{"unit":"px","top":"0","right":"0","bottom":"0","left":"0","isLinked":""},"background_color":"#E9E9E9","border_color":"#E9E9E9"},"elements":[],"isInner":"","elType":"column"},{"id":"774f7f84","settings":{"_column_size":"50","border_border":"solid","border_width":{"unit":"px","top":"0","right":"1","bottom":"0","left":"1","isLinked":""},"__globals__":{"border_color":""},"_inline_size":"41","margin":{"unit":"%","top":"","right":"","bottom":"","left":"","isLinked":"1"},"_inline_size_tablet":"100","margin_tablet":{"unit":"%","top":"0","right":"0","bottom":"0","left":"6","isLinked":""},"padding_tablet":{"unit":"%","top":"15","right":"6","bottom":"0","left":"12","isLinked":""},"padding":{"unit":"%","top":"25","right":"0","bottom":"0","left":"0","isLinked":""},"padding_mobile":{"unit":"%","top":"18","right":"6","bottom":"0","left":"12","isLinked":""},"border_color":"#E9E9E9"},"elements":[{"id":"11dc1df0","settings":{"selected_icon":{"value":{"id":1162,"url":"https:\/\/library.elementor.com\/wp-content\/uploads\/2020\/11\/Quotation.svg"},"library":"svg"},"primary_color":"#E9E9E9","size":{"unit":"px","size":"126","sizes":[]},"_margin":{"unit":"%","top":"-20","right":"0","bottom":"0","left":"-200","isLinked":""},"_margin_tablet":{"unit":"%","top":"-9","right":"0","bottom":"0","left":"0","isLinked":""},"_margin_mobile":{"unit":"%","top":"-20","right":"0","bottom":"0","left":"0","isLinked":""},"_element_width":"initial","_element_width_tablet":"initial","_element_custom_width":{"unit":"vw","size":"13","sizes":[]},"_element_custom_width_tablet":{"unit":"%","size":"90","sizes":[]},"_position":"absolute","_offset_x_tablet":{"unit":"%","size":"","sizes":[]},"__globals__":{"primary_color":""}},"elements":[],"isInner":false,"widgetType":"icon","elType":"widget"},{"id":"4410ea37","settings":{"blockquote_skin":"clean","alignment":"center","blockquote_content":"We don\u2019t know where we'll be in a week or in a month. \u2028We do what we want for as long as we want, always trying out new experiences.","author_name":"\u2014 Amanda &amp; Shawn \u2014","tweet_button":"","tweet_button_label":"Tweet","content_gap":{"unit":"px","size":"40","sizes":[]},"quote_size":{"unit":"px","size":"0","sizes":[]},"__globals__":{"content_text_color":"","content_typography_typography":"","author_text_color":"","author_typography_typography":"","_background_color":""},"content_text_color":"#141313","content_typography_typography":"custom","content_typography_font_family":"Poppins","content_typography_font_size":{"unit":"px","size":"24","sizes":[]},"content_typography_font_size_tablet":{"unit":"px","size":"22","sizes":[]},"content_typography_font_weight":"700","content_typography_text_transform":"none","content_typography_font_style":"normal","content_typography_text_decoration":"none","content_typography_line_height":{"unit":"px","size":"32","sizes":[]},"content_typography_line_height_tablet":{"unit":"px","size":"30","sizes":[]},"content_typography_letter_spacing":{"unit":"px","size":"0","sizes":[]},"author_text_color":"#E86B18","author_typography_typography":"custom","author_typography_font_family":"Poppins","author_typography_font_size":{"unit":"px","size":"20","sizes":[]},"author_typography_font_size_tablet":{"unit":"px","size":"18","sizes":[]},"author_typography_font_size_mobile":{"unit":"px","size":"16","sizes":[]},"author_typography_font_weight":"300","author_typography_text_transform":"none","author_typography_font_style":"normal","author_typography_text_decoration":"none","author_typography_line_height":{"unit":"px","size":"29","sizes":[]},"author_typography_line_height_tablet":{"unit":"px","size":"27","sizes":[]},"author_typography_line_height_mobile":{"unit":"px","size":"25","sizes":[]},"author_typography_letter_spacing":{"unit":"px","size":"1.08","sizes":[]},"_margin":{"unit":"%","top":"0","right":"0","bottom":"0","left":"-200","isLinked":""},"_margin_tablet":{"unit":"px","top":"0","right":"0","bottom":"0","left":"0","isLinked":""},"_background_position":"top center","_background_repeat":"no-repeat","_element_width":"initial","_element_width_tablet":"initial","_element_custom_width":{"unit":"vw","size":"13","sizes":[]},"_element_custom_width_tablet":{"unit":"%","size":"90","sizes":[]},"content_typography_font_size_mobile":{"unit":"px","size":"20","sizes":[]},"content_typography_line_height_mobile":{"unit":"px","size":"28","sizes":[]},"_z_index":"1"},"elements":[],"isInner":false,"widgetType":"blockquote","elType":"widget"}],"isInner":"","elType":"column"}],"isInner":"","elType":"section"},{"id":"5a0a8cdd","settings":{"motion_fx_motion_fx_scrolling":"yes","motion_fx_scale_speed":{"unit":"px","size":"-2","sizes":[]},"motion_fx_transform_origin_x":"left","motion_fx_transform_origin_y":"top","layout":"full_width","gap":"no","custom_height":{"unit":"vh","size":"100","sizes":[]},"column_position":"stretch","structure":"20","padding":{"unit":"%","top":"0","right":"3","bottom":"0","left":"0","isLinked":""},"custom_height_tablet":{"unit":"vh","size":"80","sizes":[]},"border_width_tablet":{"unit":"px","top":"0","right":"1","bottom":"0","left":"0","isLinked":""},"margin_tablet":{"unit":"px","top":"","right":"0","bottom":"","left":"0","isLinked":"1"},"_title":"Photos","_timestamp_":"v1RldrWUFIdzRDazhJUGVVMVEzdndOdz09"},"elements":[{"id":"37fd7ce1","settings":{"_column_size":"50","__globals__":{"background_color":"globals\/colors?id=82e7690","border_color":""},"_inline_size":"58.975","margin":{"unit":"%","top":"","right":"","bottom":"","left":"","isLinked":"1"},"padding":{"unit":"%","top":"","right":"","bottom":"","left":"","isLinked":"1"},"_inline_size_tablet":"100","margin_tablet":{"unit":"%","top":"0","right":"0","bottom":"0","left":"6","isLinked":""},"border_width_tablet":{"unit":"px","top":"0","right":"1","bottom":"0","left":"1","isLinked":""},"padding_tablet":{"unit":"%","top":"0","right":"6","bottom":"0","left":"6","isLinked":""},"border_border":"solid","border_width":{"unit":"px","top":"0","right":"0","bottom":"0","left":"0","isLinked":""},"background_color":"#E9E9E9","border_color":"#E9E9E9"},"elements":[],"isInner":"","elType":"column"},{"id":"312c1568","settings":{"_column_size":"50","border_border":"solid","border_width":{"unit":"px","top":"0","right":"1","bottom":"0","left":"1","isLinked":""},"__globals__":{"border_color":""},"_inline_size":"41","margin":{"unit":"%","top":"","right":"","bottom":"","left":"","isLinked":"1"},"_inline_size_tablet":"100","margin_tablet":{"unit":"%","top":"0","right":"0","bottom":"0","left":"6","isLinked":""},"padding_tablet":{"unit":"%","top":"15","right":"6","bottom":"25","left":"6","isLinked":""},"padding":{"unit":"%","top":"25","right":"25","bottom":"25","left":"0","isLinked":""},"padding_mobile":{"unit":"%","top":"18","right":"6","bottom":"35","left":"6","isLinked":""},"border_color":"#E9E9E9"},"elements":[{"id":"64f267f0","settings":{"gallery":[{"id":1163,"url":"https:\/\/library.elementor.com\/wp-content\/uploads\/2020\/11\/AboutPage-AboutSec-img_2.jpg"},{"id":1164,"url":"https:\/\/library.elementor.com\/wp-content\/uploads\/2020\/11\/AboutPage-AboutSec-img_3.jpg"}],"galleries":[{"gallery_title":"New Gallery","_id":"af32685"}],"columns":"2","link_to":"","thumbnail_image_size":"full","show_all_galleries_label":"All","overlay_background":"","_margin":{"unit":"%","top":"0","right":"0","bottom":"0","left":"-141","isLinked":""},"_margin_tablet":{"unit":"px","top":"0","right":"0","bottom":"0","left":"0","isLinked":""}},"elements":[],"isInner":false,"widgetType":"gallery","elType":"widget"}],"isInner":"","elType":"column"}],"isInner":"","elType":"section"}],"page_settings":{"background_background":"classic","background_color":"#FFFFFF"}}