{"version":"0.4","title":"15498","type":"page","content":[{"id":"7826abef","settings":{"motion_fx_motion_fx_scrolling":"yes","motion_fx_scale_speed":{"unit":"px","size":"-2","sizes":[]},"motion_fx_transform_origin_x":"left","motion_fx_transform_origin_y":"top","layout":"full_width","gap":"no","height":"min-height","custom_height":{"unit":"vh","size":"100","sizes":[]},"column_position":"stretch","content_position":"middle","structure":"20","padding":{"unit":"%","top":"0","right":"3","bottom":"0","left":"0","isLinked":""},"custom_height_tablet":{"unit":"vh","size":"","sizes":[]},"border_width_tablet":{"unit":"px","top":"0","right":"1","bottom":"0","left":"0","isLinked":""},"margin_tablet":{"unit":"px","top":"","right":"0","bottom":"","left":"0","isLinked":"1"},"custom_height_mobile":{"unit":"vh","size":"78","sizes":[]},"_title":"Content","margin":{"unit":"px","top":"","right":"0","bottom":"","left":"0","isLinked":"1"},"_timestamp_":"v1RldrWUFIdzRDazhJUGVVMVEzdndOdz09"},"elements":[{"id":"6d13de98","settings":{"_column_size":"50","background_background":"classic","__globals__":{"background_color":""},"_inline_size":"58.978","margin":{"unit":"%","top":"0","right":"30","bottom":"0","left":"0","isLinked":""},"padding":{"unit":"%","top":"","right":"","bottom":"","left":"","isLinked":"1"},"_inline_size_tablet":"100","margin_tablet":{"unit":"px","top":"0","right":"0","bottom":"0","left":"0","isLinked":""},"border_width_tablet":{"unit":"px","top":"0","right":"1","bottom":"0","left":"0","isLinked":""},"padding_tablet":{"unit":"%","top":"","right":"","bottom":"","left":"","isLinked":"1"},"padding_mobile":{"unit":"%","top":"20","right":"0","bottom":"0","left":"0","isLinked":""},"background_color":"#E9E9E9"},"elements":[{"id":"1a25331b","settings":{"image":{"id":1178,"url":"https:\/\/library.elementor.com\/wp-content\/uploads\/2020\/11\/404Page-Hero-1.jpg"},"image_size":"full","width_tablet":{"unit":"%","size":"65","sizes":[]},"width_mobile":{"unit":"%","size":"65","sizes":[]},"width":{"unit":"vw","size":"28","sizes":[]},"_margin_mobile":{"unit":"%","top":"3","right":"0","bottom":"22","left":"0","isLinked":""},"_animation":"fadeIn","animation_duration":"slow"},"elements":[],"isInner":false,"widgetType":"image","elType":"widget"},{"id":"536af6b1","settings":{"view":"stacked","shape":"square","align":"right","_margin":{"unit":"px","top":"0","right":"0","bottom":"-6","left":"0","isLinked":""},"_position":"absolute","_offset_orientation_h":"end","_offset_orientation_v":"end","size_tablet":{"unit":"px","size":"34","sizes":[]},"selected_icon":{"value":{"id":"1160","url":"https:\/\/library.elementor.com\/wp-content\/uploads\/2020\/11\/ArrowScroll-1.svg"},"library":"svg"},"__globals__":{"primary_color":"","secondary_color":"","hover_primary_color":""},"size_mobile":{"unit":"px","size":"28","sizes":[]},"primary_color":"#E86B18","secondary_color":"#FFFFFF","hover_primary_color":"#141313","link":{"url":"#hero_down","is_external":"","nofollow":"","custom_attributes":""}},"elements":[],"isInner":false,"widgetType":"icon","elType":"widget"}],"isInner":"","elType":"column"},{"id":"418fbd6b","settings":{"_column_size":"50","border_border":"solid","border_width":{"unit":"px","top":"0","right":"1","bottom":"0","left":"1","isLinked":""},"__globals__":{"border_color":""},"_inline_size":"41","margin":{"unit":"%","top":"","right":"","bottom":"","left":"","isLinked":"1"},"_inline_size_tablet":"100","margin_tablet":{"unit":"%","top":"0","right":"0","bottom":"0","left":"6","isLinked":""},"padding_tablet":{"unit":"%","top":"","right":"","bottom":"","left":"","isLinked":"1"},"padding":{"unit":"%","top":"","right":"","bottom":"","left":"","isLinked":"1"},"border_color":"#E9E9E9"},"elements":[{"id":"103a3d73","settings":{"space":{"unit":"px","size":"280","sizes":[]},"_background_background":"classic","__globals__":{"_background_color":""},"space_tablet":{"unit":"px","size":"145","sizes":[]},"space_mobile":{"unit":"px","size":"80","sizes":[]},"_margin":{"unit":"%","top":"0","right":"0","bottom":"0","left":"30","isLinked":""},"_margin_tablet":{"unit":"%","top":"0","right":"30","bottom":"0","left":"30","isLinked":""},"_margin_mobile":{"unit":"%","top":"15","right":"0","bottom":"0","left":"55","isLinked":""},"_position":"absolute","_offset_orientation_h":"end","_offset_x":{"unit":"%","size":"","sizes":[]},"_offset_y":{"unit":"%","size":"25","sizes":[]},"_offset_y_tablet":{"unit":"%","size":"10","sizes":[]},"_background_color":"#E9E9E9"},"elements":[],"isInner":false,"widgetType":"spacer","elType":"widget"},{"id":"148e075c","settings":{"layout":"full_width","gap":"no","margin":{"unit":"%","top":"0","right":"0","bottom":"0","left":"0","isLinked":""},"margin_tablet":{"unit":"%","top":"-32","right":"0","bottom":"0","left":"0","isLinked":""},"padding":{"unit":"%","top":"","right":"","bottom":"","left":"","isLinked":"1"},"padding_tablet":{"unit":"%","top":"","right":"","bottom":"","left":"","isLinked":"1"},"margin_mobile":{"unit":"%","top":"-22","right":"0","bottom":"0","left":"0","isLinked":""},"padding_mobile":{"unit":"%","top":"0","right":"6","bottom":"0","left":"0","isLinked":""},"z_index":"1"},"elements":[{"id":"2434ee9f","settings":{"_column_size":"100","margin":{"unit":"%","top":"","right":"","bottom":"","left":"","isLinked":"1"}},"elements":[{"id":"371d8820","settings":{"title":"404","header_size":"h3","__globals__":{"typography_typography":""},"title_color":"#141313","typography_typography":"custom","typography_font_family":"Poppins","typography_font_size":{"unit":"px","size":"28","sizes":[]},"typography_font_size_tablet":{"unit":"px","size":"22","sizes":[]},"typography_font_weight":"500","typography_text_transform":"none","typography_font_style":"normal","typography_text_decoration":"none","typography_line_height":{"unit":"px","size":"36","sizes":[]},"typography_line_height_tablet":{"unit":"px","size":"30","sizes":[]},"typography_letter_spacing":{"unit":"px","size":"0.51","sizes":[]}},"elements":[],"isInner":false,"widgetType":"heading","elType":"widget"},{"id":"57ffe6f6","settings":{"title":"Page Not<br>\nFound","header_size":"h1","__globals__":{"typography_typography":""},"_margin_mobile":{"unit":"px","top":"-25","right":"0","bottom":"0","left":"0","isLinked":""},"title_color":"#141313","typography_typography":"custom","typography_font_family":"Poppins","typography_font_size":{"unit":"vw","size":"7.5","sizes":[]},"typography_font_size_tablet":{"unit":"px","size":"85","sizes":[]},"typography_font_size_mobile":{"unit":"px","size":"45","sizes":[]},"typography_font_weight":"bold","typography_text_transform":"capitalize","typography_font_style":"normal","typography_text_decoration":"underline","typography_line_height":{"unit":"em","size":"1.2","sizes":[]},"typography_line_height_tablet":{"unit":"px","size":"105","sizes":[]},"typography_line_height_mobile":{"unit":"px","size":"60","sizes":[]},"typography_letter_spacing":{"unit":"px","size":"0","sizes":[]}},"elements":[],"isInner":false,"widgetType":"heading","elType":"widget"},{"id":"67059c1f","settings":{"title":"Looks like you've gotten lost","header_size":"h5","__globals__":{"typography_typography":""},"title_color":"#141313","typography_typography":"custom","typography_font_family":"Poppins","typography_font_size":{"unit":"px","size":"20","sizes":[]},"typography_font_size_tablet":{"unit":"px","size":"18","sizes":[]},"typography_font_size_mobile":{"unit":"px","size":"16","sizes":[]},"typography_font_weight":"300","typography_text_transform":"none","typography_font_style":"normal","typography_text_decoration":"none","typography_line_height":{"unit":"px","size":"29","sizes":[]},"typography_line_height_tablet":{"unit":"px","size":"27","sizes":[]},"typography_line_height_mobile":{"unit":"px","size":"25","sizes":[]},"typography_letter_spacing":{"unit":"px","size":"1.08","sizes":[]}},"elements":[],"isInner":false,"widgetType":"heading","elType":"widget"},{"id":"5508d9cb","settings":{"text":"back home","border_border":"solid","border_width":{"unit":"px","top":"1","right":"1","bottom":"1","left":"1","isLinked":"1"},"border_radius":{"unit":"px","top":"0","right":"0","bottom":"0","left":"0","isLinked":"1"},"text_padding":{"unit":"px","top":"16","right":"50","bottom":"16","left":"50","isLinked":""},"_margin":{"unit":"%","top":"","right":"","bottom":"","left":"","isLinked":"1"},"__globals__":{"button_text_color":"","background_color":"","border_color":"","hover_color":"","button_background_hover_color":""},"text_padding_mobile":{"unit":"px","top":"15","right":"35","bottom":"15","left":"35","isLinked":""},"typography_typography":"custom","typography_font_family":"Poppins","typography_font_size":{"unit":"px","size":"12","sizes":[]},"typography_font_size_mobile":{"unit":"px","size":"12","sizes":[]},"typography_font_weight":"400","typography_text_transform":"uppercase","typography_font_style":"normal","typography_text_decoration":"none","typography_line_height_mobile":{"unit":"px","size":"","sizes":[]},"typography_letter_spacing":{"unit":"px","size":"0","sizes":[]},"typography_letter_spacing_mobile":{"unit":"px","size":"0","sizes":[]},"button_text_color":"#141313","background_color":"#FFFFFF00","hover_color":"#FFFFFF","button_background_hover_color":"#141313","border_color":"#141313","__dynamic__":{"link":"[elementor-tag id=\"e842bea\" name=\"site-url\" settings=\"%7B%7D\"]"}},"elements":[],"isInner":false,"widgetType":"button","elType":"widget"}],"isInner":"1","elType":"column"}],"isInner":"1","elType":"section"}],"isInner":false,"elType":"column"}],"isInner":"","elType":"section"},{"id":"47491ea3","settings":{"motion_fx_motion_fx_scrolling":"yes","motion_fx_scale_speed":{"unit":"px","size":"-2","sizes":[]},"motion_fx_transform_origin_x":"left","motion_fx_transform_origin_y":"top","layout":"full_width","gap":"no","height":"min-height","custom_height":{"unit":"vh","size":"20","sizes":[]},"column_position":"stretch","content_position":"middle","structure":"20","padding":{"unit":"%","top":"0","right":"3","bottom":"0","left":"0","isLinked":""},"custom_height_tablet":{"unit":"vh","size":"","sizes":[]},"border_width_tablet":{"unit":"px","top":"0","right":"1","bottom":"0","left":"0","isLinked":""},"margin_tablet":{"unit":"px","top":"","right":"0","bottom":"","left":"0","isLinked":"1"},"custom_height_mobile":{"unit":"vh","size":"","sizes":[]},"_title":"Space","margin":{"unit":"px","top":"","right":"0","bottom":"","left":"0","isLinked":"1"},"_element_id":"hero_down","_timestamp_":"v1RldrWUFIdzRDazhJUGVVMVEzdndOdz09"},"elements":[{"id":"4f04d1a5","settings":{"_column_size":"50","__globals__":{"background_color":"globals\/colors?id=82e7690"},"_inline_size":"58.978","margin":{"unit":"%","top":"","right":"","bottom":"","left":"","isLinked":"1"},"padding":{"unit":"%","top":"","right":"","bottom":"","left":"","isLinked":"1"},"_inline_size_tablet":"100","border_width_tablet":{"unit":"px","top":"0","right":"1","bottom":"0","left":"0","isLinked":""},"padding_tablet":{"unit":"%","top":"","right":"","bottom":"","left":"","isLinked":"1"},"padding_mobile":{"unit":"%","top":"","right":"","bottom":"","left":"","isLinked":"1"},"hide_tablet":"hidden-tablet","hide_mobile":"hidden-phone"},"elements":[],"isInner":"","elType":"column"},{"id":"16424980","settings":{"_column_size":"50","border_border":"solid","border_width":{"unit":"px","top":"0","right":"1","bottom":"0","left":"1","isLinked":""},"__globals__":{"border_color":""},"_inline_size":"41","margin":{"unit":"%","top":"","right":"","bottom":"","left":"","isLinked":"1"},"_inline_size_tablet":"100","margin_tablet":{"unit":"%","top":"0","right":"0","bottom":"0","left":"6","isLinked":""},"padding_tablet":{"unit":"%","top":"0","right":"0","bottom":"20","left":"0","isLinked":""},"padding":{"unit":"%","top":"","right":"","bottom":"","left":"","isLinked":"1"},"border_color":"#E9E9E9"},"elements":[{"id":"658c553b","settings":[],"elements":[],"isInner":false,"widgetType":"spacer","elType":"widget"}],"isInner":"","elType":"column"}],"isInner":"","elType":"section"}],"page_settings":{"background_background":"classic","background_color":"#FFFFFF","page_template":"elementor_header_footer"}}