{"version":"0.4","title":"15508","type":"page","content":[{"id":"19aea462","settings":{"height":"min-height","custom_height":{"unit":"px","size":"80","sizes":[]},"margin":{"unit":"px","top":"0","right":"0","bottom":"-80","left":"0","isLinked":""},"z_index":"9999","gap":"no","content_position":"middle","padding_tablet":{"unit":"%","top":"","right":"","bottom":"","left":"","isLinked":"1"},"_title":"Header","__globals__":{"background_color":""},"layout":"full_width","padding":{"unit":"%","top":"0","right":"3","bottom":"0","left":"3","isLinked":""},"structure":"20","_timestamp_":"v1RldrWUFIdzRDazhJUGVVMVEzdndOdz09"},"elements":[{"id":"768bcfd2","settings":{"_column_size":"50","_inline_size_mobile":"20"},"elements":[{"id":"1f329d05","settings":{"image":{"id":1194,"url":"https:\/\/library.elementor.com\/wp-content\/uploads\/2020\/11\/A-Logo-19102020.svg"},"image_size":"full","align":"left","link_to":"custom","width_mobile":{"unit":"%","size":"50","sizes":[]},"_element_width":"auto","__dynamic__":{"link":"[elementor-tag id=\"aadf38b\" name=\"site-url\" settings=\"%7B%7D\"]"}},"elements":[],"isInner":false,"widgetType":"image","elType":"widget"}],"isInner":"","elType":"column"},{"id":"7e0f2498","settings":{"_column_size":"50","_inline_size_mobile":"80","align":"flex-end"},"elements":[{"id":"7fc9d6f5","settings":{"selected_icon":{"value":{"id":1195,"url":"https:\/\/library.elementor.com\/wp-content\/uploads\/2020\/11\/Menu.svg"},"library":"svg"},"align":"","hover_animation":"wobble-skew","size":{"unit":"px","size":"45","sizes":[]},"_margin":{"unit":"px","top":"0","right":"0","bottom":"-7","left":"30","isLinked":""},"_element_width":"auto","__dynamic__":{"link":"[elementor-tag id=\"0c270fa\" name=\"popup\" settings=\"%7B%22popup%22%3A%22174%22%7D\"]"},"__globals__":{"primary_color":""},"size_mobile":{"unit":"px","size":"37","sizes":[]},"primary_color":"#141313","_margin_mobile":{"unit":"px","top":"0","right":"0","bottom":"-7","left":"15","isLinked":""}},"elements":[],"isInner":false,"widgetType":"icon","elType":"widget"}],"isInner":"","elType":"column"}],"isInner":"","elType":"section"},{"id":"3e78dab","settings":{"motion_fx_motion_fx_scrolling":"yes","motion_fx_scale_speed":{"unit":"px","size":"-2","sizes":[]},"motion_fx_transform_origin_x":"left","motion_fx_transform_origin_y":"top","layout":"full_width","gap":"no","height":"min-height","custom_height":{"unit":"vh","size":"100","sizes":[]},"column_position":"stretch","content_position":"middle","structure":"20","padding":{"unit":"%","top":"0","right":"3","bottom":"0","left":"0","isLinked":""},"custom_height_tablet":{"unit":"vh","size":"0","sizes":[]},"border_width_tablet":{"unit":"px","top":"0","right":"1","bottom":"0","left":"0","isLinked":""},"margin_tablet":{"unit":"px","top":"","right":"0","bottom":"","left":"0","isLinked":"1"},"custom_height_mobile":{"unit":"vh","size":"0","sizes":[]},"_title":"Hero","_timestamp_":"v1RldrWUFIdzRDazhJUGVVMVEzdndOdz09"},"elements":[{"id":"3b1c29ce","settings":{"_column_size":"50","__globals__":{"background_color":"globals\/colors?id=82e7690","border_color":""},"_inline_size":"58.978","margin":{"unit":"%","top":"","right":"","bottom":"","left":"","isLinked":"1"},"padding":{"unit":"%","top":"","right":"","bottom":"","left":"","isLinked":"1"},"_inline_size_tablet":"100","border_width_tablet":{"unit":"px","top":"0","right":"1","bottom":"0","left":"0","isLinked":""},"padding_tablet":{"unit":"px","top":"80","right":"0","bottom":"0","left":"0","isLinked":""},"space_between_widgets":"0","border_border":"solid","border_width":{"unit":"px","top":"0","right":"0","bottom":"0","left":"0","isLinked":""},"background_color":"#E9E9E9","border_color":"#E9E9E9"},"elements":[{"id":"31c9c41b","settings":{"image":{"id":1199,"url":"https:\/\/library.elementor.com\/wp-content\/uploads\/2020\/11\/Stories-Archive-Hero.jpg"},"image_size":"full","align":"left","width":{"unit":"vw","size":"37","sizes":[]},"width_tablet":{"unit":"%","size":"90","sizes":[]},"_margin_mobile":{"unit":"%","top":"","right":"","bottom":"","left":"","isLinked":"1"},"_z_index":"1","_element_custom_width":{"unit":"vw","size":"40","sizes":[]}},"elements":[],"isInner":false,"widgetType":"image","elType":"widget"},{"id":"76b78cab","settings":{"space":{"unit":"px","size":"230","sizes":[]},"_margin":{"unit":"px","top":"-290","right":"0","bottom":"0","left":"0","isLinked":""},"_background_background":"classic","_element_width":"initial","_element_custom_width":{"unit":"vw","size":"41","sizes":[]},"__globals__":{"_background_color":""},"_element_width_tablet":"initial","_element_custom_width_tablet":{"unit":"%","size":"97","sizes":[]},"motion_fx_translateY_affectedRange":{"unit":"%","size":"","sizes":{"start":"50","end":"100"}},"_background_color":"#E86B18"},"elements":[],"isInner":false,"widgetType":"spacer","elType":"widget"}],"isInner":"","elType":"column"},{"id":"4e85ee23","settings":{"_column_size":"50","border_width":{"unit":"px","top":"0","right":"1","bottom":"0","left":"1","isLinked":""},"__globals__":{"border_color":""},"_inline_size":"41","margin":{"unit":"%","top":"","right":"","bottom":"","left":"","isLinked":"1"},"_inline_size_tablet":"100","margin_tablet":{"unit":"%","top":"0","right":"0","bottom":"0","left":"6","isLinked":""},"padding_tablet":{"unit":"%","top":"5","right":"0","bottom":"0","left":"0","isLinked":""},"padding":{"unit":"%","top":"","right":"","bottom":"","left":"","isLinked":"1"},"border_border":"solid","border_color":"#E9E9E9"},"elements":[{"id":"7b158e2c","settings":{"layout":"full_width","gap":"no","margin":{"unit":"px","top":"0","right":"0","bottom":"0","left":"0","isLinked":"1"},"margin_tablet":{"unit":"%","top":"-8","right":"0","bottom":"0","left":"0","isLinked":""},"padding":{"unit":"%","top":"","right":"","bottom":"","left":"","isLinked":"1"},"padding_tablet":{"unit":"%","top":"0","right":"6","bottom":"0","left":"0","isLinked":""},"margin_mobile":{"unit":"%","top":"-10","right":"0","bottom":"0","left":"0","isLinked":""},"z_index":"2"},"elements":[{"id":"56eb8a0d","settings":{"_column_size":"100","margin":{"unit":"%","top":"0","right":"0","bottom":"0","left":"-18","isLinked":""},"margin_tablet":{"unit":"px","top":"0","right":"0","bottom":"0","left":"0","isLinked":""}},"elements":[{"id":"1f10e7d3","settings":{"icon_list":[{"selected_icon":{"value":"fas fa-calendar","library":"fa-solid"},"_id":"9386bee","custom_date_format":"F j, Y","custom_time_format":"g:i a","link":"","show_icon":"none","type":"custom","taxonomy":"category","comments_custom_strings":"","__dynamic__":{"custom_text":"[elementor-tag id=\"112aede\" name=\"post-terms\" settings=\"%7B%22taxonomy%22%3A%22category%22%2C%22separator%22%3A%22%2C%20%22%2C%22link%22%3A%22%22%2C%22before%22%3A%22Category%20%3A%20%22%7D\"]"}}],"space_between":{"unit":"px","size":"0","sizes":[]},"icon_size":{"unit":"px","size":"0","sizes":[]},"text_indent":{"unit":"px","size":"0","sizes":[]},"_padding":{"unit":"px","top":"5","right":"20","bottom":"5","left":"20","isLinked":""},"_background_background":"classic","_element_width":"auto","__globals__":{"_background_color":"","text_color":""},"icon_color":"#141313","text_color":"#FFFFFF","icon_typography_typography":"custom","icon_typography_font_family":"Roboto","icon_typography_font_size":{"unit":"px","size":"16","sizes":[]},"icon_typography_font_size_tablet":{"unit":"px","size":"14","sizes":[]},"icon_typography_font_size_mobile":{"unit":"px","size":"14","sizes":[]},"icon_typography_font_weight":"400","icon_typography_text_transform":"none","icon_typography_font_style":"normal","icon_typography_text_decoration":"none","icon_typography_line_height":{"unit":"px","size":"24","sizes":[]},"icon_typography_line_height_tablet":{"unit":"px","size":"21","sizes":[]},"icon_typography_letter_spacing":{"unit":"px","size":"0","sizes":[]},"_background_color":"#E86B18"},"elements":[],"isInner":false,"widgetType":"post-info","elType":"widget"},{"id":"462583b1","settings":{"title":"Road Stories of a Digital Nomad Couple","__globals__":{"typography_typography":""},"title_color":"#141313","typography_typography":"custom","typography_font_family":"Poppins","typography_font_size":{"unit":"px","size":"75","sizes":[]},"typography_font_size_tablet":{"unit":"px","size":"45","sizes":[]},"typography_font_size_mobile":{"unit":"px","size":"32","sizes":[]},"typography_font_weight":"700","typography_text_transform":"none","typography_font_style":"normal","typography_text_decoration":"underline","typography_line_height":{"unit":"px","size":"105","sizes":[]},"typography_line_height_tablet":{"unit":"px","size":"60","sizes":[]},"typography_line_height_mobile":{"unit":"px","size":"42","sizes":[]},"typography_letter_spacing":{"unit":"px","size":"0","sizes":[]}},"elements":[],"isInner":false,"widgetType":"heading","elType":"widget"}],"isInner":"1","elType":"column"}],"isInner":"1","elType":"section"},{"id":"1c10f92f","settings":{"space":{"unit":"px","size":"390","sizes":[]},"_background_background":"classic","__globals__":{"_background_color":""},"space_tablet":{"unit":"px","size":"145","sizes":[]},"space_mobile":{"unit":"px","size":"80","sizes":[]},"_margin":{"unit":"%","top":"0","right":"0","bottom":"0","left":"25","isLinked":""},"_margin_tablet":{"unit":"%","top":"0","right":"0","bottom":"0","left":"35","isLinked":""},"_margin_mobile":{"unit":"%","top":"15","right":"0","bottom":"0","left":"55","isLinked":""},"_position":"absolute","_offset_orientation_h":"end","_offset_x":{"unit":"%","size":"","sizes":[]},"_offset_y":{"unit":"%","size":"50","sizes":[]},"_offset_y_tablet":{"unit":"%","size":"0","sizes":[]},"_offset_x_end_tablet":{"unit":"px","size":"0","sizes":[]},"_offset_x_end_mobile":{"unit":"%","size":"","sizes":[]},"_background_color":"#E9E9E9"},"elements":[],"isInner":false,"widgetType":"spacer","elType":"widget"}],"isInner":"","elType":"column"}],"isInner":"","elType":"section"},{"id":"27a0d9bb","settings":{"motion_fx_motion_fx_scrolling":"yes","motion_fx_scale_speed":{"unit":"px","size":"-2","sizes":[]},"motion_fx_transform_origin_x":"left","motion_fx_transform_origin_y":"top","layout":"full_width","gap":"no","custom_height":{"unit":"vh","size":"100","sizes":[]},"column_position":"stretch","structure":"20","padding":{"unit":"%","top":"0","right":"3","bottom":"0","left":"0","isLinked":""},"custom_height_tablet":{"unit":"vh","size":"80","sizes":[]},"border_width_tablet":{"unit":"px","top":"0","right":"1","bottom":"0","left":"0","isLinked":""},"margin_tablet":{"unit":"px","top":"","right":"0","bottom":"","left":"0","isLinked":"1"},"_title":"Adventures Posts Archive","_timestamp_":"v1RldrWUFIdzRDazhJUGVVMVEzdndOdz09"},"elements":[{"id":"256b3ff6","settings":{"_column_size":"50","__globals__":{"background_color":"globals\/colors?id=82e7690","border_color":""},"_inline_size":"58.975","margin":{"unit":"%","top":"","right":"","bottom":"","left":"","isLinked":"1"},"padding":{"unit":"%","top":"20","right":"20","bottom":"20","left":"0","isLinked":""},"_inline_size_tablet":"100","margin_tablet":{"unit":"%","top":"0","right":"0","bottom":"0","left":"6","isLinked":""},"border_width_tablet":{"unit":"px","top":"0","right":"1","bottom":"0","left":"1","isLinked":""},"padding_tablet":{"unit":"%","top":"30","right":"6","bottom":"0","left":"6","isLinked":""},"border_border":"solid","border_width":{"unit":"px","top":"0","right":"0","bottom":"0","left":"0","isLinked":""},"padding_mobile":{"unit":"%","top":"35","right":"6","bottom":"0","left":"6","isLinked":""},"background_color":"#E9E9E9","border_color":"#E9E9E9"},"elements":[{"id":"2249d02a","settings":{"classic_meta_separator":"\/","classic_read_more_text":"Read More \u00bb","cards_meta_separator":"\/","cards_read_more_text":"Read More \u00bb","full_content_meta_separator":"\/\/\/","pagination_page_limit":"5","pagination_prev_label":"&laquo; Previous","pagination_next_label":"Next &raquo;","classic_columns":"2","classic_posts_per_page":"4","classic_thumbnail_size_size":"full","_skin":"cards","classic_item_ratio":{"unit":"px","size":"1","sizes":[]},"classic_title_tag":"h4","classic_show_read_more":"","cards_thumbnail_size_size":"full","cards_item_ratio":{"unit":"px","size":"1","sizes":[]},"cards_show_read_more":"","cards_badge_taxonomy":"post_tag","cards_show_avatar":"","posts_include":[],"posts_include_term_ids":["1"],"posts_avoid_duplicates":"yes","cards_columns":"1","cards_posts_per_page":"4","cards_item_ratio_mobile":{"unit":"px","size":"","sizes":[]},"cards_column_gap":{"unit":"px","size":"60","sizes":[]},"cards_row_gap":{"unit":"px","size":"60","sizes":[]},"cards_card_border_radius":{"unit":"px","size":"0","sizes":[]},"cards_card_padding":{"unit":"px","size":"0","sizes":[]},"cards_card_vertical_padding":{"unit":"px","size":"0","sizes":[]},"cards_box_shadow_box_shadow_type":"","cards_hover_effect":"none","cards_badge_position":"left","cards_badge_radius":{"unit":"px","size":"0","sizes":[]},"cards_badge_size":{"unit":"px","size":"16","sizes":[]},"cards_badge_margin":{"unit":"px","size":"0","sizes":[]},"cards_title_spacing":{"unit":"px","size":"15","sizes":[]},"cards_excerpt_spacing":{"unit":"px","size":"15","sizes":[]},"__globals__":{"cards_card_bg_color":"","cards_badge_bg_color":"","cards_badge_color":"","cards_badge_typography_typography":"","cards_title_color":"","cards_meta_color":"","cards_meta_separator_color":"","cards_meta_typography_typography":"","cards_excerpt_color":""},"posts_order":"asc","cards_thumbnail_hover_filters_css_filter":"custom","cards_thumbnail_hover_filters_brightness":{"unit":"px","size":"75","sizes":[]},"_margin":{"unit":"%","top":"0","right":"0","bottom":"0","left":"49","isLinked":""},"_margin_tablet":{"unit":"px","top":"0","right":"0","bottom":"0","left":"0","isLinked":""},"_z_index":"2","cards_card_bg_color":"#FFFFFF00","cards_badge_bg_color":"#E86B18","cards_badge_color":"#FFFFFF","cards_badge_typography_typography":"custom","cards_badge_typography_font_family":"Poppins","cards_badge_typography_font_weight":"400","cards_badge_typography_text_transform":"uppercase","cards_badge_typography_font_style":"normal","cards_badge_typography_text_decoration":"none","cards_badge_typography_line_height_mobile":{"unit":"px","size":"","sizes":[]},"cards_badge_typography_letter_spacing":{"unit":"px","size":"0","sizes":[]},"cards_badge_typography_letter_spacing_mobile":{"unit":"px","size":"0","sizes":[]},"cards_title_color":"#141313","cards_title_typography_typography":"custom","cards_title_typography_font_family":"Poppins","cards_title_typography_font_size":{"unit":"px","size":"28","sizes":[]},"cards_title_typography_font_size_tablet":{"unit":"px","size":"22","sizes":[]},"cards_title_typography_font_weight":"500","cards_title_typography_text_transform":"none","cards_title_typography_font_style":"normal","cards_title_typography_text_decoration":"none","cards_title_typography_line_height":{"unit":"px","size":"36","sizes":[]},"cards_title_typography_line_height_tablet":{"unit":"px","size":"30","sizes":[]},"cards_title_typography_letter_spacing":{"unit":"px","size":"0.51","sizes":[]},"cards_meta_color":"#E86B18","cards_meta_separator_color":"#E86B18","cards_meta_typography_typography":"custom","cards_meta_typography_font_family":"Roboto","cards_meta_typography_font_size":{"unit":"px","size":"16","sizes":[]},"cards_meta_typography_font_size_tablet":{"unit":"px","size":"14","sizes":[]},"cards_meta_typography_font_size_mobile":{"unit":"px","size":"14","sizes":[]},"cards_meta_typography_font_weight":"400","cards_meta_typography_text_transform":"none","cards_meta_typography_font_style":"normal","cards_meta_typography_text_decoration":"none","cards_meta_typography_line_height":{"unit":"px","size":"24","sizes":[]},"cards_meta_typography_line_height_tablet":{"unit":"px","size":"21","sizes":[]},"cards_meta_typography_letter_spacing":{"unit":"px","size":"0","sizes":[]},"cards_excerpt_color":"#686868","cards_excerpt_typography_typography":"custom","cards_excerpt_typography_font_family":"Roboto","cards_excerpt_typography_font_size":{"unit":"px","size":"16","sizes":[]},"cards_excerpt_typography_font_size_tablet":{"unit":"px","size":"14","sizes":[]},"cards_excerpt_typography_font_size_mobile":{"unit":"px","size":"14","sizes":[]},"cards_excerpt_typography_font_weight":"400","cards_excerpt_typography_text_transform":"none","cards_excerpt_typography_font_style":"normal","cards_excerpt_typography_text_decoration":"none","cards_excerpt_typography_line_height":{"unit":"px","size":"24","sizes":[]},"cards_excerpt_typography_line_height_tablet":{"unit":"px","size":"21","sizes":[]},"cards_excerpt_typography_letter_spacing":{"unit":"px","size":"0","sizes":[]},"cards_badge_typography_font_size_mobile":{"unit":"px","size":"12","sizes":[]},"cards_badge_typography_font_size":{"unit":"px","size":"12","sizes":[]},"custom_template_list":[{"nth":1,"_id":"ccc76a8"}],"custom_meta_separator":"\/\/\/","loadmore_text":"Load More","loadmore_loading_text":"Loading..."},"elements":[],"isInner":false,"widgetType":"posts","elType":"widget"},{"id":"2e5c410a","settings":{"space":{"unit":"px","size":"400","sizes":[]},"_margin":{"unit":"%","top":"-20","right":"0","bottom":"0","left":"0","isLinked":""},"_background_background":"classic","_element_width":"initial","_element_custom_width":{"unit":"%","size":"70","sizes":[]},"_position":"absolute","__globals__":{"_background_color":""},"space_tablet":{"unit":"px","size":"200","sizes":[]},"_margin_tablet":{"unit":"%","top":"-21","right":"0","bottom":"0","left":"-21","isLinked":""},"_element_custom_width_tablet":{"unit":"%","size":"35","sizes":[]},"space_mobile":{"unit":"px","size":"150","sizes":[]},"_element_width_tablet":"initial","_background_color":"#E9E9E9"},"elements":[],"isInner":false,"widgetType":"spacer","elType":"widget"}],"isInner":"","elType":"column"},{"id":"4a393169","settings":{"_column_size":"50","border_border":"solid","border_width":{"unit":"px","top":"0","right":"1","bottom":"0","left":"1","isLinked":""},"__globals__":{"border_color":""},"_inline_size":"41","margin":{"unit":"%","top":"","right":"","bottom":"","left":"","isLinked":"1"},"_inline_size_tablet":"100","margin_tablet":{"unit":"%","top":"0","right":"0","bottom":"0","left":"6","isLinked":""},"padding_tablet":{"unit":"%","top":"8","right":"6","bottom":"20","left":"6","isLinked":""},"padding":{"unit":"%","top":"28.5","right":"41","bottom":"20","left":"0","isLinked":""},"padding_mobile":{"unit":"%","top":"18","right":"6","bottom":"30","left":"6","isLinked":""},"border_color":"#E9E9E9"},"elements":[{"id":"681d7c30","settings":{"classic_meta_separator":"\/","classic_read_more_text":"Read More \u00bb","cards_meta_separator":"\/","cards_read_more_text":"Read More \u00bb","full_content_meta_separator":"\/\/\/","pagination_page_limit":"5","pagination_prev_label":"&laquo; Previous","pagination_next_label":"Next &raquo;","classic_columns":"2","classic_posts_per_page":"4","classic_thumbnail_size_size":"full","_skin":"cards","classic_item_ratio":{"unit":"px","size":"1","sizes":[]},"classic_title_tag":"h4","classic_show_read_more":"","cards_thumbnail_size_size":"full","cards_item_ratio":{"unit":"px","size":"1","sizes":[]},"cards_show_read_more":"","cards_badge_taxonomy":"post_tag","cards_show_avatar":"","posts_include":[],"posts_include_term_ids":["1"],"posts_avoid_duplicates":"yes","cards_columns":"1","cards_posts_per_page":"4","cards_item_ratio_mobile":{"unit":"px","size":"","sizes":[]},"cards_column_gap":{"unit":"px","size":"60","sizes":[]},"cards_row_gap":{"unit":"px","size":"60","sizes":[]},"cards_card_border_radius":{"unit":"px","size":"0","sizes":[]},"cards_card_padding":{"unit":"px","size":"0","sizes":[]},"cards_card_vertical_padding":{"unit":"px","size":"0","sizes":[]},"cards_box_shadow_box_shadow_type":"","cards_hover_effect":"none","cards_badge_position":"left","cards_badge_radius":{"unit":"px","size":"0","sizes":[]},"cards_badge_size":{"unit":"px","size":"16","sizes":[]},"cards_badge_margin":{"unit":"px","size":"0","sizes":[]},"cards_title_spacing":{"unit":"px","size":"15","sizes":[]},"cards_excerpt_spacing":{"unit":"px","size":"15","sizes":[]},"__globals__":{"cards_card_bg_color":"","cards_badge_bg_color":"","cards_badge_color":"","cards_badge_typography_typography":"","cards_title_color":"","cards_meta_color":"","cards_meta_separator_color":"","cards_meta_typography_typography":"","cards_excerpt_color":""},"posts_order":"asc","cards_thumbnail_hover_filters_css_filter":"custom","cards_thumbnail_hover_filters_brightness":{"unit":"px","size":"75","sizes":[]},"_margin":{"unit":"%","top":"","right":"","bottom":"","left":"","isLinked":"1"},"_padding":{"unit":"%","top":"","right":"","bottom":"","left":"","isLinked":"1"},"cards_card_bg_color":"#FFFFFF00","cards_badge_bg_color":"#E86B18","cards_badge_color":"#FFFFFF","cards_badge_typography_typography":"custom","cards_badge_typography_font_family":"Poppins","cards_badge_typography_font_weight":"400","cards_badge_typography_text_transform":"uppercase","cards_badge_typography_font_style":"normal","cards_badge_typography_text_decoration":"none","cards_badge_typography_line_height_mobile":{"unit":"px","size":"","sizes":[]},"cards_badge_typography_letter_spacing":{"unit":"px","size":"0","sizes":[]},"cards_badge_typography_letter_spacing_mobile":{"unit":"px","size":"0","sizes":[]},"cards_title_color":"#141313","cards_title_typography_typography":"custom","cards_title_typography_font_family":"Poppins","cards_title_typography_font_size":{"unit":"px","size":"28","sizes":[]},"cards_title_typography_font_size_tablet":{"unit":"px","size":"22","sizes":[]},"cards_title_typography_font_weight":"500","cards_title_typography_text_transform":"none","cards_title_typography_font_style":"normal","cards_title_typography_text_decoration":"none","cards_title_typography_line_height":{"unit":"px","size":"36","sizes":[]},"cards_title_typography_line_height_tablet":{"unit":"px","size":"30","sizes":[]},"cards_title_typography_letter_spacing":{"unit":"px","size":"0.51","sizes":[]},"cards_meta_color":"#E86B18","cards_meta_separator_color":"#E86B18","cards_meta_typography_typography":"custom","cards_meta_typography_font_family":"Roboto","cards_meta_typography_font_size":{"unit":"px","size":"16","sizes":[]},"cards_meta_typography_font_size_tablet":{"unit":"px","size":"14","sizes":[]},"cards_meta_typography_font_size_mobile":{"unit":"px","size":"14","sizes":[]},"cards_meta_typography_font_weight":"400","cards_meta_typography_text_transform":"none","cards_meta_typography_font_style":"normal","cards_meta_typography_text_decoration":"none","cards_meta_typography_line_height":{"unit":"px","size":"24","sizes":[]},"cards_meta_typography_line_height_tablet":{"unit":"px","size":"21","sizes":[]},"cards_meta_typography_letter_spacing":{"unit":"px","size":"0","sizes":[]},"cards_excerpt_color":"#686868","cards_excerpt_typography_typography":"custom","cards_excerpt_typography_font_family":"Roboto","cards_excerpt_typography_font_size":{"unit":"px","size":"16","sizes":[]},"cards_excerpt_typography_font_size_tablet":{"unit":"px","size":"14","sizes":[]},"cards_excerpt_typography_font_size_mobile":{"unit":"px","size":"14","sizes":[]},"cards_excerpt_typography_font_weight":"400","cards_excerpt_typography_text_transform":"none","cards_excerpt_typography_font_style":"normal","cards_excerpt_typography_text_decoration":"none","cards_excerpt_typography_line_height":{"unit":"px","size":"24","sizes":[]},"cards_excerpt_typography_line_height_tablet":{"unit":"px","size":"21","sizes":[]},"cards_excerpt_typography_letter_spacing":{"unit":"px","size":"0","sizes":[]},"cards_badge_typography_font_size_mobile":{"unit":"px","size":"12","sizes":[]},"cards_badge_typography_font_size":{"unit":"px","size":"12","sizes":[]},"custom_template_list":[{"nth":1,"_id":"b38043f"}],"custom_meta_separator":"\/\/\/","loadmore_text":"Load More","loadmore_loading_text":"Loading..."},"elements":[],"isInner":false,"widgetType":"posts","elType":"widget"}],"isInner":"","elType":"column"}],"isInner":"","elType":"section"}],"page_settings":{"background_background":"classic","background_color":"#FFFFFF","page_template":"elementor_header_footer"}}