{"version":"0.4","title":"15518","type":"page","content":[{"id":"2e23c18c","settings":{"motion_fx_motion_fx_scrolling":"yes","motion_fx_scale_speed":{"unit":"px","size":"-2","sizes":[]},"motion_fx_transform_origin_x":"left","motion_fx_transform_origin_y":"top","layout":"full_width","gap":"no","height":"min-height","custom_height":{"unit":"vh","size":"100","sizes":[]},"column_position":"stretch","content_position":"middle","structure":"20","padding":{"unit":"%","top":"0","right":"3","bottom":"0","left":"0","isLinked":""},"custom_height_tablet":{"unit":"vh","size":"0","sizes":[]},"border_width_tablet":{"unit":"px","top":"0","right":"1","bottom":"0","left":"0","isLinked":""},"margin_tablet":{"unit":"px","top":"","right":"0","bottom":"","left":"0","isLinked":"1"},"custom_height_mobile":{"unit":"vh","size":"0","sizes":[]},"_title":"Hero","_timestamp_":"v1RldrWUFIdzRDazhJUGVVMVEzdndOdz09"},"elements":[{"id":"54f4f689","settings":{"_column_size":"50","__globals__":{"background_color":"globals\/colors?id=82e7690","border_color":"globals\/colors?id=81d0100"},"_inline_size":"58.978","margin":{"unit":"%","top":"","right":"","bottom":"","left":"","isLinked":"1"},"padding":{"unit":"%","top":"","right":"","bottom":"","left":"","isLinked":"1"},"_inline_size_tablet":"100","border_width_tablet":{"unit":"px","top":"0","right":"1","bottom":"0","left":"0","isLinked":""},"padding_tablet":{"unit":"px","top":"80","right":"0","bottom":"0","left":"0","isLinked":""},"space_between_widgets":"0","border_width":{"unit":"px","top":"0","right":"0","bottom":"0","left":"0","isLinked":""}},"elements":[{"id":"516f117a","settings":{"image":{"id":1203,"url":"https:\/\/library.elementor.com\/wp-content\/uploads\/2020\/11\/Tips-Archive-Hero.jpg"},"image_size":"full","align":"left","width":{"unit":"vw","size":"37","sizes":[]},"width_tablet":{"unit":"%","size":"90","sizes":[]},"_margin_mobile":{"unit":"%","top":"","right":"","bottom":"","left":"","isLinked":"1"},"_z_index":"1","_element_custom_width":{"unit":"vw","size":"40","sizes":[]}},"elements":[],"isInner":false,"widgetType":"image","elType":"widget"},{"id":"1870f0f8","settings":{"space":{"unit":"px","size":"230","sizes":[]},"_margin":{"unit":"px","top":"-290","right":"0","bottom":"0","left":"0","isLinked":""},"_background_background":"classic","_element_width":"initial","_element_custom_width":{"unit":"vw","size":"41","sizes":[]},"__globals__":{"_background_color":""},"_element_width_tablet":"initial","_element_custom_width_tablet":{"unit":"%","size":"97","sizes":[]},"motion_fx_motion_fx_scrolling":"yes","motion_fx_translateY_affectedRange":{"unit":"%","size":"","sizes":{"start":"50","end":"100"}},"_background_color":"#E86B18"},"elements":[],"isInner":false,"widgetType":"spacer","elType":"widget"}],"isInner":"","elType":"column"},{"id":"159dc685","settings":{"_column_size":"50","border_width":{"unit":"px","top":"0","right":"1","bottom":"0","left":"1","isLinked":""},"__globals__":{"border_color":"globals\/colors?id=81d0100"},"_inline_size":"41","margin":{"unit":"%","top":"","right":"","bottom":"","left":"","isLinked":"1"},"_inline_size_tablet":"100","margin_tablet":{"unit":"%","top":"0","right":"0","bottom":"0","left":"6","isLinked":""},"padding_tablet":{"unit":"%","top":"5","right":"0","bottom":"0","left":"0","isLinked":""},"padding":{"unit":"%","top":"","right":"","bottom":"","left":"","isLinked":"1"}},"elements":[{"id":"1d087dde","settings":{"layout":"full_width","gap":"no","margin":{"unit":"px","top":"0","right":"0","bottom":"0","left":"0","isLinked":"1"},"margin_tablet":{"unit":"%","top":"-8","right":"0","bottom":"0","left":"0","isLinked":""},"padding":{"unit":"%","top":"","right":"","bottom":"","left":"","isLinked":"1"},"padding_tablet":{"unit":"%","top":"0","right":"6","bottom":"0","left":"0","isLinked":""},"margin_mobile":{"unit":"%","top":"-10","right":"0","bottom":"0","left":"0","isLinked":""},"z_index":"2"},"elements":[{"id":"6725f7f5","settings":{"_column_size":"100","margin":{"unit":"%","top":"0","right":"0","bottom":"0","left":"-18","isLinked":""},"margin_tablet":{"unit":"px","top":"0","right":"0","bottom":"0","left":"0","isLinked":""}},"elements":[{"id":"373d4a68","settings":{"icon_list":[{"selected_icon":{"value":"fas fa-calendar","library":"fa-solid"},"_id":"9386bee","custom_date_format":"F j, Y","custom_time_format":"g:i a","link":"","show_icon":"none","type":"custom","taxonomy":"category","comments_custom_strings":"","__dynamic__":{"custom_text":"[elementor-tag id=\"112aede\" name=\"post-terms\" settings=\"%7B%22taxonomy%22%3A%22category%22%2C%22separator%22%3A%22%2C%20%22%2C%22link%22%3A%22%22%2C%22before%22%3A%22Category%20%3A%20%22%7D\"]"}}],"space_between":{"unit":"px","size":"0","sizes":[]},"icon_size":{"unit":"px","size":"0","sizes":[]},"text_indent":{"unit":"px","size":"0","sizes":[]},"_padding":{"unit":"px","top":"5","right":"20","bottom":"5","left":"20","isLinked":""},"_background_background":"classic","_element_width":"auto","__globals__":{"_background_color":"","text_color":""},"icon_color":"#141313","text_color":"#FFFFFF","icon_typography_typography":"custom","icon_typography_font_family":"Roboto","icon_typography_font_size":{"unit":"px","size":"16","sizes":[]},"icon_typography_font_size_tablet":{"unit":"px","size":"14","sizes":[]},"icon_typography_font_size_mobile":{"unit":"px","size":"14","sizes":[]},"icon_typography_font_weight":"400","icon_typography_text_transform":"none","icon_typography_font_style":"normal","icon_typography_text_decoration":"none","icon_typography_line_height":{"unit":"px","size":"24","sizes":[]},"icon_typography_line_height_tablet":{"unit":"px","size":"21","sizes":[]},"icon_typography_letter_spacing":{"unit":"px","size":"0","sizes":[]},"_background_color":"#E86B18"},"elements":[],"isInner":false,"widgetType":"post-info","elType":"widget"},{"id":"304d5fd8","settings":{"title":"Tips for smarter and cheaper traveling","__globals__":{"typography_typography":""},"title_color":"#141313","typography_typography":"custom","typography_font_family":"Poppins","typography_font_size":{"unit":"px","size":"75","sizes":[]},"typography_font_size_tablet":{"unit":"px","size":"45","sizes":[]},"typography_font_size_mobile":{"unit":"px","size":"32","sizes":[]},"typography_font_weight":"700","typography_text_transform":"none","typography_font_style":"normal","typography_text_decoration":"underline","typography_line_height":{"unit":"px","size":"105","sizes":[]},"typography_line_height_tablet":{"unit":"px","size":"60","sizes":[]},"typography_line_height_mobile":{"unit":"px","size":"42","sizes":[]},"typography_letter_spacing":{"unit":"px","size":"0","sizes":[]}},"elements":[],"isInner":false,"widgetType":"heading","elType":"widget"}],"isInner":"1","elType":"column"}],"isInner":"1","elType":"section"}],"isInner":"","elType":"column"}],"isInner":"","elType":"section"},{"id":"38c011a1","settings":{"motion_fx_motion_fx_scrolling":"yes","motion_fx_scale_speed":{"unit":"px","size":"-2","sizes":[]},"motion_fx_transform_origin_x":"left","motion_fx_transform_origin_y":"top","layout":"full_width","gap":"no","custom_height":{"unit":"vh","size":"100","sizes":[]},"column_position":"stretch","padding":{"unit":"%","top":"0","right":"25","bottom":"15","left":"25","isLinked":""},"custom_height_tablet":{"unit":"vh","size":"80","sizes":[]},"border_width_tablet":{"unit":"px","top":"0","right":"1","bottom":"0","left":"0","isLinked":""},"margin_tablet":{"unit":"px","top":"","right":"0","bottom":"","left":"0","isLinked":"1"},"_title":"Tips Archive","padding_tablet":{"unit":"%","top":"15","right":"6","bottom":"15","left":"6","isLinked":""},"_timestamp_":"v1RldrWUFIdzRDazhJUGVVMVEzdndOdz09"},"elements":[{"id":"39c67b3","settings":{"_column_size":"100","__globals__":{"background_color":"globals\/colors?id=82e7690","border_color":"globals\/colors?id=81d0100"},"margin":{"unit":"%","top":"","right":"","bottom":"","left":"","isLinked":"1"},"padding":{"unit":"%","top":"","right":"","bottom":"","left":"","isLinked":"1"},"_inline_size_tablet":"100","margin_tablet":{"unit":"%","top":"","right":"","bottom":"","left":"","isLinked":"1"},"border_width_tablet":{"unit":"px","top":"0","right":"1","bottom":"0","left":"1","isLinked":""},"padding_tablet":{"unit":"%","top":"","right":"","bottom":"","left":"","isLinked":"1"},"border_width":{"unit":"px","top":"0","right":"0","bottom":"0","left":"0","isLinked":""}},"elements":[{"id":"7076d7e9","settings":{"classic_meta_separator":"\/","classic_read_more_text":"Read More \u00bb","cards_meta_separator":"\/","cards_read_more_text":"Read More \u00bb","full_content_meta_separator":"\/\/\/","pagination_page_limit":"5","pagination_prev_label":"&laquo; Previous","pagination_next_label":"Next &raquo;","classic_columns":"2","classic_posts_per_page":"4","classic_thumbnail_size_size":"full","_skin":"cards","classic_item_ratio":{"unit":"px","size":"1","sizes":[]},"classic_title_tag":"h4","classic_show_read_more":"","cards_thumbnail_size_size":"full","cards_item_ratio":{"unit":"px","size":"0.45","sizes":[]},"cards_show_read_more":"","cards_badge_taxonomy":"post_tag","cards_show_avatar":"","posts_include":[],"posts_include_term_ids":["4"],"posts_avoid_duplicates":"yes","cards_columns":"1","cards_posts_per_page":"10","cards_item_ratio_mobile":{"unit":"px","size":"","sizes":[]},"cards_column_gap":{"unit":"px","size":"60","sizes":[]},"cards_row_gap":{"unit":"px","size":"60","sizes":[]},"cards_card_border_radius":{"unit":"px","size":"0","sizes":[]},"cards_card_padding":{"unit":"px","size":"0","sizes":[]},"cards_card_vertical_padding":{"unit":"px","size":"0","sizes":[]},"cards_box_shadow_box_shadow_type":"","cards_hover_effect":"none","cards_badge_position":"left","cards_badge_radius":{"unit":"px","size":"0","sizes":[]},"cards_badge_size":{"unit":"px","size":"16","sizes":[]},"cards_badge_margin":{"unit":"px","size":"0","sizes":[]},"cards_title_spacing":{"unit":"px","size":"0","sizes":[]},"cards_excerpt_spacing":{"unit":"px","size":"15","sizes":[]},"__globals__":{"cards_card_bg_color":"","cards_badge_bg_color":"","cards_badge_color":"","cards_badge_typography_typography":"","cards_title_color":"","cards_meta_color":"globals\/colors?id=secondary","cards_meta_separator_color":"globals\/colors?id=secondary","cards_meta_typography_typography":"globals\/typography?id=text","cards_excerpt_color":"globals\/colors?id=text","_border_color":""},"posts_order":"asc","cards_show_excerpt":"","cards_meta_data":[],"cards_image_spacing":{"unit":"px","size":"0","sizes":[]},"cards_thumbnail_hover_filters_css_filter":"custom","cards_thumbnail_hover_filters_brightness":{"unit":"px","size":"75","sizes":[]},"_padding":{"unit":"px","top":"50","right":"0","bottom":"50","left":"0","isLinked":""},"_padding_mobile":{"unit":"px","top":"30","right":"0","bottom":"0","left":"0","isLinked":""},"_border_border":"solid","_border_width":{"unit":"px","top":"2","right":"0","bottom":"2","left":"0","isLinked":""},"_border_width_tablet":{"unit":"px","top":"2","right":"0","bottom":"0","left":"0","isLinked":""},"posts_exclude":[],"cards_columns_tablet":"1","cards_card_bg_color":"#FFFFFF00","cards_badge_bg_color":"#E86B18","cards_badge_color":"#FFFFFF","cards_badge_typography_typography":"custom","cards_badge_typography_font_family":"Poppins","cards_badge_typography_font_weight":"400","cards_badge_typography_text_transform":"uppercase","cards_badge_typography_font_style":"normal","cards_badge_typography_text_decoration":"none","cards_badge_typography_line_height_mobile":{"unit":"px","size":"","sizes":[]},"cards_badge_typography_letter_spacing":{"unit":"px","size":"0","sizes":[]},"cards_badge_typography_letter_spacing_mobile":{"unit":"px","size":"0","sizes":[]},"cards_title_color":"#141313","cards_title_typography_typography":"custom","cards_title_typography_font_family":"Poppins","cards_title_typography_font_size":{"unit":"px","size":"28","sizes":[]},"cards_title_typography_font_size_tablet":{"unit":"px","size":"22","sizes":[]},"cards_title_typography_font_weight":"500","cards_title_typography_text_transform":"none","cards_title_typography_font_style":"normal","cards_title_typography_text_decoration":"none","cards_title_typography_line_height":{"unit":"px","size":"36","sizes":[]},"cards_title_typography_line_height_tablet":{"unit":"px","size":"30","sizes":[]},"cards_title_typography_letter_spacing":{"unit":"px","size":"0.51","sizes":[]},"cards_meta_color":"#E86B18","cards_meta_separator_color":"#E86B18","cards_meta_typography_typography":"custom","cards_meta_typography_font_family":"Roboto","cards_meta_typography_font_size":{"unit":"px","size":"16","sizes":[]},"cards_meta_typography_font_size_tablet":{"unit":"px","size":"14","sizes":[]},"cards_meta_typography_font_size_mobile":{"unit":"px","size":"14","sizes":[]},"cards_meta_typography_font_weight":"400","cards_meta_typography_text_transform":"none","cards_meta_typography_font_style":"normal","cards_meta_typography_text_decoration":"none","cards_meta_typography_line_height":{"unit":"px","size":"24","sizes":[]},"cards_meta_typography_line_height_tablet":{"unit":"px","size":"21","sizes":[]},"cards_meta_typography_letter_spacing":{"unit":"px","size":"0","sizes":[]},"cards_excerpt_color":"#686868","_border_color":"#E86B18","cards_badge_typography_font_size_mobile":{"unit":"px","size":"12","sizes":[]},"cards_badge_typography_font_size":{"unit":"px","size":"12","sizes":[]},"custom_template_list":[{"nth":1,"_id":"184177a"}],"custom_meta_separator":"\/\/\/","loadmore_text":"Load More","loadmore_loading_text":"Loading..."},"elements":[],"isInner":false,"widgetType":"posts","elType":"widget"}],"isInner":"","elType":"column"}],"isInner":"","elType":"section"}],"page_settings":{"background_background":"classic","background_color":"#FFFFFF","page_template":"elementor_header_footer"}}