{"version":"0.4","title":"15528","type":"page","content":[{"id":"7bc6175b","settings":{"layout":"full_width","gap":"no","structure":"20","height":"min-height","custom_height":{"unit":"px","size":"495","sizes":[]},"custom_height_tablet":{"unit":"px","size":"380","sizes":[]},"column_position":"stretch","content_position":"middle","custom_height_mobile":{"unit":"px","size":"540","sizes":[]},"margin":{"unit":"%","top":"","right":"0","bottom":"","left":"0","isLinked":"1"},"margin_mobile":{"unit":"%","top":"","right":"0","bottom":"","left":"0","isLinked":"1"},"_title":"CTA Newsletter","background_background":"classic","__globals__":{"background_color":""},"padding":{"unit":"%","top":"0","right":"0","bottom":"0","left":"3","isLinked":""},"padding_mobile":{"unit":"px","top":"0","right":"0","bottom":"0","left":"0","isLinked":""},"background_color":"#E9E9E9","_timestamp_":"v1RldrWUFIdzRDazhJUGVVMVEzdndOdz09"},"elements":[{"id":"341b5c7d","settings":{"_column_size":"50","padding":{"unit":"%","top":"0","right":"0","bottom":"0","left":"20","isLinked":""},"__globals__":{"background_color":""},"_inline_size_tablet":"58","space_between_widgets":"30","padding_tablet":{"unit":"%","top":"0","right":"0","bottom":"0","left":"6","isLinked":""},"padding_mobile":{"unit":"%","top":"0","right":"0","bottom":"0","left":"6","isLinked":""},"_inline_size":"55.933","space_between_widgets_mobile":"20"},"elements":[{"id":"3355f6af","settings":{"title":"Join The Ride","__globals__":{"title_color":"","typography_typography":""},"title_color":"#141313","typography_typography":"custom","typography_font_family":"Poppins","typography_font_size":{"unit":"px","size":"75","sizes":[]},"typography_font_size_tablet":{"unit":"px","size":"45","sizes":[]},"typography_font_size_mobile":{"unit":"px","size":"32","sizes":[]},"typography_font_weight":"700","typography_text_transform":"none","typography_font_style":"normal","typography_text_decoration":"underline","typography_line_height":{"unit":"px","size":"105","sizes":[]},"typography_line_height_tablet":{"unit":"px","size":"60","sizes":[]},"typography_line_height_mobile":{"unit":"px","size":"42","sizes":[]},"typography_letter_spacing":{"unit":"px","size":"0","sizes":[]}},"elements":[],"isInner":false,"widgetType":"heading","elType":"widget"},{"id":"4782a35d","settings":{"space":{"unit":"px","size":"278","sizes":[]},"_background_background":"classic","_element_width":"initial","_element_custom_width":{"unit":"px","size":"78","sizes":[]},"_position":"absolute","_offset_orientation_h":"end","_offset_x_end":{"unit":"%","size":"0","sizes":[]},"_offset_orientation_v":"end","__globals__":{"_background_color":""},"space_mobile":{"unit":"px","size":"175","sizes":[]},"space_tablet":{"unit":"px","size":"195","sizes":[]},"_element_width_tablet":"initial","_element_width_mobile":"initial","_element_custom_width_tablet":{"unit":"px","size":"29","sizes":[]},"_element_custom_width_mobile":{"unit":"px","size":"30","sizes":[]},"_background_color":"#E86B18"},"elements":[],"isInner":false,"widgetType":"spacer","elType":"widget"},{"id":"4414150a","settings":{"layout":"full_width","gap":"no","margin":{"unit":"px","top":"0","right":"0","bottom":"0","left":"0","isLinked":"1"},"padding":{"unit":"%","top":"0","right":"34","bottom":"0","left":"0","isLinked":""},"padding_tablet":{"unit":"%","top":"0","right":"20","bottom":"0","left":"0","isLinked":""}},"elements":[{"id":"33257e98","settings":{"_column_size":"100"},"elements":[{"id":"730ca7ae","settings":{"editor":"Subscribe to our bi-weekly newsletter with stories from our latest adventures and the travel tips","__globals__":{"text_color":""},"text_color":"#686868","typography_typography":"custom","typography_font_family":"Roboto","typography_font_size":{"unit":"px","size":"16","sizes":[]},"typography_font_size_tablet":{"unit":"px","size":"14","sizes":[]},"typography_font_size_mobile":{"unit":"px","size":"14","sizes":[]},"typography_font_weight":"400","typography_text_transform":"none","typography_font_style":"normal","typography_text_decoration":"none","typography_line_height":{"unit":"px","size":"24","sizes":[]},"typography_line_height_tablet":{"unit":"px","size":"21","sizes":[]},"typography_letter_spacing":{"unit":"px","size":"0","sizes":[]}},"elements":[],"isInner":false,"widgetType":"text-editor","elType":"widget"},{"id":"76145a00","settings":{"form_name":"Newsletter","form_fields":[{"custom_id":"email","field_type":"email","required":"true","field_label":"Email","placeholder":"Email","_id":"2885e93","width":"60","rows":"4","file_sizes":"","file_types":"","allow_multiple_upload":"","max_files":"","acceptance_text":"","checked_by_default":"","field_min":"","field_max":"","min_date":"","max_date":"","use_native_date":"","use_native_time":"","previous_button":"","next_button":""}],"show_labels":"","step_next_label":"Next","step_previous_label":"Previous","button_text":"Subscribe ","email_content":"[all-fields]","email_content_2":"[all-fields]","success_message":"The form was sent successfully.","error_message":"An error occurred.","required_field_message":"This field is required.","invalid_message":"There's something wrong. The form is invalid.","row_gap":{"unit":"px","size":"20","sizes":[]},"field_background_color":"","field_border_width":{"unit":"px","top":"0","right":"0","bottom":"1","left":"0","isLinked":""},"field_border_radius":{"unit":"px","top":"0","right":"0","bottom":"0","left":"0","isLinked":"1"},"button_border_radius":{"unit":"px","top":"0","right":"0","bottom":"0","left":"0","isLinked":"1"},"button_text_padding":{"unit":"px","top":"15","right":"35","bottom":"15","left":"35","isLinked":""},"_margin":{"unit":"%","top":"","right":"","bottom":"","left":"","isLinked":"1"},"_margin_tablet":{"unit":"%","top":"","right":"","bottom":"","left":"","isLinked":"1"},"__globals__":{"field_text_color":"","field_typography_typography":"","field_border_color":"","button_text_color":"","button_background_hover_color":"","success_message_color":"","error_message_color":"","button_background_color":"","button_border_color":"","button_hover_color":""},"_margin_mobile":{"unit":"%","top":"0","right":"0","bottom":"0","left":"0","isLinked":""},"button_width":"40","button_border_border":"solid","button_border_width":{"unit":"px","top":"1","right":"1","bottom":"1","left":"1","isLinked":"1"},"field_text_color":"#686868","field_typography_typography":"custom","field_typography_font_family":"Roboto","field_typography_font_size":{"unit":"px","size":"16","sizes":[]},"field_typography_font_size_tablet":{"unit":"px","size":"14","sizes":[]},"field_typography_font_size_mobile":{"unit":"px","size":"14","sizes":[]},"field_typography_font_weight":"400","field_typography_text_transform":"none","field_typography_font_style":"normal","field_typography_text_decoration":"none","field_typography_line_height":{"unit":"px","size":"24","sizes":[]},"field_typography_line_height_tablet":{"unit":"px","size":"21","sizes":[]},"field_typography_letter_spacing":{"unit":"px","size":"0","sizes":[]},"field_border_color":"#141313","button_typography_typography":"custom","button_typography_font_family":"Poppins","button_typography_font_size":{"unit":"px","size":"12","sizes":[]},"button_typography_font_size_mobile":{"unit":"px","size":"12","sizes":[]},"button_typography_font_weight":"400","button_typography_text_transform":"uppercase","button_typography_font_style":"normal","button_typography_text_decoration":"none","button_typography_line_height_mobile":{"unit":"px","size":"","sizes":[]},"button_typography_letter_spacing":{"unit":"px","size":"0","sizes":[]},"button_typography_letter_spacing_mobile":{"unit":"px","size":"0","sizes":[]},"button_background_color":"#FFFFFF00","button_text_color":"#141313","button_border_color":"#141313","button_background_hover_color":"#141313","button_hover_color":"#FFFFFF","message_typography_typography":"custom","message_typography_font_family":"Roboto","message_typography_font_size":{"unit":"px","size":"16","sizes":[]},"message_typography_font_size_tablet":{"unit":"px","size":"14","sizes":[]},"message_typography_font_size_mobile":{"unit":"px","size":"14","sizes":[]},"message_typography_font_weight":"400","message_typography_text_transform":"none","message_typography_font_style":"normal","message_typography_text_decoration":"none","message_typography_line_height":{"unit":"px","size":"24","sizes":[]},"message_typography_line_height_tablet":{"unit":"px","size":"21","sizes":[]},"message_typography_letter_spacing":{"unit":"px","size":"0","sizes":[]},"success_message_color":"#141313","error_message_color":"#E86B18"},"elements":[],"isInner":false,"widgetType":"form","elType":"widget"}],"isInner":"1","elType":"column"}],"isInner":"1","elType":"section"}],"isInner":"","elType":"column"},{"id":"2d4d6900","settings":{"_column_size":"50","_inline_size_tablet":"42","background_position":"center center","background_repeat":"no-repeat","background_size":"cover","border_width":{"unit":"px","top":"0","right":"300","bottom":"0","left":"0","isLinked":""},"border_width_tablet":{"unit":"px","top":"0","right":"30","bottom":"0","left":"0","isLinked":""},"__globals__":{"border_color":"globals\/colors?id=accent","background_color":""},"background_bg_width":{"unit":"vw","size":"36","sizes":[]},"margin_mobile":{"unit":"%","top":"","right":"","bottom":"","left":"","isLinked":"1"},"padding":{"unit":"%","top":"","right":"","bottom":"","left":"","isLinked":"1"},"padding_tablet":{"unit":"%","top":"0","right":"10","bottom":"0","left":"0","isLinked":""},"border_color":"#181818","_inline_size":"44","background_background":"classic","background_image":{"id":1182,"url":"https:\/\/library.elementor.com\/wp-content\/uploads\/2020\/11\/Footer-1.jpg"},"background_position_tablet":"initial","background_xpos_tablet":{"unit":"%","size":"30","sizes":[]}},"elements":[],"isInner":"","elType":"column"}],"isInner":"","elType":"section"},{"id":"305ddc23","settings":{"height":"min-height","custom_height":{"unit":"px","size":"90","sizes":[]},"margin":{"unit":"%","top":"","right":"0","bottom":"","left":"0","isLinked":"1"},"gap":"no","content_position":"middle","padding_tablet":{"unit":"%","top":"","right":"","bottom":"","left":"","isLinked":"1"},"_title":"Footer","__globals__":{"background_color":"globals\/colors?id=5f6b29f","border_color":"globals\/colors?id=81d0100"},"layout":"full_width","padding":{"unit":"%","top":"0","right":"3","bottom":"0","left":"3","isLinked":""},"box_shadow_box_shadow":{"horizontal":"0","vertical":"-7","blur":"29","spread":"0","color":"rgba(0, 0, 0, 0.04)"},"custom_height_mobile":{"unit":"vh","size":"","sizes":[]},"column_position":"stretch","structure":"20","custom_height_tablet":{"unit":"px","size":"70","sizes":[]},"margin_mobile":{"unit":"%","top":"","right":"0","bottom":"","left":"0","isLinked":"1"},"padding_mobile":{"unit":"%","top":"0","right":"3","bottom":"0","left":"6","isLinked":""},"border_border":"solid","border_width":{"unit":"px","top":"0","right":"0","bottom":"1","left":"0","isLinked":""},"border_color":"#E9E9E9","_timestamp_":"v1RldrWUFIdzRDazhJUGVVMVEzdndOdz09"},"elements":[{"id":"22876b1","settings":{"_column_size":"50","align_mobile":"center","padding":{"unit":"%","top":"","right":"","bottom":"","left":"","isLinked":"1"},"_inline_size":"57.713","_inline_size_tablet":"59.8","border_border":"solid","border_width":{"unit":"px","top":"0","right":"0","bottom":"0","left":"0","isLinked":""},"border_width_mobile":{"unit":"px","top":"0","right":"1","bottom":"0","left":"1","isLinked":""},"padding_mobile":{"unit":"px","top":"15","right":"0","bottom":"0","left":"0","isLinked":""},"__globals__":{"border_color":""},"border_color":"#E9E9E9"},"elements":[{"id":"6111dcda","settings":{"title":"Text","header_size":"p","__globals__":{"typography_typography":"","title_color":""},"__dynamic__":{"title":"[elementor-tag id=\"eee84d2\" name=\"current-date-time\" settings=\"%7B%22date_format%22%3A%22custom%22%2C%22custom_format%22%3A%22Y%22%2C%22before%22%3A%22%20%C2%A9%20The%20Adventurers%20%22%7D\"]"},"align_mobile":"center","title_color":"#686868","typography_typography":"custom","typography_font_family":"Roboto","typography_font_size":{"unit":"px","size":"16","sizes":[]},"typography_font_size_tablet":{"unit":"px","size":"14","sizes":[]},"typography_font_size_mobile":{"unit":"px","size":"14","sizes":[]},"typography_font_weight":"400","typography_text_transform":"none","typography_font_style":"normal","typography_text_decoration":"none","typography_line_height":{"unit":"px","size":"24","sizes":[]},"typography_line_height_tablet":{"unit":"px","size":"21","sizes":[]},"typography_letter_spacing":{"unit":"px","size":"0","sizes":[]}},"elements":[],"isInner":false,"widgetType":"heading","elType":"widget"}],"isInner":"","elType":"column"},{"id":"2f2bffc5","settings":{"_column_size":"50","_inline_size":"42.3","border_border":"solid","border_width":{"unit":"px","top":"0","right":"1","bottom":"0","left":"1","isLinked":""},"margin":{"unit":"%","top":"","right":"","bottom":"","left":"","isLinked":"1"},"padding":{"unit":"%","top":"0","right":"7","bottom":"0","left":"0","isLinked":""},"__globals__":{"border_color":""},"_inline_size_tablet":"40.2","padding_mobile":{"unit":"px","top":"0","right":"0","bottom":"15","left":"0","isLinked":""},"border_width_mobile":{"unit":"px","top":"0","right":"1","bottom":"0","left":"1","isLinked":""},"border_color":"#E9E9E9"},"elements":[{"id":"1f957d1e","settings":{"view":"inline","icon_list":[{"text":"instagram","selected_icon":{"value":"","library":""},"_id":"ca6cfe5","link":{"url":"#","is_external":"","nofollow":"","custom_attributes":""}},{"text":"twitter","selected_icon":{"value":"","library":""},"link":{"url":"#","is_external":"","nofollow":"","custom_attributes":""},"_id":"a9793d8"},{"text":"youtube","selected_icon":{"value":"","library":""},"link":{"url":"#","is_external":"","nofollow":"","custom_attributes":""},"_id":"2d00416"}],"space_between":{"unit":"px","size":"45","sizes":[]},"space_between_mobile":{"unit":"px","size":"12","sizes":[]},"__globals__":{"text_color":"","text_color_hover":"","icon_typography_typography":""},"_margin_mobile":{"unit":"%","top":"2","right":"0","bottom":"0","left":"0","isLinked":""},"icon_align":"right","space_between_tablet":{"unit":"px","size":"25","sizes":[]},"icon_align_mobile":"center","icon_color":"#141313","text_color":"#686868","text_color_hover":"#E86B18","icon_typography_typography":"custom","icon_typography_font_family":"Roboto","icon_typography_font_size":{"unit":"px","size":"16","sizes":[]},"icon_typography_font_size_tablet":{"unit":"px","size":"14","sizes":[]},"icon_typography_font_size_mobile":{"unit":"px","size":"14","sizes":[]},"icon_typography_font_weight":"400","icon_typography_text_transform":"uppercase","icon_typography_font_style":"normal","icon_typography_text_decoration":"none","icon_typography_line_height":{"unit":"px","size":"24","sizes":[]},"icon_typography_letter_spacing":{"unit":"px","size":"0","sizes":[]}},"elements":[],"isInner":false,"widgetType":"icon-list","elType":"widget"}],"isInner":"","elType":"column"}],"isInner":"","elType":"section"}],"page_settings":{"background_background":"classic","background_color":"#FFFFFF","page_template":"elementor_header_footer"}}