{"version":"0.4","title":"15536","type":"page","content":[{"id":"53b41449","settings":{"height":"min-height","custom_height":{"unit":"px","size":"80","sizes":[]},"margin":{"unit":"px","top":"0","right":"0","bottom":"-80","left":"0","isLinked":""},"z_index":"9999","gap":"no","content_position":"middle","padding_tablet":{"unit":"%","top":"","right":"","bottom":"","left":"","isLinked":"1"},"_title":"Header","__globals__":{"background_color":""},"layout":"full_width","padding":{"unit":"%","top":"0","right":"3","bottom":"0","left":"3","isLinked":""},"structure":"20","_timestamp_":"v1RldrWUFIdzRDazhJUGVVMVEzdndOdz09"},"elements":[{"id":"47b62b21","settings":{"_column_size":"50","_inline_size_mobile":"20"},"elements":[{"id":"611aac12","settings":{"image":{"id":1194,"url":"https:\/\/library.elementor.com\/wp-content\/uploads\/2020\/11\/A-Logo-19102020.svg"},"image_size":"full","align":"left","link_to":"custom","width_mobile":{"unit":"%","size":"50","sizes":[]},"_element_width":"auto","__dynamic__":{"link":"[elementor-tag id=\"aadf38b\" name=\"site-url\" settings=\"%7B%7D\"]"}},"elements":[],"isInner":false,"widgetType":"image","elType":"widget"}],"isInner":"","elType":"column"},{"id":"48a2253f","settings":{"_column_size":"50","_inline_size_mobile":"80","align":"flex-end"},"elements":[{"id":"24b821f4","settings":{"selected_icon":{"value":{"id":1195,"url":"https:\/\/library.elementor.com\/wp-content\/uploads\/2020\/11\/Menu.svg"},"library":"svg"},"align":"","hover_animation":"wobble-skew","size":{"unit":"px","size":"45","sizes":[]},"_margin":{"unit":"px","top":"0","right":"0","bottom":"-7","left":"30","isLinked":""},"_element_width":"auto","__dynamic__":{"link":"[elementor-tag id=\"0c270fa\" name=\"popup\" settings=\"%7B%22popup%22%3A%22174%22%7D\"]"},"__globals__":{"primary_color":""},"size_mobile":{"unit":"px","size":"37","sizes":[]},"primary_color":"#141313","_margin_mobile":{"unit":"px","top":"0","right":"0","bottom":"-7","left":"15","isLinked":""}},"elements":[],"isInner":false,"widgetType":"icon","elType":"widget"}],"isInner":"","elType":"column"}],"isInner":"","elType":"section"}],"page_settings":{"background_background":"classic","background_color":"#FFFFFF","page_template":"elementor_header_footer"}}