{"version":"0.4","title":"15545","type":"page","content":[{"id":"2ba59d02","settings":{"motion_fx_motion_fx_scrolling":"yes","motion_fx_scale_speed":{"unit":"px","size":"-2","sizes":[]},"motion_fx_transform_origin_x":"left","motion_fx_transform_origin_y":"top","layout":"full_width","gap":"no","height":"min-height","custom_height":{"unit":"vh","size":"100","sizes":[]},"column_position":"stretch","content_position":"middle","structure":"20","padding":{"unit":"%","top":"","right":"","bottom":"","left":"","isLinked":"1"},"custom_height_tablet":{"unit":"vh","size":"","sizes":[]},"border_width_tablet":{"unit":"px","top":"0","right":"1","bottom":"0","left":"0","isLinked":""},"margin_tablet":{"unit":"px","top":"","right":"0","bottom":"","left":"0","isLinked":"1"},"custom_height_mobile":{"unit":"vh","size":"100","sizes":[]},"_title":"Hero","_timestamp_":"v1RldrWUFIdzRDazhJUGVVMVEzdndOdz09"},"elements":[{"id":"2daad4d6","settings":{"_column_size":"50","__globals__":{"background_color":"globals\/colors?id=82e7690"},"_inline_size":"58.978","margin":{"unit":"%","top":"","right":"","bottom":"","left":"","isLinked":"1"},"padding":{"unit":"%","top":"","right":"","bottom":"","left":"","isLinked":"1"},"_inline_size_tablet":"100","border_width_tablet":{"unit":"px","top":"0","right":"1","bottom":"0","left":"0","isLinked":""},"padding_tablet":{"unit":"%","top":"","right":"","bottom":"","left":"","isLinked":"1"},"space_between_widgets":"0"},"elements":[{"id":"2e5e54fc","settings":{"__dynamic__":{"image":"[elementor-tag id=\"\" name=\"post-featured-image\" settings=\"%7B%22fallback%22%3A%7B%22url%22%3A%22%22%2C%22id%22%3A%22%22%7D%7D\"]"},"image_size":"full","align":"left","width":{"unit":"vw","size":"37","sizes":[]},"_z_index":"1","_element_custom_width":{"unit":"vw","size":"40","sizes":[]},"width_tablet":{"unit":"%","size":"90","sizes":[]},"_margin_mobile":{"unit":"%","top":"","right":"","bottom":"","left":"","isLinked":"1"},"image":{"id":"1186","url":"https:\/\/library.elementor.com\/wp-content\/uploads\/2020\/11\/placeholder.png"}},"elements":[],"isInner":false,"widgetType":"theme-post-featured-image","elType":"widget"},{"id":"3eeb9921","settings":{"space":{"unit":"px","size":"230","sizes":[]},"_margin":{"unit":"px","top":"-290","right":"0","bottom":"0","left":"0","isLinked":""},"_background_background":"classic","_element_width":"initial","_element_custom_width":{"unit":"vw","size":"41","sizes":[]},"__globals__":{"_background_color":""},"_element_width_tablet":"initial","_element_custom_width_tablet":{"unit":"%","size":"97","sizes":[]},"motion_fx_translateY_effect":"yes","motion_fx_translateY_affectedRange":{"unit":"%","size":"","sizes":{"start":"50","end":"100"}},"_background_color":"#E86B18","_margin_mobile":{"unit":"px","top":"-250","right":"0","bottom":"0","left":"0","isLinked":""}},"elements":[],"isInner":false,"widgetType":"spacer","elType":"widget"}],"isInner":"","elType":"column"},{"id":"7ea38486","settings":{"_column_size":"50","border_width":{"unit":"px","top":"0","right":"1","bottom":"0","left":"1","isLinked":""},"__globals__":{"border_color":"globals\/colors?id=81d0100"},"_inline_size":"41","margin":{"unit":"%","top":"","right":"","bottom":"","left":"","isLinked":"1"},"_inline_size_tablet":"100","margin_tablet":{"unit":"%","top":"0","right":"0","bottom":"0","left":"6","isLinked":""},"padding_tablet":{"unit":"%","top":"","right":"","bottom":"","left":"","isLinked":"1"},"padding":{"unit":"%","top":"","right":"","bottom":"","left":"","isLinked":"1"}},"elements":[{"id":"58c94174","settings":{"layout":"full_width","gap":"no","margin":{"unit":"px","top":"0","right":"0","bottom":"0","left":"0","isLinked":"1"},"margin_tablet":{"unit":"%","top":"-30","right":"0","bottom":"0","left":"0","isLinked":""},"padding":{"unit":"%","top":"","right":"","bottom":"","left":"","isLinked":"1"},"padding_tablet":{"unit":"%","top":"0","right":"6","bottom":"0","left":"0","isLinked":""},"margin_mobile":{"unit":"%","top":"-40","right":"0","bottom":"0","left":"0","isLinked":""},"z_index":"2"},"elements":[{"id":"591915fa","settings":{"_column_size":"100","margin":{"unit":"%","top":"0","right":"0","bottom":"0","left":"-18","isLinked":""},"margin_tablet":{"unit":"px","top":"0","right":"0","bottom":"0","left":"0","isLinked":""}},"elements":[{"id":"aab249","settings":{"icon_list":[{"selected_icon":{"value":"fas fa-calendar","library":"fa-solid"},"_id":"9386bee","custom_date_format":"F j, Y","custom_time_format":"g:i a","link":"","show_icon":"none","comments_custom_strings":""}],"space_between":{"unit":"px","size":"0","sizes":[]},"icon_size":{"unit":"px","size":"0","sizes":[]},"text_indent":{"unit":"px","size":"0","sizes":[]},"_padding":{"unit":"px","top":"5","right":"20","bottom":"5","left":"20","isLinked":""},"_background_background":"classic","_element_width":"auto","__globals__":{"_background_color":"","text_color":""},"icon_color":"#141313","text_color":"#FFFFFF","icon_typography_typography":"custom","icon_typography_font_family":"Roboto","icon_typography_font_size":{"unit":"px","size":"16","sizes":[]},"icon_typography_font_size_tablet":{"unit":"px","size":"14","sizes":[]},"icon_typography_font_size_mobile":{"unit":"px","size":"14","sizes":[]},"icon_typography_font_weight":"400","icon_typography_text_transform":"none","icon_typography_font_style":"normal","icon_typography_text_decoration":"none","icon_typography_line_height":{"unit":"px","size":"24","sizes":[]},"icon_typography_line_height_tablet":{"unit":"px","size":"21","sizes":[]},"icon_typography_letter_spacing":{"unit":"px","size":"0","sizes":[]},"_background_color":"#E86B18"},"elements":[],"isInner":false,"widgetType":"post-info","elType":"widget"},{"id":"29da77df","settings":{"__dynamic__":{"title":"[elementor-tag id=\"\" name=\"post-title\" settings=\"%7B%22before%22%3A%22%22%2C%22after%22%3A%22%22%2C%22fallback%22%3A%22%22%7D\"]"},"title":"Add Your Heading Text Here","header_size":"h2","__globals__":{"typography_typography":""},"title_color":"#141313","typography_typography":"custom","typography_font_family":"Poppins","typography_font_size":{"unit":"px","size":"75","sizes":[]},"typography_font_size_tablet":{"unit":"px","size":"45","sizes":[]},"typography_font_size_mobile":{"unit":"px","size":"32","sizes":[]},"typography_font_weight":"700","typography_text_transform":"none","typography_font_style":"normal","typography_text_decoration":"underline","typography_line_height":{"unit":"px","size":"105","sizes":[]},"typography_line_height_tablet":{"unit":"px","size":"60","sizes":[]},"typography_line_height_mobile":{"unit":"px","size":"42","sizes":[]},"typography_letter_spacing":{"unit":"px","size":"0","sizes":[]}},"elements":[],"isInner":false,"widgetType":"theme-post-title","elType":"widget"}],"isInner":"1","elType":"column"}],"isInner":"1","elType":"section"},{"id":"4d644f81","settings":{"space":{"unit":"px","size":"390","sizes":[]},"_background_background":"classic","__globals__":{"_background_color":""},"space_tablet":{"unit":"px","size":"145","sizes":[]},"space_mobile":{"unit":"px","size":"80","sizes":[]},"_margin":{"unit":"%","top":"0","right":"0","bottom":"0","left":"25","isLinked":""},"_margin_tablet":{"unit":"%","top":"0","right":"0","bottom":"0","left":"48","isLinked":""},"_margin_mobile":{"unit":"%","top":"15","right":"0","bottom":"0","left":"55","isLinked":""},"_position":"absolute","_offset_orientation_h":"end","_offset_x":{"unit":"%","size":"","sizes":[]},"_offset_y":{"unit":"%","size":"50","sizes":[]},"_offset_y_tablet":{"unit":"%","size":"10","sizes":[]},"_offset_x_end_tablet":{"unit":"px","size":"0","sizes":[]},"_offset_x_end_mobile":{"unit":"%","size":"","sizes":[]},"_background_color":"#E9E9E9"},"elements":[],"isInner":false,"widgetType":"spacer","elType":"widget"}],"isInner":"","elType":"column"}],"isInner":"","elType":"section"},{"id":"3a72e2cd","settings":{"motion_fx_motion_fx_scrolling":"yes","motion_fx_scale_speed":{"unit":"px","size":"-2","sizes":[]},"motion_fx_transform_origin_x":"left","motion_fx_transform_origin_y":"top","layout":"full_width","gap":"no","custom_height":{"unit":"vh","size":"100","sizes":[]},"column_position":"stretch","structure":"20","padding":{"unit":"%","top":"0","right":"3","bottom":"0","left":"0","isLinked":""},"custom_height_tablet":{"unit":"vh","size":"80","sizes":[]},"border_width_tablet":{"unit":"px","top":"0","right":"1","bottom":"0","left":"0","isLinked":""},"margin_tablet":{"unit":"px","top":"","right":"0","bottom":"","left":"0","isLinked":"1"},"_title":"The Post","margin":{"unit":"%","top":"15","right":"0","bottom":"0","left":"0","isLinked":""},"padding_tablet":{"unit":"%","top":"","right":"","bottom":"","left":"","isLinked":"1"},"_timestamp_":"v1RldrWUFIdzRDazhJUGVVMVEzdndOdz09"},"elements":[{"id":"3abf7818","settings":{"_column_size":"50","__globals__":{"background_color":"globals\/colors?id=82e7690","border_color":"globals\/colors?id=81d0100"},"_inline_size":"70.975","margin":{"unit":"%","top":"","right":"","bottom":"","left":"","isLinked":"1"},"padding":{"unit":"%","top":"","right":"","bottom":"","left":"","isLinked":"1"},"_inline_size_tablet":"70","margin_tablet":{"unit":"%","top":"","right":"","bottom":"","left":"","isLinked":"1"},"border_width_tablet":{"unit":"px","top":"0","right":"1","bottom":"0","left":"1","isLinked":""},"padding_tablet":{"unit":"%","top":"","right":"","bottom":"","left":"","isLinked":"1"},"border_width":{"unit":"px","top":"0","right":"0","bottom":"0","left":"0","isLinked":""},"_title":"Column"},"elements":[{"id":"4888738b","settings":{"space":{"unit":"px","size":"400","sizes":[]},"_margin":{"unit":"%","top":"-15","right":"0","bottom":"0","left":"0","isLinked":""},"_background_background":"classic","_element_width":"initial","_element_custom_width":{"unit":"%","size":"67","sizes":[]},"_position":"absolute","__globals__":{"_background_color":""},"space_tablet":{"unit":"px","size":"185","sizes":[]},"_margin_tablet":{"unit":"px","top":"0","right":"0","bottom":"0","left":"0","isLinked":""},"_element_custom_width_tablet":{"unit":"%","size":"78","sizes":[]},"space_mobile":{"unit":"px","size":"150","sizes":[]},"_background_color":"#E9E9E9"},"elements":[],"isInner":false,"widgetType":"spacer","elType":"widget"},{"id":"4e7ba5a8","settings":{"layout":"full_width","gap":"no","margin_tablet":{"unit":"%","top":"","right":"0","bottom":"","left":"0","isLinked":"1"},"padding":{"unit":"%","top":"0","right":"5","bottom":"0","left":"5","isLinked":""},"padding_tablet":{"unit":"%","top":"0","right":"6","bottom":"0","left":"6","isLinked":""},"z_index":"1","padding_mobile":{"unit":"%","top":"0","right":"0","bottom":"0","left":"6","isLinked":""}},"elements":[{"id":"4d0ee19f","settings":{"_column_size":"100"},"elements":[{"id":"4d32280f","settings":{"_margin":{"unit":"%","top":"","right":"","bottom":"","left":"","isLinked":"1"},"_padding":{"unit":"%","top":"","right":"","bottom":"","left":"","isLinked":"1"},"text_color":"#686868","typography_typography":"custom","typography_font_family":"Roboto","typography_font_size":{"unit":"px","size":"16","sizes":[]},"typography_font_size_tablet":{"unit":"px","size":"14","sizes":[]},"typography_font_size_mobile":{"unit":"px","size":"14","sizes":[]},"typography_font_weight":"400","typography_text_transform":"none","typography_font_style":"normal","typography_text_decoration":"none","typography_line_height":{"unit":"px","size":"24","sizes":[]},"typography_line_height_tablet":{"unit":"px","size":"21","sizes":[]},"typography_letter_spacing":{"unit":"px","size":"0","sizes":[]}},"elements":[],"isInner":false,"widgetType":"theme-post-content","elType":"widget"},{"id":"1deccf72","settings":{"prev_label":"Older Stories","next_label":"Newer Stories","arrow":"fa fa-long-arrow-left","show_title":"","show_borders":"","in_same_term":[],"post_taxonomy":"category","label_color":"#E86B18","_border_border":"solid","_border_width":{"unit":"px","top":"1","right":"0","bottom":"0","left":"0","isLinked":""},"_border_color":"#E86B18","__globals__":{"_border_color":"","label_color":"","label_typography_typography":"","label_hover_color":"","arrow_color":""},"label_typography_line_height":{"unit":"px","size":"","sizes":[]},"label_typography_line_height_tablet":{"unit":"em","size":"","sizes":[]},"arrow_size":{"unit":"px","size":"25","sizes":[]},"arrow_padding":{"unit":"px","size":"8","sizes":[]},"_margin":{"unit":"%","top":"5","right":"0","bottom":"0","left":"0","isLinked":""},"_padding":{"unit":"px","top":"30","right":"0","bottom":"30","left":"0","isLinked":""},"_padding_tablet":{"unit":"px","top":"20","right":"0","bottom":"0","left":"0","isLinked":""},"label_hover_color":"#141313","label_typography_typography":"custom","label_typography_font_family":"Poppins","label_typography_font_size":{"unit":"px","size":"16","sizes":[]},"label_typography_font_size_tablet":{"unit":"px","size":"14","sizes":[]},"label_typography_font_size_mobile":{"unit":"px","size":"14","sizes":[]},"label_typography_font_weight":"bold","label_typography_text_transform":"capitalize","label_typography_font_style":"normal","label_typography_text_decoration":"underline","label_typography_letter_spacing":{"unit":"px","size":"0","sizes":[]},"arrow_color":"#E9E9E9","label_typography_line_height_mobile":{"unit":"em","size":"","sizes":[]}},"elements":[],"isInner":false,"widgetType":"post-navigation","elType":"widget"},{"id":"5650a66a","settings":{"title":"Share :","header_size":"p","_element_width":"auto","_element_vertical_align":"center","__globals__":{"typography_typography":""},"title_color":"#141313","typography_typography":"custom","typography_font_family":"Roboto","typography_font_size":{"unit":"px","size":"16","sizes":[]},"typography_font_size_tablet":{"unit":"px","size":"14","sizes":[]},"typography_font_size_mobile":{"unit":"px","size":"14","sizes":[]},"typography_font_weight":"400","typography_text_transform":"uppercase","typography_font_style":"normal","typography_text_decoration":"none","typography_line_height":{"unit":"px","size":"24","sizes":[]},"typography_letter_spacing":{"unit":"px","size":"0","sizes":[]}},"elements":[],"isInner":false,"widgetType":"heading","elType":"widget"},{"id":"7b73ed2f","settings":{"share_buttons":[{"button":"twitter","_id":"af8af49"},{"button":"telegram","_id":"2aa6240"},{"_id":"139c666","button":"whatsapp"}],"view":"text","skin":"flat","row_gap":{"unit":"px","size":"0","sizes":[]},"button_size":{"unit":"px","size":"0.5","sizes":[]},"button_height":{"unit":"px","size":"","sizes":[]},"color_source":"custom","_element_width":"auto","_element_vertical_align":"center","__globals__":{"primary_color":"","secondary_color":"","typography_typography":"","secondary_color_hover":""},"column_gap_mobile":{"unit":"px","size":"6","sizes":[]},"primary_color":"#FFFFFF00","secondary_color":"#686868","secondary_color_hover":"#E86B18","typography_typography":"custom","typography_font_family":"Roboto","typography_font_size":{"unit":"px","size":"16","sizes":[]},"typography_font_size_tablet":{"unit":"px","size":"14","sizes":[]},"typography_font_size_mobile":{"unit":"px","size":"14","sizes":[]},"typography_font_weight":"400","typography_text_transform":"uppercase","typography_font_style":"normal","typography_text_decoration":"none","typography_letter_spacing":{"unit":"px","size":"0","sizes":[]},"typography_line_height":{"unit":"px","size":"24","sizes":[]},"typography_line_height_tablet":{"unit":"em","size":"","sizes":[]},"typography_line_height_mobile":{"unit":"em","size":"","sizes":[]}},"elements":[],"isInner":false,"widgetType":"share-buttons","elType":"widget"}],"isInner":"1","elType":"column"}],"isInner":"1","elType":"section"}],"isInner":"","elType":"column"},{"id":"f7f5d35","settings":{"_column_size":"50","border_width":{"unit":"px","top":"0","right":"1","bottom":"0","left":"1","isLinked":""},"__globals__":{"border_color":"globals\/colors?id=81d0100"},"_inline_size":"29","margin":{"unit":"px","top":"16","right":"0","bottom":"0","left":"0","isLinked":""},"_inline_size_tablet":"30","margin_tablet":{"unit":"px","top":"14","right":"0","bottom":"0","left":"0","isLinked":""},"padding_tablet":{"unit":"%","top":"0","right":"0","bottom":"0","left":"6","isLinked":""},"padding":{"unit":"%","top":"0","right":"0","bottom":"0","left":"20","isLinked":""},"padding_mobile":{"unit":"%","top":"10","right":"3","bottom":"15","left":"6","isLinked":""},"_title":"Side Bar"},"elements":[{"id":"624327ba","settings":{"layout":"full_width","gap":"no","background_background":"classic","margin":{"unit":"px","top":"0","right":"0","bottom":"0","left":"0","isLinked":""},"__globals__":{"background_color":""},"padding":{"unit":"px","top":"65","right":"40","bottom":"65","left":"40","isLinked":""},"content_width":{"unit":"px","size":"430","sizes":[]},"padding_tablet":{"unit":"px","top":"35","right":"20","bottom":"35","left":"20","isLinked":""},"sticky_on":["desktop","tablet"],"background_color":"#E86B18"},"elements":[{"id":"42d9eeb","settings":{"_column_size":"100"},"elements":[{"id":"11992b77","settings":{"title":"Join The Ride","__globals__":{"typography_typography":"","title_color":""},"header_size":"h3","align":"center","title_color":"#FFFFFF","typography_typography":"custom","typography_font_family":"Poppins","typography_font_size":{"unit":"px","size":"40","sizes":[]},"typography_font_size_tablet":{"unit":"px","size":"32","sizes":[]},"typography_font_size_mobile":{"unit":"px","size":"22","sizes":[]},"typography_font_weight":"700","typography_text_transform":"none","typography_font_style":"normal","typography_text_decoration":"underline","typography_line_height":{"unit":"px","size":"50","sizes":[]},"typography_line_height_tablet":{"unit":"px","size":"42","sizes":[]},"typography_line_height_mobile":{"unit":"px","size":"32","sizes":[]},"typography_letter_spacing":{"unit":"px","size":"0","sizes":[]}},"elements":[],"isInner":false,"widgetType":"heading","elType":"widget"},{"id":"6e0bd086","settings":{"editor":"<p>Subscribe to our fortnightly newsletter with stories from our latest adventures and the best travel tips<\/p>","align":"center","__globals__":{"text_color":""},"text_color":"#FFFFFF","typography_typography":"custom","typography_font_family":"Roboto","typography_font_size":{"unit":"px","size":"16","sizes":[]},"typography_font_size_tablet":{"unit":"px","size":"14","sizes":[]},"typography_font_size_mobile":{"unit":"px","size":"14","sizes":[]},"typography_font_weight":"400","typography_text_transform":"none","typography_font_style":"normal","typography_text_decoration":"none","typography_line_height":{"unit":"px","size":"24","sizes":[]},"typography_line_height_tablet":{"unit":"px","size":"21","sizes":[]},"typography_letter_spacing":{"unit":"px","size":"0","sizes":[]}},"elements":[],"isInner":false,"widgetType":"text-editor","elType":"widget"},{"id":"546ec3a1","settings":{"form_name":"Blog Newsletter Form","form_fields":[{"custom_id":"email","field_type":"email","required":"true","field_label":"Email","placeholder":"Email","_id":"2885e93","rows":"4","file_sizes":"","file_types":"","allow_multiple_upload":"","max_files":"","acceptance_text":"","checked_by_default":"","field_min":"","field_max":"","min_date":"","max_date":"","use_native_date":"","use_native_time":"","previous_button":"","next_button":""}],"show_labels":"","step_next_label":"Next","step_previous_label":"Previous","button_text":"SUBSCRIBE","email_content":"[all-fields]","email_content_2":"[all-fields]","success_message":"The form was sent successfully.","error_message":"An error occurred.","required_field_message":"This field is required.","invalid_message":"There's something wrong. The form is invalid.","row_gap":{"unit":"px","size":"20","sizes":[]},"field_background_color":"","field_border_width":{"unit":"px","top":"0","right":"0","bottom":"1","left":"0","isLinked":""},"field_border_radius":{"unit":"px","top":"0","right":"0","bottom":"0","left":"0","isLinked":"1"},"button_border_radius":{"unit":"px","top":"0","right":"0","bottom":"0","left":"0","isLinked":"1"},"button_text_padding":{"unit":"px","top":"15","right":"35","bottom":"15","left":"35","isLinked":""},"_margin":{"unit":"%","top":"","right":"","bottom":"","left":"","isLinked":"1"},"_margin_tablet":{"unit":"%","top":"","right":"","bottom":"","left":"","isLinked":"1"},"__globals__":{"field_text_color":"","field_typography_typography":"","field_border_color":"","button_text_color":"","button_background_hover_color":"","success_message_color":"","error_message_color":"","button_background_color":"","button_border_color":"","button_hover_color":""},"_margin_mobile":{"unit":"%","top":"","right":"","bottom":"","left":"","isLinked":"1"},"button_border_border":"solid","button_border_width":{"unit":"px","top":"1","right":"1","bottom":"1","left":"1","isLinked":"1"},"button_align":"center","_padding":{"unit":"%","top":"","right":"","bottom":"","left":"","isLinked":"1"},"_padding_mobile":{"unit":"%","top":"0","right":"10","bottom":"0","left":"10","isLinked":""},"field_text_color":"#FFFFFF","field_typography_typography":"custom","field_typography_font_family":"Roboto","field_typography_font_size":{"unit":"px","size":"16","sizes":[]},"field_typography_font_size_tablet":{"unit":"px","size":"14","sizes":[]},"field_typography_font_size_mobile":{"unit":"px","size":"14","sizes":[]},"field_typography_font_weight":"400","field_typography_text_transform":"none","field_typography_font_style":"normal","field_typography_text_decoration":"none","field_typography_line_height":{"unit":"px","size":"24","sizes":[]},"field_typography_line_height_tablet":{"unit":"px","size":"21","sizes":[]},"field_typography_letter_spacing":{"unit":"px","size":"0","sizes":[]},"field_border_color":"#FFFFFF","button_typography_typography":"custom","button_typography_font_family":"Poppins","button_typography_font_size":{"unit":"px","size":"12","sizes":[]},"button_typography_font_size_mobile":{"unit":"px","size":"12","sizes":[]},"button_typography_font_weight":"400","button_typography_text_transform":"uppercase","button_typography_font_style":"normal","button_typography_text_decoration":"none","button_typography_line_height_mobile":{"unit":"px","size":"","sizes":[]},"button_typography_letter_spacing":{"unit":"px","size":"0","sizes":[]},"button_typography_letter_spacing_mobile":{"unit":"px","size":"0","sizes":[]},"button_background_color":"#FFFFFF","button_text_color":"#141313","button_border_color":"#FFFFFF","button_background_hover_color":"#FFFFFF00","button_hover_color":"#FFFFFF","message_typography_typography":"custom","message_typography_font_family":"Roboto","message_typography_font_size":{"unit":"px","size":"16","sizes":[]},"message_typography_font_size_tablet":{"unit":"px","size":"14","sizes":[]},"message_typography_font_size_mobile":{"unit":"px","size":"14","sizes":[]},"message_typography_font_weight":"400","message_typography_text_transform":"none","message_typography_font_style":"normal","message_typography_text_decoration":"none","message_typography_line_height":{"unit":"px","size":"24","sizes":[]},"message_typography_line_height_tablet":{"unit":"px","size":"21","sizes":[]},"message_typography_letter_spacing":{"unit":"px","size":"0","sizes":[]},"success_message_color":"#FFFFFF","error_message_color":"#FFFFFF"},"elements":[],"isInner":false,"widgetType":"form","elType":"widget"}],"isInner":"1","elType":"column"}],"isInner":"1","elType":"section"},{"id":"26debc9d","settings":{"image":{"id":1190,"url":"https:\/\/library.elementor.com\/wp-content\/uploads\/2020\/11\/Newsletter-Block-Sidebar.jpg"},"image_size":"full","width":{"unit":"%","size":"100","sizes":[]}},"elements":[],"isInner":false,"widgetType":"image","elType":"widget"}],"isInner":"","elType":"column"}],"isInner":"","elType":"section"},{"id":"62a8db05","settings":{"layout":"full_width","gap":"no","background_background":"classic","margin":{"unit":"%","top":"15","right":"0","bottom":"0","left":"0","isLinked":""},"padding":{"unit":"%","top":"5","right":"0","bottom":"5","left":"0","isLinked":""},"padding_mobile":{"unit":"%","top":"20","right":"0","bottom":"20","left":"0","isLinked":""},"__globals__":{"background_color":""},"_title":"Comments","background_color":"#E9E9E9","_timestamp_":"v1RldrWUFIdzRDazhJUGVVMVEzdndOdz09"},"elements":[{"id":"24f14c61","settings":{"_column_size":"100"},"elements":[{"id":"79c82b0e","settings":{"space":{"unit":"px","size":"280","sizes":[]},"_background_background":"classic","_element_width":"initial","_element_custom_width":{"unit":"px","size":"78","sizes":[]},"__globals__":{"_background_color":""},"_element_custom_width_tablet":{"unit":"%","size":"97","sizes":[]},"space_mobile":{"unit":"px","size":"180","sizes":[]},"_element_width_mobile":"initial","_element_custom_width_mobile":{"unit":"px","size":"30","sizes":[]},"_position":"absolute","_background_color":"#E86B18"},"elements":[],"isInner":false,"widgetType":"spacer","elType":"widget"},{"id":"5391c96f","settings":{"_skin":"theme_comments","_margin":{"unit":"%","top":"0","right":"30","bottom":"0","left":"30","isLinked":""},"_margin_tablet":{"unit":"%","top":"0","right":"20","bottom":"0","left":"20","isLinked":""},"_margin_mobile":{"unit":"%","top":"0","right":"15","bottom":"0","left":"15","isLinked":""},"_padding":{"unit":"%","top":"","right":"","bottom":"","left":"","isLinked":"1"},"_padding_mobile":{"unit":"%","top":"","right":"","bottom":"","left":"","isLinked":"1"}},"elements":[],"isInner":false,"widgetType":"post-comments","elType":"widget"}],"isInner":"","elType":"column"}],"isInner":"","elType":"section"},{"id":"625f17ee","settings":{"layout":"full_width","gap":"no","margin":{"unit":"%","top":"10","right":"0","bottom":"10","left":"0","isLinked":""},"margin_tablet":{"unit":"%","top":"20","right":"0","bottom":"20","left":"0","isLinked":""},"margin_mobile":{"unit":"%","top":"30","right":"0","bottom":"30","left":"0","isLinked":""},"padding":{"unit":"%","top":"0","right":"25","bottom":"0","left":"25","isLinked":""},"padding_tablet":{"unit":"%","top":"0","right":"6","bottom":"0","left":"6","isLinked":""},"_title":"Related Posts","_timestamp_":"v1RldrWUFIdzRDazhJUGVVMVEzdndOdz09"},"elements":[{"id":"dba95ed","settings":{"_column_size":"100"},"elements":[{"id":"7c373328","settings":{"title":"More Adventures","align":"center","__globals__":{"typography_typography":""},"title_color":"#141313","typography_typography":"custom","typography_font_family":"Poppins","typography_font_size":{"unit":"px","size":"75","sizes":[]},"typography_font_size_tablet":{"unit":"px","size":"45","sizes":[]},"typography_font_size_mobile":{"unit":"px","size":"32","sizes":[]},"typography_font_weight":"700","typography_text_transform":"none","typography_font_style":"normal","typography_text_decoration":"underline","typography_line_height":{"unit":"px","size":"105","sizes":[]},"typography_line_height_tablet":{"unit":"px","size":"60","sizes":[]},"typography_line_height_mobile":{"unit":"px","size":"42","sizes":[]},"typography_letter_spacing":{"unit":"px","size":"0","sizes":[]}},"elements":[],"isInner":false,"widgetType":"heading","elType":"widget"},{"id":"20b228c","settings":{"classic_meta_separator":"\/","classic_read_more_text":"Read More \u00bb","cards_meta_separator":"\/","cards_read_more_text":"Read More \u00bb","full_content_meta_separator":"\/\/\/","pagination_page_limit":"5","pagination_prev_label":"&laquo; Previous","pagination_next_label":"Next &raquo;","classic_columns":"2","classic_posts_per_page":"4","classic_thumbnail_size_size":"full","_skin":"cards","classic_item_ratio":{"unit":"px","size":"1","sizes":[]},"classic_title_tag":"h4","classic_show_read_more":"","cards_thumbnail_size_size":"full","cards_item_ratio":{"unit":"px","size":"1","sizes":[]},"cards_show_read_more":"","cards_badge_taxonomy":"post_tag","cards_show_avatar":"","posts_include":[],"posts_include_term_ids":["1"],"posts_avoid_duplicates":"yes","cards_columns":"2","cards_posts_per_page":"2","cards_item_ratio_mobile":{"unit":"px","size":"","sizes":[]},"cards_column_gap":{"unit":"px","size":"60","sizes":[]},"cards_row_gap":{"unit":"px","size":"60","sizes":[]},"cards_card_border_radius":{"unit":"px","size":"0","sizes":[]},"cards_card_padding":{"unit":"px","size":"0","sizes":[]},"cards_card_vertical_padding":{"unit":"px","size":"0","sizes":[]},"cards_box_shadow_box_shadow_type":"","cards_hover_effect":"none","cards_badge_position":"left","cards_badge_radius":{"unit":"px","size":"0","sizes":[]},"cards_badge_size":{"unit":"px","size":"16","sizes":[]},"cards_badge_margin":{"unit":"px","size":"0","sizes":[]},"cards_title_spacing":{"unit":"px","size":"15","sizes":[]},"cards_excerpt_spacing":{"unit":"px","size":"15","sizes":[]},"__globals__":{"cards_card_bg_color":"","cards_badge_bg_color":"","cards_badge_color":"","cards_badge_typography_typography":"","cards_title_color":"","cards_meta_color":"","cards_meta_separator_color":"","cards_meta_typography_typography":"","cards_excerpt_color":""},"posts_order":"asc","cards_thumbnail_hover_filters_css_filter":"custom","cards_thumbnail_hover_filters_brightness":{"unit":"px","size":"75","sizes":[]},"posts_exclude":["current_post"],"_margin":{"unit":"%","top":"5","right":"0","bottom":"0","left":"0","isLinked":""},"cards_card_bg_color":"#FFFFFF00","cards_badge_bg_color":"#E86B18","cards_badge_color":"#FFFFFF","cards_badge_typography_typography":"custom","cards_badge_typography_font_family":"Poppins","cards_badge_typography_font_weight":"400","cards_badge_typography_text_transform":"uppercase","cards_badge_typography_font_style":"normal","cards_badge_typography_text_decoration":"none","cards_badge_typography_line_height_mobile":{"unit":"px","size":"","sizes":[]},"cards_badge_typography_letter_spacing":{"unit":"px","size":"0","sizes":[]},"cards_badge_typography_letter_spacing_mobile":{"unit":"px","size":"0","sizes":[]},"cards_title_color":"#141313","cards_title_typography_typography":"custom","cards_title_typography_font_family":"Poppins","cards_title_typography_font_size":{"unit":"px","size":"28","sizes":[]},"cards_title_typography_font_size_tablet":{"unit":"px","size":"22","sizes":[]},"cards_title_typography_font_weight":"500","cards_title_typography_text_transform":"none","cards_title_typography_font_style":"normal","cards_title_typography_text_decoration":"none","cards_title_typography_line_height":{"unit":"px","size":"36","sizes":[]},"cards_title_typography_line_height_tablet":{"unit":"px","size":"30","sizes":[]},"cards_title_typography_letter_spacing":{"unit":"px","size":"0.51","sizes":[]},"cards_meta_color":"#E86B18","cards_meta_separator_color":"#E86B18","cards_meta_typography_typography":"custom","cards_meta_typography_font_family":"Roboto","cards_meta_typography_font_size":{"unit":"px","size":"16","sizes":[]},"cards_meta_typography_font_size_tablet":{"unit":"px","size":"14","sizes":[]},"cards_meta_typography_font_size_mobile":{"unit":"px","size":"14","sizes":[]},"cards_meta_typography_font_weight":"400","cards_meta_typography_text_transform":"none","cards_meta_typography_font_style":"normal","cards_meta_typography_text_decoration":"none","cards_meta_typography_line_height":{"unit":"px","size":"24","sizes":[]},"cards_meta_typography_line_height_tablet":{"unit":"px","size":"21","sizes":[]},"cards_meta_typography_letter_spacing":{"unit":"px","size":"0","sizes":[]},"cards_excerpt_color":"#686868","cards_excerpt_typography_typography":"custom","cards_excerpt_typography_font_family":"Roboto","cards_excerpt_typography_font_size":{"unit":"px","size":"16","sizes":[]},"cards_excerpt_typography_font_size_tablet":{"unit":"px","size":"14","sizes":[]},"cards_excerpt_typography_font_size_mobile":{"unit":"px","size":"14","sizes":[]},"cards_excerpt_typography_font_weight":"400","cards_excerpt_typography_text_transform":"none","cards_excerpt_typography_font_style":"normal","cards_excerpt_typography_text_decoration":"none","cards_excerpt_typography_line_height":{"unit":"px","size":"24","sizes":[]},"cards_excerpt_typography_line_height_tablet":{"unit":"px","size":"21","sizes":[]},"cards_excerpt_typography_letter_spacing":{"unit":"px","size":"0","sizes":[]},"cards_badge_typography_font_size_mobile":{"unit":"px","size":"12","sizes":[]},"cards_badge_typography_font_size":{"unit":"px","size":"12","sizes":[]},"custom_template_list":[{"nth":1,"_id":"4fae4ef"}],"custom_meta_separator":"\/\/\/","loadmore_text":"Load More","loadmore_loading_text":"Loading..."},"elements":[],"isInner":false,"widgetType":"posts","elType":"widget"}],"isInner":"","elType":"column"}],"isInner":"","elType":"section"}],"page_settings":{"background_background":"classic","background_color":"#FFFFFF","page_template":"elementor_header_footer"}}