{"version":"0.4","title":"15827","type":"page","content":[{"id":"4461a5c2","settings":{"content_position":"middle","structure":"20","padding":{"unit":"px","top":"50","right":"0","bottom":"50","left":"0","isLinked":""},"padding_tablet":{"unit":"px","top":"50","right":"20","bottom":"50","left":"20","isLinked":""},"padding_mobile":{"unit":"px","top":"30","right":"20","bottom":"30","left":"20","isLinked":""},"_title":"Hero"},"elements":[{"id":"311dde0e","settings":{"_column_size":"50","space_between_widgets":"30"},"elements":[{"id":"206368c2","settings":{"title":"We Transform Your Vision into Creative Results","typography_typography":"custom","typography_font_size":{"unit":"px","size":"40"},"typography_font_weight":"500","typography_line_height":{"unit":"em","size":"1.3"},"title_color":"#000000","typography_font_family":"Montserrat"},"elements":[],"isInner":false,"widgetType":"heading","elType":"widget"},{"id":"15748161","settings":{"editor":"<p>I am text block. Click edit button to change this text. Lorem ipsum dolor sit amet, consectetur adipiscing elit. Ut elit tellus, luctus nec ullamcorper mattis, pulvinar dapibus leo.<\/p>","typography_typography":"custom","typography_font_family":"Montserrat"},"elements":[],"isInner":false,"widgetType":"text-editor","elType":"widget"},{"id":"2c45d27f","settings":{"text":"Launch Project","align":"left","size":"md","icon":"fa fa-long-arrow-right","icon_align":"right","icon_indent":{"unit":"px","size":"15"},"typography_typography":"custom","typography_font_family":"Montserrat","button_text_color":"#ffffff","background_color":"#ff7052","hover_color":"#ff7052","button_background_hover_color":"#ffffff","button_hover_border_color":"#ff7052","border_border":"solid","border_width":{"unit":"px","top":"1","right":"1","bottom":"1","left":"1","isLinked":"1"},"border_color":"#ff7052","border_radius":{"unit":"px","top":"50","right":"50","bottom":"50","left":"50","isLinked":"1"},"button_box_shadow_box_shadow_type":"yes","button_box_shadow_box_shadow":{"horizontal":"0","vertical":"10","blur":"30","spread":"-8","color":"rgba(0,0,0,0.16)"},"_margin":{"unit":"px","top":"70","right":"0","bottom":"0","left":"0","isLinked":""},"link":{"url":"","is_external":"","nofollow":""},"_margin_mobile":{"unit":"px","top":"0","right":"0","bottom":"0","left":"0","isLinked":""},"selected_icon":{"value":"fas fa-long-arrow-alt-right","library":"fa-solid"}},"elements":[],"isInner":false,"widgetType":"button","elType":"widget"}],"isInner":"","elType":"column"},{"id":"3cf4127e","settings":{"_column_size":"50"},"elements":[{"id":"4151fe5c","settings":{"image":{"id":17591,"url":"http:\/\/library.elementor.com\/lp\/wp-content\/uploads\/2020\/12\/img1-1.png"},"width":{"unit":"%","size":"100"},"align":"right"},"elements":[],"isInner":false,"widgetType":"image","elType":"widget"}],"isInner":"","elType":"column"}],"isInner":"","elType":"section"},{"id":"575f4547","settings":{"structure":"40","content_position":"bottom","padding":{"unit":"px","top":"40","right":"0","bottom":"40","left":"0","isLinked":""},"padding_tablet":{"unit":"px","top":"0","right":"20","bottom":"0","left":"20","isLinked":""},"_title":"Services"},"elements":[{"id":"3e70e11a","settings":{"_column_size":"25","_inline_size_mobile":"50"},"elements":[{"id":"7638c3b9","settings":{"image":{"id":17593,"url":"http:\/\/library.elementor.com\/lp\/wp-content\/uploads\/2020\/12\/icon-G_S.2.png"},"title_text":"","description_text":"Lorem Ipsum is simply dummy text of the printing","image_size":{"unit":"%","size":"20"},"text_align":"left","css_filters_css_filter":"custom","css_filters_saturate":{"unit":"px","size":"0"},"background_hover_transition":{"unit":"px","size":"0.5"},"css_filters_hover_css_filter":"custom","css_filters_hover_contrast":{"unit":"px","size":"120"},"image_opacity_hover":{"unit":"px","size":"1"},"description_typography_font_family":"Montserrat","image_opacity":{"unit":"px","size":"0.7"}},"elements":[],"isInner":false,"widgetType":"image-box","elType":"widget"}],"isInner":"","elType":"column"},{"id":"3c199301","settings":{"_column_size":"25","text_align":"left","_inline_size_mobile":"50"},"elements":[{"id":"7a1e8c33","settings":{"image":{"id":17595,"url":"http:\/\/library.elementor.com\/lp\/wp-content\/uploads\/2020\/12\/icon-G_S.1.png"},"title_text":"","description_text":"There are many variations of passages of Lorem Ipsum","image_size":{"unit":"%","size":"20"},"text_align":"left","css_filters_css_filter":"custom","css_filters_saturate":{"unit":"px","size":"0"},"background_hover_transition":{"unit":"px","size":"0.5"},"css_filters_hover_css_filter":"custom","css_filters_hover_contrast":{"unit":"px","size":"120"},"image_opacity_hover":{"unit":"px","size":"1"},"image_opacity":{"unit":"px","size":"0.7"}},"elements":[],"isInner":false,"widgetType":"image-box","elType":"widget"}],"isInner":"","elType":"column"},{"id":"4299d610","settings":{"_column_size":"25","_inline_size_mobile":"50","margin_mobile":{"unit":"px","top":"30","right":"0","bottom":"0","left":"0","isLinked":""}},"elements":[{"id":"56d9e47c","settings":{"image":{"id":17597,"url":"http:\/\/library.elementor.com\/lp\/wp-content\/uploads\/2020\/12\/icon-G_S.3.png"},"title_text":"","description_text":"Where does it come from?\nContrary to popular belief","image_size":{"unit":"%","size":"20"},"text_align":"left","css_filters_css_filter":"custom","css_filters_saturate":{"unit":"px","size":"0"},"background_hover_transition":{"unit":"px","size":"0.5"},"css_filters_hover_css_filter":"custom","css_filters_hover_contrast":{"unit":"px","size":"120"},"image_opacity_hover":{"unit":"px","size":"1"},"image_opacity":{"unit":"px","size":"0.7"}},"elements":[],"isInner":false,"widgetType":"image-box","elType":"widget"}],"isInner":"","elType":"column"},{"id":"73dcfe95","settings":{"_column_size":"25","_inline_size_mobile":"50","margin_mobile":{"unit":"px","top":"030","right":"0","bottom":"0","left":"0","isLinked":""}},"elements":[{"id":"3a2e327b","settings":{"image":{"id":17599,"url":"http:\/\/library.elementor.com\/lp\/wp-content\/uploads\/2020\/12\/icon-G_S.4.png"},"title_text":"","description_text":"Here are many variations of passages of Lorem Ipsum","image_size":{"unit":"%","size":"20"},"text_align":"left","css_filters_css_filter":"custom","css_filters_saturate":{"unit":"px","size":"0"},"background_hover_transition":{"unit":"px","size":"0.5"},"css_filters_hover_css_filter":"custom","css_filters_hover_contrast":{"unit":"px","size":"120"},"image_opacity_hover":{"unit":"px","size":"1"},"image_opacity":{"unit":"px","size":"0.7"}},"elements":[],"isInner":false,"widgetType":"image-box","elType":"widget"}],"isInner":"","elType":"column"}],"isInner":"","elType":"section"},{"id":"44054b7","settings":{"content_width":{"unit":"px","size":"800"},"background_background":"gradient","background_color":"#ebb0e7","background_color_b":"#2642D3","background_gradient_angle":{"unit":"deg","size":"140"},"background_overlay_background":"classic","background_overlay_color":"#ebb0e7","background_overlay_color_b":"#2642d3","background_overlay_gradient_angle":{"unit":"deg","size":"260"},"background_overlay_position":"top center","background_overlay_attachment":"fixed","background_overlay_opacity":{"unit":"px","size":"0.03"},"css_filters_blur":{"unit":"px","size":"3.3"},"overlay_blend_mode":"luminosity","border_width":{"unit":"px","top":"0","right":"30","bottom":"0","left":"30","isLinked":""},"border_color":"#ffffff","shape_divider_bottom_color":"#f4f4f4","margin":{"unit":"px","top":"50","right":"0","bottom":"0","left":"0","isLinked":""},"padding":{"unit":"px","top":"70","right":"0","bottom":"70","left":"0","isLinked":""},"background_overlay_repeat":"no-repeat","background_overlay_size":"cover","border_radius":{"unit":"px","top":"010","right":"010","bottom":"0","left":"0","isLinked":""},"padding_tablet":{"unit":"px","top":"50","right":"40","bottom":"50","left":"40","isLinked":""},"padding_mobile":{"unit":"px","top":"40","right":"20","bottom":"40","left":"20","isLinked":""},"_title":"CTA"},"elements":[{"id":"1ab31e23","settings":{"_column_size":"100","space_between_widgets":"30"},"elements":[{"id":"2a431131","settings":{"title":"<b>Digital Solutions<br><\/b>Boost your Success","typography_typography":"custom","typography_font_size":{"unit":"px","size":"50"},"typography_font_weight":"300","typography_line_height":{"unit":"em","size":"1.1"},"align":"center","title_color":"#ffffff","typography_text_transform":"capitalize","text_shadow_text_shadow_type":"yes","text_shadow_text_shadow":{"horizontal":"10","vertical":"10","blur":"20","color":"rgba(0,0,0,0.11)"},"typography_font_family":"Montserrat"},"elements":[],"isInner":false,"widgetType":"heading","elType":"widget"},{"id":"4ecf0158","settings":{"editor":"<p>I am text block. Click edit button to change this text. Lorem ipsum dolor sit amet, consectetur adipiscing elit. Ut elit tellus, luctus nec ullamcorper mattis, pulvinar<\/p>","typography_typography":"custom","align":"center","text_color":"#ffffff","typography_font_family":"Montserrat"},"elements":[],"isInner":false,"widgetType":"text-editor","elType":"widget"},{"id":"52925dbc","settings":{"text":"Succeed Today","align":"center","size":"md","icon":"fa fa-long-arrow-right","icon_align":"right","icon_indent":{"unit":"px","size":"15"},"typography_typography":"custom","typography_font_family":"Montserrat","button_text_color":"#373278","background_color":"#ffffff","hover_color":"#ffffff","button_background_hover_color":"rgba(255,255,255,0)","button_hover_border_color":"#ffffff","border_border":"solid","border_width":{"unit":"px","top":"1","right":"1","bottom":"1","left":"1","isLinked":"1"},"border_color":"#ffffff","border_radius":{"unit":"px","top":"50","right":"50","bottom":"50","left":"50","isLinked":"1"},"button_box_shadow_box_shadow_type":"yes","button_box_shadow_box_shadow":{"horizontal":"0","vertical":"10","blur":"30","spread":"-8","color":"rgba(0,0,0,0.16)"},"_margin":{"unit":"px","top":"050","right":"0","bottom":"0","left":"0","isLinked":""},"selected_icon":{"value":"fas fa-long-arrow-alt-right","library":"fa-solid"}},"elements":[],"isInner":false,"widgetType":"button","elType":"widget"}],"isInner":"","elType":"column"}],"isInner":"","elType":"section"},{"id":"632c62e1","settings":{"content_width":{"unit":"px","size":"900"},"background_background":"classic","background_color":"#f4f4f4","background_color_b":"#2642D3","background_gradient_angle":{"unit":"deg","size":"140"},"background_overlay_background":"classic","background_overlay_color":"#ebb0e7","background_overlay_color_b":"#2642d3","background_overlay_gradient_angle":{"unit":"deg","size":"260"},"background_overlay_position":"center center","background_overlay_attachment":"fixed","background_overlay_opacity":{"unit":"px","size":"0.02"},"css_filters_blur":{"unit":"px","size":"3.3"},"overlay_blend_mode":"luminosity","border_width":{"unit":"px","top":"0","right":"30","bottom":"0","left":"30","isLinked":""},"border_color":"#ffffff","margin":{"unit":"px","top":"0","right":"0","bottom":"0","left":"0","isLinked":"1"},"padding":{"unit":"px","top":"050","right":"0","bottom":"50","left":"0","isLinked":""},"background_overlay_size":"cover","border_radius":{"unit":"px","top":"0","right":"0","bottom":"010","left":"010","isLinked":""},"padding_tablet":{"unit":"px","top":"40","right":"40","bottom":"40","left":"40","isLinked":"1"},"padding_mobile":{"unit":"px","top":"20","right":"20","bottom":"20","left":"20","isLinked":"1"},"structure":"30","_title":"Numbers"},"elements":[{"id":"5d386800","settings":{"_column_size":"33","space_between_widgets":"30"},"elements":[{"id":"2e8dc281","settings":{"ending_number":"18","duration":"1500","title":"Themes","typography_number_typography":"custom","typography_number_font_weight":"100","typography_title_typography":"custom","typography_title_font_size":{"unit":"px","size":"17"},"starting_number":"","typography_number_font_family":"Montserrat","typography_title_font_family":"Montserrat"},"elements":[],"isInner":false,"widgetType":"counter","elType":"widget"}],"isInner":"","elType":"column"},{"id":"1b8a0db6","settings":{"_column_size":"33"},"elements":[{"id":"a3366ac","settings":{"ending_number":"1852","title":"Users","typography_number_typography":"custom","typography_number_font_weight":"100","typography_title_typography":"custom","typography_title_font_size":{"unit":"px","size":"17"},"starting_number":"","typography_number_font_family":"Montserrat","typography_title_font_family":"Montserrat"},"elements":[],"isInner":false,"widgetType":"counter","elType":"widget"}],"isInner":"","elType":"column"},{"id":"3e61106","settings":{"_column_size":"33"},"elements":[{"id":"40cf949","settings":{"ending_number":"128","duration":"2500","title":"Active Installs","typography_number_typography":"custom","typography_number_font_weight":"100","typography_title_typography":"custom","typography_title_font_size":{"unit":"px","size":"17"},"starting_number":"","typography_number_font_family":"Montserrat","typography_title_font_family":"Montserrat"},"elements":[],"isInner":false,"widgetType":"counter","elType":"widget"}],"isInner":"","elType":"column"}],"isInner":"","elType":"section"},{"id":"11a21622","settings":{"structure":"20","padding":{"unit":"px","top":"90","right":"0","bottom":"90","left":"0","isLinked":""},"padding_tablet":{"unit":"px","top":"40","right":"20","bottom":"40","left":"20","isLinked":""},"_title":"Our Team"},"elements":[{"id":"23845bcd","settings":{"_column_size":"50","_inline_size":"63.421","_inline_size_tablet":"50"},"elements":[{"id":"531a2930","settings":{"image":{"id":17601,"url":"http:\/\/library.elementor.com\/lp\/wp-content\/uploads\/2020\/12\/img2-1.png"},"align":"left","width":{"unit":"%","size":"100"}},"elements":[],"isInner":false,"widgetType":"image","elType":"widget"}],"isInner":"","elType":"column"},{"id":"2afefa40","settings":{"_column_size":"50","space_between_widgets":"30","padding":{"unit":"px","top":"50","right":"10","bottom":"10","left":"30","isLinked":""},"padding_mobile":{"unit":"px","top":"10","right":"10","bottom":"10","left":"10","isLinked":"1"}},"elements":[{"id":"7b26bbd8","settings":{"title":"Our Team","typography_typography":"custom","typography_font_size":{"unit":"px","size":"40"},"typography_font_weight":"500","typography_line_height":{"unit":"em","size":"1.3"},"title_color":"#000000","typography_font_family":"Montserrat"},"elements":[],"isInner":false,"widgetType":"heading","elType":"widget"},{"id":"1839b214","settings":{"typography_typography":"custom","typography_font_family":"Montserrat"},"elements":[],"isInner":false,"widgetType":"text-editor","elType":"widget"},{"id":"42bef92d","settings":{"color":"#ebb0e7","width":{"unit":"%","size":"25"},"align":"left","text":"Divider"},"elements":[],"isInner":false,"widgetType":"divider","elType":"widget"},{"id":"1457d6f5","settings":{"social_icon_list":[{"social":"fa fa-facebook","_id":"8984ca6","social_icon":{"value":"fab fa-facebook-f","library":"fa-brands"},"__fa4_migrated":{"social_icon":"1"}},{"social":"fa fa-twitter","_id":"6da8dbe","social_icon":{"value":"fab fa-twitter","library":"fa-brands"},"__fa4_migrated":{"social_icon":"1"}},{"social":"fa fa-instagram","_id":"f8ff6c4","social_icon":{"value":"fab fa-instagram","library":"fa-brands"},"__fa4_migrated":{"social_icon":"1"}},{"social":"fa fa-whatsapp","_id":"2190cc6","social_icon":{"value":"fab fa-whatsapp","library":"fa-brands"},"__fa4_migrated":{"social_icon":"1"}}],"align":"left","icon_color":"custom","icon_primary_color":"rgba(0,0,0,0)","icon_secondary_color":"#000000","icon_size":{"unit":"px","size":"15"},"icon_spacing":{"unit":"px","size":"19"}},"elements":[],"isInner":false,"widgetType":"social-icons","elType":"widget"}],"isInner":"","elType":"column"}],"isInner":"","elType":"section"}]}