{"version":"0.4","title":"15839","type":"page","content":[{"id":"777c51b0","settings":{"gap":"no","content_position":"bottom","structure":"20","background_background":"classic","background_image":{"id":17373,"url":"http:\/\/library.elementor.com\/lp\/wp-content\/uploads\/2021\/01\/482174_PR_122___SI___29_04_14_617-m-kari-shea-180802-1-Mask-Copy-2.png"},"background_overlay_background":"classic","background_overlay_position":"top left","background_overlay_repeat":"no-repeat","background_overlay_opacity":{"unit":"px","size":"1"},"padding":{"unit":"px","top":"0","right":"0","bottom":"0","left":"0","isLinked":""},"padding_tablet":{"unit":"px","top":"0","right":"30","bottom":"0","left":"30","isLinked":""},"_title":"Hero","_timestamp_":"v1b1BCenZXN2gxUTBqb0JJSWxJTVlPZz09"},"elements":[{"id":"3a04ae99","settings":{"_column_size":"50","margin":{"unit":"%","top":"0","right":"0","bottom":"0","left":"0","isLinked":""},"margin_tablet":{"unit":"px","top":"0","right":"0","bottom":"0","left":"0","isLinked":"1"},"padding_tablet":{"unit":"px","top":"0","right":"0","bottom":"0","left":"0","isLinked":"1"}},"elements":[{"id":"5103fc04","settings":{"image":{"id":17369,"url":"http:\/\/library.elementor.com\/lp\/wp-content\/uploads\/2021\/01\/Group-36-1.png"},"_margin":{"unit":"px","top":"0","right":"-100","bottom":"150","left":"-100","isLinked":""},"_margin_tablet":{"unit":"px","top":"0","right":"-100","bottom":"100","left":"-100","isLinked":""},"_margin_mobile":{"unit":"px","top":"0","right":"0","bottom":"30","left":"-130","isLinked":""},"_padding_mobile":{"unit":"px","top":"0","right":"0","bottom":"0","left":"0","isLinked":""}},"elements":[],"isInner":false,"widgetType":"image","elType":"widget"},{"id":"4c292103","settings":{"title":"Professional <span style=\"color:#0076FF\">Excellence<\/span>","title_color":"#000000","typography_typography":"custom","typography_font_size":{"unit":"px","size":"43"},"typography_font_family":"Roboto","_padding":{"unit":"px","top":"0","right":"0","bottom":"0","left":"0","isLinked":""},"header_size":"h1","typography_font_size_tablet":{"unit":"px","size":"32"},"typography_font_size_mobile":{"unit":"px","size":"40"},"align_mobile":"center","typography_line_height_mobile":{"unit":"em","size":"1.1"}},"elements":[],"isInner":false,"widgetType":"heading","elType":"widget"},{"id":"21e64987","settings":{"title":"in Sports, Spine, Muscle &amp; Joint Care","title_color":"#000000","typography_typography":"custom","typography_font_size":{"unit":"px","size":"28"},"typography_font_family":"Roboto","typography_font_weight":"500","_margin":{"unit":"px","top":"-5","right":"0","bottom":"0","left":"0","isLinked":""},"typography_font_size_tablet":{"unit":"px","size":"21"},"typography_font_size_mobile":{"unit":"px","size":"18"},"align_mobile":"center"},"elements":[],"isInner":false,"widgetType":"heading","elType":"widget"},{"id":"4e949689","settings":{"editor":"<p class=\"p1\">Dr Leibovitz's clinic provides innovative, hands on solutions to eliminate pain and solving back and joint pain. The clinic combines years of experience and new technologies.<\/p>","text_color":"#000000","typography_typography":"custom","typography_font_size":{"unit":"px","size":"19"},"typography_font_family":"Roboto","typography_font_weight":"400","typography_line_height":{"unit":"em","size":"1.6"},"_padding":{"unit":"px","top":"20","right":"0","bottom":"20","left":"0","isLinked":""},"typography_font_size_tablet":{"unit":"px","size":"17"},"typography_font_size_mobile":{"unit":"px","size":"15"},"_padding_tablet":{"unit":"px","top":"10","right":"0","bottom":"10","left":"0","isLinked":""},"_padding_mobile":{"unit":"px","top":"5","right":"0","bottom":"0","left":"0","isLinked":""},"align_mobile":"center"},"elements":[],"isInner":false,"widgetType":"text-editor","elType":"widget"},{"id":"2ba07f9b","settings":{"text":"Book an appointment","typography_typography":"custom","typography_font_size":{"unit":"px","size":"20"},"typography_font_family":"Roboto","typography_text_transform":"capitalize","typography_letter_spacing":{"unit":"px","size":"1.5"},"background_color":"#0076ff","text_padding":{"unit":"px","top":"20","right":"30","bottom":"20","left":"30","isLinked":""},"_padding":{"unit":"px","top":"0","right":"0","bottom":"100","left":"0","isLinked":""},"align_mobile":"justify","typography_font_size_tablet":{"unit":"px","size":"16"},"_padding_tablet":{"unit":"px","top":"0","right":"0","bottom":"50","left":"0","isLinked":""},"button_background_hover_color":"#000000","_padding_mobile":{"unit":"px","top":"0","right":"0","bottom":"30","left":"0","isLinked":""}},"elements":[],"isInner":false,"widgetType":"button","elType":"widget"}],"isInner":"","elType":"column"},{"id":"6cf1c557","settings":{"_column_size":"50"},"elements":[{"id":"67ed0e5e","settings":{"image":{"id":17371,"url":"http:\/\/library.elementor.com\/lp\/wp-content\/uploads\/2021\/01\/485165_PR_130_SI_24_06_14_255-m.png"},"align":"right","_margin_mobile":{"unit":"px","top":"0","right":"30","bottom":"0","left":"30","isLinked":""}},"elements":[],"isInner":false,"widgetType":"image","elType":"widget"}],"isInner":"","elType":"column"}],"isInner":"","elType":"section"},{"id":"88669f5","settings":{"padding":{"unit":"px","top":"100","right":"0","bottom":"100","left":"0","isLinked":""},"gap":"no","padding_tablet":{"unit":"px","top":"60","right":"30","bottom":"60","left":"30","isLinked":""},"padding_mobile":{"unit":"px","top":"60","right":"20","bottom":"60","left":"20","isLinked":""},"_title":"Stop The Pain","_timestamp_":"v1b1BCenZXN2gxUTBqb0JJSWxJTVlPZz09"},"elements":[{"id":"17de4361","settings":{"_column_size":"100"},"elements":[{"id":"fbd320","settings":{"title":"Stop the pain","align":"center","title_color":"#000000","typography_typography":"custom","typography_font_size":{"unit":"px","size":"35"},"typography_font_family":"Roboto","typography_text_transform":"capitalize","typography_font_size_tablet":{"unit":"px","size":"30"},"typography_font_size_mobile":{"unit":"px","size":"25"}},"elements":[],"isInner":false,"widgetType":"heading","elType":"widget"},{"id":"67e0508e","settings":{"editor":"<p>Don't\u00a0agree to tolerate the pain. Stop by for a free examination and medical counsoling.<\/p>","align":"center","text_color":"#000000","typography_typography":"custom","typography_font_size":{"unit":"px","size":"19"},"typography_font_family":"Roboto","typography_font_weight":"400","typography_line_height":{"unit":"em","size":"1.6"},"_padding":{"unit":"px","top":"0","right":"0","bottom":"50","left":"0","isLinked":""},"typography_font_size_tablet":{"unit":"px","size":"17"},"_padding_tablet":{"unit":"px","top":"0","right":"0","bottom":"10","left":"0","isLinked":""},"typography_font_size_mobile":{"unit":"px","size":"15"}},"elements":[],"isInner":false,"widgetType":"text-editor","elType":"widget"},{"id":"254e7601","settings":{"columns":"4","classic_meta_separator":"\/\/\/","classic_read_more_text":"Read More \u00bb","offset":"","pagination_page_limit":"5","pagination_prev_label":"&laquo; Previous","pagination_next_label":"Next &raquo;","classic_excerpt_length":"9","classic_meta_data":[],"orderby":"menu_order","classic_image_spacing":{"unit":"px","size":"25"},"classic_title_color":"#000000","classic_title_typography_typography":"custom","classic_title_typography_font_size":{"unit":"px","size":"20"},"classic_title_typography_font_family":"Roboto","classic_title_typography_font_weight":"600","classic_title_spacing":{"unit":"px","size":"15"},"classic_excerpt_color":"#444444","classic_excerpt_typography_typography":"custom","classic_excerpt_typography_font_size":{"unit":"px","size":"15"},"classic_excerpt_typography_font_family":"Roboto","classic_excerpt_typography_line_height":{"unit":"em","size":"1.6"},"classic_excerpt_spacing":{"unit":"px","size":"10"},"classic_read_more_color":"#0076ff","classic_read_more_typography_typography":"custom","classic_read_more_typography_font_size":{"unit":"px","size":"16"},"classic_read_more_typography_font_family":"Roboto","classic_read_more_typography_font_weight":"500","classic_read_more_typography_font_style":"italic","columns_tablet":"4","classic_title_typography_font_size_tablet":{"unit":"px","size":"15"},"classic_excerpt_typography_font_size_tablet":{"unit":"px","size":"14"},"classic_read_more_typography_font_size_tablet":{"unit":"px","size":"13"},"_margin_tablet":{"unit":"px","top":"0","right":"0","bottom":"0","left":"0","isLinked":"1"},"_padding_tablet":{"unit":"px","top":"0","right":"0","bottom":"0","left":"0","isLinked":"1"},"columns_mobile":"2","classic_item_ratio_mobile":{"unit":"px","size":"0.84"},"posts_orderby":"menu_order","cards_meta_separator":"\u2022","cards_read_more_text":"Read More \u00bb","full_content_meta_separator":"\/\/\/","custom_template_list":[{"nth":1,"_id":"4f00f36"}],"custom_meta_separator":"\/\/\/","loadmore_text":"Load More","loadmore_loading_text":"Loading..."},"elements":[],"isInner":false,"widgetType":"posts","elType":"widget"}],"isInner":"","elType":"column"}],"isInner":"","elType":"section"},{"id":"7a9d0270","settings":{"gap":"no","content_position":"middle","structure":"20","background_background":"classic","background_color":"#e0e6ec","padding":{"unit":"px","top":"100","right":"0","bottom":"100","left":"0","isLinked":""},"padding_tablet":{"unit":"px","top":"60","right":"20","bottom":"60","left":"20","isLinked":""},"padding_mobile":{"unit":"px","top":"60","right":"20","bottom":"60","left":"20","isLinked":""},"reverse_order_mobile":"reverse-mobile","_title":"Description","_timestamp_":"v1b1BCenZXN2gxUTBqb0JJSWxJTVlPZz09"},"elements":[{"id":"4ac7ac58","settings":{"_column_size":"50","_inline_size":"38.333"},"elements":[{"id":"314a3081","settings":{"image":{"id":17375,"url":"http:\/\/library.elementor.com\/lp\/wp-content\/uploads\/2021\/01\/daniel-frank-201417-1.png"}},"elements":[],"isInner":false,"widgetType":"image","elType":"widget"}],"isInner":"","elType":"column"},{"id":"391f566e","settings":{"_column_size":"50","_inline_size":"61.667","margin":{"unit":"%","top":"0","right":"0","bottom":"0","left":"7","isLinked":""},"margin_mobile":{"unit":"px","top":"0","right":"0","bottom":"0","left":"0","isLinked":"1"},"padding_mobile":{"unit":"px","top":"0","right":"0","bottom":"50","left":"0","isLinked":""}},"elements":[{"id":"37259052","settings":{"title":"The best care is on your side","align":"left","title_color":"#000000","typography_typography":"custom","typography_font_size":{"unit":"px","size":"28"},"typography_font_family":"Roboto","typography_text_transform":"capitalize","_padding":{"unit":"px","top":"0","right":"0","bottom":"40","left":"0","isLinked":""},"header_size":"h3","typography_font_size_tablet":{"unit":"px","size":"25"},"typography_font_size_mobile":{"unit":"px","size":"21"},"_padding_mobile":{"unit":"px","top":"0","right":"0","bottom":"30","left":"0","isLinked":""}},"elements":[],"isInner":false,"widgetType":"heading","elType":"widget"},{"id":"d386859","settings":{"structure":"20","margin_mobile":{"unit":"px","top":"0","right":"0","bottom":"0","left":"0","isLinked":"1"},"padding_mobile":{"unit":"px","top":"0","right":"0","bottom":"0","left":"0","isLinked":"1"}},"elements":[{"id":"107acf98","settings":{"_column_size":"50","padding":{"unit":"px","top":"0","right":"50","bottom":"0","left":"0","isLinked":""},"padding_tablet":{"unit":"px","top":"0","right":"10","bottom":"0","left":"0","isLinked":""},"margin_mobile":{"unit":"px","top":"0","right":"0","bottom":"0","left":"0","isLinked":"1"},"padding_mobile":{"unit":"px","top":"0","right":"00","bottom":"0","left":"0","isLinked":""},"screen_sm":"custom","screen_sm_width":"50"},"elements":[{"id":"601ee788","settings":{"icon":"fa fa-database","title_text":"Innovative Equipment","description_text":"Lorem ipsum dolor sit amet, consectetur adipiscing elit ullamco ","primary_color":"#0076ff","icon_space":{"unit":"px","size":"30"},"icon_size":{"unit":"px","size":"35"},"text_align":"left","title_bottom_space":{"unit":"px","size":"20"},"title_color":"#000000","title_typography_typography":"custom","title_typography_font_size":{"unit":"px","size":"20"},"title_typography_font_family":"Roboto","title_typography_font_weight":"600","title_typography_line_height":{"unit":"em","size":"0.1"},"description_color":"#444444","description_typography_typography":"custom","description_typography_font_size":{"unit":"px","size":"16"},"description_typography_font_family":"Roboto","_padding":{"unit":"px","top":"0","right":"0","bottom":"30","left":"0","isLinked":""},"text_align_tablet":"left","title_bottom_space_tablet":{"unit":"px","size":"10"},"title_typography_font_size_tablet":{"unit":"px","size":"18"},"title_typography_line_height_tablet":{"unit":"em","size":"1.2"},"description_typography_font_size_tablet":{"unit":"px","size":"13"},"description_typography_line_height_tablet":{"unit":"em","size":"1.6"},"_margin_tablet":{"unit":"px","top":"0","right":"0","bottom":"0","left":"0","isLinked":""},"_padding_tablet":{"unit":"px","top":"0","right":"0","bottom":"10","left":"0","isLinked":""},"title_typography_font_size_mobile":{"unit":"px","size":"16"},"selected_icon":{"value":"fas fa-database","library":"fa-solid"},"__fa4_migrated":{"selected_icon":"1"}},"elements":[],"isInner":false,"widgetType":"icon-box","elType":"widget"},{"id":"2a1a6a3f","settings":{"icon":"fa fa-code-fork","title_text":"Personal Treatment","description_text":"Lorem ipsum dolor sit amet, consectetur adipiscing elit ullamco ","primary_color":"#0076ff","icon_space":{"unit":"px","size":"30"},"icon_size":{"unit":"px","size":"35"},"text_align":"left","title_bottom_space":{"unit":"px","size":"20"},"title_color":"#000000","title_typography_typography":"custom","title_typography_font_size":{"unit":"px","size":"20"},"title_typography_font_family":"Roboto","title_typography_font_weight":"600","title_typography_line_height":{"unit":"em","size":"0.1"},"description_color":"#444444","description_typography_typography":"custom","description_typography_font_size":{"unit":"px","size":"16"},"description_typography_font_family":"Roboto","title_bottom_space_tablet":{"unit":"px","size":"10"},"title_typography_font_size_tablet":{"unit":"px","size":"18"},"title_typography_line_height_tablet":{"unit":"em","size":"1.2"},"description_typography_font_size_tablet":{"unit":"px","size":"13"},"description_typography_line_height_tablet":{"unit":"em","size":"1.6"},"title_typography_font_size_mobile":{"unit":"px","size":"16"},"selected_icon":{"value":"fas fa-code-branch","library":"fa-solid"},"__fa4_migrated":{"selected_icon":"1"}},"elements":[],"isInner":false,"widgetType":"icon-box","elType":"widget"}],"isInner":"1","elType":"column"},{"id":"3a79e6cf","settings":{"_column_size":"50","padding":{"unit":"px","top":"0","right":"50","bottom":"0","left":"0","isLinked":""},"padding_tablet":{"unit":"px","top":"0","right":"0","bottom":"0","left":"10","isLinked":""},"screen_sm":"custom","screen_sm_width":"50","padding_mobile":{"unit":"px","top":"0","right":"0","bottom":"0","left":"10","isLinked":""}},"elements":[{"id":"74dbad01","settings":{"icon":"fa fa-bullseye","title_text":"Focused Care","description_text":"Lorem ipsum dolor sit amet, consectetur adipiscing elit ullamco","primary_color":"#0076ff","icon_space":{"unit":"px","size":"30"},"icon_size":{"unit":"px","size":"35"},"text_align":"left","title_bottom_space":{"unit":"px","size":"20"},"title_color":"#000000","title_typography_typography":"custom","title_typography_font_size":{"unit":"px","size":"20"},"title_typography_font_family":"Roboto","title_typography_font_weight":"600","title_typography_line_height":{"unit":"em","size":"0.1"},"description_color":"#444444","description_typography_typography":"custom","description_typography_font_size":{"unit":"px","size":"16"},"description_typography_font_family":"Roboto","_padding":{"unit":"px","top":"0","right":"0","bottom":"38","left":"0","isLinked":""},"title_bottom_space_tablet":{"unit":"px","size":"10"},"title_typography_font_size_tablet":{"unit":"px","size":"18"},"title_typography_line_height_tablet":{"unit":"em","size":"1.2"},"description_typography_font_size_tablet":{"unit":"px","size":"13"},"description_typography_line_height_tablet":{"unit":"em","size":"1.6"},"_padding_tablet":{"unit":"px","top":"0","right":"0","bottom":"15","left":"0","isLinked":""},"title_typography_font_size_mobile":{"unit":"px","size":"16"},"_padding_mobile":{"unit":"px","top":"0","right":"0","bottom":"36","left":"0","isLinked":""},"selected_icon":{"value":"fas fa-bullseye","library":"fa-solid"},"__fa4_migrated":{"selected_icon":"1"}},"elements":[],"isInner":false,"widgetType":"icon-box","elType":"widget"},{"id":"4ef77f10","settings":{"icon":"fa fa-steam","title_text":"Surgical Implants","description_text":"Lorem ipsum dolor sit amet, consectetur adipiscing elit ullamco","primary_color":"#0076ff","icon_space":{"unit":"px","size":"30"},"icon_size":{"unit":"px","size":"35"},"text_align":"left","title_bottom_space":{"unit":"px","size":"20"},"title_color":"#000000","title_typography_typography":"custom","title_typography_font_size":{"unit":"px","size":"20"},"title_typography_font_family":"Roboto","title_typography_font_weight":"600","title_typography_line_height":{"unit":"em","size":"0.1"},"description_color":"#444444","description_typography_typography":"custom","description_typography_font_size":{"unit":"px","size":"16"},"description_typography_font_family":"Roboto","title_bottom_space_tablet":{"unit":"px","size":"10"},"title_typography_font_size_tablet":{"unit":"px","size":"18"},"title_typography_line_height_tablet":{"unit":"em","size":"1.2"},"description_typography_font_size_tablet":{"unit":"px","size":"13"},"description_typography_line_height_tablet":{"unit":"em","size":"1.6"},"title_typography_font_size_mobile":{"unit":"px","size":"16"},"selected_icon":{"value":"fab fa-steam","library":"fa-brands"},"__fa4_migrated":{"selected_icon":"1"}},"elements":[],"isInner":false,"widgetType":"icon-box","elType":"widget"}],"isInner":"1","elType":"column"}],"isInner":"1","elType":"section"}],"isInner":"","elType":"column"}],"isInner":"","elType":"section"},{"id":"3a80713f","settings":{"background_background":"classic","background_color":"#00499f","padding":{"unit":"px","top":"100","right":"0","bottom":"100","left":"0","isLinked":""},"padding_tablet":{"unit":"px","top":"60","right":"20","bottom":"60","left":"20","isLinked":""},"padding_mobile":{"unit":"px","top":"60","right":"15","bottom":"60","left":"15","isLinked":""},"_title":"Testimonials","_timestamp_":"v1b1BCenZXN2gxUTBqb0JJSWxJTVlPZz09"},"elements":[{"id":"ab23563","settings":{"_column_size":"100"},"elements":[{"id":"3d463a","settings":{"title":"Clients share their experience ","align":"center","title_color":"#ffffff","typography_typography":"custom","typography_font_size":{"unit":"px","size":"35"},"typography_font_family":"Roboto","typography_text_transform":"capitalize","header_size":"h4","typography_font_size_tablet":{"unit":"px","size":"28"},"typography_font_size_mobile":{"unit":"px","size":"30"},"typography_line_height_mobile":{"unit":"em","size":"1.2"}},"elements":[],"isInner":false,"widgetType":"heading","elType":"widget"},{"id":"77ffc334","settings":{"icon":"fa fa-quote-left","primary_color":"#e0e6ec","size":{"unit":"px","size":"35"},"_padding":{"unit":"px","top":"10","right":"0","bottom":"30","left":"0","isLinked":""}},"elements":[],"isInner":false,"widgetType":"icon","elType":"widget"},{"id":"192ec3f5","settings":{"structure":"30"},"elements":[{"id":"780cf54c","settings":{"_column_size":"33","background_background":"classic","background_color":"#ffffff","margin":{"unit":"%","top":"0","right":"6","bottom":"0","left":"0","isLinked":""},"padding":{"unit":"px","top":"30","right":"30","bottom":"30","left":"30","isLinked":"1"},"padding_tablet":{"unit":"px","top":"23","right":"23","bottom":"23","left":"23","isLinked":"1"},"margin_mobile":{"unit":"px","top":"0","right":"0","bottom":"0","left":"0","isLinked":""}},"elements":[{"id":"56fbd633","settings":{"testimonial_content":"I could barely walk, sit or stand when I found my way into Dr. Leibovitz's clinic. I had seen some other chiropractors, but it was only in this clinic that I had gotten real help with my issues.","testimonial_image":{"id":17377,"url":"http:\/\/library.elementor.com\/lp\/wp-content\/uploads\/2021\/01\/https-d3iw72m71ie81c.cloudfront.netfemale-4.png"},"testimonial_name":"Sophie Grant","testimonial_job":"","testimonial_alignment":"left","content_content_color":"#444444","content_typography_typography":"custom","content_typography_font_size":{"unit":"px","size":"16"},"content_typography_font_family":"Roboto","image_size":{"unit":"px","size":"70"},"name_text_color":"#000000","name_typography_typography":"custom","name_typography_font_size":{"unit":"px","size":"20"},"name_typography_font_family":"Roboto","name_typography_font_weight":"600","content_typography_font_size_tablet":{"unit":"px","size":"14"},"name_typography_font_size_tablet":{"unit":"px","size":"14"},"content_typography_line_height_tablet":{"unit":"em","size":"1.6"}},"elements":[],"isInner":false,"widgetType":"testimonial","elType":"widget"}],"isInner":"1","elType":"column"},{"id":"43f52a7f","settings":{"_column_size":"33","background_background":"classic","background_color":"#ffffff","margin":{"unit":"%","top":"0","right":"3","bottom":"0","left":"3","isLinked":""},"padding":{"unit":"px","top":"30","right":"30","bottom":"30","left":"30","isLinked":"1"},"padding_tablet":{"unit":"px","top":"23","right":"23","bottom":"23","left":"23","isLinked":"1"},"margin_mobile":{"unit":"px","top":"40","right":"0","bottom":"40","left":"0","isLinked":""}},"elements":[{"id":"2228c9ff","settings":{"testimonial_content":"Dr. Leibovitz sent me for an MRI and my results showed a bulging disk and a herniated disk. The treatment I received helped solve all my back pains. I can't believe what an improvement.","testimonial_image":{"id":17379,"url":"http:\/\/library.elementor.com\/lp\/wp-content\/uploads\/2021\/01\/https-visualhunt.comphoto116065-copy.png"},"testimonial_name":"James Stinger","testimonial_job":"","testimonial_alignment":"left","content_content_color":"#444444","content_typography_typography":"custom","content_typography_font_size":{"unit":"px","size":"16"},"content_typography_font_family":"Roboto","image_size":{"unit":"px","size":"70"},"name_text_color":"#000000","name_typography_typography":"custom","name_typography_font_size":{"unit":"px","size":"20"},"name_typography_font_family":"Roboto","name_typography_font_weight":"600","content_typography_font_size_tablet":{"unit":"px","size":"14"},"name_typography_font_size_tablet":{"unit":"px","size":"14"},"content_typography_line_height_tablet":{"unit":"em","size":"1.6"}},"elements":[],"isInner":false,"widgetType":"testimonial","elType":"widget"}],"isInner":"1","elType":"column"},{"id":"4d151629","settings":{"_column_size":"33","background_background":"classic","background_color":"#ffffff","margin":{"unit":"%","top":"0","right":"0","bottom":"0","left":"6","isLinked":""},"padding":{"unit":"px","top":"30","right":"30","bottom":"30","left":"30","isLinked":"1"},"padding_tablet":{"unit":"px","top":"23","right":"23","bottom":"23","left":"23","isLinked":"1"},"margin_mobile":{"unit":"px","top":"0","right":"0","bottom":"0","left":"0","isLinked":"1"}},"elements":[{"id":"50239db7","settings":{"testimonial_content":"the staff at Dr. Leibovitz is wonderful. Now I can come back to all my favorite sports activities and drag my husband to whatever jogging marathons are available locally.","testimonial_image":{"id":17381,"url":"http:\/\/library.elementor.com\/lp\/wp-content\/uploads\/2021\/01\/x.png"},"testimonial_name":"Amy Winter","testimonial_job":"","testimonial_alignment":"left","content_content_color":"#444444","content_typography_typography":"custom","content_typography_font_size":{"unit":"px","size":"16"},"content_typography_font_family":"Roboto","image_size":{"unit":"px","size":"70"},"name_text_color":"#000000","name_typography_typography":"custom","name_typography_font_size":{"unit":"px","size":"20"},"name_typography_font_family":"Roboto","name_typography_font_weight":"600","content_typography_font_size_tablet":{"unit":"px","size":"14"},"name_typography_font_size_tablet":{"unit":"px","size":"14"},"content_typography_line_height_tablet":{"unit":"em","size":"1.6"}},"elements":[],"isInner":false,"widgetType":"testimonial","elType":"widget"}],"isInner":"1","elType":"column"}],"isInner":"1","elType":"section"}],"isInner":"","elType":"column"}],"isInner":"","elType":"section"},{"id":"23bc1913","settings":{"gap":"no","structure":"20","padding":{"unit":"px","top":"100","right":"0","bottom":"100","left":"0","isLinked":""},"padding_tablet":{"unit":"px","top":"60","right":"30","bottom":"60","left":"30","isLinked":""},"_title":"CTA","_timestamp_":"v1b1BCenZXN2gxUTBqb0JJSWxJTVlPZz09"},"elements":[{"id":"1bf5abe5","settings":{"_column_size":"50","_inline_size":"41.667"},"elements":[{"id":"555f2e56","settings":{"title":"Need our care?<br>\nPlease call us: ","align":"left","title_color":"#000000","typography_typography":"custom","typography_font_size":{"unit":"px","size":"35"},"typography_font_family":"Roboto","typography_text_transform":"capitalize","typography_line_height":{"unit":"em","size":"1.4"},"header_size":"h3","typography_font_size_tablet":{"unit":"px","size":"32"}},"elements":[],"isInner":false,"widgetType":"heading","elType":"widget"},{"id":"2b16b26b","settings":{"title":"+65 (0) 3 698 558","align":"left","title_color":"#0076ff","typography_typography":"custom","typography_font_size":{"unit":"px","size":"35"},"typography_font_family":"Roboto","typography_text_transform":"capitalize","typography_line_height":{"unit":"em","size":"1.2"},"_margin":{"unit":"px","top":"-5","right":"0","bottom":"0","left":"0","isLinked":""},"typography_font_size_tablet":{"unit":"px","size":"32"},"header_size":"h3"},"elements":[],"isInner":false,"widgetType":"heading","elType":"widget"},{"id":"273dc9fd","settings":{"editor":"<p>We would love to see how we can help you solve your neck and back problems in the best pain free methods<\/p>","text_color":"#000000","typography_typography":"custom","typography_font_size":{"unit":"px","size":"18"},"typography_font_family":"Roboto","typography_font_weight":"400","typography_line_height":{"unit":"em","size":"1.6"},"_padding":{"unit":"px","top":"20","right":"0","bottom":"10","left":"0","isLinked":""},"typography_font_size_tablet":{"unit":"px","size":"16"},"typography_font_size_mobile":{"unit":"px","size":"16"},"_padding_mobile":{"unit":"px","top":"5","right":"0","bottom":"5","left":"0","isLinked":""}},"elements":[],"isInner":false,"widgetType":"text-editor","elType":"widget"},{"id":"2add48a8","settings":{"social_icon_list":[{"social":"fa fa-facebook","_id":"mkt38sy","social_icon":{"value":"fab fa-facebook-f","library":"fa-brands"},"__fa4_migrated":{"social_icon":"1"}},{"social":"fa fa-twitter","_id":"wh2puj1","social_icon":{"value":"fab fa-twitter","library":"fa-brands"},"__fa4_migrated":{"social_icon":"1"}},{"social":"fa fa-linkedin","_id":"osjxrg0","social_icon":{"value":"fab fa-linkedin-in","library":"fa-brands"},"__fa4_migrated":{"social_icon":"1"}},{"social":"fa fa-youtube","_id":"w3tkrr5","social_icon":{"value":"fab fa-youtube","library":"fa-brands"},"__fa4_migrated":{"social_icon":"1"}}],"align":"left","icon_color":"custom","icon_primary_color":"#e0e6ec","icon_secondary_color":"#444444","icon_padding":{"unit":"em","size":"0.8"},"icon_spacing":{"unit":"px","size":"3"},"border_radius":{"unit":"px","top":"0","right":"0","bottom":"0","left":"0","isLinked":"1"},"align_tablet":"left","icon_size_tablet":{"unit":"px","size":"20"},"align_mobile":"left","hover_secondary_color":"#0076ff"},"elements":[],"isInner":false,"widgetType":"social-icons","elType":"widget"}],"isInner":"","elType":"column"},{"id":"30c9e587","settings":{"_column_size":"50","_inline_size":"58.333","padding":{"unit":"px","top":"0","right":"0","bottom":"0","left":"50","isLinked":""},"margin_mobile":{"unit":"px","top":"0","right":"0","bottom":"0","left":"0","isLinked":"1"},"padding_mobile":{"unit":"px","top":"50","right":"0","bottom":"0","left":"0","isLinked":""}},"elements":[{"id":"7abbe89f","settings":{"address":"London Eye, London, United Kingdom","height":{"unit":"px","size":"365"}},"elements":[],"isInner":false,"widgetType":"google_maps","elType":"widget"}],"isInner":"","elType":"column"}],"isInner":"","elType":"section"}]}