{"version":"0.4","title":"15931","type":"page","content":[{"id":"57b0d941","settings":{"content_width":{"unit":"px","size":"850"},"custom_height":{"unit":"vh","size":"57"},"background_background":"classic","background_position":"center center","background_repeat":"no-repeat","background_size":"cover","padding":{"unit":"px","top":"150","right":"0","bottom":"280","left":"0","isLinked":""},"background_color":"#04093f","background_overlay_position":"center center","background_overlay_repeat":"no-repeat","background_overlay_size":"cover","background_overlay_opacity":{"unit":"px","size":"0.43"},"z_index":"5","padding_tablet":{"unit":"px","top":"150","right":"0","bottom":"150","left":"0","isLinked":""},"margin_mobile":{"unit":"px","top":"0","right":"0","bottom":"0","left":"0","isLinked":"1"},"padding_mobile":{"unit":"px","top":"80","right":"20","bottom":"150","left":"20","isLinked":""},"background_image":{"id":17619,"url":"http:\/\/library.elementor.com\/lp\/wp-content\/uploads\/2020\/12\/backgroud_hero_section.jpg"},"background_overlay_color":"#04093f","_title":"Hero","_timestamp_":"v1b1BCenZXN2gxUTBqb0JJSWxJTVlPZz09"},"elements":[{"id":"59fe1770","settings":{"_column_size":"100"},"elements":[{"id":"730e881c","settings":{"_margin":{"unit":"px","top":"0","right":"0700","bottom":"120","left":"-20","isLinked":""},"_margin_mobile":{"unit":"%","top":"-6","right":"60","bottom":"0","left":"20","isLinked":""},"_border_border":"solid","_border_width":{"unit":"px","top":"7","right":"7","bottom":"7","left":"7","isLinked":"1"},"_border_color":"rgba(255,194,233,0.47)","jet_tricks_widget_satellite_text":"Lorem Ipsum","jet_tricks_widget_tooltip_description":"Lorem Ipsum","space":{"unit":"px","size":"140"},"_border_radius":{"unit":"px","top":"0","right":"0","bottom":"0","left":"050","isLinked":""},"space_mobile":{"unit":"px","size":"80"},"_margin_tablet":{"unit":"px","top":"0","right":"0600","bottom":"100","left":"0","isLinked":""},"hide_mobile":"hidden-phone"},"elements":[],"isInner":false,"widgetType":"spacer","elType":"widget"},{"id":"7fb4078d","settings":{"_margin":{"unit":"px","top":"-160","right":"800","bottom":"-150","left":"-40","isLinked":""},"_margin_mobile":{"unit":"%","top":"-6","right":"60","bottom":"0","left":"20","isLinked":""},"_border_border":"solid","_border_width":{"unit":"px","top":"6","right":"6","bottom":"6","left":"6","isLinked":"1"},"_border_color":"rgba(224,153,36,0.47)","jet_tricks_widget_satellite_text":"Lorem Ipsum","jet_tricks_widget_tooltip_description":"Lorem Ipsum","space":{"unit":"px","size":"62"},"_border_radius":{"unit":"px","top":"0","right":"0","bottom":"0","left":"0","isLinked":""},"_margin_tablet":{"unit":"px","top":"-160","right":"600","bottom":"-160","left":"80","isLinked":""},"hide_mobile":"hidden-phone"},"elements":[],"isInner":false,"widgetType":"spacer","elType":"widget"},{"id":"1da3570c","settings":{"title":"Design conference","align":"right","title_color":"#ffffff","typography_typography":"custom","typography_font_size":{"unit":"px","size":"50"},"typography_font_size_tablet":{"unit":"px","size":"40"},"typography_font_weight":"600","typography_line_height":{"unit":"em","size":"1"},"typography_letter_spacing":{"unit":"px","size":"1"},"_margin":{"unit":"px","top":"0","right":"50","bottom":"-95","left":"0","isLinked":""},"_margin_tablet":{"unit":"px","top":"0","right":"50","bottom":"-70","left":"0","isLinked":""},"align_mobile":"center","typography_font_size_mobile":{"unit":"px","size":"30"},"_margin_mobile":{"unit":"px","top":"0","right":"0","bottom":"0","left":"0","isLinked":""},"typography_font_family":"Teko"},"elements":[],"isInner":false,"widgetType":"heading","elType":"widget"},{"id":"cebbf12","settings":{"title":"Tokyo","header_size":"h1","align":"center","title_color":"#79e1e8","typography_typography":"custom","typography_font_size":{"unit":"px","size":"400"},"typography_font_weight":"500","typography_letter_spacing":{"unit":"px","size":"-5"},"text_shadow_text_shadow_type":"yes","text_shadow_text_shadow":{"horizontal":"-10","vertical":"0","blur":"50","color":"rgba(0,0,0,0.69)"},"jet_tricks_widget_satellite_text":"Lorem Ipsum","jet_tricks_widget_tooltip_description":"Lorem Ipsum","typography_font_size_tablet":{"unit":"px","size":"250"},"_margin_tablet":{"unit":"px","top":"0","right":"0","bottom":"0","left":"0","isLinked":""},"typography_font_size_mobile":{"unit":"px","size":"100"},"typography_letter_spacing_mobile":{"unit":"px","size":"5"},"_margin_mobile":{"unit":"px","top":"-20","right":"0","bottom":"0","left":"0","isLinked":""},"typography_font_family":"Teko"},"elements":[],"isInner":false,"widgetType":"heading","elType":"widget"},{"id":"7eeff195","settings":{"title":"2021","align":"right","title_color":"#79e1e8","typography_typography":"custom","typography_font_size":{"unit":"px","size":"75"},"typography_font_weight":"500","typography_letter_spacing":{"unit":"px","size":"6.6"},"_margin":{"unit":"px","top":"-90","right":"055","bottom":"0","left":"0","isLinked":""},"jet_tricks_widget_satellite_text":"Lorem Ipsum","jet_tricks_widget_tooltip_description":"Lorem Ipsum","_margin_tablet":{"unit":"px","top":"-70","right":"80","bottom":"0","left":"0","isLinked":""},"align_mobile":"center","typography_font_size_tablet":{"unit":"px","size":"80"},"typography_font_size_mobile":{"unit":"px","size":"30"},"_margin_mobile":{"unit":"px","top":"-20","right":"0","bottom":"0","left":"0","isLinked":""},"typography_font_family":"Teko"},"elements":[],"isInner":false,"widgetType":"heading","elType":"widget"},{"id":"76e94b89","settings":{"evergreen_counter_hours":"23","show_days":"","label_days":"Days","label_hours":"Hours","label_minutes":"Minutes","label_seconds":"Seconds","expire_actions":["hide","message"],"message_after_expire":"Sorry, our sale is over, see you next time","container_width_tablet":{"unit":"%","size":"60"},"box_background_color":"rgba(0,0,0,0)","box_spacing":{"unit":"px","size":"30"},"box_spacing_tablet":{"unit":"px","size":"0"},"digits_color":"#ffc2e9","digits_typography_typography":"custom","digits_typography_font_family":"Teko","digits_typography_font_size":{"unit":"px","size":"150"},"digits_typography_font_weight":"400","digits_typography_line_height":{"unit":"em","size":"0.7"},"label_color":"#ffc2e9","label_typography_typography":"custom","label_typography_font_size":{"unit":"px","size":"22"},"label_typography_font_weight":"400","label_typography_letter_spacing":{"unit":"px","size":"2"},"align":"left","text_color":"#ffc2e9","typography_typography":"custom","typography_font_family":"Teko","typography_font_size":{"unit":"px","size":"60"},"typography_line_height":{"unit":"em","size":"0.9"},"typography_letter_spacing":{"unit":"px","size":"0"},"_margin":{"unit":"px","top":"-100","right":"400","bottom":"0","left":"0","isLinked":""},"_margin_tablet":{"unit":"px","top":"-110","right":"180","bottom":"0","left":"-50","isLinked":""},"evergreen_counter_minutes":"0.3","due_date":"2021-12-30 08:39","container_width_mobile":{"unit":"%","size":"80"},"digits_typography_font_size_tablet":{"unit":"px","size":"100"},"digits_typography_font_size_mobile":{"unit":"px","size":"80"},"_margin_mobile":{"unit":"px","top":"-20","right":"0","bottom":"0","left":"0","isLinked":""},"label_typography_font_family":"Teko"},"elements":[],"isInner":false,"widgetType":"countdown","elType":"widget"}],"isInner":"","elType":"column"}],"isInner":"","elType":"section"},{"id":"506dc2fe","settings":{"content_width":{"unit":"px","size":"900"},"structure":"20","background_background":"classic","background_color":"#04093f","margin":{"unit":"px","top":"0","right":"0","bottom":"0","left":"0","isLinked":""},"padding":{"unit":"px","top":"0","right":"0","bottom":"220","left":"0","isLinked":""},"margin_tablet":{"unit":"px","top":"","right":"0","bottom":"","left":"0","isLinked":"1"},"padding_tablet":{"unit":"px","top":"10","right":"10","bottom":"120","left":"0","isLinked":""},"padding_mobile":{"unit":"px","top":"10","right":"10","bottom":"10","left":"10","isLinked":"1"},"_title":"The most influential speakers","_timestamp_":"v1b1BCenZXN2gxUTBqb0JJSWxJTVlPZz09"},"elements":[{"id":"7067920c","settings":{"_column_size":"50","margin":{"unit":"px","top":"-100","right":"0","bottom":"0","left":"0","isLinked":""}},"elements":[{"id":"3d339914","settings":{"icon":"fa fa-play","view":"framed","shape":"square","primary_color":"#79e1e8","size":{"unit":"px","size":"26"},"border_width":{"unit":"px","top":"4","right":"4","bottom":"4","left":"4","isLinked":"1"},"_border_width":{"unit":"px","top":"3","right":"3","bottom":"3","left":"3","isLinked":"1"},"_border_color":"#79e1e8","__dynamic__":{"link":"[elementor-tag id=\"15f1125\" name=\"lightbox\" settings=\"%7B%22type%22%3A%22video%22%2C%22video_url%22%3A%22https%3A%2F%2Fwww.youtube.com%2Fwatch%3Fv%3DoRt9DO5OCP0%22%7D\"]"},"align":"left","_margin":{"unit":"px","top":"-40","right":"0","bottom":"0","left":"-30","isLinked":""},"_margin_tablet":{"unit":"px","top":"0","right":"0","bottom":"0","left":"0","isLinked":""},"_margin_mobile":{"unit":"px","top":"0","right":"0","bottom":"0","left":"0","isLinked":"1"},"_z_index":"10","selected_icon":{"value":"fas fa-play","library":"fa-solid"},"__fa4_migrated":{"selected_icon":"1"}},"elements":[],"isInner":false,"widgetType":"icon","elType":"widget"},{"id":"47bdb504","settings":{"image":{"id":17621,"url":"http:\/\/library.elementor.com\/lp\/wp-content\/uploads\/2020\/12\/speaker1.jpg"},"align":"left","width":{"unit":"%","size":"70"},"image_box_shadow_box_shadow_type":"yes","image_box_shadow_box_shadow":{"horizontal":"0","vertical":"0","blur":"50","spread":"0","color":"rgba(0,0,0,0.69)"},"_margin":{"unit":"px","top":"-60","right":"0","bottom":"0","left":"0","isLinked":""},"_z_index":"6","jet_tricks_widget_satellite_text":"Lorem Ipsum","jet_tricks_widget_tooltip_description":"Lorem Ipsum","_margin_tablet":{"unit":"px","top":"-50","right":"0","bottom":"0","left":"25","isLinked":""}},"elements":[],"isInner":false,"widgetType":"image","elType":"widget"},{"id":"39debd61","settings":{"_margin":{"unit":"px","top":"-140","right":"60","bottom":"0","left":"180","isLinked":""},"_margin_mobile":{"unit":"px","top":"-80","right":"030","bottom":"0","left":"180","isLinked":""},"_border_border":"solid","_border_width":{"unit":"px","top":"7","right":"7","bottom":"7","left":"7","isLinked":"1"},"_border_color":"#b828ea","jet_tricks_widget_satellite_text":"Lorem Ipsum","jet_tricks_widget_tooltip_description":"Lorem Ipsum","space":{"unit":"px","size":"165"},"space_tablet":{"unit":"px","size":"100"},"space_mobile":{"unit":"px","size":"100"},"_margin_tablet":{"unit":"px","top":"-90","right":"50","bottom":"0","left":"200","isLinked":""}},"elements":[],"isInner":false,"widgetType":"spacer","elType":"widget"},{"id":"31e50187","settings":{"_margin":{"unit":"px","top":"-35","right":"300","bottom":"0","left":"70","isLinked":""},"_margin_mobile":{"unit":"px","top":"-40","right":"0200","bottom":"0","left":"70","isLinked":""},"_border_border":"solid","_border_width":{"unit":"px","top":"5","right":"5","bottom":"5","left":"5","isLinked":"1"},"_border_color":"#ffc2e9","jet_tricks_widget_satellite_text":"Lorem Ipsum","jet_tricks_widget_tooltip_description":"Lorem Ipsum","space_tablet":{"unit":"px","size":"45"},"space_mobile":{"unit":"px","size":"42"},"_margin_tablet":{"unit":"px","top":"-30","right":"230","bottom":"0","left":"80","isLinked":""},"hide_mobile":"hidden-phone"},"elements":[],"isInner":false,"widgetType":"spacer","elType":"widget"}],"isInner":"","elType":"column"},{"id":"a4663b5","settings":{"_column_size":"50","content_position":"center"},"elements":[{"id":"5b20f98","settings":{"space":{"unit":"px","size":"70"},"_margin":{"unit":"px","top":"0","right":"0","bottom":"40","left":"0","isLinked":""},"_border_border":"solid","_border_width":{"unit":"px","top":"0","right":"0","bottom":"0","left":"5","isLinked":""},"_border_color":"#ffc2e9","jet_tricks_widget_satellite_text":"Lorem Ipsum","jet_tricks_widget_tooltip_description":"Lorem Ipsum","hide_mobile":"hidden-phone","space_mobile":{"unit":"px","size":"10","sizes":[]}},"elements":[],"isInner":false,"widgetType":"spacer","elType":"widget"},{"id":"2d69db82","settings":{"title":"The most influential speakers","title_color":"#79e1e8","typography_typography":"custom","typography_font_size":{"unit":"px","size":"40"},"typography_font_weight":"400","jet_tricks_widget_satellite_text":"Lorem Ipsum","jet_tricks_widget_tooltip_description":"Lorem Ipsum","typography_font_size_mobile":{"unit":"px","size":"50"},"_margin_mobile":{"unit":"px","top":"0","right":"0","bottom":"0","left":"0","isLinked":""},"typography_font_family":"Teko"},"elements":[],"isInner":false,"widgetType":"heading","elType":"widget"},{"id":"23966f99","settings":{"jet_tricks_widget_satellite_text":"Lorem Ipsum","jet_tricks_widget_tooltip_description":"Lorem Ipsum","editor":"<p>Lorem ipsum dolor sit amet, consectetur adipiscing elit, sed do eiusmod tempor incididunt ut labore et dolore magna aliqua. Congue nisi vitae suscipit tellus.<\/p>","text_color":"rgba(255,255,255,0.7)","typography_typography":"custom"},"elements":[],"isInner":false,"widgetType":"text-editor","elType":"widget"}],"isInner":"","elType":"column"}],"isInner":"","elType":"section"},{"id":"570423b","settings":{"content_width":{"unit":"px","size":"900"},"structure":"20","background_background":"classic","background_color":"#04093f","background_position":"center right","background_repeat":"no-repeat","background_size":"contain","background_overlay_background":"classic","background_overlay_image":{"id":17625,"url":"http:\/\/library.elementor.com\/lp\/wp-content\/uploads\/2020\/12\/background_Section_rating.jpg"},"background_overlay_position":"center right","background_overlay_repeat":"no-repeat","background_overlay_size":"contain","background_overlay_opacity":{"unit":"px","size":"0.31"},"overlay_blend_mode":"luminosity","margin":{"unit":"px","top":"0","right":"0","bottom":"0","left":"0","isLinked":""},"padding":{"unit":"px","top":"0","right":"0","bottom":"100","left":"0","isLinked":""},"padding_mobile":{"unit":"px","top":"20","right":"10","bottom":"10","left":"10","isLinked":""},"z_index":"1","margin_mobile":{"unit":"px","top":"-1","right":"0","bottom":"-1","left":"0","isLinked":"1"},"padding_tablet":{"unit":"px","top":"20","right":"20","bottom":"20","left":"20","isLinked":"1"},"_title":"Participant Ratings","_timestamp_":"v1b1BCenZXN2gxUTBqb0JJSWxJTVlPZz09"},"elements":[{"id":"10c34785","settings":{"_column_size":"50","content_position":"center","margin":{"unit":"px","top":"0","right":"90","bottom":"0","left":"0","isLinked":""},"margin_mobile":{"unit":"px","top":"0","right":"0","bottom":"0","left":"0","isLinked":"1"},"margin_tablet":{"unit":"px","top":"0","right":"30","bottom":"0","left":"0","isLinked":""}},"elements":[{"id":"73559260","settings":{"title":"Participant Ratings","title_color":"#ffc2e9","typography_typography":"custom","typography_font_size":{"unit":"px","size":"60"},"typography_font_weight":"400","jet_tricks_widget_satellite_text":"Lorem Ipsum","jet_tricks_widget_tooltip_description":"Lorem Ipsum","typography_font_size_tablet":{"unit":"px","size":"50"},"typography_font_size_mobile":{"unit":"px","size":"50"},"typography_font_family":"Teko"},"elements":[],"isInner":false,"widgetType":"heading","elType":"widget"},{"id":"332a858f","settings":{"editor":"<p>Ipsum suspendisse ultrices gravida dictum fusce ut placerat orci nulla.<\/p>","text_color":"rgba(255,255,255,0.7)","jet_tricks_widget_satellite_text":"Lorem Ipsum","jet_tricks_widget_tooltip_description":"Lorem Ipsum"},"elements":[],"isInner":false,"widgetType":"text-editor","elType":"widget"},{"id":"7164ebe6","settings":{"title":"Location","title_typography_typography":"custom","title_typography_font_family":"Teko","title_typography_font_size":{"unit":"px","size":"30"},"title_color":"#79e1e8","stars_color":"#e09924","stars_unmarked_color":"#79e1e8","_border_border":"dotted","_border_width":{"unit":"px","top":"0","right":"0","bottom":"2","left":"0","isLinked":""},"_border_color":"#e09924","align":"justify","title_gap_mobile":{"unit":"px","size":"140"},"jet_tricks_widget_satellite_text":"Lorem Ipsum","jet_tricks_widget_tooltip_description":"Lorem Ipsum","rating":"4.5"},"elements":[],"isInner":false,"widgetType":"star-rating","elType":"widget"},{"id":"4f588f85","settings":{"title":"Speakers","title_typography_typography":"custom","title_typography_font_family":"Teko","title_typography_font_size":{"unit":"px","size":"30"},"title_color":"#79e1e8","stars_color":"#e09924","stars_unmarked_color":"#79e1e8","_border_border":"dotted","_border_width":{"unit":"px","top":"0","right":"0","bottom":"2","left":"0","isLinked":""},"_border_color":"#e09924","align":"justify","title_gap_mobile":{"unit":"px","size":"135"},"jet_tricks_widget_satellite_text":"Lorem Ipsum","jet_tricks_widget_tooltip_description":"Lorem Ipsum","rating":"4"},"elements":[],"isInner":false,"widgetType":"star-rating","elType":"widget"},{"id":"296dbf86","settings":{"title":"Catering","title_typography_typography":"custom","title_typography_font_family":"Teko","title_typography_font_size":{"unit":"px","size":"30"},"title_color":"#79e1e8","stars_color":"#e09924","stars_unmarked_color":"#79e1e8","_border_border":"dotted","_border_width":{"unit":"px","top":"0","right":"0","bottom":"2","left":"0","isLinked":""},"_border_color":"#e09924","align":"justify","title_gap_mobile":{"unit":"px","size":"170"},"jet_tricks_widget_satellite_text":"Lorem Ipsum","jet_tricks_widget_tooltip_description":"Lorem Ipsum","rating":"3.5"},"elements":[],"isInner":false,"widgetType":"star-rating","elType":"widget"}],"isInner":"","elType":"column"},{"id":"66fe35fb","settings":{"_column_size":"50","content_position":"top","margin":{"unit":"px","top":"0","right":"0","bottom":"0","left":"0","isLinked":""},"margin_mobile":{"unit":"px","top":"50","right":"0","bottom":"0","left":"0","isLinked":""}},"elements":[{"id":"499d1497","settings":{"_margin":{"unit":"px","top":"-50","right":"0","bottom":"0","left":"310","isLinked":""},"_margin_mobile":{"unit":"px","top":"0","right":"-20","bottom":"-70","left":"230","isLinked":""},"_border_border":"solid","_border_width":{"unit":"px","top":"5","right":"5","bottom":"5","left":"5","isLinked":"1"},"_border_color":"#e09924","jet_tricks_widget_satellite_text":"Lorem Ipsum","jet_tricks_widget_tooltip_description":"Lorem Ipsum","space":{"unit":"px","size":"110"},"space_tablet":{"unit":"px","size":"80"},"space_mobile":{"unit":"px","size":"100"},"_margin_tablet":{"unit":"px","top":"0","right":"20","bottom":"0","left":"200","isLinked":""}},"elements":[],"isInner":false,"widgetType":"spacer","elType":"widget"},{"id":"4913ec07","settings":{"image":{"id":17623,"url":"http:\/\/library.elementor.com\/lp\/wp-content\/uploads\/2020\/12\/gallery_people.png"},"align":"left","width":{"unit":"px","size":"400"},"image_box_shadow_box_shadow_type":"yes","image_box_shadow_box_shadow":{"horizontal":"0","vertical":"0","blur":"50","spread":"0","color":"rgba(0,0,0,0.69)"},"_margin":{"unit":"px","top":"-50","right":"0","bottom":"0","left":"0","isLinked":""},"_z_index":"5","_margin_mobile":{"unit":"px","top":"0","right":"0","bottom":"0","left":"0","isLinked":""},"jet_tricks_widget_satellite_text":"Lorem Ipsum","jet_tricks_widget_tooltip_description":"Lorem Ipsum"},"elements":[],"isInner":false,"widgetType":"image","elType":"widget"},{"id":"17ab27ea","settings":{"_margin":{"unit":"px","top":"-50","right":"390","bottom":"0","left":"-30","isLinked":""},"_margin_mobile":{"unit":"px","top":"-50","right":"270","bottom":"0","left":"-20","isLinked":""},"_border_border":"solid","_border_width":{"unit":"px","top":"5","right":"5","bottom":"5","left":"5","isLinked":"1"},"_border_color":"rgba(184,40,234,0.3)","jet_tricks_widget_satellite_text":"Lorem Ipsum","jet_tricks_widget_tooltip_description":"Lorem Ipsum","space":{"unit":"px","size":"60"},"space_mobile":{"unit":"px","size":"60"},"_margin_tablet":{"unit":"px","top":"-50","right":"280","bottom":"0","left":"-20","isLinked":""},"_box_shadow_box_shadow_type":"yes","_box_shadow_box_shadow":{"horizontal":"20","vertical":"20","blur":"0","spread":"0","color":"rgba(255,255,255,0.06)"}},"elements":[],"isInner":false,"widgetType":"spacer","elType":"widget"},{"id":"51bd0a96","settings":{"space":{"unit":"px","size":"100"},"_margin":{"unit":"px","top":"0","right":"-80","bottom":"-180","left":"0","isLinked":""},"_border_border":"solid","_border_width":{"unit":"px","top":"0","right":"5","bottom":"0","left":"0","isLinked":""},"_border_color":"#79e1e8","jet_tricks_widget_satellite_text":"Lorem Ipsum","jet_tricks_widget_tooltip_description":"Lorem Ipsum","_border_radius":{"unit":"px","top":"0","right":"0","bottom":"0","left":"0","isLinked":"1"},"space_mobile":{"unit":"px","size":"100"},"_margin_tablet":{"unit":"px","top":"0","right":"0","bottom":"-80","left":"0","isLinked":""},"_margin_mobile":{"unit":"px","top":"-80","right":"30","bottom":"0","left":"0","isLinked":""}},"elements":[],"isInner":false,"widgetType":"spacer","elType":"widget"}],"isInner":"","elType":"column"}],"isInner":"","elType":"section"},{"id":"56418511","settings":{"background_background":"classic","background_color":"#04093f","padding":{"unit":"px","top":"100","right":"0","bottom":"120","left":"0","isLinked":""},"padding_tablet":{"unit":"px","top":"100","right":"50","bottom":"050","left":"50","isLinked":""},"padding_mobile":{"unit":"px","top":"0","right":"0","bottom":"0","left":"0","isLinked":"1"},"_title":"Section","_timestamp_":"v1b1BCenZXN2gxUTBqb0JJSWxJTVlPZz09"},"elements":[{"id":"61f4bc02","settings":{"_column_size":"100"},"elements":[{"id":"1da74f33","settings":{"jet_tricks_widget_satellite_text":"Lorem Ipsum","jet_tricks_widget_tooltip_description":"Lorem Ipsum","space_mobile":{"unit":"px","size":"10"}},"elements":[],"isInner":false,"widgetType":"spacer","elType":"widget"}],"isInner":"","elType":"column"}],"isInner":"","elType":"section"},{"id":"2111ef3a","settings":{"content_width":{"unit":"px","size":"900"},"gap":"no","structure":"20","background_background":"gradient","background_color":"#04093f","background_color_b":"#000b5e","background_overlay_background":"classic","background_overlay_image":{"id":17633,"url":"http:\/\/library.elementor.com\/lp\/wp-content\/uploads\/2020\/12\/baceground_section_gallery.jpg"},"background_overlay_position":"bottom left","background_overlay_repeat":"no-repeat","background_overlay_size":"contain","margin":{"unit":"px","top":"0","right":"0","bottom":"0","left":"0","isLinked":""},"padding":{"unit":"px","top":"0","right":"0","bottom":"0","left":"0","isLinked":""},"z_index":"1","background_overlay_opacity":{"unit":"px","size":"0.6"},"overlay_blend_mode":"luminosity","padding_tablet":{"unit":"px","top":"20","right":"20","bottom":"20","left":"20","isLinked":"1"},"_title":"Gallery","_timestamp_":"v1b1BCenZXN2gxUTBqb0JJSWxJTVlPZz09"},"elements":[{"id":"1e642556","settings":{"_column_size":"50"},"elements":[{"id":"7f4bb2aa","settings":{"title":"Gallery","title_color":"#ffc2e9","typography_typography":"custom","typography_font_size":{"unit":"px","size":"150"},"typography_font_weight":"400","text_shadow_text_shadow_type":"yes","text_shadow_text_shadow":{"horizontal":"0","vertical":"0","blur":"50","color":"rgba(0,0,0,0.61)"},"_margin":{"unit":"px","top":"-80","right":"0","bottom":"40","left":"0","isLinked":""},"jet_tricks_widget_satellite_text":"Lorem Ipsum","jet_tricks_widget_tooltip_description":"Lorem Ipsum","typography_font_size_mobile":{"unit":"px","size":"100"},"_margin_mobile":{"unit":"px","top":"0","right":"0","bottom":"0","left":"0","isLinked":""},"typography_font_family":"Teko"},"elements":[],"isInner":false,"widgetType":"heading","elType":"widget"},{"id":"685c62e","settings":{"image":{"id":17627,"url":"http:\/\/library.elementor.com\/lp\/wp-content\/uploads\/2020\/12\/speaker02.jpg"},"image_size":"full","align":"right","width":{"unit":"px","size":"320"},"image_border_border":"solid","image_border_width":{"unit":"px","top":"6","right":"6","bottom":"6","left":"6","isLinked":"1"},"image_border_color":"#ffc2e9","image_box_shadow_box_shadow_type":"yes","image_box_shadow_box_shadow":{"horizontal":"0","vertical":"0","blur":"50","spread":"0","color":"rgba(0,0,0,0.65)"},"_margin":{"unit":"px","top":"0","right":"-80","bottom":"-80","left":"0","isLinked":""},"_z_index":"1","jet_tricks_widget_satellite_text":"Lorem Ipsum","jet_tricks_widget_tooltip_description":"Lorem Ipsum","align_tablet":"right","align_mobile":"right","width_tablet":{"unit":"px","size":"250"},"width_mobile":{"unit":"px","size":"150"},"_margin_tablet":{"unit":"px","top":"0","right":"-50","bottom":"-80","left":"0","isLinked":""},"_margin_mobile":{"unit":"px","top":"0","right":"0","bottom":"0","left":"0","isLinked":""}},"elements":[],"isInner":false,"widgetType":"image","elType":"widget"},{"id":"1ba3048d","settings":{"space":{"unit":"px","size":"5"},"_margin":{"unit":"px","top":"0","right":"0","bottom":"0","left":"-600","isLinked":""},"_border_border":"solid","_border_width":{"unit":"px","top":"0","right":"0","bottom":"7","left":"0","isLinked":""},"_border_color":"#e09924","jet_tricks_widget_satellite_text":"Lorem Ipsum","jet_tricks_widget_tooltip_description":"Lorem Ipsum","_margin_tablet":{"unit":"px","top":"0","right":"0","bottom":"-20","left":"-300","isLinked":""},"hide_mobile":"hidden-phone"},"elements":[],"isInner":false,"widgetType":"spacer","elType":"widget"}],"isInner":"","elType":"column"},{"id":"64a6e78b","settings":{"_column_size":"50","_inline_size":"56.333","_inline_size_tablet":"50"},"elements":[{"id":"2349bcc6","settings":{"_margin":{"unit":"px","top":"-100","right":"240","bottom":"40","left":"-50","isLinked":""},"_margin_mobile":{"unit":"px","top":"-100","right":"100","bottom":"0","left":"-10","isLinked":""},"_border_width":{"unit":"px","top":"5","right":"5","bottom":"5","left":"5","isLinked":"1"},"_border_color":"#e09924","jet_tricks_widget_satellite_text":"Lorem Ipsum","jet_tricks_widget_tooltip_description":"Lorem Ipsum","space":{"unit":"px","size":"280"},"_background_background":"classic","_background_color":"#79e1e8","space_tablet":{"unit":"px","size":"150"},"space_mobile":{"unit":"px","size":"200"},"_margin_tablet":{"unit":"px","top":"-80","right":"200","bottom":"0","left":"-30","isLinked":""}},"elements":[],"isInner":false,"widgetType":"spacer","elType":"widget"},{"id":"63d17b3f","settings":{"image":{"id":17629,"url":"http:\/\/library.elementor.com\/lp\/wp-content\/uploads\/2020\/12\/gallery.png"},"align":"left","width":{"unit":"px","size":"380"},"_margin":{"unit":"px","top":"-260","right":"0","bottom":"0","left":"0","isLinked":""},"jet_tricks_widget_satellite_text":"Lorem Ipsum","jet_tricks_widget_tooltip_description":"Lorem Ipsum","width_tablet":{"unit":"px","size":"280"},"width_mobile":{"unit":"px","size":"250"},"_margin_tablet":{"unit":"px","top":"-130","right":"0","bottom":"0","left":"10","isLinked":""},"_margin_mobile":{"unit":"px","top":"-160","right":"0","bottom":"0","left":"25","isLinked":""}},"elements":[],"isInner":false,"widgetType":"image","elType":"widget"},{"id":"567d71a3","settings":{"image":{"id":17631,"url":"http:\/\/library.elementor.com\/lp\/wp-content\/uploads\/2020\/12\/gallery.2.png"},"align":"right","width":{"unit":"px","size":"300"},"css_filters_css_filter":"custom","image_box_shadow_box_shadow_type":"yes","image_box_shadow_box_shadow":{"horizontal":"0","vertical":"0","blur":"50","spread":"0","color":"rgba(0,0,0,0.33)"},"_margin":{"unit":"px","top":"50","right":"-40","bottom":"0","left":"0","isLinked":""},"_z_index":"1","jet_tricks_widget_satellite_text":"Lorem Ipsum","jet_tricks_widget_tooltip_description":"Lorem Ipsum","align_mobile":"right","width_tablet":{"unit":"px","size":"230"},"_margin_tablet":{"unit":"px","top":"50","right":"0","bottom":"0","left":"0","isLinked":""}},"elements":[],"isInner":false,"widgetType":"image","elType":"widget"},{"id":"5535a305","settings":{"icon":"fa fa-play","view":"framed","shape":"square","primary_color":"#79e1e8","size":{"unit":"px","size":"26"},"border_width":{"unit":"px","top":"4","right":"4","bottom":"4","left":"4","isLinked":"1"},"_border_width":{"unit":"px","top":"3","right":"3","bottom":"3","left":"3","isLinked":"1"},"_border_color":"#79e1e8","__dynamic__":{"link":"[elementor-tag id=\"15f1125\" name=\"lightbox\" settings=\"%7B%22type%22%3A%22video%22%2C%22video_url%22%3A%22https%3A%2F%2Fwww.youtube.com%2Fwatch%3Fv%3DoRt9DO5OCP0%22%2C%22image%22%3A%7B%22url%22%3A%22http%3A%2F%2Fconference.local%2Fwp-content%2Fuploads%2F2018%2F11%2Fpeople_02-1.png%22%2C%22id%22%3A187%7D%7D\"]"},"align":"right","align_mobile":"right","_margin":{"unit":"px","top":"-150","right":"80","bottom":"0","left":"0","isLinked":""},"_margin_tablet":{"unit":"px","top":"-130","right":"80","bottom":"0","left":"0","isLinked":""},"_z_index":"5"},"elements":[],"isInner":false,"widgetType":"icon","elType":"widget"},{"id":"3fe4090","settings":{"_margin":{"unit":"px","top":"-30","right":"-80","bottom":"0","left":"430","isLinked":""},"_margin_mobile":{"unit":"px","top":"-40","right":"150","bottom":"0","left":"50","isLinked":""},"_border_border":"solid","_border_width":{"unit":"px","top":"5","right":"5","bottom":"5","left":"5","isLinked":"1"},"_border_color":"#e09924","jet_tricks_widget_satellite_text":"Lorem Ipsum","jet_tricks_widget_tooltip_description":"Lorem Ipsum","space":{"unit":"px","size":"110"},"_border_radius":{"unit":"px","top":"0","right":"0","bottom":"0","left":"0","isLinked":""},"space_mobile":{"unit":"px","size":"110"},"_margin_tablet":{"unit":"px","top":"-60","right":"-15","bottom":"0","left":"250","isLinked":""}},"elements":[],"isInner":false,"widgetType":"spacer","elType":"widget"}],"isInner":"","elType":"column"}],"isInner":"","elType":"section"},{"id":"7143bac7","settings":{"content_width":{"unit":"px","size":"900"},"height":"min-height","custom_height":{"unit":"px","size":""},"background_background":"gradient","background_color":"#000b5e","background_color_b":"#04093f","padding":{"unit":"px","top":"180","right":"0","bottom":"50","left":"0","isLinked":""},"padding_tablet":{"unit":"px","top":"100","right":"10","bottom":"10","left":"10","isLinked":""},"padding_mobile":{"unit":"px","top":"60","right":"0","bottom":"0","left":"0","isLinked":""},"_title":"Reviews","_timestamp_":"v1b1BCenZXN2gxUTBqb0JJSWxJTVlPZz09"},"elements":[{"id":"ba19f62","settings":{"_column_size":"100"},"elements":[{"id":"61a8c27f","settings":{"content_width":{"unit":"px","size":"600"}},"elements":[{"id":"2ad538e","settings":{"_column_size":"100"},"elements":[{"id":"1bc8bb22","settings":{"image":{"id":17635,"url":"http:\/\/library.elementor.com\/lp\/wp-content\/uploads\/2020\/12\/icons3.png"},"align":"left","width":{"unit":"px","size":"90"},"jet_tricks_widget_satellite_text":"Lorem Ipsum","jet_tricks_widget_tooltip_description":"Lorem Ipsum","image_size":"full","width_mobile":{"unit":"px","size":"60"},"_margin_mobile":{"unit":"px","top":"0","right":"0","bottom":"-50","left":"-10","isLinked":""}},"elements":[],"isInner":false,"widgetType":"image","elType":"widget"},{"id":"74d17766","settings":{"title":"Social","title_color":"rgba(184,40,234,0.65)","typography_typography":"custom","typography_font_size":{"unit":"px","size":"140"},"typography_font_weight":"400","text_shadow_text_shadow_type":"yes","text_shadow_text_shadow":{"horizontal":"0","vertical":"0","blur":"50","color":"rgba(0,0,0,0.61)"},"_margin":{"unit":"px","top":"-90","right":"0","bottom":"40","left":"0","isLinked":""},"align":"center","jet_tricks_widget_satellite_text":"Lorem Ipsum","jet_tricks_widget_tooltip_description":"Lorem Ipsum","typography_font_size_mobile":{"unit":"px","size":"100"},"_margin_mobile":{"unit":"px","top":"0","right":"0","bottom":"0","left":"0","isLinked":"1"},"typography_font_family":"Teko"},"elements":[],"isInner":false,"widgetType":"heading","elType":"widget"},{"id":"3f9852df","settings":{"title":"Review","title_color":"#ffc2e9","typography_typography":"custom","typography_font_size":{"unit":"px","size":"160"},"typography_font_weight":"400","text_shadow_text_shadow_type":"yes","text_shadow_text_shadow":{"horizontal":"0","vertical":"-25","blur":"50","color":"rgba(0,0,0,0.61)"},"_margin":{"unit":"px","top":"-105","right":"0","bottom":"-110","left":"0","isLinked":""},"align":"center","jet_tricks_widget_satellite_text":"Lorem Ipsum","jet_tricks_widget_tooltip_description":"Lorem Ipsum","typography_font_size_mobile":{"unit":"px","size":"120"},"_margin_mobile":{"unit":"px","top":"-90","right":"0","bottom":"0","left":"0","isLinked":""},"typography_font_family":"Teko"},"elements":[],"isInner":false,"widgetType":"heading","elType":"widget"},{"id":"47608c95","settings":{"image":{"id":17637,"url":"http:\/\/library.elementor.com\/lp\/wp-content\/uploads\/2020\/12\/icons2.png"},"image_size":"full","align":"right","width":{"unit":"px","size":"100"},"_margin":{"unit":"px","top":"0","right":"-40","bottom":"0","left":"0","isLinked":""},"jet_tricks_widget_satellite_text":"Lorem Ipsum","jet_tricks_widget_tooltip_description":"Lorem Ipsum","width_mobile":{"unit":"px","size":"60"},"_margin_mobile":{"unit":"px","top":"-40","right":"-10","bottom":"0","left":"0","isLinked":""}},"elements":[],"isInner":false,"widgetType":"image","elType":"widget"}],"isInner":"1","elType":"column"}],"isInner":"1","elType":"section"},{"id":"39f6db94","settings":{"slides":[{"content":"Lorem ipsum dolor sit amet, consectetur adipiscing elit, sed do eiusmod tempor incididunt ut labore et dolore magna aliqua. Congue nisi vitae suscipit tellus. Ipsum suspendisse ultrices gravida dictum fusce ut placerat orci nulla. ","name":"Dave Shapira","title":"Influencer","image":{"id":17639,"url":"http:\/\/library.elementor.com\/lp\/wp-content\/uploads\/2020\/12\/image_reviews.1.jpg"},"_id":"297a33e","rating":"4","social_icon":"fa fa-twitter","__fa4_migrated":{"selected_social_icon":"1"}},{"content":"Nunc vel risus commodo viverra maecenas accumsan. Nec dui nunc mattis enim ut tellus. Lorem ipsum dolor sit amet. Vestibulum sed arcu non odio euismod lacinia. Ipsum consequat nisl vel pretium lectus. Tempor orci dapibus ultrices in iaculis nunc sed.","name":"Delphine Leroy","title":"Brand Ambassador","image":{"id":17641,"url":"http:\/\/library.elementor.com\/lp\/wp-content\/uploads\/2020\/12\/image_reviews.3.jpg"},"_id":"e929c4d","rating":"4.5","social_icon":"fa fa-whatsapp","selected_social_icon":{"value":"fab fa-whatsapp","library":"fa-brands"},"__fa4_migrated":{"selected_social_icon":"1"}},{"content":"Lorem ipsum dolor sit amet, consectetur adipiscing elit, sed do eiusmod tempor incididunt ut labore et dolore Nunc vel risus commodo viverra maecenas accumsan. Nec dui nunc mattis enim ut tellus. Lorem ipsum dolor sit amet.","name":"Eva Rossi","title":"VP Marketing","image":{"id":17643,"url":"http:\/\/library.elementor.com\/lp\/wp-content\/uploads\/2020\/12\/image_reviews.4.jpg"},"_id":"b0b2702","rating":"5","social_icon":"fa fa-tripadvisor","selected_social_icon":{"value":"fab fa-tripadvisor","library":"fa-brands"},"__fa4_migrated":{"selected_social_icon":"1"}},{"content":"Nunc vel risus commodo viverra maecenas accumsan. Nec dui nunc mattis enim ut tellus. Lorem ipsum dolor sit amet.","name":"Thomas Brose","title":"CEO","image":{"id":17645,"url":"http:\/\/library.elementor.com\/lp\/wp-content\/uploads\/2020\/12\/image_reviews.2.jpg"},"_id":"35cb752","rating":"4","social_icon":"fa fa-tripadvisor","selected_social_icon":{"value":"fab fa-tripadvisor","library":"fa-brands"},"__fa4_migrated":{"selected_social_icon":"1"}}],"slides_per_view":"3","slides_to_scroll":"2","width":{"unit":"%","size":"100"},"show_arrows":"","space_between":{"unit":"px","size":"15"},"slide_background_color":"rgba(255,194,233,0.1)","slide_border_size":{"unit":"px","top":"0","right":"0","bottom":"0","left":"0","isLinked":"1"},"slide_border_radius":{"unit":"px","size":"5"},"slide_padding":{"unit":"px","top":"40","right":"30","bottom":"40","left":"30","isLinked":""},"show_separator":"","separator_size":{"unit":"px","size":"0"},"content_gap":{"unit":"px","size":"70"},"header_background_color":"rgba(121,225,232,0.04)","name_color":"#79e1e8","name_typography_typography":"custom","name_typography_font_size":{"unit":"px","size":"18"},"name_typography_line_height":{"unit":"em","size":"1.1"},"title_color":"#ffffff","title_typography_typography":"custom","title_typography_font_size":{"unit":"px","size":"15"},"title_typography_line_height":{"unit":"em","size":"1.4"},"content_color":"rgba(255,255,255,0.84)","content_typography_typography":"custom","content_typography_font_size":{"unit":"px","size":"14"},"image_size":{"unit":"px","size":"50"},"image_gap":{"unit":"px","size":"15"},"icon_color":"custom","icon_custom_color":"#e09924","icon_size":{"unit":"px","size":"20"},"star_size":{"unit":"px","size":"7"},"star_space":{"unit":"px","size":"2"},"stars_color":"#e09924","stars_unmarked_color":"rgba(121,225,232,0.59)","arrows_color":"#e09924","pagination_size":{"unit":"px","size":"5"},"pagination_color":"#e09924","_margin":{"unit":"px","top":"060","right":"0","bottom":"0","left":"0","isLinked":""},"_padding":{"unit":"px","top":"10","right":"10","bottom":"0","left":"10","isLinked":""},"jet_tricks_widget_satellite_text":"Lorem Ipsum","jet_tricks_widget_tooltip_description":"Lorem Ipsum","name_typography_font_weight":"500","slides_per_view_tablet":"2","width_tablet":{"unit":"%","size":"100"},"name_typography_font_family":"Teko","title_typography_font_family":"Teko"},"elements":[],"isInner":false,"widgetType":"reviews","elType":"widget"}],"isInner":"","elType":"column"}],"isInner":"","elType":"section"},{"id":"5e7e87a2","settings":{"content_width":{"unit":"px","size":"900"},"background_background":"classic","background_color":"#04093f","margin":{"unit":"px","top":"","right":"0","bottom":"","left":"0","isLinked":"1"},"padding":{"unit":"px","top":"60","right":"0","bottom":"40","left":"0","isLinked":""},"margin_mobile":{"unit":"px","top":"-1","right":"0","bottom":"-1","left":"0","isLinked":"1"},"padding_tablet":{"unit":"px","top":"100","right":"10","bottom":"10","left":"10","isLinked":""},"padding_mobile":{"unit":"px","top":"40","right":"0","bottom":"0","left":"0","isLinked":""},"_title":"Sponsors","_timestamp_":"v1b1BCenZXN2gxUTBqb0JJSWxJTVlPZz09"},"elements":[{"id":"5371c3ce","settings":{"_column_size":"100"},"elements":[{"id":"677003fe","settings":{"content_position":"middle","structure":"30"},"elements":[{"id":"5e134f70","settings":{"_column_size":"33","_inline_size":"32.727"},"elements":[{"id":"142079c","settings":{"title":"Sponsors","title_color":"#79e1e8","typography_typography":"custom","typography_font_size":{"unit":"px","size":"40"},"typography_font_weight":"400","jet_tricks_widget_satellite_text":"Lorem Ipsum","jet_tricks_widget_tooltip_description":"Lorem Ipsum","typography_font_family":"Teko"},"elements":[],"isInner":false,"widgetType":"heading","elType":"widget"}],"isInner":"1","elType":"column"},{"id":"be9b795","settings":{"_column_size":"33","_inline_size":"35.151"},"elements":[{"id":"7742731a","settings":{"editor":"Lorem ipsum dolor sit amet, consectetur adipiscing elit, sed do eiusmod tempor","text_color":"rgba(255,255,255,0.7)","jet_tricks_widget_satellite_text":"Lorem Ipsum","jet_tricks_widget_tooltip_description":"Lorem Ipsum"},"elements":[],"isInner":false,"widgetType":"text-editor","elType":"widget"}],"isInner":"1","elType":"column"},{"id":"5faa6ea1","settings":{"_column_size":"33","_inline_size":"32.121"},"elements":[{"id":"485fb710","settings":{"text":"Become a  Sponsor","align":"right","button_text_color":"#ffc2e9","background_color":"rgba(0,0,0,0)","border_border":"solid","border_width":{"unit":"px","top":"2","right":"2","bottom":"2","left":"2","isLinked":"1"},"border_radius":{"unit":"px","top":"50","right":"50","bottom":"50","left":"50","isLinked":"1"},"text_padding":{"unit":"px","top":"15","right":"030","bottom":"15","left":"30","isLinked":""},"_margin":{"unit":"px","top":"0","right":"0","bottom":"0","left":"0","isLinked":""},"jet_tricks_widget_satellite_text":"Lorem Ipsum","jet_tricks_widget_tooltip_description":"Lorem Ipsum","align_mobile":"left","border_color":"#ffc2e9","_margin_mobile":{"unit":"px","top":"0","right":"0","bottom":"0","left":"0","isLinked":""}},"elements":[],"isInner":false,"widgetType":"button","elType":"widget"}],"isInner":"1","elType":"column"}],"isInner":"1","elType":"section"},{"id":"3090373","settings":{"margin":{"unit":"px","top":"70","right":"0","bottom":"0","left":"0","isLinked":""},"margin_mobile":{"unit":"px","top":"30","right":"0","bottom":"0","left":"0","isLinked":""}},"elements":[{"id":"29804e7e","settings":{"_column_size":"100"},"elements":[{"id":"4aa7018b","settings":{"image":{"id":17647,"url":"http:\/\/library.elementor.com\/lp\/wp-content\/uploads\/2020\/12\/logos.png"},"image_size":"full","opacity":{"unit":"px","size":"0.7"},"jet_tricks_widget_satellite_text":"Lorem Ipsum","jet_tricks_widget_tooltip_description":"Lorem Ipsum"},"elements":[],"isInner":false,"widgetType":"image","elType":"widget"}],"isInner":"1","elType":"column"}],"isInner":"1","elType":"section"}],"isInner":"","elType":"column"}],"isInner":"","elType":"section"},{"id":"788259fe","settings":{"content_width":{"unit":"px","size":"900"},"height":"min-height","custom_height":{"unit":"px","size":""},"background_background":"gradient","background_color":"#04093f","background_color_b":"#401688","padding":{"unit":"px","top":"90","right":"0","bottom":"90","left":"0","isLinked":""},"content_position":"middle","z_index":"5","margin_mobile":{"unit":"px","top":"-1","right":"0","bottom":"-1","left":"0","isLinked":"1"},"padding_tablet":{"unit":"px","top":"150","right":"20","bottom":"100","left":"20","isLinked":""},"padding_mobile":{"unit":"px","top":"70","right":"10","bottom":"50","left":"10","isLinked":""},"_title":"Tickets","_timestamp_":"v1b1BCenZXN2gxUTBqb0JJSWxJTVlPZz09"},"elements":[{"id":"796c5952","settings":{"_column_size":"100","_inline_size":"40"},"elements":[{"id":"33ffd6b9","settings":{"_margin":{"unit":"px","top":"0","right":"-90","bottom":"-20","left":"380","isLinked":""},"_margin_mobile":{"unit":"px","top":"0","right":"140","bottom":"-20","left":"0130","isLinked":""},"_border_border":"solid","_border_width":{"unit":"px","top":"5","right":"5","bottom":"5","left":"5","isLinked":"1"},"_border_color":"#e09924","jet_tricks_widget_satellite_text":"Lorem Ipsum","jet_tricks_widget_tooltip_description":"Lorem Ipsum","space":{"unit":"px","size":"40"},"_border_radius":{"unit":"px","top":"0","right":"0","bottom":"0","left":"0","isLinked":""},"space_tablet":{"unit":"px","size":"40"},"_margin_tablet":{"unit":"px","top":"0","right":"-130","bottom":"-20","left":"352","isLinked":""},"_background_background":"classic","_background_color":"#e09924"},"elements":[],"isInner":false,"widgetType":"spacer","elType":"widget"},{"id":"6f91bf83","settings":{"_margin":{"unit":"px","top":"0","right":"-40","bottom":"-80","left":"290","isLinked":""},"_margin_mobile":{"unit":"px","top":"0","right":"40","bottom":"-70","left":"180","isLinked":""},"_border_border":"solid","_border_width":{"unit":"px","top":"5","right":"5","bottom":"5","left":"5","isLinked":"1"},"_border_color":"#b828ea","jet_tricks_widget_satellite_text":"Lorem Ipsum","jet_tricks_widget_tooltip_description":"Lorem Ipsum","space":{"unit":"px","size":"80"},"_border_radius":{"unit":"px","top":"0","right":"0","bottom":"0","left":"0","isLinked":""},"space_tablet":{"unit":"px","size":"80"},"space_mobile":{"unit":"px","size":"90"},"_margin_tablet":{"unit":"px","top":"0","right":"-80","bottom":"-80","left":"260","isLinked":""}},"elements":[],"isInner":false,"widgetType":"spacer","elType":"widget"},{"id":"112eda3c","settings":{"anchor":"tickets"},"elements":[],"isInner":false,"widgetType":"menu-anchor","elType":"widget"},{"id":"6e07ecb2","settings":{"title":"Tickets","title_color":"#ffc2e9","typography_typography":"custom","typography_font_size":{"unit":"px","size":"150"},"typography_font_weight":"400","text_shadow_text_shadow_type":"yes","text_shadow_text_shadow":{"horizontal":"0","vertical":"10","blur":"50","color":"rgba(0,0,0,0.61)"},"_margin":{"unit":"px","top":"0","right":"0","bottom":"0","left":"0","isLinked":""},"jet_tricks_widget_satellite_text":"Lorem Ipsum","jet_tricks_widget_tooltip_description":"Lorem Ipsum","typography_font_size_mobile":{"unit":"px","size":"100"},"typography_font_family":"Teko"},"elements":[],"isInner":false,"widgetType":"heading","elType":"widget"},{"id":"2dd82139","settings":{"editor":"<p>Ipsum suspendisse ultrices gravida dictum fusce ut placerat orci nulla.\u00a0<\/p>","text_color":"rgba(255,255,255,0.7)","jet_tricks_widget_satellite_text":"Lorem Ipsum","jet_tricks_widget_tooltip_description":"Lorem Ipsum"},"elements":[],"isInner":false,"widgetType":"text-editor","elType":"widget"},{"id":"6ae86767","settings":{"gap":"no","content_position":"bottom","structure":"20","border_border":"dotted","border_width":{"unit":"px","top":"0","right":"0","bottom":"02","left":"0","isLinked":""},"border_color":"#e09924","margin":{"unit":"px","top":"40","right":"0","bottom":"20","left":"0","isLinked":""},"padding":{"unit":"px","top":"0","right":"0","bottom":"10","left":"0","isLinked":""}},"elements":[{"id":"6e6c2d7e","settings":{"_column_size":"50","_inline_size_mobile":"60"},"elements":[{"id":"623e785c","settings":{"title":"Single","title_color":"#79e1e8","typography_typography":"custom","typography_font_size":{"unit":"px","size":"40"},"typography_font_weight":"400","jet_tricks_widget_satellite_text":"Lorem Ipsum","jet_tricks_widget_tooltip_description":"Lorem Ipsum","typography_font_family":"Teko"},"elements":[],"isInner":false,"widgetType":"heading","elType":"widget"}],"isInner":"1","elType":"column"},{"id":"38da1ac9","settings":{"_column_size":"50","_inline_size_mobile":"40"},"elements":[{"id":"16911237","settings":{"title":"152$","align":"right","title_color":"#79e1e8","typography_typography":"custom","typography_font_size":{"unit":"px","size":"40"},"typography_font_weight":"400","jet_tricks_widget_satellite_text":"Lorem Ipsum","jet_tricks_widget_tooltip_description":"Lorem Ipsum","typography_font_family":"Teko"},"elements":[],"isInner":false,"widgetType":"heading","elType":"widget"}],"isInner":"1","elType":"column"}],"isInner":"1","elType":"section"},{"id":"7fbd54ef","settings":{"gap":"no","content_position":"bottom","structure":"20","border_border":"dotted","border_width":{"unit":"px","top":"0","right":"0","bottom":"02","left":"0","isLinked":""},"border_color":"#e09924","margin":{"unit":"px","top":"20","right":"0","bottom":"20","left":"0","isLinked":""},"padding":{"unit":"px","top":"0","right":"0","bottom":"10","left":"0","isLinked":""}},"elements":[{"id":"53c9eb80","settings":{"_column_size":"50","_inline_size_mobile":"60"},"elements":[{"id":"149c124","settings":{"title":"Group","title_color":"#79e1e8","typography_typography":"custom","typography_font_size":{"unit":"px","size":"40"},"typography_font_weight":"400","jet_tricks_widget_satellite_text":"Lorem Ipsum","jet_tricks_widget_tooltip_description":"Lorem Ipsum","typography_font_family":"Teko"},"elements":[],"isInner":false,"widgetType":"heading","elType":"widget"},{"id":"54633a95","settings":{"editor":"<p>Up to 4 tickets<\/p>","text_color":"#ffffff","typography_typography":"custom","typography_font_size":{"unit":"px","size":"13"},"_margin":{"unit":"px","top":"-20","right":"0","bottom":"-20","left":"0","isLinked":""},"jet_tricks_widget_satellite_text":"Lorem Ipsum","jet_tricks_widget_tooltip_description":"Lorem Ipsum","align":"left"},"elements":[],"isInner":false,"widgetType":"text-editor","elType":"widget"}],"isInner":"1","elType":"column"},{"id":"5c2dc723","settings":{"_column_size":"50","_inline_size_mobile":"40"},"elements":[{"id":"7476c7d6","settings":{"title":"130$","align":"right","title_color":"#79e1e8","typography_typography":"custom","typography_font_size":{"unit":"px","size":"40"},"typography_font_weight":"400","jet_tricks_widget_satellite_text":"Lorem Ipsum","jet_tricks_widget_tooltip_description":"Lorem Ipsum","typography_font_family":"Teko"},"elements":[],"isInner":false,"widgetType":"heading","elType":"widget"}],"isInner":"1","elType":"column"}],"isInner":"1","elType":"section"},{"id":"36c64402","settings":{"gap":"no","content_position":"bottom","structure":"20","border_border":"dotted","border_width":{"unit":"px","top":"0","right":"0","bottom":"02","left":"0","isLinked":""},"border_color":"#e09924","margin":{"unit":"px","top":"20","right":"0","bottom":"20","left":"0","isLinked":""},"padding":{"unit":"px","top":"0","right":"0","bottom":"10","left":"0","isLinked":""}},"elements":[{"id":"390609a8","settings":{"_column_size":"50","_inline_size_mobile":"60"},"elements":[{"id":"55dd7667","settings":{"title":"Large Team","title_color":"#79e1e8","typography_typography":"custom","typography_font_size":{"unit":"px","size":"40"},"typography_font_weight":"400","jet_tricks_widget_satellite_text":"Lorem Ipsum","jet_tricks_widget_tooltip_description":"Lorem Ipsum","typography_font_family":"Teko"},"elements":[],"isInner":false,"widgetType":"heading","elType":"widget"},{"id":"9147758","settings":{"editor":"<p>5+ tickets<\/p>","text_color":"#ffffff","typography_typography":"custom","typography_font_size":{"unit":"px","size":"13"},"_margin":{"unit":"px","top":"-20","right":"0","bottom":"-20","left":"0","isLinked":""},"jet_tricks_widget_satellite_text":"Lorem Ipsum","jet_tricks_widget_tooltip_description":"Lorem Ipsum","align":"left"},"elements":[],"isInner":false,"widgetType":"text-editor","elType":"widget"}],"isInner":"1","elType":"column"},{"id":"29e3beec","settings":{"_column_size":"50","_inline_size_mobile":"40"},"elements":[{"id":"29cd2861","settings":{"title":"109$","align":"right","title_color":"#79e1e8","typography_typography":"custom","typography_font_size":{"unit":"px","size":"40"},"typography_font_weight":"400","jet_tricks_widget_satellite_text":"Lorem Ipsum","jet_tricks_widget_tooltip_description":"Lorem Ipsum","typography_font_family":"Teko"},"elements":[],"isInner":false,"widgetType":"heading","elType":"widget"}],"isInner":"1","elType":"column"}],"isInner":"1","elType":"section"}],"isInner":"","elType":"column"},{"id":"6a50779f","settings":{"_column_size":"100","_inline_size":"60","content_position":"bottom","margin":{"unit":"px","top":"0","right":"0","bottom":"0","left":"150","isLinked":""},"margin_tablet":{"unit":"px","top":"0","right":"0","bottom":"0","left":"80","isLinked":""},"margin_mobile":{"unit":"px","top":"30","right":"0","bottom":"0","left":"0","isLinked":""}},"elements":[{"id":"1d78828a","settings":{"form_name":"RSVP","form_fields":[{"_id":"name","field_label":"First &amp; Last Name","placeholder":"Full Name","min_date":"","max_date":"","rows":"4","file_sizes":"","file_types":"","allow_multiple_upload":"","max_files":"","acceptance_text":"","checked_by_default":"","field_min":"","field_max":"","use_native_date":"","use_native_time":"","custom_id":"name","previous_button":"","next_button":""},{"_id":"email","field_type":"email","required":"true","field_label":"Email Address","placeholder":"Email","min_date":"","max_date":"","rows":"4","file_sizes":"","file_types":"","allow_multiple_upload":"","max_files":"","acceptance_text":"","checked_by_default":"","field_min":"","field_max":"","use_native_date":"","use_native_time":"","custom_id":"email","previous_button":"","next_button":""},{"_id":"message","field_type":"select","field_label":"Choose a Pass","placeholder":"Message","field_value":"Single","min_date":"","max_date":"","field_options":"- Select one -\nSingle \nGroup\nTeam","rows":"4","file_sizes":"","file_types":"","allow_multiple_upload":"","max_files":"","acceptance_text":"","checked_by_default":"","field_min":"","field_max":"","use_native_date":"","use_native_time":"","custom_id":"message","previous_button":"","next_button":""}],"input_size":"md","button_text":"Yes, I'm in!","button_size":"md","button_align":"end","email_content":"[all-fields]","email_content_2":"[all-fields]","success_message":"The form was sent successfully.","error_message":"An error occured.","required_field_message":"This field is required.","invalid_message":"There's something wrong. The form is invalid.","row_gap":{"unit":"px","size":"30"},"label_spacing":{"unit":"px","size":"10"},"label_color":"#79e1e8","field_text_color":"rgba(255,255,255,0.74)","field_background_color":"rgba(255,255,255,0.09)","field_border_width":{"unit":"px","top":"0","right":"0","bottom":"0","left":"0","isLinked":"1"},"field_border_radius":{"unit":"px","top":"0","right":"0","bottom":"0","left":"0","isLinked":"1"},"button_background_color":"#ffc2e9","button_text_color":"#4d16ab","button_border_radius":{"unit":"px","top":"0","right":"0","bottom":"0","left":"0","isLinked":"1"},"button_text_padding":{"unit":"px","top":"0","right":"50","bottom":"0","left":"50","isLinked":""},"_z_index":"1","jet_tricks_widget_satellite_text":"Lorem Ipsum","jet_tricks_widget_tooltip_description":"Lorem Ipsum","button_typography_typography":"custom","button_typography_text_transform":"uppercase","step_next_label":"Next","step_previous_label":"Previous"},"elements":[],"isInner":false,"widgetType":"form","elType":"widget"},{"id":"64d310ca","settings":{"_margin":{"unit":"%","top":"-20","right":"42","bottom":"0","left":"45","isLinked":""},"_margin_mobile":{"unit":"px","top":"-70","right":"0160","bottom":"0","left":"100","isLinked":""},"_border_width":{"unit":"px","top":"3","right":"3","bottom":"3","left":"3","isLinked":"1"},"_border_color":"#79e1e8","jet_tricks_widget_satellite_text":"Lorem Ipsum","jet_tricks_widget_tooltip_description":"Lorem Ipsum","space":{"unit":"px","size":"40"},"_background_background":"classic","_background_color":"rgba(121,225,232,0)","_box_shadow_box_shadow_type":"yes","_box_shadow_box_shadow":{"horizontal":"-10","vertical":"-10","blur":"0","spread":"0","color":"rgba(255,194,233,0.22)"},"space_mobile":{"unit":"px","size":"50"},"_border_border":"solid","hide_mobile":"hidden-phone"},"elements":[],"isInner":false,"widgetType":"spacer","elType":"widget"}],"isInner":"","elType":"column"}],"isInner":"","elType":"section"},{"id":"1055ff62","settings":{"content_width":{"unit":"px","size":"900"},"background_background":"classic","background_color":"#04093f","padding":{"unit":"px","top":"100","right":"0","bottom":"150","left":"0","isLinked":""},"padding_tablet":{"unit":"px","top":"100","right":"10","bottom":"100","left":"10","isLinked":""},"padding_mobile":{"unit":"px","top":"50","right":"10","bottom":"80","left":"10","isLinked":""},"_title":"Footer","_timestamp_":"v1b1BCenZXN2gxUTBqb0JJSWxJTVlPZz09"},"elements":[{"id":"1a53a295","settings":{"_column_size":"100"},"elements":[{"id":"3f65ddae","settings":{"gap":"no","content_position":"middle","structure":"40","border_border":"solid","border_width":{"unit":"px","top":"1","right":"0","bottom":"1","left":"0","isLinked":""},"border_color":"rgba(255,194,233,0.52)","margin":{"unit":"px","top":"10","right":"0","bottom":"0","left":"0","isLinked":""},"padding":{"unit":"px","top":"15","right":"0","bottom":"15","left":"0","isLinked":""}},"elements":[{"id":"1dbca15f","settings":{"_column_size":"25","_inline_size_mobile":"50"},"elements":[{"id":"4087982d","settings":{"title":"Join us","title_color":"#79e1e8","typography_typography":"custom","typography_font_size":{"unit":"px","size":"30"},"typography_font_weight":"400","jet_tricks_widget_satellite_text":"Lorem Ipsum","jet_tricks_widget_tooltip_description":"Lorem Ipsum","typography_font_size_mobile":{"unit":"px","size":"25"},"typography_font_family":"Teko"},"elements":[],"isInner":false,"widgetType":"heading","elType":"widget"}],"isInner":"1","elType":"column"},{"id":"51235989","settings":{"_column_size":"25","_inline_size_mobile":"50"},"elements":[{"id":"5565445f","settings":{"view":"inline","icon_list":[{"text":"","icon":"fa fa-facebook","_id":"82a600a"},{"text":"","icon":"fa fa-instagram","_id":"94e769d"},{"text":"","icon":"fa fa-twitter","_id":"286ddda"}],"icon_color":"#79e1e8","icon_size":{"unit":"px","size":"20"},"jet_tricks_widget_satellite_text":"Lorem Ipsum","jet_tricks_widget_tooltip_description":"Lorem Ipsum","icon_align_mobile":"right"},"elements":[],"isInner":false,"widgetType":"icon-list","elType":"widget"}],"isInner":"1","elType":"column"},{"id":"439587f9","settings":{"_column_size":"25","border_border":"solid","border_width":{"unit":"px","top":"0","right":"0","bottom":"0","left":"01","isLinked":""},"border_color":"rgba(255,194,233,0.52)","border_radius":{"unit":"px","top":"0","right":"0","bottom":"0","left":"0","isLinked":""},"_inline_size_mobile":"50","margin_mobile":{"unit":"px","top":"30","right":"0","bottom":"0","left":"0","isLinked":""},"padding_mobile":{"unit":"px","top":"0","right":"0","bottom":"0","left":"0","isLinked":""}},"elements":[{"id":"49b63a0f","settings":{"title":"info@tokyo.org","title_color":"#79e1e8","typography_typography":"custom","typography_font_size":{"unit":"px","size":"30"},"typography_font_weight":"400","align":"right","jet_tricks_widget_satellite_text":"Lorem Ipsum","jet_tricks_widget_tooltip_description":"Lorem Ipsum","align_mobile":"left","typography_font_size_mobile":{"unit":"px","size":"25"},"typography_font_family":"Teko"},"elements":[],"isInner":false,"widgetType":"heading","elType":"widget"}],"isInner":"1","elType":"column"},{"id":"44085690","settings":{"_column_size":"25","_inline_size_mobile":"50","margin_mobile":{"unit":"px","top":"30","right":"0","bottom":"0","left":"0","isLinked":""}},"elements":[{"id":"193a989f","settings":{"title":"+953.329.6969.669","title_color":"#79e1e8","typography_typography":"custom","typography_font_size":{"unit":"px","size":"30"},"typography_font_weight":"400","align":"right","jet_tricks_widget_satellite_text":"Lorem Ipsum","jet_tricks_widget_tooltip_description":"Lorem Ipsum","typography_font_size_mobile":{"unit":"px","size":"25"},"typography_font_family":"Teko"},"elements":[],"isInner":false,"widgetType":"heading","elType":"widget"}],"isInner":"1","elType":"column"}],"isInner":"1","elType":"section"}],"isInner":"","elType":"column"}],"isInner":"","elType":"section"},{"id":"a1e113a","settings":{"layout":"full_width","margin":{"unit":"px","top":"-100","right":"0","bottom":"0","left":"0","isLinked":""},"padding":{"unit":"px","top":"15","right":"15","bottom":"15","left":"15","isLinked":"1"},"z_index":"3","sticky":"bottom","margin_mobile":{"unit":"px","top":"-60","right":"0","bottom":"0","left":"0","isLinked":""},"padding_mobile":{"unit":"px","top":"0","right":"0","bottom":"0","left":"0","isLinked":"1"},"_title":"Float Button","_timestamp_":"v1b1BCenZXN2gxUTBqb0JJSWxJTVlPZz09"},"elements":[{"id":"632b5ec1","settings":{"_column_size":"100"},"elements":[{"id":"4f8fb4fc","settings":{"text":"Buy a Pass","align":"left","button_text_color":"#ffffff","background_color":"#b828ea","border_width":{"unit":"px","top":"2","right":"2","bottom":"2","left":"2","isLinked":"1"},"border_radius":{"unit":"px","top":"50","right":"50","bottom":"50","left":"50","isLinked":"1"},"text_padding":{"unit":"px","top":"10","right":"35","bottom":"10","left":"35","isLinked":""},"_margin":{"unit":"px","top":"0","right":"0","bottom":"0","left":"0","isLinked":""},"link":{"url":"#tickets","is_external":"","nofollow":""},"typography_typography":"custom","typography_font_family":"Teko","typography_font_size":{"unit":"px","size":"25"},"typography_font_weight":"400","button_box_shadow_box_shadow_type":"yes","button_box_shadow_box_shadow":{"horizontal":"10","vertical":"10","blur":"30","spread":"0","color":"rgba(0,0,0,0.48)"},"size":"xs","jet_tricks_widget_satellite_text":"Lorem Ipsum","jet_tricks_widget_tooltip_description":"Lorem Ipsum","typography_font_size_mobile":{"unit":"px","size":"20"},"text_padding_mobile":{"unit":"px","top":"10","right":"25","bottom":"10","left":"25","isLinked":""}},"elements":[],"isInner":false,"widgetType":"button","elType":"widget"}],"isInner":"","elType":"column"}],"isInner":"","elType":"section"}]}