{"version":"0.4","title":"16059","type":"page","content":[{"id":"4eeef2d0","settings":{"section_layout":"","content_width":{"unit":"px","size":"1200"},"gap":"no","height":"min-height","custom_height":{"unit":"vh","size":"100"},"section_background":"","background_background":"classic","background_image":{"id":17423,"url":"http:\/\/library.elementor.com\/lp\/wp-content\/uploads\/2020\/12\/1-1-1.png"},"background_position":"center center","background_size":"cover","background_overlay_section":"","background_overlay_opacity":{"unit":"px","size":"0.5"},"section_border":"","box_shadow_box_shadow":{"horizontal":"0","vertical":"0","blur":"10","spread":"0","inset":"","color":"rgba(0,0,0,0.5)"},"section_typo":"","section_advanced":"","padding_tablet":{"unit":"px","top":"100","right":"30","bottom":"100","left":"30","isLinked":""},"padding_mobile":{"unit":"px","top":"60","right":"30","bottom":"60","left":"30","isLinked":""},"_section_responsive":"","heading_visibility":"","responsive_description":"","section_custom_css":"","custom_css_description":"","section_custom_css_pro":"","custom_css_pro":"","custom_height_mobile":{"unit":"vh","size":"81","sizes":[]},"_title":"hero section","_timestamp_":"v1b1BCenZXN2gxUTBqb0JJSWxJTVlPZz09"},"elements":[{"id":"1d2d6643","settings":{"_column_size":"100","section_style":"","box_shadow_box_shadow":{"horizontal":"0","vertical":"0","blur":"10","spread":"0","inset":"","color":"rgba(0,0,0,0.5)"},"section_typo":"","section_advanced":"","padding":{"unit":"%","top":"0","right":"30","bottom":"0","left":"0","isLinked":""},"padding_tablet":{"unit":"%","top":"0","right":"0","bottom":"0","left":"0","isLinked":""},"section_responsive":"","screen_sm":"default","screen_sm_width":"100","screen_xs":"default","screen_xs_width":"100","section_custom_css":"","custom_css_description":"","section_custom_css_pro":"","custom_css_pro":"","section_background_overlay":"","background_overlay_opacity":{"unit":"px","size":"0.5"},"space_between_widgets_mobile":"5"},"elements":[{"id":"690f8e08","settings":{"editor":"Melbourne Innovation\nConference 20<span style=\"color: #fe667b;font-size: 90px\">25<\/span>","text_color":"#FFFFFF","typography_typography":"custom","typography_font_family":"Playfair Display","typography_font_size":{"unit":"px","size":"70"},"typography_font_size_tablet":{"unit":"px","size":"50"},"typography_font_size_mobile":{"unit":"px","size":""},"typography_font_weight":"bold","typography_line_height":{"unit":"em","size":"1"},"typography_line_height_tablet":{"unit":"em","size":""},"typography_line_height_mobile":{"unit":"em","size":""},"typography_letter_spacing":{"unit":"px","size":""},"typography_letter_spacing_tablet":{"unit":"px","size":""},"typography_letter_spacing_mobile":{"unit":"px","size":""},"_padding":{"unit":"px","top":"0","right":"0","bottom":"30","left":"0","isLinked":""},"_box_shadow_box_shadow":{"horizontal":"0","vertical":"0","blur":"10","spread":"0","inset":"","color":"rgba(0,0,0,0.5)"}},"elements":[],"isInner":false,"widgetType":"text-editor","elType":"widget"},{"id":"1f88ec24","settings":{"section_divider":"","weight":{"unit":"px","size":"5"},"color":"#fe667b","width":{"unit":"%","size":"8"},"gap":{"unit":"px","size":"15"},"_section_style":"","_section_background":"","_box_shadow_box_shadow":{"horizontal":"0","vertical":"0","blur":"10","spread":"0","inset":"","color":"rgba(0,0,0,0.5)"},"_section_responsive":"","responsive_description":"","section_custom_css":"","custom_css_description":"","section_custom_css_pro":"","custom_css_pro":"","text":"Divider"},"elements":[],"isInner":false,"widgetType":"divider","elType":"widget"},{"id":"6439dc2a","settings":{"section_editor":"","editor":"<p>Attend\u00a0the most influencial live event of the year<\/p>","section_style":"","text_color":"#ffffff","typography_typography":"custom","typography_font_size":{"unit":"px","size":"27"},"typography_font_size_tablet":{"unit":"px","size":"18"},"typography_font_size_mobile":{"unit":"px","size":""},"typography_font_weight":"500","typography_line_height":{"unit":"em","size":""},"typography_line_height_tablet":{"unit":"em","size":""},"typography_line_height_mobile":{"unit":"em","size":""},"typography_letter_spacing":{"unit":"px","size":""},"typography_letter_spacing_tablet":{"unit":"px","size":""},"typography_letter_spacing_mobile":{"unit":"px","size":""},"_section_style":"","_padding":{"unit":"px","top":"30","right":"0","bottom":"30","left":"0","isLinked":""},"_section_background":"","_box_shadow_box_shadow":{"horizontal":"0","vertical":"0","blur":"10","spread":"0","inset":"","color":"rgba(0,0,0,0.5)"},"_section_responsive":"","responsive_description":"","section_custom_css":"","custom_css_description":"","section_custom_css_pro":"","custom_css_pro":""},"elements":[],"isInner":false,"widgetType":"text-editor","elType":"widget"},{"id":"2a92d64","settings":{"section_button":"","text":"Sign up","link":{"is_external":"","url":"#"},"size":"xl","icon":"","icon_indent":{"unit":"px","size":""},"section_style":"","typography_typography":"custom","typography_font_size":{"unit":"px","size":""},"typography_font_size_tablet":{"unit":"px","size":"15"},"typography_font_size_mobile":{"unit":"px","size":""},"typography_font_weight":"600","typography_text_transform":"uppercase","typography_line_height":{"unit":"em","size":""},"typography_line_height_tablet":{"unit":"em","size":""},"typography_line_height_mobile":{"unit":"em","size":""},"typography_letter_spacing":{"unit":"px","size":"3.5"},"typography_letter_spacing_tablet":{"unit":"px","size":""},"typography_letter_spacing_mobile":{"unit":"px","size":""},"background_color":"#fe667b","border_radius":{"unit":"px","top":"50","right":"50","bottom":"50","left":"50","isLinked":"1"},"section_hover":"","button_background_hover_color":"#4b28fa","_section_style":"","_section_background":"","_box_shadow_box_shadow":{"horizontal":"0","vertical":"0","blur":"10","spread":"0","inset":"","color":"rgba(0,0,0,0.5)"},"_section_responsive":"","responsive_description":"","section_custom_css":"","custom_css_description":"","section_custom_css_pro":"","custom_css_pro":""},"elements":[],"isInner":false,"widgetType":"button","elType":"widget"}],"isInner":"","elType":"column"}],"isInner":"","elType":"section"},{"id":"3d60253c","settings":{"section_layout":"","content_width":{"unit":"px","size":"1200"},"custom_height":{"unit":"px","size":"400"},"structure":"40","section_background":"","background_background":"classic","background_color":"#4b28fa","background_overlay_section":"","background_overlay_opacity":{"unit":"px","size":"0.5"},"section_border":"","box_shadow_box_shadow":{"horizontal":"0","vertical":"0","blur":"10","spread":"0","inset":"","color":"rgba(0,0,0,0.5)"},"section_typo":"","section_advanced":"","padding":{"unit":"px","top":"70","right":"0","bottom":"70","left":"0","isLinked":""},"padding_tablet":{"unit":"px","top":"50","right":"0","bottom":"50","left":"0","isLinked":""},"padding_mobile":{"unit":"px","top":"55","right":"30","bottom":"55","left":"30","isLinked":""},"_section_responsive":"","heading_visibility":"","responsive_description":"","section_custom_css":"","custom_css_description":"","section_custom_css_pro":"","custom_css_pro":"","_title":"confrence features","_timestamp_":"v1b1BCenZXN2gxUTBqb0JJSWxJTVlPZz09"},"elements":[{"id":"2074077a","settings":{"_column_size":"25","section_style":"","box_shadow_box_shadow":{"horizontal":"0","vertical":"0","blur":"10","spread":"0","inset":"","color":"rgba(0,0,0,0.5)"},"section_typo":"","section_advanced":"","section_responsive":"","screen_sm":"default","screen_sm_width":"100","screen_xs":"default","screen_xs_width":"100","section_custom_css":"","custom_css_description":"","section_custom_css_pro":"","custom_css_pro":"","section_background_overlay":"","background_overlay_opacity":{"unit":"px","size":"0.5"}},"elements":[{"id":"3a025e4d","settings":{"section_image":"","image":{"id":17425,"url":"http:\/\/library.elementor.com\/lp\/wp-content\/uploads\/2020\/12\/34-1.png"},"title_text":"Inspiring Talk","description_text":"Lorem ipsum dolor sit amet, consectetur adipiscing elitconsectetur adipiscing elit.","link":{"is_external":"","url":""},"position":"left","section_style_image":"","image_space":{"unit":"px","size":"18"},"image_size":{"unit":"%","size":"13"},"image_opacity":{"unit":"px","size":"1"},"section_style_content":"","text_align":"left","heading_title":"","title_bottom_space":{"unit":"px","size":"33"},"title_bottom_space_tablet":{"unit":"px","size":"18"},"title_bottom_space_mobile":{"unit":"px","size":""},"title_color":"#fe667b","title_typography_typography":"custom","title_typography_font_size":{"unit":"px","size":"30"},"title_typography_font_size_tablet":{"unit":"px","size":"20"},"title_typography_font_size_mobile":{"unit":"px","size":""},"title_typography_font_weight":"700","title_typography_line_height":{"unit":"em","size":"0.5"},"title_typography_line_height_tablet":{"unit":"em","size":"0.7"},"title_typography_line_height_mobile":{"unit":"em","size":""},"title_typography_letter_spacing":{"unit":"px","size":""},"title_typography_letter_spacing_tablet":{"unit":"px","size":""},"title_typography_letter_spacing_mobile":{"unit":"px","size":""},"heading_description":"","description_color":"#ffffff","description_typography_typography":"custom","description_typography_font_size":{"unit":"px","size":"15"},"description_typography_font_size_tablet":{"unit":"px","size":"14"},"description_typography_font_size_mobile":{"unit":"px","size":""},"description_typography_font_weight":"300","description_typography_line_height":{"unit":"em","size":"1.8"},"description_typography_line_height_tablet":{"unit":"em","size":""},"description_typography_line_height_mobile":{"unit":"em","size":""},"description_typography_letter_spacing":{"unit":"px","size":""},"description_typography_letter_spacing_tablet":{"unit":"px","size":""},"description_typography_letter_spacing_mobile":{"unit":"px","size":""},"_section_style":"","_margin_mobile":{"unit":"px","top":"0","right":"0","bottom":"30","left":"0","isLinked":""},"_section_background":"","_box_shadow_box_shadow":{"horizontal":"0","vertical":"0","blur":"10","spread":"0","inset":"","color":"rgba(0,0,0,0.5)"},"_section_responsive":"","responsive_description":"","section_custom_css":"","custom_css_description":"","section_custom_css_pro":"","custom_css_pro":""},"elements":[],"isInner":false,"widgetType":"image-box","elType":"widget"}],"isInner":"","elType":"column"},{"id":"462c60a8","settings":{"_column_size":"25","section_style":"","box_shadow_box_shadow":{"horizontal":"0","vertical":"0","blur":"10","spread":"0","inset":"","color":"rgba(0,0,0,0.5)"},"section_typo":"","section_advanced":"","section_responsive":"","screen_sm":"default","screen_sm_width":"100","screen_xs":"default","screen_xs_width":"100","section_custom_css":"","custom_css_description":"","section_custom_css_pro":"","custom_css_pro":"","section_background_overlay":"","background_overlay_opacity":{"unit":"px","size":"0.5"}},"elements":[{"id":"2462f202","settings":{"section_image":"","image":{"id":17427,"url":"http:\/\/library.elementor.com\/lp\/wp-content\/uploads\/2020\/12\/33-1.png"},"title_text":"Q&amp;A Session","description_text":"Ut elit tellus, luctus nec ullamcorper mattis pulvinar. Quisque quis interdum dolor.","link":{"is_external":"","url":""},"position":"left","section_style_image":"","image_space":{"unit":"px","size":"18"},"image_size":{"unit":"%","size":"13"},"image_opacity":{"unit":"px","size":"1"},"section_style_content":"","text_align":"left","heading_title":"","title_bottom_space":{"unit":"px","size":"33"},"title_bottom_space_tablet":{"unit":"px","size":"18"},"title_bottom_space_mobile":{"unit":"px","size":""},"title_color":"#fe667b","title_typography_typography":"custom","title_typography_font_size":{"unit":"px","size":"30"},"title_typography_font_size_tablet":{"unit":"px","size":"20"},"title_typography_font_size_mobile":{"unit":"px","size":""},"title_typography_font_weight":"700","title_typography_line_height":{"unit":"em","size":"0.5"},"title_typography_line_height_tablet":{"unit":"em","size":""},"title_typography_line_height_mobile":{"unit":"em","size":""},"title_typography_letter_spacing":{"unit":"px","size":""},"title_typography_letter_spacing_tablet":{"unit":"px","size":""},"title_typography_letter_spacing_mobile":{"unit":"px","size":""},"heading_description":"","description_color":"#ffffff","description_typography_typography":"custom","description_typography_font_size":{"unit":"px","size":"15"},"description_typography_font_size_tablet":{"unit":"px","size":"14"},"description_typography_font_size_mobile":{"unit":"px","size":""},"description_typography_font_weight":"300","description_typography_line_height":{"unit":"em","size":"1.8"},"description_typography_line_height_tablet":{"unit":"em","size":""},"description_typography_line_height_mobile":{"unit":"em","size":""},"description_typography_letter_spacing":{"unit":"px","size":""},"description_typography_letter_spacing_tablet":{"unit":"px","size":""},"description_typography_letter_spacing_mobile":{"unit":"px","size":""},"_section_style":"","_margin_mobile":{"unit":"px","top":"0","right":"0","bottom":"30","left":"0","isLinked":""},"_section_background":"","_box_shadow_box_shadow":{"horizontal":"0","vertical":"0","blur":"10","spread":"0","inset":"","color":"rgba(0,0,0,0.5)"},"_section_responsive":"","responsive_description":"","section_custom_css":"","custom_css_description":"","section_custom_css_pro":"","custom_css_pro":""},"elements":[],"isInner":false,"widgetType":"image-box","elType":"widget"}],"isInner":"","elType":"column"},{"id":"689322f8","settings":{"_column_size":"25","section_style":"","box_shadow_box_shadow":{"horizontal":"0","vertical":"0","blur":"10","spread":"0","inset":"","color":"rgba(0,0,0,0.5)"},"section_typo":"","section_advanced":"","section_responsive":"","screen_sm":"default","screen_sm_width":"100","screen_xs":"default","screen_xs_width":"100","section_custom_css":"","custom_css_description":"","section_custom_css_pro":"","custom_css_pro":"","section_background_overlay":"","background_overlay_opacity":{"unit":"px","size":"0.5"}},"elements":[{"id":"677a19b","settings":{"section_image":"","image":{"id":17429,"url":"http:\/\/library.elementor.com\/lp\/wp-content\/uploads\/2020\/12\/31-1.png"},"title_text":"Live Training","description_text":"Lorem ipsum dolor sit amet, consectetur adipiscing elitconsectetur adipiscing elit.","link":{"is_external":"","url":""},"position":"left","section_style_image":"","image_space":{"unit":"px","size":"18"},"image_size":{"unit":"%","size":"13"},"image_opacity":{"unit":"px","size":"1"},"section_style_content":"","text_align":"left","heading_title":"","title_bottom_space":{"unit":"px","size":"33"},"title_bottom_space_tablet":{"unit":"px","size":"18"},"title_bottom_space_mobile":{"unit":"px","size":""},"title_color":"#fe667b","title_typography_typography":"custom","title_typography_font_size":{"unit":"px","size":"30"},"title_typography_font_size_tablet":{"unit":"px","size":"20"},"title_typography_font_size_mobile":{"unit":"px","size":""},"title_typography_font_weight":"700","title_typography_line_height":{"unit":"em","size":"0.5"},"title_typography_line_height_tablet":{"unit":"em","size":""},"title_typography_line_height_mobile":{"unit":"em","size":""},"title_typography_letter_spacing":{"unit":"px","size":""},"title_typography_letter_spacing_tablet":{"unit":"px","size":""},"title_typography_letter_spacing_mobile":{"unit":"px","size":""},"heading_description":"","description_color":"#ffffff","description_typography_typography":"custom","description_typography_font_size":{"unit":"px","size":"15"},"description_typography_font_size_tablet":{"unit":"px","size":"14"},"description_typography_font_size_mobile":{"unit":"px","size":""},"description_typography_font_weight":"300","description_typography_line_height":{"unit":"em","size":"1.8"},"description_typography_line_height_tablet":{"unit":"em","size":""},"description_typography_line_height_mobile":{"unit":"em","size":""},"description_typography_letter_spacing":{"unit":"px","size":""},"description_typography_letter_spacing_tablet":{"unit":"px","size":""},"description_typography_letter_spacing_mobile":{"unit":"px","size":""},"_section_style":"","_margin_mobile":{"unit":"px","top":"0","right":"0","bottom":"30","left":"0","isLinked":""},"_section_background":"","_box_shadow_box_shadow":{"horizontal":"0","vertical":"0","blur":"10","spread":"0","inset":"","color":"rgba(0,0,0,0.5)"},"_section_responsive":"","responsive_description":"","section_custom_css":"","custom_css_description":"","section_custom_css_pro":"","custom_css_pro":""},"elements":[],"isInner":false,"widgetType":"image-box","elType":"widget"}],"isInner":"","elType":"column"},{"id":"1829b684","settings":{"_column_size":"25","section_style":"","box_shadow_box_shadow":{"horizontal":"0","vertical":"0","blur":"10","spread":"0","inset":"","color":"rgba(0,0,0,0.5)"},"section_typo":"","section_advanced":"","section_responsive":"","screen_sm":"default","screen_sm_width":"100","screen_xs":"default","screen_xs_width":"100","section_custom_css":"","custom_css_description":"","section_custom_css_pro":"","custom_css_pro":"","section_background_overlay":"","background_overlay_opacity":{"unit":"px","size":"0.5"}},"elements":[{"id":"24bd863d","settings":{"section_image":"","image":{"id":17431,"url":"http:\/\/library.elementor.com\/lp\/wp-content\/uploads\/2020\/12\/32-1.png"},"title_text":"Workshops","description_text":"Ut elit tellus, luctus nec ullamcorper mattis pulvinar. Quisque quis interdum dolor.","link":{"is_external":"","url":""},"position":"left","section_style_image":"","image_space":{"unit":"px","size":"18"},"image_size":{"unit":"%","size":"13"},"image_opacity":{"unit":"px","size":"1"},"section_style_content":"","text_align":"left","heading_title":"","title_bottom_space":{"unit":"px","size":"33"},"title_bottom_space_tablet":{"unit":"px","size":"18"},"title_bottom_space_mobile":{"unit":"px","size":""},"title_color":"#fe667b","title_typography_typography":"custom","title_typography_font_size":{"unit":"px","size":"30"},"title_typography_font_size_tablet":{"unit":"px","size":"20"},"title_typography_font_size_mobile":{"unit":"px","size":""},"title_typography_font_weight":"700","title_typography_line_height":{"unit":"em","size":"0.5"},"title_typography_line_height_tablet":{"unit":"em","size":""},"title_typography_line_height_mobile":{"unit":"em","size":""},"title_typography_letter_spacing":{"unit":"px","size":""},"title_typography_letter_spacing_tablet":{"unit":"px","size":""},"title_typography_letter_spacing_mobile":{"unit":"px","size":""},"heading_description":"","description_color":"#ffffff","description_typography_typography":"custom","description_typography_font_size":{"unit":"px","size":"15"},"description_typography_font_size_tablet":{"unit":"px","size":"14"},"description_typography_font_size_mobile":{"unit":"px","size":""},"description_typography_font_weight":"300","description_typography_line_height":{"unit":"em","size":"1.8"},"description_typography_line_height_tablet":{"unit":"em","size":""},"description_typography_line_height_mobile":{"unit":"em","size":""},"description_typography_letter_spacing":{"unit":"px","size":""},"description_typography_letter_spacing_tablet":{"unit":"px","size":""},"description_typography_letter_spacing_mobile":{"unit":"px","size":""},"_section_style":"","_section_background":"","_box_shadow_box_shadow":{"horizontal":"0","vertical":"0","blur":"10","spread":"0","inset":"","color":"rgba(0,0,0,0.5)"},"_section_responsive":"","responsive_description":"","section_custom_css":"","custom_css_description":"","section_custom_css_pro":"","custom_css_pro":""},"elements":[],"isInner":false,"widgetType":"image-box","elType":"widget"}],"isInner":"","elType":"column"}],"isInner":"","elType":"section"},{"id":"3a60282e","settings":{"section_layout":"","content_width":{"unit":"px","size":"1200"},"custom_height":{"unit":"px","size":"400"},"content_position":"middle","structure":"20","section_background":"","background_background":"classic","background_color":"#000000","background_overlay_section":"","background_overlay_opacity":{"unit":"px","size":"0.5"},"section_border":"","box_shadow_box_shadow":{"horizontal":"0","vertical":"0","blur":"10","spread":"0","inset":"","color":"rgba(0,0,0,0.5)"},"section_typo":"","section_advanced":"","padding":{"unit":"px","top":"150","right":"0","bottom":"150","left":"0","isLinked":""},"padding_tablet":{"unit":"px","top":"70","right":"30","bottom":"70","left":"30","isLinked":""},"_section_responsive":"","heading_visibility":"","responsive_description":"","section_custom_css":"","custom_css_description":"","section_custom_css_pro":"","custom_css_pro":"","_title":"learn from the top","_timestamp_":"v1b1BCenZXN2gxUTBqb0JJSWxJTVlPZz09"},"elements":[{"id":"7822d916","settings":{"_column_size":"50","section_style":"","box_shadow_box_shadow":{"horizontal":"0","vertical":"0","blur":"10","spread":"0","inset":"","color":"rgba(0,0,0,0.5)"},"section_typo":"","section_advanced":"","section_responsive":"","screen_sm":"default","screen_sm_width":"100","screen_xs":"default","screen_xs_width":"100","section_custom_css":"","custom_css_description":"","section_custom_css_pro":"","custom_css_pro":"","section_background_overlay":"","background_overlay_opacity":{"unit":"px","size":"0.5"}},"elements":[{"id":"422a60aa","settings":{"section_video":"","link":"https:\/\/www.youtube.com\/watch?v=9uOETcuFjbE","vimeo_link":"https:\/\/vimeo.com\/170933924","hosted_link":"","aspect_ratio":"43","heading_youtube":"","yt_autoplay":"no","yt_rel":"no","yt_controls":"yes","yt_showinfo":"yes","vimeo_autoplay":"no","vimeo_loop":"no","vimeo_color":"","section_image_overlay":"","show_image_overlay":"yes","image_overlay":{"id":17433,"url":"http:\/\/library.elementor.com\/lp\/wp-content\/uploads\/2020\/12\/2-1.png"},"show_play_icon":"no","_section_style":"","_section_background":"","_box_shadow_box_shadow":{"horizontal":"0","vertical":"0","blur":"10","spread":"0","inset":"","color":"rgba(0,0,0,0.5)"},"_section_responsive":"","responsive_description":"","section_custom_css":"","custom_css_description":"","section_custom_css_pro":"","custom_css_pro":"","autoplay":"no","rel":"no","youtube_url":"https:\/\/www.youtube.com\/watch?v=9uOETcuFjbE","vimeo_url":"https:\/\/vimeo.com\/235215203","dailymotion_url":"https:\/\/www.dailymotion.com\/video\/x6tqhqb"},"elements":[],"isInner":false,"widgetType":"video","elType":"widget"}],"isInner":"","elType":"column"},{"id":"5b494ba8","settings":{"_column_size":"50","section_style":"","box_shadow_box_shadow":{"horizontal":"0","vertical":"0","blur":"10","spread":"0","inset":"","color":"rgba(0,0,0,0.5)"},"section_typo":"","section_advanced":"","padding":{"unit":"px","top":"0","right":"0","bottom":"0","left":"50","isLinked":""},"padding_tablet":{"unit":"px","top":"0","right":"0","bottom":"0","left":"20","isLinked":""},"padding_mobile":{"unit":"px","top":"10","right":"10","bottom":"10","left":"10","isLinked":"1"},"section_responsive":"","screen_sm":"default","screen_sm_width":"100","screen_xs":"default","screen_xs_width":"100","section_custom_css":"","custom_css_description":"","section_custom_css_pro":"","custom_css_pro":"","section_background_overlay":"","background_overlay_opacity":{"unit":"px","size":"0.5"}},"elements":[{"id":"4921cc36","settings":{"section_title":"","title":"Learn from the top experts in your industry","link":{"is_external":"","url":""},"align":"left","align_mobile":"center","section_title_style":"","title_color":"#ffffff","typography_typography":"custom","typography_font_size":{"unit":"px","size":"47"},"typography_font_size_tablet":{"unit":"px","size":"25"},"typography_font_size_mobile":{"unit":"px","size":""},"typography_font_weight":"700","typography_line_height":{"unit":"em","size":"1.2"},"typography_line_height_tablet":{"unit":"em","size":""},"typography_line_height_mobile":{"unit":"em","size":""},"typography_letter_spacing":{"unit":"px","size":""},"typography_letter_spacing_tablet":{"unit":"px","size":""},"typography_letter_spacing_mobile":{"unit":"px","size":""},"_section_style":"","_section_background":"","_box_shadow_box_shadow":{"horizontal":"0","vertical":"0","blur":"10","spread":"0","inset":"","color":"rgba(0,0,0,0.5)"},"_section_responsive":"","responsive_description":"","section_custom_css":"","custom_css_description":"","section_custom_css_pro":"","custom_css_pro":""},"elements":[],"isInner":false,"widgetType":"heading","elType":"widget"},{"id":"22e419c6","settings":{"section_divider":"","weight":{"unit":"px","size":"5"},"color":"#fe667b","width":{"unit":"%","size":"12"},"align_mobile":"center","gap":{"unit":"px","size":"15"},"_section_style":"","_section_background":"","_box_shadow_box_shadow":{"horizontal":"0","vertical":"0","blur":"10","spread":"0","inset":"","color":"rgba(0,0,0,0.5)"},"_section_responsive":"","responsive_description":"","section_custom_css":"","custom_css_description":"","section_custom_css_pro":"","custom_css_pro":"","text":"Divider"},"elements":[],"isInner":false,"widgetType":"divider","elType":"widget"},{"id":"1a345538","settings":{"section_editor":"","editor":"<div id=\"Content\"><div class=\"boxed\"><div id=\"lipsum\"><p>Lorem ipsum dolor sit amet, consectetur adipiscing elit. Quisque quis interdum dolor, quis vestibulum magna. Etiam pretium nec ipsum non. Donec eu purus ligula. Praesent id euismod mi, nec facilisis leo.\u00a0<\/p><\/div><\/div><\/div>","section_style":"","align_mobile":"center","text_color":"#ffffff","typography_typography":"custom","typography_font_size":{"unit":"px","size":"15"},"typography_font_size_tablet":{"unit":"px","size":"14"},"typography_font_size_mobile":{"unit":"px","size":""},"typography_font_weight":"300","typography_line_height":{"unit":"em","size":"2"},"typography_line_height_tablet":{"unit":"em","size":""},"typography_line_height_mobile":{"unit":"em","size":""},"typography_letter_spacing":{"unit":"px","size":""},"typography_letter_spacing_tablet":{"unit":"px","size":""},"typography_letter_spacing_mobile":{"unit":"px","size":""},"_section_style":"","_padding":{"unit":"px","top":"10","right":"0","bottom":"10","left":"0","isLinked":""},"_padding_tablet":{"unit":"px","top":"0","right":"0","bottom":"10","left":"0","isLinked":""},"_section_background":"","_box_shadow_box_shadow":{"horizontal":"0","vertical":"0","blur":"10","spread":"0","inset":"","color":"rgba(0,0,0,0.5)"},"_section_responsive":"","responsive_description":"","section_custom_css":"","custom_css_description":""},"elements":[],"isInner":false,"widgetType":"text-editor","elType":"widget"},{"id":"18a0cd17","settings":{"section_button":"","text":"Sign up","link":{"is_external":"","url":"#"},"align_mobile":"center","size":"xl","icon":"","icon_indent":{"unit":"px","size":""},"section_style":"","typography_typography":"custom","typography_font_size":{"unit":"px","size":""},"typography_font_size_tablet":{"unit":"px","size":"15"},"typography_font_size_mobile":{"unit":"px","size":""},"typography_font_weight":"600","typography_text_transform":"uppercase","typography_line_height":{"unit":"em","size":""},"typography_line_height_tablet":{"unit":"em","size":""},"typography_line_height_mobile":{"unit":"em","size":""},"typography_letter_spacing":{"unit":"px","size":"3.5"},"typography_letter_spacing_tablet":{"unit":"px","size":""},"typography_letter_spacing_mobile":{"unit":"px","size":""},"background_color":"#fe667b","border_radius":{"unit":"px","top":"50","right":"50","bottom":"50","left":"50","isLinked":"1"},"section_hover":"","button_background_hover_color":"#4b28fa","_section_style":"","_section_background":"","_box_shadow_box_shadow":{"horizontal":"0","vertical":"0","blur":"10","spread":"0","inset":"","color":"rgba(0,0,0,0.5)"},"_section_responsive":"","responsive_description":"","section_custom_css":"","custom_css_description":"","section_custom_css_pro":"","custom_css_pro":""},"elements":[],"isInner":false,"widgetType":"button","elType":"widget"}],"isInner":"","elType":"column"}],"isInner":"","elType":"section"},{"id":"2f504a2","settings":{"section_layout":"","content_width":{"unit":"px","size":"1200"},"gap":"no","custom_height":{"unit":"px","size":"400"},"section_background":"","background_background":"classic","background_color":"#4b28fa","background_overlay_section":"","background_overlay_opacity":{"unit":"px","size":"0.5"},"section_border":"","box_shadow_box_shadow":{"horizontal":"0","vertical":"0","blur":"10","spread":"0","inset":"","color":"rgba(0,0,0,0.5)"},"section_typo":"","section_advanced":"","padding":{"unit":"px","top":"120","right":"0","bottom":"120","left":"0","isLinked":""},"padding_tablet":{"unit":"px","top":"70","right":"30","bottom":"70","left":"30","isLinked":""},"_section_responsive":"","heading_visibility":"","responsive_description":"","section_custom_css":"","custom_css_description":"","_title":"our guests","_timestamp_":"v1b1BCenZXN2gxUTBqb0JJSWxJTVlPZz09"},"elements":[{"id":"17d2f451","settings":{"_column_size":"100","section_style":"","box_shadow_box_shadow":{"horizontal":"0","vertical":"0","blur":"10","spread":"0","inset":"","color":"rgba(0,0,0,0.5)"},"section_typo":"","section_advanced":"","section_responsive":"","screen_sm":"default","screen_sm_width":"100","screen_xs":"default","screen_xs_width":"100","section_custom_css":"","custom_css_description":"","section_background_overlay":"","background_overlay_opacity":{"unit":"px","size":"0.5"}},"elements":[{"id":"55b2a615","settings":{"section_title":"","title":"Some of our honorable guests","link":{"is_external":"","url":""},"header_size":"h3","align":"center","section_title_style":"","title_color":"#ffffff","typography_typography":"custom","typography_font_size":{"unit":"px","size":"47"},"typography_font_size_tablet":{"unit":"px","size":"35"},"typography_font_size_mobile":{"unit":"px","size":""},"typography_font_weight":"700","typography_line_height":{"unit":"em","size":"1.2"},"typography_line_height_tablet":{"unit":"em","size":""},"typography_line_height_mobile":{"unit":"em","size":""},"typography_letter_spacing":{"unit":"px","size":""},"typography_letter_spacing_tablet":{"unit":"px","size":""},"typography_letter_spacing_mobile":{"unit":"px","size":""},"_section_style":"","_section_background":"","_box_shadow_box_shadow":{"horizontal":"0","vertical":"0","blur":"10","spread":"0","inset":"","color":"rgba(0,0,0,0.5)"},"_section_responsive":"","responsive_description":"","section_custom_css":"","custom_css_description":"","section_custom_css_pro":"","custom_css_pro":""},"elements":[],"isInner":false,"widgetType":"heading","elType":"widget"},{"id":"36a82c64","settings":{"section_divider":"","weight":{"unit":"px","size":"5"},"color":"#fe667b","width":{"unit":"%","size":"8"},"align":"center","gap":{"unit":"px","size":"15"},"_section_style":"","_padding":{"unit":"px","top":"10","right":"0","bottom":"10","left":"0","isLinked":""},"_section_background":"","_box_shadow_box_shadow":{"horizontal":"0","vertical":"0","blur":"10","spread":"0","inset":"","color":"rgba(0,0,0,0.5)"},"_section_responsive":"","responsive_description":"","section_custom_css":"","custom_css_description":"","section_custom_css_pro":"","custom_css_pro":"","text":"Divider"},"elements":[],"isInner":false,"widgetType":"divider","elType":"widget"},{"id":"7204a50a","settings":{"section_editor":"","editor":"<p>We have gathered the top professionals of the innovation community, to lecture on the hottest topics and most relevant new technologies.<\/p>","section_style":"","align":"center","text_color":"#ffffff","typography_typography":"custom","typography_font_size":{"unit":"px","size":"15"},"typography_font_size_tablet":{"unit":"px","size":"14"},"typography_font_size_mobile":{"unit":"px","size":""},"typography_font_weight":"300","typography_line_height":{"unit":"em","size":"2"},"typography_line_height_tablet":{"unit":"em","size":""},"typography_line_height_mobile":{"unit":"em","size":""},"typography_letter_spacing":{"unit":"px","size":""},"typography_letter_spacing_tablet":{"unit":"px","size":""},"typography_letter_spacing_mobile":{"unit":"px","size":""},"_section_style":"","_padding":{"unit":"px","top":"0","right":"300","bottom":"70","left":"300","isLinked":""},"_padding_tablet":{"unit":"px","top":"0","right":"0","bottom":"50","left":"0","isLinked":""},"_section_background":"","_box_shadow_box_shadow":{"horizontal":"0","vertical":"0","blur":"10","spread":"0","inset":"","color":"rgba(0,0,0,0.5)"},"_section_responsive":"","responsive_description":"","section_custom_css":"","custom_css_description":""},"elements":[],"isInner":false,"widgetType":"text-editor","elType":"widget"},{"id":"151e9650","settings":{"section_layout":"","content_width":{"unit":"px","size":"1300"},"gap":"no","custom_height_inner":{"unit":"px","size":"400"},"content_position":"middle","structure":"20","section_background":"","background_overlay_section":"","background_overlay_opacity":{"unit":"px","size":"0.5"},"section_border":"","box_shadow_box_shadow":{"horizontal":"0","vertical":"0","blur":"10","spread":"0","inset":"","color":"rgba(0,0,0,0.5)"},"section_typo":"","section_advanced":"","padding":{"unit":"px","top":"0","right":"0","bottom":"150","left":"0","isLinked":""},"padding_tablet":{"unit":"px","top":"0","right":"0","bottom":"0","left":"0","isLinked":"1"},"_section_responsive":"","reverse_order_mobile":"reverse-mobile","heading_visibility":"","responsive_description":"","section_custom_css":"","custom_css_description":""},"elements":[{"id":"6df2180f","settings":{"_column_size":"50","_inline_size":"60.000","section_style":"","box_shadow_box_shadow":{"horizontal":"0","vertical":"0","blur":"10","spread":"0","inset":"","color":"rgba(0,0,0,0.5)"},"section_typo":"","section_advanced":"","padding":{"unit":"px","top":"0","right":"100","bottom":"0","left":"100","isLinked":""},"padding_tablet":{"unit":"px","top":"0","right":"20","bottom":"0","left":"0","isLinked":""},"section_responsive":"","screen_sm":"default","screen_sm_width":"100","screen_xs":"default","screen_xs_width":"100","section_custom_css":"","custom_css_description":"","section_background_overlay":"","background_overlay_opacity":{"unit":"px","size":"0.5"}},"elements":[{"id":"1fe637d6","settings":{"section_title":"","title":"Linda Ross","link":{"is_external":"","url":""},"header_size":"h4","align":"left","align_mobile":"center","section_title_style":"","title_color":"#ffffff","typography_typography":"custom","typography_font_size":{"unit":"px","size":"47"},"typography_font_size_tablet":{"unit":"px","size":"25"},"typography_font_size_mobile":{"unit":"px","size":""},"typography_font_weight":"700","typography_line_height":{"unit":"em","size":"1.2"},"typography_line_height_tablet":{"unit":"em","size":""},"typography_line_height_mobile":{"unit":"em","size":""},"typography_letter_spacing":{"unit":"px","size":""},"typography_letter_spacing_tablet":{"unit":"px","size":""},"typography_letter_spacing_mobile":{"unit":"px","size":""},"_section_style":"","_section_background":"","_box_shadow_box_shadow":{"horizontal":"0","vertical":"0","blur":"10","spread":"0","inset":"","color":"rgba(0,0,0,0.5)"},"_section_responsive":"","responsive_description":"","section_custom_css":"","custom_css_description":"","section_custom_css_pro":"","custom_css_pro":""},"elements":[],"isInner":false,"widgetType":"heading","elType":"widget"},{"id":"4de2a002","settings":{"section_editor":"","editor":"<div id=\"Content\"><div class=\"boxed\"><div id=\"lipsum\"><p>Lorem ipsum dolor sit amet, consectetur adipiscing elit. Quisque auctor, lectus lobortis ultrices blandit, sapien diam volutpat enim, non varius risus turpis et ex. Donec eu ligula felis. Etiam ut sapien hendrerit, facilisis est vitae, feugiat nisi. Phasellus arcu sapien, congue id magna tempor, aliquam elementum elit. Donec luctus,.<\/p><\/div><\/div><\/div>","section_style":"","align":"left","align_mobile":"center","text_color":"#ffffff","typography_typography":"custom","typography_font_size":{"unit":"px","size":"15"},"typography_font_size_tablet":{"unit":"px","size":"14"},"typography_font_size_mobile":{"unit":"px","size":""},"typography_font_weight":"300","typography_line_height":{"unit":"em","size":"2"},"typography_line_height_tablet":{"unit":"em","size":""},"typography_line_height_mobile":{"unit":"em","size":""},"typography_letter_spacing":{"unit":"px","size":""},"typography_letter_spacing_tablet":{"unit":"px","size":""},"typography_letter_spacing_mobile":{"unit":"px","size":""},"_section_style":"","_padding":{"unit":"px","top":"20","right":"0","bottom":"0","left":"0","isLinked":""},"_padding_tablet":{"unit":"px","top":"0","right":"0","bottom":"0","left":"0","isLinked":""},"_section_background":"","_box_shadow_box_shadow":{"horizontal":"0","vertical":"0","blur":"10","spread":"0","inset":"","color":"rgba(0,0,0,0.5)"},"_section_responsive":"","responsive_description":"","section_custom_css":"","custom_css_description":""},"elements":[],"isInner":false,"widgetType":"text-editor","elType":"widget"},{"id":"7c0a0faf","settings":{"section_social_icon":"","social_icon_list":[{"social":"fa fa-facebook","_id":"wkboxf1","social_icon":{"value":"fab fa-facebook-f","library":"fa-brands"},"__fa4_migrated":{"social_icon":"1"}},{"social":"fa fa-twitter","_id":"2p6lxn7","social_icon":{"value":"fab fa-twitter","library":"fa-brands"},"__fa4_migrated":{"social_icon":"1"}},{"social":"fa fa-google-plus","_id":"fry2fmq","social_icon":{"value":"fab fa-linkedin","library":"fa-brands"},"__fa4_migrated":{"social_icon":"1"}}],"align":"left","align_tablet":"left","align_mobile":"center","section_social_style":"","icon_color":"custom","icon_primary_color":"rgba(254,102,123,0)","icon_secondary_color":"#fe667b","icon_size":{"unit":"px","size":"30"},"icon_size_tablet":{"unit":"px","size":""},"icon_size_mobile":{"unit":"px","size":""},"icon_padding":{"unit":"em","size":""},"icon_padding_tablet":{"unit":"em","size":""},"icon_padding_mobile":{"unit":"em","size":""},"icon_spacing":{"unit":"px","size":""},"icon_spacing_tablet":{"unit":"px","size":""},"icon_spacing_mobile":{"unit":"px","size":""},"_section_style":"","_section_background":"","_box_shadow_box_shadow":{"horizontal":"0","vertical":"0","blur":"10","spread":"0","inset":"","color":"rgba(0,0,0,0.5)"},"_section_responsive":"","responsive_description":"","section_custom_css":"","custom_css_description":""},"elements":[],"isInner":false,"widgetType":"social-icons","elType":"widget"}],"isInner":"1","elType":"column"},{"id":"56767377","settings":{"_column_size":"50","_inline_size":"39.615","section_style":"","box_shadow_box_shadow":{"horizontal":"0","vertical":"0","blur":"10","spread":"0","inset":"","color":"rgba(0,0,0,0.5)"},"section_typo":"","section_advanced":"","section_responsive":"","screen_sm":"default","screen_sm_width":"100","screen_xs":"default","screen_xs_width":"100","section_custom_css":"","custom_css_description":"","section_background_overlay":"","background_overlay_opacity":{"unit":"px","size":"0.5"}},"elements":[{"id":"19dde735","settings":{"section_image":"","image":{"id":17435,"url":"http:\/\/library.elementor.com\/lp\/wp-content\/uploads\/2020\/12\/3-1.png"},"align":"center","align_tablet":"center","align_mobile":"center","link":{"is_external":"","url":""},"section_style_image":"","space":{"unit":"%","size":"100"},"opacity":{"unit":"px","size":"1"},"image_box_shadow_box_shadow":{"horizontal":"0","vertical":"0","blur":"10","spread":"0","inset":"","color":"rgba(0,0,0,0.5)"},"section_style_caption":"","caption_typography_font_size":{"unit":"px","size":""},"caption_typography_font_size_tablet":{"unit":"px","size":""},"caption_typography_font_size_mobile":{"unit":"px","size":""},"caption_typography_line_height":{"unit":"em","size":""},"caption_typography_line_height_tablet":{"unit":"em","size":""},"caption_typography_line_height_mobile":{"unit":"em","size":""},"caption_typography_letter_spacing":{"unit":"px","size":""},"caption_typography_letter_spacing_tablet":{"unit":"px","size":""},"caption_typography_letter_spacing_mobile":{"unit":"px","size":""},"_section_style":"","_margin_tablet":{"unit":"px","top":"0","right":"0","bottom":"0","left":"0","isLinked":"1"},"_margin_mobile":{"unit":"px","top":"0","right":"0","bottom":"30","left":"0","isLinked":""},"_section_background":"","_box_shadow_box_shadow":{"horizontal":"0","vertical":"0","blur":"10","spread":"0","inset":"","color":"rgba(0,0,0,0.5)"},"_section_responsive":"","responsive_description":"","section_custom_css":"","custom_css_description":""},"elements":[],"isInner":false,"widgetType":"image","elType":"widget"}],"isInner":"1","elType":"column"}],"isInner":"1","elType":"section"},{"id":"7ef7b18","settings":{"section_layout":"","content_width":{"unit":"px","size":"1300"},"gap":"no","custom_height_inner":{"unit":"px","size":"400"},"content_position":"middle","structure":"20","section_background":"","background_overlay_section":"","background_overlay_opacity":{"unit":"px","size":"0.5"},"section_border":"","box_shadow_box_shadow":{"horizontal":"0","vertical":"0","blur":"10","spread":"0","inset":"","color":"rgba(0,0,0,0.5)"},"section_typo":"","section_advanced":"","margin_tablet":{"unit":"px","top":"0","right":"0","bottom":"0","left":"0","isLinked":"1"},"padding_tablet":{"unit":"px","top":"50","right":"0","bottom":"0","left":"0","isLinked":""},"_section_responsive":"","heading_visibility":"","responsive_description":"","section_custom_css":"","custom_css_description":""},"elements":[{"id":"12165540","settings":{"_column_size":"50","_inline_size":"40.000","section_style":"","box_shadow_box_shadow":{"horizontal":"0","vertical":"0","blur":"10","spread":"0","inset":"","color":"rgba(0,0,0,0.5)"},"section_typo":"","section_advanced":"","section_responsive":"","screen_sm":"default","screen_sm_width":"100","screen_xs":"default","screen_xs_width":"100","section_custom_css":"","custom_css_description":"","section_background_overlay":"","background_overlay_opacity":{"unit":"px","size":"0.5"}},"elements":[{"id":"1928ba78","settings":{"section_image":"","image":{"id":17437,"url":"http:\/\/library.elementor.com\/lp\/wp-content\/uploads\/2020\/12\/4-1.png"},"align":"center","align_tablet":"center","align_mobile":"center","link":{"is_external":"","url":""},"section_style_image":"","space":{"unit":"%","size":"100"},"opacity":{"unit":"px","size":"1"},"image_box_shadow_box_shadow":{"horizontal":"0","vertical":"0","blur":"10","spread":"0","inset":"","color":"rgba(0,0,0,0.5)"},"section_style_caption":"","caption_typography_font_size":{"unit":"px","size":""},"caption_typography_font_size_tablet":{"unit":"px","size":""},"caption_typography_font_size_mobile":{"unit":"px","size":""},"caption_typography_line_height":{"unit":"em","size":""},"caption_typography_line_height_tablet":{"unit":"em","size":""},"caption_typography_line_height_mobile":{"unit":"em","size":""},"caption_typography_letter_spacing":{"unit":"px","size":""},"caption_typography_letter_spacing_tablet":{"unit":"px","size":""},"caption_typography_letter_spacing_mobile":{"unit":"px","size":""},"_section_style":"","_margin_mobile":{"unit":"px","top":"0","right":"0","bottom":"30","left":"0","isLinked":""},"_section_background":"","_box_shadow_box_shadow":{"horizontal":"0","vertical":"0","blur":"10","spread":"0","inset":"","color":"rgba(0,0,0,0.5)"},"_section_responsive":"","responsive_description":"","section_custom_css":"","custom_css_description":""},"elements":[],"isInner":false,"widgetType":"image","elType":"widget"}],"isInner":"1","elType":"column"},{"id":"744e5aae","settings":{"_column_size":"50","_inline_size":"60.000","section_style":"","box_shadow_box_shadow":{"horizontal":"0","vertical":"0","blur":"10","spread":"0","inset":"","color":"rgba(0,0,0,0.5)"},"section_typo":"","section_advanced":"","padding":{"unit":"px","top":"0","right":"100","bottom":"0","left":"100","isLinked":""},"padding_tablet":{"unit":"px","top":"0","right":"0","bottom":"0","left":"20","isLinked":""},"section_responsive":"","screen_sm":"default","screen_sm_width":"100","screen_xs":"default","screen_xs_width":"100","section_custom_css":"","custom_css_description":"","section_background_overlay":"","background_overlay_opacity":{"unit":"px","size":"0.5"}},"elements":[{"id":"1fdbdecf","settings":{"section_title":"","title":"Ron Godman","link":{"is_external":"","url":""},"header_size":"h4","align":"left","align_mobile":"center","section_title_style":"","title_color":"#ffffff","typography_typography":"custom","typography_font_size":{"unit":"px","size":"47"},"typography_font_size_tablet":{"unit":"px","size":"25"},"typography_font_size_mobile":{"unit":"px","size":""},"typography_font_weight":"700","typography_line_height":{"unit":"em","size":"1.2"},"typography_line_height_tablet":{"unit":"em","size":""},"typography_line_height_mobile":{"unit":"em","size":""},"typography_letter_spacing":{"unit":"px","size":""},"typography_letter_spacing_tablet":{"unit":"px","size":""},"typography_letter_spacing_mobile":{"unit":"px","size":""},"_section_style":"","_section_background":"","_box_shadow_box_shadow":{"horizontal":"0","vertical":"0","blur":"10","spread":"0","inset":"","color":"rgba(0,0,0,0.5)"},"_section_responsive":"","responsive_description":"","section_custom_css":"","custom_css_description":"","section_custom_css_pro":"","custom_css_pro":""},"elements":[],"isInner":false,"widgetType":"heading","elType":"widget"},{"id":"6f21063e","settings":{"section_editor":"","editor":"<div id=\"Content\"><div class=\"boxed\"><div id=\"lipsum\"><p>Quisque auctor, lectus lobortis ultrices blandit, sapien diam volutpat enimturpis et ex.\u00a0 Donec luctus, feugiat felis diam convallis lacus. Aenean vitae tincidunt eget neque in, maximus suscipit est. Donec ullamcorper lacus tortor, at aliquam urna tempor ut. Suspendisse vestibulum ipsum sed ultricies euismod.<\/p><\/div><\/div><\/div>","section_style":"","align":"left","align_mobile":"center","text_color":"#ffffff","typography_typography":"custom","typography_font_size":{"unit":"px","size":"15"},"typography_font_size_tablet":{"unit":"px","size":""},"typography_font_size_mobile":{"unit":"px","size":""},"typography_font_weight":"300","typography_line_height":{"unit":"em","size":"2"},"typography_line_height_tablet":{"unit":"em","size":""},"typography_line_height_mobile":{"unit":"em","size":""},"typography_letter_spacing":{"unit":"px","size":""},"typography_letter_spacing_tablet":{"unit":"px","size":""},"typography_letter_spacing_mobile":{"unit":"px","size":""},"_section_style":"","_padding":{"unit":"px","top":"20","right":"0","bottom":"0","left":"0","isLinked":""},"_section_background":"","_box_shadow_box_shadow":{"horizontal":"0","vertical":"0","blur":"10","spread":"0","inset":"","color":"rgba(0,0,0,0.5)"},"_section_responsive":"","responsive_description":"","section_custom_css":"","custom_css_description":""},"elements":[],"isInner":false,"widgetType":"text-editor","elType":"widget"},{"id":"2808afe4","settings":{"section_social_icon":"","social_icon_list":[{"social":"fa fa-facebook","_id":"wkboxf1","social_icon":{"value":"fab fa-facebook-f","library":"fa-brands"},"__fa4_migrated":{"social_icon":"1"}},{"social":"fa fa-twitter","_id":"2p6lxn7","social_icon":{"value":"fab fa-twitter","library":"fa-brands"},"__fa4_migrated":{"social_icon":"1"}},{"social":"fa fa-google-plus","_id":"fry2fmq","social_icon":{"value":"fab fa-linkedin","library":"fa-brands"},"__fa4_migrated":{"social_icon":"1"}}],"align":"left","align_tablet":"left","align_mobile":"center","section_social_style":"","icon_color":"custom","icon_primary_color":"rgba(254,102,123,0)","icon_secondary_color":"#fe667b","icon_size":{"unit":"px","size":"30"},"icon_size_tablet":{"unit":"px","size":""},"icon_size_mobile":{"unit":"px","size":""},"icon_padding":{"unit":"em","size":""},"icon_padding_tablet":{"unit":"em","size":""},"icon_padding_mobile":{"unit":"em","size":""},"icon_spacing":{"unit":"px","size":""},"icon_spacing_tablet":{"unit":"px","size":""},"icon_spacing_mobile":{"unit":"px","size":""},"_section_style":"","_section_background":"","_box_shadow_box_shadow":{"horizontal":"0","vertical":"0","blur":"10","spread":"0","inset":"","color":"rgba(0,0,0,0.5)"},"_section_responsive":"","responsive_description":"","section_custom_css":"","custom_css_description":""},"elements":[],"isInner":false,"widgetType":"social-icons","elType":"widget"}],"isInner":"1","elType":"column"}],"isInner":"1","elType":"section"}],"isInner":"","elType":"column"}],"isInner":"","elType":"section"},{"id":"7bedb2b6","settings":{"section_layout":"","content_width":{"unit":"px","size":"1200"},"custom_height":{"unit":"px","size":"400"},"section_background":"","background_background":"classic","background_color":"#000000","background_overlay_section":"","background_overlay_opacity":{"unit":"px","size":"0.5"},"section_border":"","box_shadow_box_shadow":{"horizontal":"0","vertical":"0","blur":"10","spread":"0","inset":"","color":"rgba(0,0,0,0.5)"},"section_typo":"","section_advanced":"","padding":{"unit":"px","top":"120","right":"0","bottom":"120","left":"0","isLinked":""},"padding_tablet":{"unit":"px","top":"70","right":"30","bottom":"70","left":"30","isLinked":""},"_section_responsive":"","heading_visibility":"","responsive_description":"","section_custom_css":"","custom_css_description":"","_title":"contact us","_timestamp_":"v1b1BCenZXN2gxUTBqb0JJSWxJTVlPZz09"},"elements":[{"id":"40b19fb7","settings":{"_column_size":"100","section_style":"","box_shadow_box_shadow":{"horizontal":"0","vertical":"0","blur":"10","spread":"0","inset":"","color":"rgba(0,0,0,0.5)"},"section_typo":"","section_advanced":"","section_responsive":"","screen_sm":"default","screen_sm_width":"100","screen_xs":"default","screen_xs_width":"100","section_custom_css":"","custom_css_description":"","section_background_overlay":"","background_overlay_opacity":{"unit":"px","size":"0.5"}},"elements":[{"id":"2fa74e20","settings":{"section_title":"","title":"Contact Us","link":{"is_external":"","url":""},"header_size":"h3","align":"center","section_title_style":"","title_color":"#ffffff","typography_typography":"custom","typography_font_size":{"unit":"px","size":"47"},"typography_font_size_tablet":{"unit":"px","size":"35"},"typography_font_size_mobile":{"unit":"px","size":""},"typography_font_weight":"700","typography_line_height":{"unit":"em","size":"1.2"},"typography_line_height_tablet":{"unit":"em","size":""},"typography_line_height_mobile":{"unit":"em","size":""},"typography_letter_spacing":{"unit":"px","size":""},"typography_letter_spacing_tablet":{"unit":"px","size":""},"typography_letter_spacing_mobile":{"unit":"px","size":""},"_section_style":"","_section_background":"","_box_shadow_box_shadow":{"horizontal":"0","vertical":"0","blur":"10","spread":"0","inset":"","color":"rgba(0,0,0,0.5)"},"_section_responsive":"","responsive_description":"","section_custom_css":"","custom_css_description":"","section_custom_css_pro":"","custom_css_pro":""},"elements":[],"isInner":false,"widgetType":"heading","elType":"widget"},{"id":"50a48ba1","settings":{"section_divider":"","weight":{"unit":"px","size":"5"},"color":"#fe667b","width":{"unit":"%","size":"8"},"align":"center","gap":{"unit":"px","size":"15"},"_section_style":"","_padding":{"unit":"px","top":"10","right":"0","bottom":"10","left":"0","isLinked":""},"_section_background":"","_box_shadow_box_shadow":{"horizontal":"0","vertical":"0","blur":"10","spread":"0","inset":"","color":"rgba(0,0,0,0.5)"},"_section_responsive":"","responsive_description":"","section_custom_css":"","custom_css_description":"","section_custom_css_pro":"","custom_css_pro":"","text":"Divider"},"elements":[],"isInner":false,"widgetType":"divider","elType":"widget"},{"id":"78fc540c","settings":{"section_editor":"","editor":"<p>If you have any questions about the event or the team of lecturers, please send us a message and we will reply shortly.<\/p>","section_style":"","align":"center","text_color":"#ffffff","typography_typography":"custom","typography_font_size":{"unit":"px","size":"15"},"typography_font_size_tablet":{"unit":"px","size":"14"},"typography_font_size_mobile":{"unit":"px","size":""},"typography_font_weight":"300","typography_line_height":{"unit":"em","size":"2"},"typography_line_height_tablet":{"unit":"em","size":""},"typography_line_height_mobile":{"unit":"em","size":""},"typography_letter_spacing":{"unit":"px","size":""},"typography_letter_spacing_tablet":{"unit":"px","size":""},"typography_letter_spacing_mobile":{"unit":"px","size":""},"_section_style":"","_padding":{"unit":"%","top":"0","right":"26","bottom":"0","left":"26","isLinked":""},"_padding_tablet":{"unit":"px","top":"0","right":"0","bottom":"30","left":"0","isLinked":""},"_padding_mobile":{"unit":"px","top":"0","right":"0","bottom":"0","left":"0","isLinked":"1"},"_section_background":"","_box_shadow_box_shadow":{"horizontal":"0","vertical":"0","blur":"10","spread":"0","inset":"","color":"rgba(0,0,0,0.5)"},"_section_responsive":"","responsive_description":"","section_custom_css":"","custom_css_description":""},"elements":[],"isInner":false,"widgetType":"text-editor","elType":"widget"},{"id":"428edd8a","settings":{"section_layout":"","content_width":{"unit":"px","size":"1200"},"custom_height_inner":{"unit":"px","size":"400"},"structure":"20","section_background":"","background_overlay_section":"","background_overlay_opacity":{"unit":"px","size":"0.5"},"section_border":"","box_shadow_box_shadow":{"horizontal":"0","vertical":"0","blur":"10","spread":"0","inset":"","color":"rgba(0,0,0,0.5)"},"section_typo":"","section_advanced":"","padding":{"unit":"px","top":"40","right":"0","bottom":"0","left":"0","isLinked":""},"_section_responsive":"","heading_visibility":"","responsive_description":"","section_custom_css":"","custom_css_description":""},"elements":[{"id":"cd0b42f","settings":{"_column_size":"50","_inline_size":"61.563","section_style":"","box_shadow_box_shadow":{"horizontal":"0","vertical":"0","blur":"10","spread":"0","inset":"","color":"rgba(0,0,0,0.5)"},"section_typo":"","section_advanced":"","padding_mobile":{"unit":"px","top":"0","right":"0","bottom":"0","left":"0","isLinked":"1"},"section_responsive":"","screen_sm":"default","screen_sm_width":"100","screen_xs":"default","screen_xs_width":"100","section_custom_css":"","custom_css_description":"","section_background_overlay":"","background_overlay_opacity":{"unit":"px","size":"0.5"}},"elements":[{"id":"1eb8a575","settings":{"section_map":"","address":"London Eye, London, United Kingdom","zoom":{"unit":"px","size":"10"},"height":{"unit":"px","size":"400"},"prevent_scroll":"yes","_section_style":"","_section_background":"","_box_shadow_box_shadow":{"horizontal":"0","vertical":"0","blur":"10","spread":"0","inset":"","color":"rgba(0,0,0,0.5)"},"_section_responsive":"","responsive_description":"","section_custom_css":"","custom_css_description":""},"elements":[],"isInner":false,"widgetType":"google_maps","elType":"widget"}],"isInner":"1","elType":"column"},{"id":"4fbbb1c4","settings":{"_column_size":"50","_inline_size":"38.047","section_style":"","box_shadow_box_shadow":{"horizontal":"0","vertical":"0","blur":"10","spread":"0","inset":"","color":"rgba(0,0,0,0.5)"},"section_typo":"","section_advanced":"","padding":{"unit":"px","top":"0","right":"0","bottom":"0","left":"50","isLinked":""},"padding_tablet":{"unit":"px","top":"0","right":"0","bottom":"0","left":"15","isLinked":""},"padding_mobile":{"unit":"px","top":"0","right":"0","bottom":"0","left":"0","isLinked":"1"},"section_responsive":"","screen_sm":"default","screen_sm_width":"100","screen_xs":"default","screen_xs_width":"100","section_custom_css":"","custom_css_description":"","section_background_overlay":"","background_overlay_opacity":{"unit":"px","size":"0.5"}},"elements":[{"id":"1584f7e1","settings":{"section_title":"","title":"For more information and details, contact our customer service","link":{"is_external":"","url":""},"header_size":"h4","align":"left","section_title_style":"","title_color":"#ffffff","typography_typography":"custom","typography_font_size":{"unit":"px","size":"27"},"typography_font_size_tablet":{"unit":"px","size":"25"},"typography_font_size_mobile":{"unit":"px","size":""},"typography_font_weight":"700","typography_line_height":{"unit":"em","size":"1.5"},"typography_line_height_tablet":{"unit":"em","size":""},"typography_line_height_mobile":{"unit":"em","size":""},"typography_letter_spacing":{"unit":"px","size":""},"typography_letter_spacing_tablet":{"unit":"px","size":""},"typography_letter_spacing_mobile":{"unit":"px","size":""},"_section_style":"","_margin_mobile":{"unit":"px","top":"30","right":"0","bottom":"0","left":"0","isLinked":""},"_section_background":"","_box_shadow_box_shadow":{"horizontal":"0","vertical":"0","blur":"10","spread":"0","inset":"","color":"rgba(0,0,0,0.5)"},"_section_responsive":"","responsive_description":"","section_custom_css":"","custom_css_description":"","section_custom_css_pro":"","custom_css_pro":""},"elements":[],"isInner":false,"widgetType":"heading","elType":"widget"},{"id":"28e61e25","settings":{"section_form_fields":"","form_name":"New Form","form_fields":[{"field_label":"Name","placeholder":"Name","rows":"4","_id":"r5z291v","custom_id":"r5z291v","file_sizes":"","file_types":"","allow_multiple_upload":"","max_files":"","acceptance_text":"","checked_by_default":"","field_min":"","field_max":"","min_date":"","max_date":"","use_native_date":"","use_native_time":"","previous_button":"","next_button":""},{"field_type":"email","required":"1","field_label":"Email","placeholder":"Email","rows":"4","_id":"wcdxye5","custom_id":"wcdxye5","file_sizes":"","file_types":"","allow_multiple_upload":"","max_files":"","acceptance_text":"","checked_by_default":"","field_min":"","field_max":"","min_date":"","max_date":"","use_native_date":"","use_native_time":"","previous_button":"","next_button":""},{"field_label":"Telphone","placeholder":"Telphone","rows":"4","_id":"0moi90o","custom_id":"0moi90o","file_sizes":"","file_types":"","allow_multiple_upload":"","max_files":"","acceptance_text":"","checked_by_default":"","field_min":"","field_max":"","min_date":"","max_date":"","use_native_date":"","use_native_time":"","previous_button":"","next_button":""}],"show_labels":"","section_submit_button":"","button_text":"Send","button_width":"20","button_align":"start","button_icon":"","button_icon_indent":{"unit":"px","size":""},"section_form_options":"","send_html":"","success_message":"The message was sent successfully!","error_message":"There's something wrong... Please fill in the required fields.","required_field_message":"Required","invalid_message":"There's something wrong... The form is invalid.","section_form_style":"","column_gap":{"unit":"px","size":"0"},"row_gap":{"unit":"px","size":"19"},"heading_label":"","label_spacing":{"unit":"px","size":"0"},"label_typography_font_size":{"unit":"px","size":""},"label_typography_font_size_tablet":{"unit":"px","size":""},"label_typography_font_size_mobile":{"unit":"px","size":""},"label_typography_line_height":{"unit":"em","size":""},"label_typography_line_height_tablet":{"unit":"em","size":""},"label_typography_line_height_mobile":{"unit":"em","size":""},"label_typography_letter_spacing":{"unit":"px","size":""},"label_typography_letter_spacing_tablet":{"unit":"px","size":""},"label_typography_letter_spacing_mobile":{"unit":"px","size":""},"section_field_style":"","field_text_color":"#ffffff","field_typography_typography":"custom","field_typography_font_size":{"unit":"px","size":""},"field_typography_font_size_tablet":{"unit":"px","size":""},"field_typography_font_size_mobile":{"unit":"px","size":""},"field_typography_font_weight":"100","field_typography_line_height":{"unit":"em","size":""},"field_typography_line_height_tablet":{"unit":"em","size":""},"field_typography_line_height_mobile":{"unit":"em","size":""},"field_typography_letter_spacing":{"unit":"px","size":""},"field_typography_letter_spacing_tablet":{"unit":"px","size":""},"field_typography_letter_spacing_mobile":{"unit":"px","size":""},"field_background_color":"rgba(255,255,255,0)","field_border_color":"#ffffff","field_border_radius":{"unit":"px","top":"0","right":"0","bottom":"0","left":"0","isLinked":"1"},"section_button_style":"","tabs_button_style":"","tab_button_normal":"","button_text_color":"","button_typography_typography":"custom","button_typography_font_size":{"unit":"px","size":""},"button_typography_font_size_tablet":{"unit":"px","size":"15"},"button_typography_font_size_mobile":{"unit":"px","size":""},"button_typography_text_transform":"uppercase","button_typography_line_height":{"unit":"em","size":""},"button_typography_line_height_tablet":{"unit":"em","size":""},"button_typography_line_height_mobile":{"unit":"em","size":""},"button_typography_letter_spacing":{"unit":"px","size":"5.2"},"button_typography_letter_spacing_tablet":{"unit":"px","size":""},"button_typography_letter_spacing_mobile":{"unit":"px","size":""},"button_background_color":"#fe667b","button_border_radius":{"unit":"px","top":"50","right":"50","bottom":"50","left":"50","isLinked":"1"},"button_text_padding":{"unit":"%","top":"","right":"","bottom":"","left":"","isLinked":"1"},"tab_button_hover":"","button_hover_color":"","button_background_hover_color":"#4b28fa","_section_style":"","_section_background":"","_box_shadow_box_shadow":{"horizontal":"0","vertical":"0","blur":"10","spread":"0","inset":"","color":"rgba(0,0,0,0.5)"},"_section_responsive":"","responsive_description":"","section_custom_css":"","custom_css_description":"","mark_required":"yes","step_next_label":"Next","step_previous_label":"Previous","email_content":"[all-fields]","email_content_2":"[all-fields]"},"elements":[],"isInner":false,"widgetType":"form","elType":"widget"}],"isInner":"1","elType":"column"}],"isInner":"1","elType":"section"}],"isInner":"","elType":"column"}],"isInner":"","elType":"section"}]}