{"version":"0.4","title":"16073","type":"page","content":[{"id":"6c34edc3","settings":{"gap":"no","structure":"20","background_background":"classic","background_color":"#bbabfa","background_color_b":"#bbabfa","background_color_b_stop":{"unit":"%","size":"82"},"background_gradient_type":"radial","background_gradient_position":"bottom right","background_overlay_background":"gradient","background_overlay_color":"#bbabfa","background_overlay_color_b":"#ebe6fd","background_overlay_gradient_type":"radial","background_overlay_gradient_position":"bottom left","background_overlay_opacity":{"unit":"px","size":"0.79"},"padding":{"unit":"px","top":"100","right":"0","bottom":"0","left":"0","isLinked":""},"padding_tablet":{"unit":"px","top":"60","right":"30","bottom":"0","left":"30","isLinked":""},"padding_mobile":{"unit":"px","top":"40","right":"30","bottom":"0","left":"30","isLinked":""},"_title":"Hero","_timestamp_":"v1b1BCenZXN2gxUTBqb0JJSWxJTVlPZz09"},"elements":[{"id":"6930275d","settings":{"_column_size":"50","_inline_size":"54.912"},"elements":[{"id":"591bb49a","settings":{"title":"International Women's Day Conference \/\/ 2018","title_color":"#fff9b0","typography_typography":"custom","typography_font_size":{"unit":"px","size":"45"},"typography_font_family":"Vidaloka","typography_font_weight":"100","typography_line_height":{"unit":"em","size":"1.2"},"_padding":{"unit":"px","top":"50","right":"0","bottom":"0","left":"0","isLinked":""},"header_size":"h1","align_mobile":"center","typography_font_size_tablet":{"unit":"px","size":"38"},"typography_font_size_mobile":{"unit":"px","size":"41"},"_padding_mobile":{"unit":"px","top":"0","right":"0","bottom":"0","left":"0","isLinked":"1"}},"elements":[],"isInner":false,"widgetType":"heading","elType":"widget"},{"id":"7c397714","settings":{"title":"The City Visitor Center | SF 26 October, 2018","title_color":"#ffffff","typography_typography":"custom","typography_font_size":{"unit":"px","size":"21"},"typography_font_family":"Poppins","typography_font_weight":"600","_padding":{"unit":"px","top":"30","right":"0","bottom":"0","left":"0","isLinked":""},"align_mobile":"center","typography_font_size_tablet":{"unit":"px","size":"16"},"typography_font_size_mobile":{"unit":"px","size":"16"},"typography_line_height_tablet":{"unit":"em","size":"1.3"},"typography_line_height_mobile":{"unit":"em","size":"1.4"},"_padding_tablet":{"unit":"px","top":"0","right":"0","bottom":"0","left":"0","isLinked":"1"}},"elements":[],"isInner":false,"widgetType":"heading","elType":"widget"},{"id":"627bff43","settings":{"icon_list":[{"text":"Taking action to challenge discrimination or unconscious bias","icon":"fa fa-check-circle","_id":"zq5j622"},{"text":"The effect of feminism in their workplace and promoting equality","icon":"fa fa-check-circle","_id":"ym97j8i"},{"text":"Making a change toward gender equality in the workplace","icon":"fa fa-check-circle","_id":"0h38vjr"}],"space_between":{"unit":"px","size":"10"},"icon_color":"#fff9b0","icon_size":{"unit":"px","size":"20"},"text_indent":{"unit":"px","size":"10"},"text_color":"#ffffff","icon_typography_typography":"custom","icon_typography_font_size":{"unit":"px","size":"18"},"icon_typography_font_family":"Poppins","icon_typography_font_weight":"100","_padding":{"unit":"px","top":"30","right":"0","bottom":"30","left":"0","isLinked":""},"icon_typography_font_size_tablet":{"unit":"px","size":"14.5"},"_padding_tablet":{"unit":"px","top":"15","right":"0","bottom":"15","left":"0","isLinked":""},"hide_mobile":"hidden-phone"},"elements":[],"isInner":false,"widgetType":"icon-list","elType":"widget"},{"id":"1f5f5761","settings":{"text":"Get your ticket","typography_typography":"custom","typography_font_size":{"unit":"px","size":"18"},"typography_font_family":"Poppins","typography_font_weight":"600","typography_letter_spacing":{"unit":"px","size":"2"},"button_text_color":"#fff9b0","background_color":"rgba(0,0,0,0)","border_border":"solid","border_width":{"unit":"px","top":"4","right":"4","bottom":"4","left":"4","isLinked":"1"},"border_radius":{"unit":"px","top":"50","right":"50","bottom":"50","left":"50","isLinked":"1"},"text_padding":{"unit":"px","top":"20","right":"40","bottom":"20","left":"40","isLinked":""},"align_mobile":"center","typography_font_size_tablet":{"unit":"px","size":"16"},"_padding_tablet":{"unit":"px","top":"0","right":"0","bottom":"80","left":"0","isLinked":""},"_padding_mobile":{"unit":"px","top":"0","right":"0","bottom":"30","left":"0","isLinked":""},"hover_color":"#4f4f4f","button_background_hover_color":"#fff9b0","button_hover_border_color":"#fff9b0"},"elements":[],"isInner":false,"widgetType":"button","elType":"widget"}],"isInner":"","elType":"column"},{"id":"596965ea","settings":{"_column_size":"50","_inline_size":"45.088","content_position":"bottom"},"elements":[{"id":"6269f4b5","settings":{"image":{"id":17446,"url":"http:\/\/library.elementor.com\/lp\/wp-content\/uploads\/2020\/12\/D.png"},"space":{"unit":"%","size":"90"},"align":"left","align_tablet":"right","_margin_tablet":{"unit":"px","top":"-24","right":"-24","bottom":"0","left":"-24","isLinked":""},"_margin_mobile":{"unit":"px","top":"0","right":"0","bottom":"0","left":"0","isLinked":"1"}},"elements":[],"isInner":false,"widgetType":"image","elType":"widget"}],"isInner":"","elType":"column"}],"isInner":"","elType":"section"},{"id":"14641412","settings":{"gap":"no","structure":"30","background_background":"classic","background_color":"#ebe6fd","padding":{"unit":"px","top":"100","right":"0","bottom":"100","left":"0","isLinked":""},"padding_tablet":{"unit":"px","top":"60","right":"30","bottom":"60","left":"30","isLinked":""},"_title":"Details","_timestamp_":"v1b1BCenZXN2gxUTBqb0JJSWxJTVlPZz09"},"elements":[{"id":"33d77c08","settings":{"_column_size":"33","margin":{"unit":"%","top":"0","right":"10","bottom":"0","left":"0","isLinked":""},"margin_tablet":{"unit":"px","top":"0","right":"8","bottom":"0","left":"0","isLinked":""},"margin_mobile":{"unit":"px","top":"0","right":"0","bottom":"0","left":"0","isLinked":"1"}},"elements":[{"id":"195e96ed","settings":{"title_text":"Explore new territories","description_text":"Lorem ipsum dolor sit amet, consectetur adipiscing elit. Ut elit tellus, luctus nec ullamcorper.","primary_color":"#bbabfa","icon_space":{"unit":"px","size":"20"},"icon_size":{"unit":"px","size":"35"},"hover_animation":"shrink","title_bottom_space":{"unit":"px","size":"25"},"title_color":"#4a4a4a","title_typography_typography":"custom","title_typography_font_size":{"unit":"px","size":"26"},"title_typography_font_family":"Vidaloka","title_typography_font_weight":"100","title_typography_line_height":{"unit":"em","size":"0.5"},"description_color":"#4a4a4a","description_typography_typography":"custom","description_typography_font_size":{"unit":"px","size":"15"},"description_typography_font_weight":"100","text_align":"left","text_align_tablet":"left","title_bottom_space_tablet":{"unit":"px","size":"15"},"title_typography_font_size_tablet":{"unit":"px","size":"18"},"title_typography_font_size_mobile":{"unit":"px","size":"25"},"title_typography_line_height_tablet":{"unit":"em","size":"1.1"},"description_typography_font_size_tablet":{"unit":"px","size":"13"},"description_typography_font_size_mobile":{"unit":"px","size":"14"},"description_typography_line_height_tablet":{"unit":"em","size":"1.6"},"description_typography_line_height_mobile":{"unit":"em","size":"1.8"},"_margin_mobile":{"unit":"px","top":"0","right":"0","bottom":"0","left":"0","isLinked":"1"}},"elements":[],"isInner":false,"widgetType":"icon-box","elType":"widget"}],"isInner":"","elType":"column"},{"id":"71fb7dde","settings":{"_column_size":"33","margin":{"unit":"%","top":"0","right":"5","bottom":"0","left":"5","isLinked":""},"margin_tablet":{"unit":"px","top":"0","right":"4","bottom":"0","left":"4","isLinked":""},"margin_mobile":{"unit":"px","top":"0","right":"0","bottom":"0","left":"0","isLinked":"1"},"padding_mobile":{"unit":"px","top":"50","right":"0","bottom":"50","left":"0","isLinked":""}},"elements":[{"id":"364c9cf7","settings":{"title_text":"Get a fresh perspective","description_text":"Lorem ipsum dolor sit amet, consectetur adipiscing elit. Ut elit tellus, luctus nec ullamcorper.","primary_color":"#bbabfa","icon_space":{"unit":"px","size":"20"},"icon_size":{"unit":"px","size":"35"},"hover_animation":"shrink","title_bottom_space":{"unit":"px","size":"25"},"title_color":"#4a4a4a","title_typography_typography":"custom","title_typography_font_size":{"unit":"px","size":"26"},"title_typography_font_family":"Vidaloka","title_typography_font_weight":"100","title_typography_line_height":{"unit":"em","size":"0.5"},"description_color":"#4a4a4a","description_typography_typography":"custom","description_typography_font_size":{"unit":"px","size":"15"},"description_typography_font_weight":"100","text_align":"left","text_align_tablet":"left","title_bottom_space_tablet":{"unit":"px","size":"15"},"title_typography_font_size_tablet":{"unit":"px","size":"18"},"title_typography_font_size_mobile":{"unit":"px","size":"25"},"title_typography_line_height_tablet":{"unit":"em","size":"1.1"},"description_typography_font_size_tablet":{"unit":"px","size":"13"},"description_typography_font_size_mobile":{"unit":"px","size":"14"},"description_typography_line_height_tablet":{"unit":"em","size":"1.6"},"description_typography_line_height_mobile":{"unit":"em","size":"1.8"}},"elements":[],"isInner":false,"widgetType":"icon-box","elType":"widget"}],"isInner":"","elType":"column"},{"id":"6dd8a46f","settings":{"_column_size":"33","margin":{"unit":"%","top":"0","right":"0","bottom":"0","left":"10","isLinked":""},"margin_tablet":{"unit":"px","top":"0","right":"8","bottom":"0","left":"0","isLinked":""},"margin_mobile":{"unit":"px","top":"0","right":"0","bottom":"0","left":"0","isLinked":"1"}},"elements":[{"id":"5aed3d","settings":{"title_text":"Bond with professionals","description_text":"Lorem ipsum dolor sit amet, consectetur adipiscing elit. Ut elit tellus, luctus nec ullamcorper.","primary_color":"#bbabfa","icon_space":{"unit":"px","size":"20"},"icon_size":{"unit":"px","size":"35"},"hover_animation":"shrink","title_bottom_space":{"unit":"px","size":"25"},"title_color":"#4a4a4a","title_typography_typography":"custom","title_typography_font_size":{"unit":"px","size":"26"},"title_typography_font_family":"Vidaloka","title_typography_font_weight":"100","title_typography_line_height":{"unit":"em","size":"0.5"},"description_color":"#4a4a4a","description_typography_typography":"custom","description_typography_font_size":{"unit":"px","size":"15"},"description_typography_font_weight":"100","text_align":"left","text_align_tablet":"left","title_bottom_space_tablet":{"unit":"px","size":"15"},"title_typography_font_size_tablet":{"unit":"px","size":"18"},"title_typography_font_size_mobile":{"unit":"px","size":"25"},"title_typography_line_height_tablet":{"unit":"em","size":"1.1"},"description_typography_font_size_tablet":{"unit":"px","size":"13"},"description_typography_font_size_mobile":{"unit":"px","size":"14"},"description_typography_line_height_tablet":{"unit":"em","size":"1.6"},"description_typography_line_height_mobile":{"unit":"em","size":"1.8"}},"elements":[],"isInner":false,"widgetType":"icon-box","elType":"widget"}],"isInner":"","elType":"column"}],"isInner":"","elType":"section"},{"id":"708c2842","settings":{"gap":"no","padding":{"unit":"px","top":"70","right":"0","bottom":"100","left":"0","isLinked":""},"padding_tablet":{"unit":"px","top":"60","right":"30","bottom":"60","left":"30","isLinked":""},"_title":"Speakers","_timestamp_":"v1b1BCenZXN2gxUTBqb0JJSWxJTVlPZz09"},"elements":[{"id":"7d313704","settings":{"_column_size":"100"},"elements":[{"id":"1628ade7","settings":{"title":"Speakers","align":"center","title_color":"#4a4a4a","typography_typography":"custom","typography_font_size":{"unit":"px","size":"45"},"typography_font_family":"Vidaloka","typography_font_weight":"100","typography_line_height":{"unit":"em","size":"1.2"},"_padding":{"unit":"px","top":"0","right":"0","bottom":"60","left":"0","isLinked":""},"header_size":"h3","typography_font_size_tablet":{"unit":"px","size":"40"},"typography_font_size_mobile":{"unit":"px","size":"39"},"_padding_tablet":{"unit":"px","top":"0","right":"0","bottom":"40","left":"0","isLinked":""}},"elements":[],"isInner":false,"widgetType":"heading","elType":"widget"},{"id":"7c9ab01d","settings":{"gap":"no","structure":"30"},"elements":[{"id":"5fda0b46","settings":{"_column_size":"33","background_background":"classic","background_color":"#bbabfa","margin":{"unit":"%","top":"0","right":"10","bottom":"0","left":"0","isLinked":""},"margin_tablet":{"unit":"px","top":"0","right":"10","bottom":"0","left":"0","isLinked":""},"margin_mobile":{"unit":"px","top":"0","right":"0","bottom":"0","left":"0","isLinked":"1"},"padding_tablet":{"unit":"px","top":"0","right":"0","bottom":"15","left":"0","isLinked":""}},"elements":[{"id":"565c91","settings":{"image":{"id":17448,"url":"http:\/\/library.elementor.com\/lp\/wp-content\/uploads\/2020\/12\/4-2.png"},"title_text":"Margret Davis","description_text":"Job description","image_space":{"unit":"px","size":"8"},"image_size":{"unit":"%","size":"100"},"title_bottom_space":{"unit":"px","size":"0"},"title_color":"#fff9b0","title_typography_typography":"custom","title_typography_font_size":{"unit":"px","size":"25"},"title_typography_font_family":"Vidaloka","title_typography_font_weight":"100","description_color":"#ffffff","description_typography_typography":"custom","description_typography_font_size":{"unit":"px","size":"16"},"_padding":{"unit":"px","top":"0","right":"0","bottom":"20","left":"0","isLinked":""},"title_typography_font_size_tablet":{"unit":"px","size":"21"},"description_typography_font_size_tablet":{"unit":"px","size":"14"},"_padding_tablet":{"unit":"px","top":"0","right":"0","bottom":"0","left":"0","isLinked":"1"}},"elements":[],"isInner":false,"widgetType":"image-box","elType":"widget"}],"isInner":"1","elType":"column"},{"id":"2ff3320d","settings":{"_column_size":"33","background_background":"classic","background_color":"#bbabfa","margin":{"unit":"%","top":"0","right":"5","bottom":"0","left":"5","isLinked":""},"margin_tablet":{"unit":"px","top":"0","right":"5","bottom":"0","left":"5","isLinked":""},"margin_mobile":{"unit":"px","top":"30","right":"0","bottom":"30","left":"0","isLinked":""},"padding_mobile":{"unit":"px","top":"0","right":"0","bottom":"0","left":"0","isLinked":""}},"elements":[{"id":"5d0f5cc9","settings":{"image":{"id":17450,"url":"http:\/\/library.elementor.com\/lp\/wp-content\/uploads\/2020\/12\/55-1.png"},"title_text":"Ann Spotly","description_text":"Job description","image_space":{"unit":"px","size":"8"},"image_size":{"unit":"%","size":"100"},"title_bottom_space":{"unit":"px","size":"0"},"title_color":"#fff9b0","title_typography_typography":"custom","title_typography_font_size":{"unit":"px","size":"25"},"title_typography_font_family":"Vidaloka","title_typography_font_weight":"100","description_color":"#ffffff","description_typography_typography":"custom","description_typography_font_size":{"unit":"px","size":"16"},"_padding":{"unit":"px","top":"0","right":"0","bottom":"20","left":"0","isLinked":""},"title_typography_font_size_tablet":{"unit":"px","size":"21"},"description_typography_font_size_tablet":{"unit":"px","size":"14"},"_padding_tablet":{"unit":"px","top":"0","right":"0","bottom":"15","left":"0","isLinked":""}},"elements":[],"isInner":false,"widgetType":"image-box","elType":"widget"}],"isInner":"1","elType":"column"},{"id":"62b8d3dd","settings":{"_column_size":"33","background_background":"classic","background_color":"#bbabfa","margin":{"unit":"%","top":"0","right":"0","bottom":"0","left":"10","isLinked":""},"margin_tablet":{"unit":"px","top":"0","right":"0","bottom":"0","left":"10","isLinked":""},"margin_mobile":{"unit":"px","top":"0","right":"0","bottom":"0","left":"0","isLinked":"1"}},"elements":[{"id":"39e86c7f","settings":{"image":{"id":17452,"url":"http:\/\/library.elementor.com\/lp\/wp-content\/uploads\/2020\/12\/666-1.png"},"title_text":"Miranda House","description_text":"Job description","image_space":{"unit":"px","size":"8"},"image_size":{"unit":"%","size":"100"},"title_bottom_space":{"unit":"px","size":"0"},"title_color":"#fff9b0","title_typography_typography":"custom","title_typography_font_size":{"unit":"px","size":"25"},"title_typography_font_family":"Vidaloka","title_typography_font_weight":"100","description_color":"#ffffff","description_typography_typography":"custom","description_typography_font_size":{"unit":"px","size":"16"},"_padding":{"unit":"px","top":"0","right":"0","bottom":"20","left":"0","isLinked":""},"title_typography_font_size_tablet":{"unit":"px","size":"21"},"description_typography_font_size_tablet":{"unit":"px","size":"14"},"_padding_tablet":{"unit":"px","top":"0","right":"0","bottom":"15","left":"0","isLinked":""}},"elements":[],"isInner":false,"widgetType":"image-box","elType":"widget"}],"isInner":"1","elType":"column"}],"isInner":"1","elType":"section"}],"isInner":"","elType":"column"}],"isInner":"","elType":"section"},{"id":"67c2c7bc","settings":{"background_background":"classic","background_image":{"id":17456,"url":"http:\/\/library.elementor.com\/lp\/wp-content\/uploads\/2020\/12\/Group-20-3.png"},"padding":{"unit":"px","top":"70","right":"0","bottom":"100","left":"0","isLinked":""},"padding_tablet":{"unit":"px","top":"36","right":"30","bottom":"60","left":"30","isLinked":""},"content_width":{"unit":"px","size":"920"},"_title":"Video Section","_timestamp_":"v1b1BCenZXN2gxUTBqb0JJSWxJTVlPZz09"},"elements":[{"id":"26bba47b","settings":{"_column_size":"100"},"elements":[{"id":"28402f33","settings":{"title":"See last year event highlights","align":"center","title_color":"#4a4a4a","typography_typography":"custom","typography_font_size":{"unit":"px","size":"45"},"typography_font_family":"Vidaloka","typography_font_weight":"100","typography_line_height":{"unit":"em","size":"1.2"},"_padding":{"unit":"px","top":"0","right":"0","bottom":"60","left":"0","isLinked":""},"header_size":"h3","typography_font_size_tablet":{"unit":"px","size":"40"},"typography_font_size_mobile":{"unit":"px","size":"39"},"_padding_tablet":{"unit":"px","top":"0","right":"0","bottom":"30","left":"0","isLinked":""},"_padding_mobile":{"unit":"px","top":"0","right":"0","bottom":"20","left":"0","isLinked":""},"typography_text_transform":"capitalize"},"elements":[],"isInner":false,"widgetType":"heading","elType":"widget"},{"id":"71a8f8cc","settings":{"link":"https:\/\/www.youtube.com\/watch?v=9uOETcuFjbE","vimeo_link":"https:\/\/vimeo.com\/170933924","show_image_overlay":"yes","image_overlay":{"id":17454,"url":"http:\/\/library.elementor.com\/lp\/wp-content\/uploads\/2020\/12\/N.png"},"youtube_url":"https:\/\/www.youtube.com\/watch?v=9uOETcuFjbE","vimeo_url":"https:\/\/vimeo.com\/235215203","dailymotion_url":"https:\/\/www.dailymotion.com\/video\/x6tqhqb"},"elements":[],"isInner":false,"widgetType":"video","elType":"widget"}],"isInner":"","elType":"column"}],"isInner":"","elType":"section"},{"id":"125cafbe","settings":{"gap":"no","structure":"20","padding":{"unit":"px","top":"100","right":"0","bottom":"100","left":"0","isLinked":""},"content_position":"middle","padding_tablet":{"unit":"px","top":"60","right":"30","bottom":"36","left":"30","isLinked":""},"padding_mobile":{"unit":"px","top":"60","right":"30","bottom":"30","left":"30","isLinked":""},"reverse_order_mobile":"reverse-mobile","_title":"Schedule","_timestamp_":"v1b1BCenZXN2gxUTBqb0JJSWxJTVlPZz09"},"elements":[{"id":"7bdcee3a","settings":{"_column_size":"50","_inline_size":"30.000","margin_mobile":{"unit":"px","top":"0","right":"0","bottom":"0","left":"0","isLinked":"1"},"padding_mobile":{"unit":"px","top":"50","right":"0","bottom":"40","left":"0","isLinked":""}},"elements":[{"id":"67a7a179","settings":{"image":{"id":17458,"url":"http:\/\/library.elementor.com\/lp\/wp-content\/uploads\/2020\/12\/Group-5.png"},"align":"left","align_mobile":"left","_margin_mobile":{"unit":"px","top":"0","right":"0","bottom":"0","left":"0","isLinked":"1"},"_padding_mobile":{"unit":"px","top":"0","right":"0","bottom":"0","left":"0","isLinked":"1"}},"elements":[],"isInner":false,"widgetType":"image","elType":"widget"}],"isInner":"","elType":"column"},{"id":"79f1eb2c","settings":{"_column_size":"50","_inline_size":"70.000","margin_tablet":{"unit":"px","top":"0","right":"0","bottom":"0","left":"20","isLinked":""},"margin_mobile":{"unit":"px","top":"0","right":"0","bottom":"0","left":"0","isLinked":"1"},"padding_mobile":{"unit":"px","top":"0","right":"0","bottom":"0","left":"0","isLinked":"1"}},"elements":[{"id":"fada172","settings":{"title":"Schedule","align":"left","title_color":"#4a4a4a","typography_typography":"custom","typography_font_size":{"unit":"px","size":"45"},"typography_font_family":"Vidaloka","typography_font_weight":"100","typography_line_height":{"unit":"em","size":"1.2"},"_padding":{"unit":"px","top":"0","right":"0","bottom":"30","left":"0","isLinked":""},"typography_font_size_tablet":{"unit":"px","size":"35"},"typography_font_size_mobile":{"unit":"px","size":"38"},"_padding_tablet":{"unit":"px","top":"0","right":"0","bottom":"0","left":"0","isLinked":"1"},"_padding_mobile":{"unit":"px","top":"0","right":"0","bottom":"30","left":"0","isLinked":""}},"elements":[],"isInner":false,"widgetType":"heading","elType":"widget"},{"id":"da37b4b","settings":{"gap":"no","structure":"20","margin_mobile":{"unit":"px","top":"0","right":"0","bottom":"0","left":"0","isLinked":"1"},"padding_mobile":{"unit":"px","top":"0","right":"0","bottom":"0","left":"0","isLinked":"1"}},"elements":[{"id":"3d1ca6ef","settings":{"_column_size":"50","margin_mobile":{"unit":"px","top":"0","right":"0","bottom":"0","left":"0","isLinked":"1"},"padding_mobile":{"unit":"px","top":"0","right":"0","bottom":"0","left":"0","isLinked":"1"}},"elements":[{"id":"6885b01a","settings":{"editor":"<p class=\"p1\"><span class=\"s1\" style=\"color: #bbabfa\"><b>Day 1 \/<\/b><\/span><span class=\"s2\"><b> <\/b>meet &amp; greet<\/span><\/p>","text_color":"#4a4a4a","typography_typography":"custom","typography_font_size":{"unit":"px","size":"28"},"typography_text_transform":"capitalize","_padding":{"unit":"px","top":"0","right":"0","bottom":"10","left":"0","isLinked":""},"typography_font_size_tablet":{"unit":"px","size":"20"},"typography_font_size_mobile":{"unit":"px","size":"25"},"_padding_tablet":{"unit":"px","top":"0","right":"0","bottom":"0","left":"0","isLinked":""},"_padding_mobile":{"unit":"px","top":"0","right":"0","bottom":"0","left":"0","isLinked":""}},"elements":[],"isInner":false,"widgetType":"text-editor","elType":"widget"},{"id":"5fdd620f","settings":{"icon_list":[{"text":"9:00 AM - Lorem ipsum dolor","icon":"fa fa-circle","_id":"njk7hwo"},{"text":"10:00 AM - Lorem ipsum dolor","icon":"fa fa-circle","_id":"o659g90"},{"text":"12:00 AM - Lorem ipsum dolor","icon":"fa fa-circle","_id":"7mf1v1a"},{"text":"2:00 AM - Lorem ipsum dolor","icon":"fa fa-circle","_id":"u7uu8i2"},{"text":"3:50 AM - Lorem ipsum dolor","icon":"fa fa-circle","_id":"d46lzkd"},{"text":"5:00 AM - Lorem ipsum dolor","icon":"fa fa-circle","_id":"99c5fo5"}],"space_between":{"unit":"px","size":"12"},"icon_color":"#bbabfa","icon_size":{"unit":"px","size":"10"},"text_indent":{"unit":"px","size":"12"},"icon_typography_typography":"custom","icon_typography_font_size":{"unit":"px","size":"17"},"icon_align_mobile":"left","icon_typography_font_size_tablet":{"unit":"px","size":"13"},"icon_typography_font_size_mobile":{"unit":"px","size":"16"}},"elements":[],"isInner":false,"widgetType":"icon-list","elType":"widget"}],"isInner":"1","elType":"column"},{"id":"68bfc43f","settings":{"_column_size":"50","padding_mobile":{"unit":"px","top":"60","right":"0","bottom":"0","left":"0","isLinked":""}},"elements":[{"id":"64866584","settings":{"editor":"<p class=\"p1\"><span class=\"s1\" style=\"color: #bbabfa\"><b>Day 2\u00a0\/<\/b><\/span><span class=\"s2\"> workshops<\/span><\/p>","text_color":"#4a4a4a","typography_typography":"custom","typography_font_size":{"unit":"px","size":"28"},"typography_text_transform":"capitalize","_padding":{"unit":"px","top":"0","right":"0","bottom":"10","left":"0","isLinked":""},"typography_font_size_tablet":{"unit":"px","size":"20"},"typography_font_size_mobile":{"unit":"px","size":"25"},"_padding_tablet":{"unit":"px","top":"0","right":"0","bottom":"0","left":"0","isLinked":""}},"elements":[],"isInner":false,"widgetType":"text-editor","elType":"widget"},{"id":"1e625b23","settings":{"icon_list":[{"text":"9:00 AM - Lorem ipsum dolor","icon":"fa fa-circle","_id":"njk7hwo"},{"text":"10:00 AM - Lorem ipsum dolor","icon":"fa fa-circle","_id":"o659g90"},{"text":"12:00 AM - Lorem ipsum dolor","icon":"fa fa-circle","_id":"7mf1v1a"},{"text":"2:00 AM - Lorem ipsum dolor","icon":"fa fa-circle","_id":"u7uu8i2"},{"text":"3:50 AM - Lorem ipsum dolor","icon":"fa fa-circle","_id":"d46lzkd"},{"text":"5:00 AM - Lorem ipsum dolor","icon":"fa fa-circle","_id":"99c5fo5"}],"space_between":{"unit":"px","size":"12"},"icon_color":"#bbabfa","icon_size":{"unit":"px","size":"10"},"text_indent":{"unit":"px","size":"12"},"icon_typography_typography":"custom","icon_typography_font_size":{"unit":"px","size":"17"},"icon_typography_font_size_tablet":{"unit":"px","size":"13"},"icon_typography_font_size_mobile":{"unit":"px","size":"16"}},"elements":[],"isInner":false,"widgetType":"icon-list","elType":"widget"}],"isInner":"1","elType":"column"}],"isInner":"1","elType":"section"}],"isInner":"","elType":"column"}],"isInner":"","elType":"section"},{"id":"475479ef","settings":{"gap":"no","background_background":"classic","background_color":"#bbabfa","background_color_b":"#bbabfa","background_color_b_stop":{"unit":"%","size":"82"},"background_gradient_type":"radial","background_gradient_position":"bottom right","background_overlay_background":"classic","background_overlay_color_b":"#ebe6fd","background_overlay_gradient_type":"radial","background_overlay_gradient_position":"bottom left","background_overlay_opacity":{"unit":"px","size":"0.79"},"padding":{"unit":"px","top":"100","right":"0","bottom":"100","left":"0","isLinked":""},"padding_tablet":{"unit":"px","top":"60","right":"30","bottom":"60","left":"30","isLinked":""},"_title":"CTA","_timestamp_":"v1b1BCenZXN2gxUTBqb0JJSWxJTVlPZz09"},"elements":[{"id":"57ae94ce","settings":{"_column_size":"100"},"elements":[{"id":"5c1e0fa5","settings":{"title":"Save your spot right now","align":"center","title_color":"#fff9b0","typography_typography":"custom","typography_font_size":{"unit":"px","size":"45"},"typography_font_family":"Vidaloka","typography_font_weight":"100","typography_line_height":{"unit":"em","size":"1.2"},"header_size":"h3","typography_font_size_tablet":{"unit":"px","size":"40"},"typography_font_size_mobile":{"unit":"px","size":"38"},"_padding_tablet":{"unit":"px","top":"0","right":"0","bottom":"40","left":"0","isLinked":""},"typography_text_transform":"capitalize"},"elements":[],"isInner":false,"widgetType":"heading","elType":"widget"},{"id":"2397fd5b","settings":{"label_days":"Days","label_hours":"Hours","label_minutes":"Minutes","label_seconds":"Seconds","container_width":{"unit":"%","size":"55"},"box_background_color":"#ffffff","box_spacing":{"unit":"px","size":"25"},"box_padding":{"unit":"px","top":"30","right":"0","bottom":"30","left":"0","isLinked":""},"digits_color":"#4a4a4a","digits_typography_typography":"custom","digits_typography_font_size":{"unit":"px","size":"55"},"digits_typography_font_weight":"600","digits_typography_line_height":{"unit":"em","size":"1.1"},"label_color":"#4a4a4a","label_typography_typography":"custom","label_typography_font_weight":"100","label_typography_line_height":{"unit":"em","size":"1.1"},"_padding":{"unit":"px","top":"30","right":"0","bottom":"30","left":"0","isLinked":""},"container_width_tablet":{"unit":"%","size":"80"},"box_spacing_tablet":{"unit":"px","size":"15"},"box_spacing_mobile":{"unit":"px","size":"7"},"box_padding_tablet":{"unit":"px","top":"30","right":"0","bottom":"30","left":"0","isLinked":""},"box_padding_mobile":{"unit":"px","top":"15","right":"0","bottom":"15","left":"0","isLinked":""},"digits_typography_font_size_tablet":{"unit":"px","size":"50"},"digits_typography_font_size_mobile":{"unit":"px","size":"30"},"label_typography_font_size_tablet":{"unit":"px","size":"16"},"label_typography_font_size_mobile":{"unit":"px","size":"13"},"_padding_tablet":{"unit":"px","top":"0","right":"0","bottom":"0","left":"0","isLinked":"1"},"due_date":"2021-05-29 09:15","container_width_mobile":{"unit":"%","size":"100","sizes":[]}},"elements":[],"isInner":false,"widgetType":"countdown","elType":"widget"},{"id":"11e3f851","settings":{"text":"Register today","align":"center","typography_typography":"custom","typography_font_size":{"unit":"px","size":"18"},"typography_font_family":"Poppins","typography_font_weight":"600","typography_letter_spacing":{"unit":"px","size":"2"},"button_text_color":"#fff9b0","background_color":"rgba(0,0,0,0)","border_border":"solid","border_width":{"unit":"px","top":"4","right":"4","bottom":"4","left":"4","isLinked":"1"},"border_radius":{"unit":"px","top":"50","right":"50","bottom":"50","left":"50","isLinked":"1"},"text_padding":{"unit":"px","top":"20","right":"40","bottom":"20","left":"40","isLinked":""},"_padding_tablet":{"unit":"px","top":"40","right":"0","bottom":"0","left":"0","isLinked":""},"hover_color":"#4f4f4f","button_background_hover_color":"#fff9b0","button_hover_border_color":"#fff9b0"},"elements":[],"isInner":false,"widgetType":"button","elType":"widget"}],"isInner":"","elType":"column"}],"isInner":"","elType":"section"}]}