{"version":"0.4","title":"16183","type":"page","content":[{"id":"32956c4b","settings":{"background_background":"classic","background_gradient_angle":{"unit":"deg","size":"330"},"background_image":{"id":17542,"url":"http:\/\/library.elementor.com\/lp\/wp-content\/uploads\/2020\/12\/pexels-261146.jpeg"},"background_position":"bottom center","background_size":"cover","background_overlay_background":"gradient","background_overlay_color":"#2b5876","background_overlay_color_b":"#754074","background_overlay_gradient_angle":{"unit":"deg","size":"120"},"background_overlay_opacity":{"unit":"px","size":"0.82"},"shape_divider_bottom":"waves-pattern","shape_divider_bottom_width":{"unit":"%","size":"200"},"padding":{"unit":"px","top":"110","right":"0","bottom":"0","left":"0","isLinked":""},"content_width":{"unit":"px","size":"639"},"shape_divider_bottom_height":{"unit":"px","size":"10"},"margin":{"unit":"px","top":"","right":"0","bottom":"","left":"0","isLinked":"1"},"padding_mobile":{"unit":"px","top":"50","right":"20","bottom":"20","left":"20","isLinked":""},"_title":"Hero","_timestamp_":"v1b1BCenZXN2gxUTBqb0JJSWxJTVlPZz09"},"elements":[{"id":"4ecbc8c6","settings":{"_column_size":"100"},"elements":[{"id":"6aa995ed","settings":{"title":"Luxury Homes With An Ocean View","align":"center","title_color":"#ffffff","typography_typography":"custom","typography_font_size":{"unit":"px","size":"63"},"typography_font_family":"Patua One","typography_font_weight":"normal","_padding":{"unit":"px","top":"0","right":"0","bottom":"20","left":"0","isLinked":""},"typography_font_size_mobile":{"unit":"px","size":"46"}},"elements":[],"isInner":false,"widgetType":"heading","elType":"widget"},{"id":"d69ca92","settings":{"label_days":"Days","label_hours":"Hours","label_minutes":"Minutes","label_seconds":"Seconds","container_width":{"unit":"%","size":"70"},"box_background_color":"rgba(255,255,255,0.67)","box_border_width":{"unit":"px","top":"2","right":"2","bottom":"2","left":"2","isLinked":"1"},"box_border_color":"#f24f9e","box_border_radius":{"unit":"px","top":"10","right":"10","bottom":"10","left":"10","isLinked":"1"},"box_spacing":{"unit":"px","size":"19"},"box_padding":{"unit":"px","top":"20","right":"0","bottom":"20","left":"0","isLinked":""},"digits_color":"#f24f9e","digits_typography_typography":"custom","digits_typography_font_size":{"unit":"px","size":"40"},"digits_typography_font_family":"Patua One","digits_typography_line_height":{"unit":"em","size":"1.1"},"label_color":"rgba(242,79,158,0.55)","label_typography_typography":"custom","label_typography_font_size":{"unit":"px","size":"12"},"label_typography_line_height":{"unit":"em","size":"1.4"},"due_date":"2022-03-03 09:31","digits_typography_font_size_mobile":{"unit":"px","size":"31"},"_padding":{"unit":"px","top":"15","right":"0","bottom":"15","left":"0","isLinked":""},"container_width_mobile":{"unit":"%","size":"100","sizes":[]},"box_spacing_mobile":{"unit":"px","size":"5","sizes":[]},"box_padding_mobile":{"unit":"px","top":"10","right":"0","bottom":"10","left":"0","isLinked":""}},"elements":[],"isInner":false,"widgetType":"countdown","elType":"widget"},{"id":"1511a00d","settings":{"background_background":"none","margin":{"unit":"px","top":"0","right":"0","bottom":"-200","left":"0","isLinked":""},"padding":{"unit":"px","top":"30","right":"30","bottom":"30","left":"30","isLinked":"1"},"padding_mobile":{"unit":"px","top":"30","right":"0","bottom":"0","left":"0","isLinked":""},"z_index":"1"},"elements":[{"id":"15fe9154","settings":{"_column_size":"100","background_background":"classic","background_color":"#ffffff","border_radius":{"unit":"px","top":"5","right":"5","bottom":"5","left":"5","isLinked":"1"},"box_shadow_box_shadow_type":"yes","box_shadow_box_shadow":{"horizontal":"0","vertical":"0","blur":"30","spread":"0","inset":"","color":"rgba(0,0,0,0.2)"},"padding":{"unit":"px","top":"30","right":"30","bottom":"30","left":"30","isLinked":"1"}},"elements":[{"id":"323d1e7d","settings":{"title":"Request Appointment","header_size":"h3","align":"center","title_color":"#5d666b","typography_typography":"custom","typography_font_family":"Roboto","typography_font_weight":"300","_padding":{"unit":"px","top":"0","right":"0","bottom":"15","left":"0","isLinked":""}},"elements":[],"isInner":false,"widgetType":"heading","elType":"widget"},{"id":"6dcf831c","settings":{"form_name":"New Form","form_fields":[{"field_label":"Name","placeholder":"Name","_id":"7osv0r5","rows":"4","custom_id":"7osv0r5","file_sizes":"","file_types":"","allow_multiple_upload":"","max_files":"","acceptance_text":"","checked_by_default":"","field_min":"","field_max":"","min_date":"","max_date":"","use_native_date":"","use_native_time":"","previous_button":"","next_button":""},{"field_type":"email","required":"1","field_label":"Email","placeholder":"Email","_id":"h2vqoor","rows":"4","custom_id":"h2vqoor","file_sizes":"","file_types":"","allow_multiple_upload":"","max_files":"","acceptance_text":"","checked_by_default":"","field_min":"","field_max":"","min_date":"","max_date":"","use_native_date":"","use_native_time":"","previous_button":"","next_button":""},{"field_type":"textarea","field_label":"Message","placeholder":"Message","_id":"5kq6fks","rows":"5","custom_id":"5kq6fks","file_sizes":"","file_types":"","allow_multiple_upload":"","max_files":"","acceptance_text":"","checked_by_default":"","field_min":"","field_max":"","min_date":"","max_date":"","use_native_date":"","use_native_time":"","previous_button":"","next_button":""}],"input_size":"md","show_labels":"","button_text":"Submit","button_size":"lg","success_message":"The message was sent successfully!","error_message":"There's something wrong... Please fill in the required fields.","required_field_message":"Required","invalid_message":"There's something wrong... The form is invalid.","row_gap":{"unit":"px","size":"20"},"field_typography_typography":"custom","field_typography_font_family":"Roboto","field_typography_font_weight":"normal","field_background_color":"rgba(145,156,167,0.22)","field_border_color":"#686f77","field_border_width":{"unit":"px","top":"0","right":"0","bottom":"0","left":"0","isLinked":"1"},"field_border_radius":{"unit":"px","top":"0","right":"0","bottom":"0","left":"0","isLinked":"1"},"button_typography_typography":"custom","button_typography_font_family":"Patua One","button_typography_text_transform":"uppercase","button_typography_letter_spacing":{"unit":"px","size":"4.7"},"button_background_color":"#f12184","button_border_radius":{"unit":"px","top":"0","right":"0","bottom":"0","left":"0","isLinked":"1"},"_background_background":"none","_box_shadow_box_shadow":{"horizontal":"0","vertical":"0","blur":"40","spread":"0","inset":"","color":""},"email_content":"[all-fields]","email_content_2":"[all-fields]","button_text_color":"#FFFFFF","button_background_hover_color":"#543AB2","step_next_label":"Next","step_previous_label":"Previous"},"elements":[],"isInner":false,"widgetType":"form","elType":"widget"}],"isInner":"1","elType":"column"}],"isInner":"1","elType":"section"}],"isInner":"","elType":"column"}],"isInner":"","elType":"section"},{"id":"1af156c2","settings":{"gap":"wider","custom_height":{"unit":"px","size":""},"structure":"30","padding":{"unit":"px","top":"240","right":"0","bottom":"20","left":"0","isLinked":""},"_title":"Description","_timestamp_":"v1b1BCenZXN2gxUTBqb0JJSWxJTVlPZz09"},"elements":[{"id":"41a84b27","settings":{"_column_size":"33"},"elements":[{"id":"35884a6c","settings":{"view":"stacked","icon":"fa fa-tree","title_text":"Near a secluded forest","description_text":"Click edit button to change this text. Lorem ipsum dolor sit amet, consec elit. Ut elit tellus, luctus nec ullarper mattis, pulvinar dapibus leo.","primary_color":"#543ab2","secondary_color":"#ffffff","icon_space":{"unit":"px","size":"30"},"icon_size":{"unit":"px","size":"21"},"icon_padding":{"unit":"px","size":"25"},"border_width":{"unit":"px","top":"2","right":"2","bottom":"2","left":"2","isLinked":"1"},"border_radius":{"unit":"px","top":"10","right":"10","bottom":"10","left":"10","isLinked":"1"},"text_align":"center","title_color":"#1b1b6b","title_typography_typography":"custom","title_typography_font_family":"Patua One","title_typography_font_weight":"normal","description_typography_typography":"custom","description_typography_font_family":"Roboto","description_typography_line_height":{"unit":"em","size":"2"},"description_color":"rgba(74,100,119,0.72)","selected_icon":{"value":"fas fa-tree","library":"fa-solid"}},"elements":[],"isInner":false,"widgetType":"icon-box","elType":"widget"}],"isInner":"","elType":"column"},{"id":"fc736e1","settings":{"_column_size":"33"},"elements":[{"id":"e7084b","settings":{"view":"stacked","icon":"fa fa-automobile","title_text":"Full driveway included","description_text":"Click edit button to change this text. Lorem ipsum dolor sit amet, consec elit. Ut elit tellus, luctus nec ullarper mattis, pulvinar dapibus leo.","primary_color":"#543AB2","secondary_color":"#ffffff","icon_space":{"unit":"px","size":"30"},"icon_size":{"unit":"px","size":"21"},"icon_padding":{"unit":"px","size":"25"},"border_width":{"unit":"px","top":"2","right":"2","bottom":"2","left":"2","isLinked":"1"},"border_radius":{"unit":"px","top":"10","right":"10","bottom":"10","left":"10","isLinked":"1"},"text_align":"center","title_color":"#1b1b6b","title_typography_typography":"custom","title_typography_font_family":"Patua One","title_typography_font_weight":"normal","description_typography_typography":"custom","description_typography_font_family":"Roboto","description_typography_line_height":{"unit":"em","size":"2"},"description_color":"rgba(74,100,119,0.72)","selected_icon":{"value":"fas fa-car","library":"fa-solid"},"__fa4_migrated":{"selected_icon":"1"}},"elements":[],"isInner":false,"widgetType":"icon-box","elType":"widget"}],"isInner":"","elType":"column"},{"id":"67420b27","settings":{"_column_size":"33"},"elements":[{"id":"4f96fab6","settings":{"view":"stacked","icon":"fa fa-coffee","title_text":"Full driveway included","description_text":"Click edit button to change this text. Lorem ipsum dolor sit amet, consec elit. Ut elit tellus, luctus nec ullarper mattis, pulvinar dapibus leo.","primary_color":"#543ab2","secondary_color":"#ffffff","icon_space":{"unit":"px","size":"30"},"icon_size":{"unit":"px","size":"21"},"icon_padding":{"unit":"px","size":"25"},"border_width":{"unit":"px","top":"2","right":"2","bottom":"2","left":"2","isLinked":"1"},"border_radius":{"unit":"px","top":"10","right":"10","bottom":"10","left":"10","isLinked":"1"},"text_align":"center","title_color":"#1b1b6b","title_typography_typography":"custom","title_typography_font_family":"Patua One","title_typography_font_weight":"normal","description_typography_typography":"custom","description_typography_font_family":"Roboto","description_typography_line_height":{"unit":"em","size":"2"},"description_color":"rgba(74,100,119,0.72)","selected_icon":{"value":"fas fa-coffee","library":"fa-solid"},"__fa4_migrated":{"selected_icon":"1"}},"elements":[],"isInner":false,"widgetType":"icon-box","elType":"widget"}],"isInner":"","elType":"column"}],"isInner":"","elType":"section"},{"id":"74cfa45b","settings":{"gap":"wider","custom_height":{"unit":"px","size":""},"structure":"30","padding":{"unit":"px","top":"20","right":"0","bottom":"100","left":"0","isLinked":""},"_title":"Description 2","_timestamp_":"v1b1BCenZXN2gxUTBqb0JJSWxJTVlPZz09"},"elements":[{"id":"54069100","settings":{"_column_size":"33"},"elements":[{"id":"619e2acc","settings":{"view":"stacked","icon":"fa fa-briefcase","title_text":"Close to business district","description_text":"Click edit button to change this text. Lorem ipsum dolor sit amet, consec elit. Ut elit tellus, luctus nec ullarper mattis, pulvinar dapibus leo.","primary_color":"#543ab2","secondary_color":"#ffffff","icon_space":{"unit":"px","size":"30"},"icon_size":{"unit":"px","size":"21"},"icon_padding":{"unit":"px","size":"25"},"border_width":{"unit":"px","top":"2","right":"2","bottom":"2","left":"2","isLinked":"1"},"border_radius":{"unit":"px","top":"10","right":"10","bottom":"10","left":"10","isLinked":"1"},"text_align":"center","title_color":"#1b1b6b","title_typography_typography":"custom","title_typography_font_family":"Patua One","title_typography_font_weight":"normal","description_typography_typography":"custom","description_typography_font_family":"Roboto","description_typography_line_height":{"unit":"em","size":"2"},"description_color":"rgba(74,100,119,0.72)","selected_icon":{"value":"fas fa-briefcase","library":"fa-solid"}},"elements":[],"isInner":false,"widgetType":"icon-box","elType":"widget"}],"isInner":"","elType":"column"},{"id":"7fda78d1","settings":{"_column_size":"33"},"elements":[{"id":"45112991","settings":{"view":"stacked","icon":"fa fa-leaf","title_text":"Surrounded by mountains","description_text":"Click edit button to change this text. Lorem ipsum dolor sit amet, consec elit. Ut elit tellus, luctus nec ullarper mattis, pulvinar dapibus leo.","primary_color":"#543ab2","secondary_color":"#ffffff","icon_space":{"unit":"px","size":"30"},"icon_size":{"unit":"px","size":"21"},"icon_padding":{"unit":"px","size":"25"},"border_width":{"unit":"px","top":"2","right":"2","bottom":"2","left":"2","isLinked":"1"},"border_radius":{"unit":"px","top":"10","right":"10","bottom":"10","left":"10","isLinked":"1"},"text_align":"center","title_color":"#1b1b6b","title_typography_typography":"custom","title_typography_font_family":"Patua One","title_typography_font_weight":"normal","description_typography_typography":"custom","description_typography_font_family":"Roboto","description_typography_line_height":{"unit":"em","size":"2"},"description_color":"rgba(74,100,119,0.72)","selected_icon":{"value":"fas fa-leaf","library":"fa-solid"}},"elements":[],"isInner":false,"widgetType":"icon-box","elType":"widget"}],"isInner":"","elType":"column"},{"id":"781caac9","settings":{"_column_size":"33"},"elements":[{"id":"6ebed30d","settings":{"view":"stacked","icon":"fa fa-bank","title_text":"Excellent schools","description_text":"Click edit button to change this text. Lorem ipsum dolor sit amet, consec elit. Ut elit tellus, luctus nec ullarper mattis, pulvinar dapibus leo.","primary_color":"#543ab2","secondary_color":"#ffffff","icon_space":{"unit":"px","size":"30"},"icon_size":{"unit":"px","size":"21"},"icon_padding":{"unit":"px","size":"25"},"border_width":{"unit":"px","top":"2","right":"2","bottom":"2","left":"2","isLinked":"1"},"border_radius":{"unit":"px","top":"10","right":"10","bottom":"10","left":"10","isLinked":"1"},"text_align":"center","title_color":"#1b1b6b","title_typography_typography":"custom","title_typography_font_family":"Patua One","title_typography_font_weight":"normal","description_typography_typography":"custom","description_typography_font_family":"Roboto","description_typography_line_height":{"unit":"em","size":"2"},"description_color":"rgba(74,100,119,0.72)","selected_icon":{"value":"fas fa-university","library":"fa-solid"}},"elements":[],"isInner":false,"widgetType":"icon-box","elType":"widget"}],"isInner":"","elType":"column"}],"isInner":"","elType":"section"},{"id":"64ea50b8","settings":{"content_width":{"unit":"px","size":"1080"},"content_position":"middle","structure":"20","background_background":"classic","background_color":"#f12184","shape_divider_top":"waves-pattern","shape_divider_top_width":{"unit":"%","size":"200"},"shape_divider_bottom":"waves-pattern","shape_divider_bottom_width":{"unit":"%","size":"200"},"padding":{"unit":"px","top":"75","right":"0","bottom":"75","left":"0","isLinked":""},"shape_divider_top_height":{"unit":"px","size":"10"},"shape_divider_bottom_height":{"unit":"px","size":"10"},"padding_tablet":{"unit":"px","top":"70","right":"40","bottom":"70","left":"40","isLinked":""},"reverse_order_mobile":"reverse-mobile","_title":"Meet the owner","_timestamp_":"v1b1BCenZXN2gxUTBqb0JJSWxJTVlPZz09"},"elements":[{"id":"5dd5670e","settings":{"_column_size":"50","_inline_size":"45.556","padding":{"unit":"px","top":"0","right":"80","bottom":"0","left":"0","isLinked":""},"padding_tablet":{"unit":"px","top":"0","right":"20","bottom":"0","left":"0","isLinked":""},"padding_mobile":{"unit":"px","top":"30","right":"0","bottom":"0","left":"0","isLinked":""}},"elements":[{"id":"6d24b8b","settings":{"title":"Meet the owner","title_color":"#ffffff","typography_typography":"custom","typography_font_size":{"unit":"px","size":"42"},"typography_font_family":"Patua One","typography_font_weight":"normal"},"elements":[],"isInner":false,"widgetType":"heading","elType":"widget"},{"id":"7f126c94","settings":{"editor":"<p>I am text block. Click edit button to change this text. Lorem ipsum dolor sit amet, consectetur adipiscing elit. Ut elit tellus, luctus nec ullamcorper mattis, pulvinar dapibus leo.<\/p>","typography_typography":"custom","typography_font_size":{"unit":"px","size":"15"},"typography_font_family":"Roboto","typography_line_height":{"unit":"em","size":"1.9"},"_padding":{"unit":"px","top":"10","right":"0","bottom":"10","left":"0","isLinked":""},"text_color":"#ffffff"},"elements":[],"isInner":false,"widgetType":"text-editor","elType":"widget"},{"id":"9286831","settings":{"text":"Contact Us","size":"md","typography_typography":"custom","typography_font_family":"Patua One","typography_text_transform":"uppercase","typography_letter_spacing":{"unit":"px","size":"2.3"},"background_color":"#ffffff","border_radius":{"unit":"px","top":"0","right":"0","bottom":"0","left":"0","isLinked":"1"},"button_text_color":"#f12184","hover_color":"#FFFFFF","button_background_hover_color":"#543AB2"},"elements":[],"isInner":false,"widgetType":"button","elType":"widget"}],"isInner":"","elType":"column"},{"id":"20f1c62c","settings":{"_column_size":"50","_inline_size":"54.445"},"elements":[{"id":"6906f78","settings":{"link":"https:\/\/www.youtube.com\/watch?v=lN3wsUIMWos","vimeo_link":"https:\/\/vimeo.com\/170933924","yt_controls":"","yt_showinfo":"","image_overlay":{"id":17544,"url":"http:\/\/library.elementor.com\/lp\/wp-content\/uploads\/2020\/12\/placeholder-2.png"},"youtube_url":"https:\/\/www.youtube.com\/watch?v=lN3wsUIMWos","vimeo_url":"https:\/\/vimeo.com\/235215203","dailymotion_url":"https:\/\/www.dailymotion.com\/video\/x6tqhqb"},"elements":[],"isInner":false,"widgetType":"video","elType":"widget"}],"isInner":"","elType":"column"}],"isInner":"","elType":"section"},{"id":"6c123d62","settings":{"content_width":{"unit":"px","size":"766"},"padding":{"unit":"px","top":"120","right":"0","bottom":"120","left":"0","isLinked":""},"padding_tablet":{"unit":"px","top":"50","right":"50","bottom":"50","left":"50","isLinked":"1"},"_title":"Testimonials","_timestamp_":"v1b1BCenZXN2gxUTBqb0JJSWxJTVlPZz09"},"elements":[{"id":"3684af65","settings":{"_column_size":"100"},"elements":[{"id":"2cf89cdd","settings":{"testimonial_content":"\"I know that buying your first home is daunting, since it's one of the most important investments you'll ever make. This is why I want you to feel as comfortable and confident that this is the home you really want\"","testimonial_image":{"id":17546,"url":"http:\/\/library.elementor.com\/lp\/wp-content\/uploads\/2020\/12\/team_4.jpg"},"testimonial_name":"John Doe","testimonial_job":"Designer","testimonial_image_position":"top","content_content_color":"#1b1b6b","content_typography_typography":"custom","content_typography_font_size":{"unit":"px","size":"25"},"content_typography_font_family":"Roboto","content_typography_font_weight":"300","content_typography_font_style":"oblique","content_typography_line_height":{"unit":"em","size":"1.9"},"image_size":{"unit":"px","size":"93"},"name_text_color":"#543ab2","name_typography_typography":"custom","name_typography_font_size":{"unit":"px","size":"19"},"name_typography_font_family":"Patua One","name_typography_font_weight":"normal","name_typography_letter_spacing":{"unit":"px","size":"2.2"},"content_typography_letter_spacing":{"unit":"px","size":"-0.3"},"name_typography_line_height":{"unit":"em","size":"2.1"},"job_text_color":"#4a6477","content_typography_font_size_tablet":{"unit":"px","size":"22"},"content_typography_font_size_mobile":{"unit":"px","size":"18"}},"elements":[],"isInner":false,"widgetType":"testimonial","elType":"widget"}],"isInner":"","elType":"column"}],"isInner":"","elType":"section"},{"id":"3b000d","settings":{"content_width":{"unit":"px","size":"1080"},"padding":{"unit":"px","top":"120","right":"0","bottom":"120","left":"0","isLinked":""},"background_background":"classic","background_color":"#f2f2f2","shape_divider_top":"waves-pattern","shape_divider_top_width":{"unit":"%","size":"200"},"shape_divider_top_height":{"unit":"px","size":"10"},"padding_tablet":{"unit":"px","top":"90","right":"30","bottom":"90","left":"30","isLinked":""},"_title":"Logos Section","_timestamp_":"v1b1BCenZXN2gxUTBqb0JJSWxJTVlPZz09"},"elements":[{"id":"780c2f4d","settings":{"_column_size":"100"},"elements":[{"id":"5cc1d362","settings":{"carousel":[{"id":17548,"url":"http:\/\/library.elementor.com\/lp\/wp-content\/uploads\/2020\/12\/MADRIN-1.png"},{"id":17550,"url":"http:\/\/library.elementor.com\/lp\/wp-content\/uploads\/2020\/12\/BOLEIR-1.png"},{"id":17552,"url":"http:\/\/library.elementor.com\/lp\/wp-content\/uploads\/2020\/12\/FIFTHFLOUR.png"},{"id":17554,"url":"http:\/\/library.elementor.com\/lp\/wp-content\/uploads\/2020\/12\/GEO-1.png"},{"id":17556,"url":"http:\/\/library.elementor.com\/lp\/wp-content\/uploads\/2020\/12\/ARMOND-1.png"},{"id":17558,"url":"http:\/\/library.elementor.com\/lp\/wp-content\/uploads\/2020\/12\/BASTIL.png"},{"id":17560,"url":"http:\/\/library.elementor.com\/lp\/wp-content\/uploads\/2020\/12\/darkside-1-2.png"},{"id":17562,"url":"http:\/\/library.elementor.com\/lp\/wp-content\/uploads\/2020\/12\/madrin-1-2-1.png"}],"thumbnail_size":"full","slides_to_show":"6","image_spacing":"custom","image_spacing_custom":{"unit":"px","size":"63"},"navigation":"dots","slides_to_show_tablet":"3"},"elements":[],"isInner":false,"widgetType":"image-carousel","elType":"widget"}],"isInner":"","elType":"column"}],"isInner":"","elType":"section"}]}