{"version":"0.4","title":"16412","type":"page","content":[{"id":"29aac179","settings":{"content_width":{"unit":"px","size":"1000"},"height":"min-height","background_background":"classic","background_image":{"id":17533,"url":"http:\/\/library.elementor.com\/lp\/wp-content\/uploads\/2020\/12\/jesse-brack-169155.png"},"background_size":"cover","custom_height":{"unit":"vh","size":"100"},"padding_tablet":{"unit":"px","top":"0","right":"30","bottom":"0","left":"30","isLinked":""},"padding_mobile":{"unit":"px","top":"0","right":"15","bottom":"0","left":"15","isLinked":""},"_timestamp_":"v1b1BCenZXN2gxUTBqb0JJSWxJTVlPZz09"},"elements":[{"id":"4f1bf753","settings":{"_column_size":"100","padding":{"unit":"px","top":"70","right":"0","bottom":"70","left":"0","isLinked":""},"padding_mobile":{"unit":"px","top":"50","right":"5","bottom":"50","left":"5","isLinked":""}},"elements":[{"id":"3510a9d0","settings":{"image":{"id":17529,"url":"http:\/\/library.elementor.com\/lp\/wp-content\/uploads\/2020\/12\/Group-4.png"},"space":{"unit":"%","size":"45"},"_margin":{"unit":"px","top":"0","right":"300","bottom":"0","left":"300","isLinked":""},"_margin_tablet":{"unit":"px","top":"0","right":"150","bottom":"0","left":"150","isLinked":""},"_margin_mobile":{"unit":"px","top":"0","right":"0","bottom":"0","left":"0","isLinked":"1"}},"elements":[],"isInner":false,"widgetType":"image","elType":"widget"},{"id":"f206a3f","settings":{"title":"Create Instant Photos Online","align":"center","title_color":"#ffffff","typography_typography":"custom","typography_font_size":{"unit":"px","size":"50"},"typography_font_family":"Abel","typography_font_weight":"100","typography_text_transform":"uppercase","typography_letter_spacing":{"unit":"px","size":"0"},"header_size":"h1","typography_font_size_tablet":{"unit":"px","size":"50"},"typography_font_size_mobile":{"unit":"px","size":"30"},"typography_line_height_mobile":{"unit":"em","size":"1.2"},"_padding_mobile":{"unit":"px","top":"0","right":"0","bottom":"0","left":"0","isLinked":"1"}},"elements":[],"isInner":false,"widgetType":"heading","elType":"widget"},{"id":"135efd0d","settings":{"structure":"20","background_background":"classic","background_color":"#ffffff","border_border":"dashed","border_color":"#50d0e3","margin":{"unit":"px","top":"70","right":"0","bottom":"0","left":"0","isLinked":""},"padding":{"unit":"px","top":"30","right":"30","bottom":"30","left":"30","isLinked":"1"},"margin_mobile":{"unit":"px","top":"40","right":"0","bottom":"0","left":"0","isLinked":""},"padding_mobile":{"unit":"px","top":"10","right":"10","bottom":"10","left":"10","isLinked":"1"},"animation":"zoomIn"},"elements":[{"id":"d1b2564","settings":{"_column_size":"50","_inline_size":"49.774","background_background":"classic","background_color":"#ffffff","border_color":"#50d0e3"},"elements":[{"id":"301c0a70","settings":{"image":{"id":17531,"url":"http:\/\/library.elementor.com\/lp\/wp-content\/uploads\/2020\/12\/photo-1463704131914-97e5aaa0e339-copy.png"}},"elements":[],"isInner":false,"widgetType":"image","elType":"widget"}],"isInner":"1","elType":"column"},{"id":"5caee39","settings":{"_column_size":"50","_inline_size":"50.227","background_background":"classic","padding":{"unit":"px","top":"20","right":"0","bottom":"0","left":"40","isLinked":""},"padding_tablet":{"unit":"px","top":"0","right":"0","bottom":"0","left":"20","isLinked":""},"padding_mobile":{"unit":"px","top":"15","right":"15","bottom":"15","left":"15","isLinked":""}},"elements":[{"id":"621f358a","settings":{"title":"Spending too much on images?\n","align":"left","title_color":"#76768f","typography_typography":"custom","typography_font_size":{"unit":"px","size":"33"},"typography_font_family":"Abel","typography_font_weight":"100","typography_letter_spacing":{"unit":"px","size":"0"},"_padding":{"unit":"px","top":"10","right":"0","bottom":"10","left":"0","isLinked":""},"header_size":"h3","align_mobile":"center","typography_font_size_tablet":{"unit":"px","size":"20"}},"elements":[],"isInner":false,"widgetType":"heading","elType":"widget"},{"id":"1ad5fbc9","settings":{"title":"SAVE UP TO 50%\n","align":"left","title_color":"#bbabfa","typography_typography":"custom","typography_font_size":{"unit":"px","size":"63"},"typography_font_family":"Abel","typography_font_weight":"100","typography_text_transform":"uppercase","typography_letter_spacing":{"unit":"px","size":"0"},"align_mobile":"center","typography_font_size_tablet":{"unit":"px","size":"43"},"typography_font_size_mobile":{"unit":"px","size":"38"},"typography_line_height_tablet":{"unit":"em","size":"0.3"},"typography_line_height_mobile":{"unit":"em","size":"0.5"}},"elements":[],"isInner":false,"widgetType":"heading","elType":"widget"},{"id":"657343ac","settings":{"color":"#919ca7","gap":{"unit":"px","size":"10"},"text":"Divider"},"elements":[],"isInner":false,"widgetType":"divider","elType":"widget"},{"id":"46b42031","settings":{"editor":"<div id=\"Content\"><div class=\"boxed\"><div id=\"lipsum\"><p>When I come to your wedding or civil partnership I realise I am the least important person there and I will take the lead from you on the type of photos you want.\u00a0<\/p><\/div><\/div><\/div>","typography_typography":"custom","typography_font_size":{"unit":"px","size":"20"},"typography_font_family":"Abel","typography_font_weight":"100","typography_line_height":{"unit":"em","size":"1.4"},"_padding":{"unit":"px","top":"0","right":"0","bottom":"5","left":"0","isLinked":""},"align_mobile":"center","typography_font_size_tablet":{"unit":"px","size":"15"},"typography_font_size_mobile":{"unit":"px","size":"20"},"_margin_tablet":{"unit":"px","top":"-5","right":"0","bottom":"0","left":"0","isLinked":""},"_padding_tablet":{"unit":"px","top":"0","right":"0","bottom":"0","left":"0","isLinked":"1"}},"elements":[],"isInner":false,"widgetType":"text-editor","elType":"widget"},{"id":"5af3f6dc","settings":{"text":"Get coupon code","typography_typography":"custom","typography_font_size":{"unit":"px","size":"20"},"typography_font_family":"Roboto","typography_font_weight":"600","typography_letter_spacing":{"unit":"px","size":"1.5"},"background_color":"#bbabfa","hover_color":"#ffffff","button_background_hover_color":"#4c5f7c","button_hover_border_color":"#4c5f7c","border_border":"solid","border_color":"#bbabfa","border_radius":{"unit":"px","top":"50","right":"50","bottom":"50","left":"50","isLinked":"1"},"text_padding":{"unit":"px","top":"17","right":"35","bottom":"17","left":"35","isLinked":""},"align_mobile":"center","typography_font_size_tablet":{"unit":"px","size":"15"},"typography_font_size_mobile":{"unit":"px","size":"20"},"_padding_mobile":{"unit":"px","top":"20","right":"0","bottom":"0","left":"0","isLinked":""}},"elements":[],"isInner":false,"widgetType":"button","elType":"widget"},{"id":"27dd93df","settings":{"editor":"<p><span class=\"s1\"><span style=\"color: #808080\">Offer ends:<\/span>\u00a0<\/span><strong><span class=\"s1\" style=\"color: #bbabfa\">October 25, 2018<\/span><\/strong><\/p>","typography_typography":"custom","typography_font_size":{"unit":"px","size":"18"},"typography_font_family":"Abel","typography_font_weight":"100","_padding":{"unit":"px","top":"0","right":"0","bottom":"0","left":"30","isLinked":""},"align_mobile":"center","_padding_tablet":{"unit":"px","top":"0","right":"0","bottom":"0","left":"5","isLinked":""},"_padding_mobile":{"unit":"px","top":"0","right":"0","bottom":"0","left":"0","isLinked":"1"}},"elements":[],"isInner":false,"widgetType":"text-editor","elType":"widget"}],"isInner":"1","elType":"column"}],"isInner":"1","elType":"section"},{"id":"cb4b03","settings":{"title":"Visionis Photos | Terms of Service | General Inquiries ","align":"center","title_color":"rgba(255,255,255,0.83)","typography_typography":"custom","typography_font_size":{"unit":"px","size":"18"},"typography_font_family":"Abel","typography_font_weight":"100","header_size":"h3","typography_font_size_mobile":{"unit":"px","size":"15"},"typography_line_height_mobile":{"unit":"em","size":"1.6"},"_margin_mobile":{"unit":"px","top":"0","right":"0","bottom":"0","left":"0","isLinked":""},"_padding":{"unit":"px","top":"30","right":"0","bottom":"0","left":"0","isLinked":""}},"elements":[],"isInner":false,"widgetType":"heading","elType":"widget"}],"isInner":"","elType":"column"}],"isInner":"","elType":"section"}]}