{"version":"0.4","title":"16427","type":"page","content":[{"id":"34427efd","settings":{"height":"min-height","background_background":"classic","background_image":{"id":17582,"url":"http:\/\/library.elementor.com\/lp\/wp-content\/uploads\/2020\/12\/david-cohen-125621.png"},"background_position":"center center","background_size":"cover","custom_height":{"unit":"vh","size":"100"},"margin_mobile":{"unit":"px","top":"0","right":"0","bottom":"0","left":"0","isLinked":"1"},"content_width":{"unit":"px","size":"720"},"_timestamp_":"v1b1BCenZXN2gxUTBqb0JJSWxJTVlPZz09"},"elements":[{"id":"12717dfa","settings":{"_column_size":"100","background_background":"gradient","background_color":"rgba(255,255,255,0.75)","background_color_b":"rgba(66,76,147,0.84)","background_gradient_angle":{"unit":"deg","size":"300"},"margin":{"unit":"%","top":"","right":"","bottom":"","left":"","isLinked":"1"},"padding":{"unit":"px","top":"60","right":"60","bottom":"60","left":"60","isLinked":"1"},"margin_tablet":{"unit":"%","top":"0","right":"5","bottom":"0","left":"5","isLinked":""},"padding_tablet":{"unit":"px","top":"70","right":"40","bottom":"70","left":"40","isLinked":""},"padding_mobile":{"unit":"px","top":"50","right":"35","bottom":"50","left":"35","isLinked":""}},"elements":[{"id":"18436db1","settings":{"title":"get your dream car now","align":"center","title_color":"rgba(255,255,255,0.92)","typography_typography":"custom","typography_font_size":{"unit":"px","size":"60"},"typography_font_family":"Teko","typography_font_weight":"600","typography_text_transform":"uppercase","typography_line_height":{"unit":"em","size":"1.1"},"typography_letter_spacing":{"unit":"px","size":"1.5"},"typography_font_size_tablet":{"unit":"px","size":"51"},"typography_font_size_mobile":{"unit":"px","size":"55"},"typography_line_height_tablet":{"unit":"em","size":"0.9"},"header_size":"h1","_padding_mobile":{"unit":"px","top":"0","right":"0","bottom":"10","left":"0","isLinked":""}},"elements":[],"isInner":false,"widgetType":"heading","elType":"widget"},{"id":"7f3c9f2f","settings":{"title":"Best Price | Payment Plans | Fast Delivery","align":"center","title_color":"#000000","typography_typography":"custom","typography_font_size":{"unit":"px","size":"28"},"typography_font_family":"Teko","typography_font_weight":"300","typography_letter_spacing":{"unit":"px","size":"1"},"_margin":{"unit":"px","top":"-11","right":"0","bottom":"0","left":"0","isLinked":""},"typography_font_size_tablet":{"unit":"px","size":"28"},"typography_font_size_mobile":{"unit":"px","size":"17"}},"elements":[],"isInner":false,"widgetType":"heading","elType":"widget"},{"id":"4d2855c7","settings":{"gap":"no","content_position":"middle","structure":"20","padding":{"unit":"px","top":"20","right":"0","bottom":"30","left":"0","isLinked":""},"padding_tablet":{"unit":"px","top":"25","right":"0","bottom":"25","left":"0","isLinked":""},"padding_mobile":{"unit":"px","top":"10","right":"0","bottom":"15","left":"0","isLinked":""}},"elements":[{"id":"237adf6f","settings":{"_column_size":"50","_inline_size":"51.541","content_position":"top","screen_sm":"custom","screen_sm_width":"50"},"elements":[{"id":"67e2ff99","settings":{"title":"15","align":"right","title_color":"#ffffff","typography_typography":"custom","typography_font_size":{"unit":"px","size":"105"},"typography_font_family":"Roboto","typography_text_transform":"uppercase","typography_line_height":{"unit":"em","size":"0.8"},"typography_letter_spacing":{"unit":"px","size":"0"},"typography_font_size_mobile":{"unit":"px","size":"80"},"typography_letter_spacing_mobile":{"unit":"px","size":"-3.6"},"header_size":"h4"},"elements":[],"isInner":false,"widgetType":"heading","elType":"widget"}],"isInner":"1","elType":"column"},{"id":"59b9f11e","settings":{"_column_size":"50","_inline_size":"48.459","content_position":"top","margin":{"unit":"%","top":"0","right":"0","bottom":"0","left":"3","isLinked":""},"padding_mobile":{"unit":"px","top":"0","right":"0","bottom":"0","left":"10","isLinked":""},"screen_sm":"custom","screen_sm_width":"50"},"elements":[{"id":"124260f1","settings":{"title":"%","align":"left","title_color":"#ffffff","typography_typography":"custom","typography_font_size":{"unit":"px","size":"60"},"typography_font_family":"Roboto","typography_text_transform":"uppercase","typography_line_height":{"unit":"em","size":"0.8"},"typography_letter_spacing":{"unit":"px","size":"1"},"typography_font_size_mobile":{"unit":"px","size":"50"},"typography_line_height_mobile":{"unit":"em","size":"0.7"},"header_size":"h4"},"elements":[],"isInner":false,"widgetType":"heading","elType":"widget"},{"id":"b4c4339","settings":{"title":"Off","align":"left","title_color":"#ffffff","typography_typography":"custom","typography_font_size":{"unit":"px","size":"28"},"typography_font_family":"Roboto Condensed","typography_text_transform":"uppercase","typography_line_height":{"unit":"em","size":"1.1"},"typography_letter_spacing":{"unit":"px","size":"1"},"_margin":{"unit":"px","top":"-17","right":"0","bottom":"0","left":"0","isLinked":""},"typography_font_size_mobile":{"unit":"px","size":"20"},"_margin_mobile":{"unit":"px","top":"-17","right":"0","bottom":"0","left":"0","isLinked":""},"header_size":"h4"},"elements":[],"isInner":false,"widgetType":"heading","elType":"widget"}],"isInner":"1","elType":"column"}],"isInner":"1","elType":"section"},{"id":"32e04de","settings":{"text":"Get car quote","align":"center","typography_typography":"custom","typography_font_size":{"unit":"px","size":"20"},"typography_font_family":"Roboto","typography_font_weight":"700","typography_text_transform":"uppercase","typography_letter_spacing":{"unit":"px","size":"2.5"},"background_color":"#710d01","border_radius":{"unit":"px","top":"0","right":"0","bottom":"0","left":"0","isLinked":"1"},"button_box_shadow_box_shadow_type":"yes","button_box_shadow_box_shadow":{"horizontal":"0","vertical":"0","blur":"40","spread":"0","inset":"","color":"rgba(0,0,0,0.2)"},"text_padding":{"unit":"px","top":"25","right":"45","bottom":"25","left":"45","isLinked":""},"align_tablet":"center","align_mobile":"justify","typography_font_size_mobile":{"unit":"px","size":"15"},"button_background_hover_color":"#000000"},"elements":[],"isInner":false,"widgetType":"button","elType":"widget"},{"id":"149ae797","settings":{"title":"Offer ends October 25, 2018","align":"center","title_color":"#000000","typography_typography":"custom","typography_font_size":{"unit":"px","size":"25"},"typography_font_family":"Teko","typography_font_weight":"300","typography_letter_spacing":{"unit":"px","size":"1"},"typography_font_size_mobile":{"unit":"px","size":"20"},"header_size":"h3"},"elements":[],"isInner":false,"widgetType":"heading","elType":"widget"}],"isInner":"","elType":"column"}],"isInner":"","elType":"section"}]}