{"version":"0.4","title":"16433","type":"page","content":[{"id":"67be5764","settings":{"content_width":{"unit":"px","size":"850"},"height":"min-height","content_position":"middle","structure":"20","background_background":"classic","background_image":{"id":17651,"url":"http:\/\/espinclub.ir\/wp-content\/uploads\/2021\/01\/https-images.unsplash.com-photo-1470274307695-febe05a6dd3d-ixlibrb-0.3.5q80fmjpgcropentropycstinysrgbsaec2fe915729277b5cc7d2f02e7bf40a.png"},"gap":"no","background_size":"cover","custom_height":{"unit":"vh","size":"100"},"padding_tablet":{"unit":"px","top":"0","right":"30","bottom":"0","left":"30","isLinked":""},"padding_mobile":{"unit":"px","top":"50","right":"30","bottom":"50","left":"30","isLinked":""},"background_overlay_color":"#000000","_timestamp_":"v1b1BCenZXN2gxUTBqb0JJSWxJTVlPZz09"},"elements":[{"id":"315e5d02","settings":{"_column_size":"50","_inline_size":"28.500","background_background":"classic","background_color":"#000000","content_position":"top"},"elements":[{"id":"2dafaf3","settings":{"image":{"id":17649,"url":"http:\/\/espinclub.ir\/wp-content\/uploads\/2021\/01\/Group-149.png"},"space":{"unit":"%","size":"55"},"_padding":{"unit":"px","top":"58","right":"0","bottom":"58","left":"0","isLinked":""},"_padding_mobile":{"unit":"px","top":"30","right":"0","bottom":"30","left":"0","isLinked":""}},"elements":[],"isInner":false,"widgetType":"image","elType":"widget"},{"id":"4a4506af","settings":{"title":"Sale","title_color":"#ffffff","typography_typography":"custom","typography_font_family":"Roboto","align":"center","typography_font_size":{"unit":"px","size":"65"},"typography_text_transform":"uppercase","typography_letter_spacing":{"unit":"px","size":"3.6"},"_margin":{"unit":"px","top":"-17","right":"-17","bottom":"-17","left":"-17","isLinked":"1"},"_padding":{"unit":"px","top":"50","right":"50","bottom":"50","left":"50","isLinked":"1"},"_background_background":"classic","_background_color":"#f04670","_margin_mobile":{"unit":"px","top":"-17","right":"0","bottom":"-17","left":"0","isLinked":""},"_box_shadow_box_shadow_type":"yes","_box_shadow_box_shadow":{"horizontal":"-6","vertical":"0","blur":"53","spread":"0","inset":"","color":"rgba(0,0,0,0.5)"},"typography_font_size_tablet":{"unit":"px","size":"50"}},"elements":[],"isInner":false,"widgetType":"heading","elType":"widget"},{"id":"1a1e5100","settings":{"title":"www.leshnik.com","title_color":"rgba(255,255,255,0.86)","typography_typography":"custom","typography_font_family":"Roboto","typography_font_size":{"unit":"px","size":"14"},"typography_font_weight":"300","typography_line_height":{"unit":"em","size":"1.2"},"align":"center","typography_letter_spacing":{"unit":"px","size":"1"},"_padding":{"unit":"px","top":"110","right":"0","bottom":"0","left":"0","isLinked":""},"_padding_tablet":{"unit":"px","top":"60","right":"0","bottom":"0","left":"0","isLinked":""},"_padding_mobile":{"unit":"px","top":"10","right":"0","bottom":"10","left":"0","isLinked":""}},"elements":[],"isInner":false,"widgetType":"heading","elType":"widget"}],"isInner":"","elType":"column"},{"id":"4256f5c4","settings":{"_column_size":"50","_inline_size":"71.500","background_background":"classic","background_color":"#ffffff","padding":{"unit":"px","top":"60","right":"60","bottom":"60","left":"90","isLinked":""},"padding_tablet":{"unit":"px","top":"50","right":"30","bottom":"50","left":"50","isLinked":""},"padding_mobile":{"unit":"px","top":"30","right":"25","bottom":"30","left":"25","isLinked":""}},"elements":[{"id":"16eb9abf","settings":{"title":"Get ready to rumble<br>\nwith this year's MEGA sale","title_color":"#444444","typography_typography":"custom","typography_font_family":"Roboto","typography_font_size":{"unit":"px","size":"31"},"typography_font_weight":"600","typography_line_height":{"unit":"em","size":"1.2"},"typography_letter_spacing":{"unit":"px","size":"0.5"},"align_mobile":"center","typography_font_size_tablet":{"unit":"px","size":"30"},"typography_font_size_mobile":{"unit":"px","size":"24"}},"elements":[],"isInner":false,"widgetType":"heading","elType":"widget"},{"id":"1dff95bc","settings":{"icon_list":[{"text":"Top brand shops. From Gap to Prada, we have your back.","icon":"fa fa-circle","_id":"5o5125f","selected_icon":{"value":"fas fa-circle","library":"fa-solid"},"__fa4_migrated":{"selected_icon":"1"}},{"text":"Double discounts on all items, including wedding dresses","icon":"fa fa-circle","_id":"ghtfl4k","selected_icon":{"value":"fas fa-circle","library":"fa-solid"},"__fa4_migrated":{"selected_icon":"1"}},{"text":"Sit back, get free coffee, do some shopping with a friend","icon":"fa fa-circle","_id":"v26ml6k","selected_icon":{"value":"fas fa-circle","library":"fa-solid"},"__fa4_migrated":{"selected_icon":"1"}}],"space_between":{"unit":"px","size":"7"},"icon_color":"#444444","icon_size":{"unit":"px","size":"10"},"text_indent":{"unit":"px","size":"9"},"icon_typography_typography":"custom","icon_typography_font_size":{"unit":"px","size":"16"},"icon_typography_font_family":"Roboto","icon_typography_font_weight":"300","_padding":{"unit":"px","top":"15","right":"0","bottom":"15","left":"0","isLinked":""},"icon_typography_font_size_tablet":{"unit":"px","size":"15"},"_padding_mobile":{"unit":"px","top":"0","right":"0","bottom":"0","left":"0","isLinked":"1"}},"elements":[],"isInner":false,"widgetType":"icon-list","elType":"widget"},{"id":"a3099d9","settings":{"title":"Offer ends October 25, 2022","title_color":"#444444","typography_typography":"custom","typography_font_family":"Roboto","typography_font_size":{"unit":"px","size":"16"},"typography_font_weight":"600","typography_line_height":{"unit":"em","size":"1.2"},"_padding":{"unit":"px","top":"0","right":"0","bottom":"20","left":"0","isLinked":""},"align_mobile":"center"},"elements":[],"isInner":false,"widgetType":"heading","elType":"widget"},{"id":"453b3baa","settings":{"form_name":"Get Coupon","form_fields":[{"field_type":"email","required":"1","field_label":"Email","placeholder":"Email","width":"60","_id":"bq7pgtj","rows":"4","form_fields_tabs":"","form_fields_content_tab":"","form_fields_advanced_tab":"","shortcode":"","custom_id":"bq7pgtj","file_sizes":"","file_types":"","allow_multiple_upload":"","max_files":"","acceptance_text":"","checked_by_default":"","field_min":"","field_max":"","min_date":"","max_date":"","use_native_date":"","use_native_time":"","previous_button":"","next_button":""}],"input_size":"md","show_labels":"","button_text":"Get coupon code","button_size":"md","button_width":"40","success_message":"The message was sent successfully!","error_message":"There's something wrong... Please fill in the required fields.","required_field_message":"Required","invalid_message":"There's something wrong... The form is invalid.","column_gap":{"unit":"px","size":"0"},"field_text_color":"#444444","field_typography_typography":"custom","field_typography_font_size":{"unit":"px","size":"15"},"field_typography_font_family":"Roboto","field_background_color":"#f4f4f4","field_border_width":{"unit":"px","top":"0","right":"0","bottom":"0","left":"0","isLinked":"1"},"field_border_radius":{"unit":"px","top":"0","right":"0","bottom":"0","left":"0","isLinked":"1"},"button_typography_typography":"custom","button_typography_font_size":{"unit":"px","size":"15"},"button_typography_font_family":"Roboto","button_typography_letter_spacing":{"unit":"px","size":"1.2"},"button_background_color":"#f04670","button_border_radius":{"unit":"px","top":"0","right":"0","bottom":"0","left":"0","isLinked":"1"},"button_text_padding":{"unit":"px","top":"0","right":"0","bottom":"0","left":"0","isLinked":"1"},"submit_actions":[],"field_typography_font_size_tablet":{"unit":"px","size":"14"},"button_typography_font_size_tablet":{"unit":"px","size":"14"},"button_typography_letter_spacing_tablet":{"unit":"px","size":"0.9"},"email_content":"[all-fields]","email_content_2":"[all-fields]","step_next_label":"Next","step_previous_label":"Previous","button_background_hover_color":"#000000"},"elements":[],"isInner":false,"widgetType":"form","elType":"widget"}],"isInner":"","elType":"column"}],"isInner":"","elType":"section"}]}