{"version":"0.4","title":"16457","type":"page","content":[{"id":"1a108c44","settings":{"layout":"full_width","gap":"no","height":"min-height","custom_height":{"unit":"vh","size":"100","sizes":[]},"structure":"21","column_position":"stretch","content_position":"middle","overflow":"hidden","_title":"Hero","_timestamp_":"v1b1BCenZXN2gxUTBqb0JJSWxJTVlPZz09"},"elements":[{"id":"243d1549","settings":{"_column_size":"33","background_background":"classic","background_image":{"id":1457,"url":"https:\/\/library.elementor.com\/wp-content\/uploads\/2020\/12\/HomePage-Hero.jpg"},"background_position":"center center","background_repeat":"no-repeat","background_size":"cover","z_index":"2","_inline_size_tablet":"100","background_position_mobile":"top center","background_position_tablet":"initial","background_ypos_tablet":{"unit":"px","size":"-90","sizes":[]}},"elements":[{"id":"76ae450e","settings":{"space_mobile":{"unit":"vh","size":"60","sizes":[]},"space_tablet":{"unit":"vh","size":"50","sizes":[]}},"elements":[],"isInner":false,"widgetType":"spacer","elType":"widget"}],"isInner":"","elType":"column"},{"id":"3a3c5eb4","settings":{"_column_size":"66","_inline_size_tablet":"100","padding_mobile":{"unit":"%","top":"","right":"","bottom":"","left":"","isLinked":"1"}},"elements":[{"id":"23286fb1","settings":{"gap":"no","margin":{"unit":"px","top":"0","right":"0","bottom":"0","left":"0","isLinked":""},"padding":{"unit":"%","top":"0","right":"10","bottom":"0","left":"15","isLinked":""},"z_index":"2","padding_tablet":{"unit":"%","top":"0","right":"5","bottom":"0","left":"5","isLinked":""},"margin_mobile":{"unit":"%","top":"15","right":"0","bottom":"20","left":"0","isLinked":""},"margin_tablet":{"unit":"px","top":"","right":"0","bottom":"","left":"0","isLinked":"1"}},"elements":[{"id":"5a9bffb3","settings":{"_column_size":"100"},"elements":[{"id":"3f214e36","settings":{"title":"LOOK AMAZING<br> AND FEEL AS FAB <br>AS EVER\n","animation_duration":"slow","title_color":"#000000","typography_typography":"custom","typography_font_family":"Anton","typography_font_size":{"unit":"px","size":"85","sizes":[]},"typography_font_size_tablet":{"unit":"px","size":"45","sizes":[]},"typography_font_size_mobile":{"unit":"px","size":"32","sizes":[]},"typography_font_weight":"400","typography_text_transform":"uppercase","typography_font_style":"normal","typography_text_decoration":"none","typography_line_height":{"unit":"em","size":"1.2","sizes":[]},"typography_line_height_tablet":{"unit":"px","size":"","sizes":[]},"typography_line_height_mobile":{"unit":"px","size":"","sizes":[]},"typography_letter_spacing":{"unit":"px","size":"4.25","sizes":[]},"typography_letter_spacing_mobile":{"unit":"px","size":"3.25","sizes":[]}},"elements":[],"isInner":false,"widgetType":"heading","elType":"widget"},{"id":"6a66a656","settings":{"editor":"<p>Feel like a superstar everyday, with your own<br \/>look and style<\/p>","_animation":"fadeIn","text_color":"#000000","typography_typography":"custom","typography_font_family":"Roboto","typography_font_size":{"unit":"px","size":"16","sizes":[]},"typography_font_size_tablet":{"unit":"px","size":"14","sizes":[]},"typography_font_weight":"300","typography_text_transform":"none","typography_font_style":"normal","typography_text_decoration":"none","typography_line_height":{"unit":"em","size":"1.6","sizes":[]},"typography_letter_spacing":{"unit":"px","size":"-0.45","sizes":[]}},"elements":[],"isInner":false,"widgetType":"text-editor","elType":"widget"}],"isInner":"1","elType":"column"}],"isInner":"1","elType":"section"},{"id":"4228c1","settings":{"title":"FLAIR","header_size":"span","_position":"absolute","_offset_orientation_v":"end","__globals__":{"typography_typography":"","title_color":""},"align":"justify","_offset_x":{"unit":"vw","size":"-1.5","sizes":[]},"_offset_y_end":{"unit":"px","size":"-5","sizes":[]},"animation_duration":"slow","title_color":"#F8F3EF","typography_typography":"custom","typography_font_family":"Anton","typography_font_size":{"unit":"vw","size":"28","sizes":[]},"typography_font_size_tablet":{"unit":"vw","size":"42","sizes":[]},"typography_font_size_mobile":{"unit":"vw","size":"40","sizes":[]},"typography_font_weight":"400","typography_text_transform":"uppercase","typography_font_style":"normal","typography_text_decoration":"none","typography_line_height":{"unit":"em","size":"0.8","sizes":[]},"typography_letter_spacing":{"unit":"px","size":"50.12","sizes":[]},"typography_letter_spacing_tablet":{"unit":"px","size":"25","sizes":[]},"typography_letter_spacing_mobile":{"unit":"px","size":"15","sizes":[]}},"elements":[],"isInner":false,"widgetType":"heading","elType":"widget"}],"isInner":"","elType":"column"}],"isInner":"","elType":"section"},{"id":"798bf3f","settings":{"layout":"full_width","gap":"no","custom_height":{"unit":"px","size":"370","sizes":[]},"background_background":"classic","__globals__":{"background_color":""},"custom_height_tablet":{"unit":"px","size":"215","sizes":[]},"overflow":"hidden","_title":"Strip Text","padding":{"unit":"%","top":"8","right":"0","bottom":"8","left":"0","isLinked":""},"background_color":"#FFFFFF","_timestamp_":"v1b1BCenZXN2gxUTBqb0JJSWxJTVlPZz09"},"elements":[{"id":"7defef58","settings":{"_column_size":"100","background_background":"classic","__globals__":{"background_color":""},"background_color":"#F8F3EF"},"elements":[{"id":"198e86bd","settings":{"layout":"full_width","margin":{"unit":"px","top":"0","right":"0","bottom":"0","left":"0","isLinked":""}},"elements":[{"id":"568bc252","settings":{"_column_size":"100"},"elements":[{"id":"5305840c","settings":{"title":"WELCOME TO FLAIR LONDON HAIR &amp; BEAUTY SALON","header_size":"h4","__globals__":{"typography_typography":"","_background_color":""},"_margin":{"unit":"px","top":"0","right":"-500","bottom":"0","left":"-500","isLinked":""},"_padding":{"unit":"em","top":"0.6","right":"0","bottom":"0.3","left":"0","isLinked":""},"_background_background":"classic","_animation":"slideInRight","animation_duration":"slow","align":"center","typography_typography":"custom","typography_font_family":"Anton","typography_font_size":{"unit":"vw","size":"4.5","sizes":[]},"typography_font_size_tablet":{"unit":"vw","size":"3.5","sizes":[]},"typography_font_size_mobile":{"unit":"vw","size":"4.8","sizes":[]},"typography_font_weight":"400","typography_text_transform":"uppercase","typography_font_style":"normal","typography_text_decoration":"none","typography_line_height":{"unit":"em","size":"0.9","sizes":[]},"typography_letter_spacing":{"unit":"px","size":"8.55","sizes":[]},"title_color":"#000000"},"elements":[],"isInner":false,"widgetType":"heading","elType":"widget"}],"isInner":"1","elType":"column"}],"isInner":"1","elType":"section"}],"isInner":"","elType":"column"}],"isInner":"","elType":"section"},{"id":"6b706b41","settings":{"layout":"full_width","gap":"no","height":"min-height","custom_height":{"unit":"vh","size":"100","sizes":[]},"custom_height_mobile":{"unit":"vh","size":"0","sizes":[]},"column_position":"stretch","content_position":"middle","structure":"22","padding":{"unit":"%","top":"","right":"","bottom":"","left":"","isLinked":"1"},"reverse_order_mobile":"reverse-mobile","_title":"About Us","_timestamp_":"v1b1BCenZXN2gxUTBqb0JJSWxJTVlPZz09"},"elements":[{"id":"51a05161","settings":{"_column_size":"66","_inline_size_tablet":"55","padding":{"unit":"%","top":"0","right":"30","bottom":"0","left":"5","isLinked":""},"padding_tablet":{"unit":"%","top":"0","right":"10","bottom":"0","left":"10","isLinked":""},"padding_mobile":{"unit":"%","top":"10","right":"10","bottom":"0","left":"10","isLinked":""},"background_background":"classic","z_index":"1","__globals__":{"background_color":""},"background_color":"#F2E7DF"},"elements":[{"id":"3d998231","settings":{"gap":"no","structure":"20","margin":{"unit":"px","top":"0","right":"0","bottom":"0","left":"0","isLinked":""}},"elements":[{"id":"6365fce2","settings":{"_column_size":"50","_inline_size":"40.46","_inline_size_tablet":"100","margin":{"unit":"px","top":"0","right":"10","bottom":"0","left":"0","isLinked":""}},"elements":[{"id":"15fd5dfc","settings":{"title":"01","header_size":"span","align":"right","__globals__":{"typography_typography":"","title_color":""},"title_color":"#F8F3EF","typography_typography":"custom","typography_font_family":"Anton","typography_font_size":{"unit":"px","size":"215","sizes":[]},"typography_font_weight":"400","typography_text_transform":"uppercase","typography_font_style":"normal","typography_text_decoration":"none","typography_line_height":{"unit":"px","size":"215","sizes":[]},"typography_letter_spacing":{"unit":"px","size":"6.32","sizes":[]}},"elements":[],"isInner":false,"widgetType":"heading","elType":"widget"}],"isInner":"1","elType":"column"},{"id":"6f5161de","settings":{"_column_size":"50","_inline_size":"59.531","_inline_size_tablet":"100","margin_tablet":{"unit":"%","top":"-35","right":"0","bottom":"0","left":"0","isLinked":""}},"elements":[{"id":"3012bcdc","settings":{"title":"ABOUT US","title_color":"#000000","typography_typography":"custom","typography_font_family":"Anton","typography_font_size":{"unit":"px","size":"85","sizes":[]},"typography_font_size_tablet":{"unit":"px","size":"45","sizes":[]},"typography_font_size_mobile":{"unit":"px","size":"32","sizes":[]},"typography_font_weight":"400","typography_text_transform":"uppercase","typography_font_style":"normal","typography_text_decoration":"none","typography_line_height":{"unit":"em","size":"1.2","sizes":[]},"typography_line_height_tablet":{"unit":"px","size":"","sizes":[]},"typography_line_height_mobile":{"unit":"px","size":"","sizes":[]},"typography_letter_spacing":{"unit":"px","size":"4.25","sizes":[]},"typography_letter_spacing_mobile":{"unit":"px","size":"3.25","sizes":[]}},"elements":[],"isInner":false,"widgetType":"heading","elType":"widget"},{"id":"70d8ebc5","settings":{"editor":"Lorem ipsum dolor sit amet, consectet adipiscing\u00a0elit,sed do eiusm por incididunt ut labore et dolore magna aliqua. Ut enim ad minim veniam, quis nostrud exercitation ullamco laboris nisi ut aliquip ex ea sint occae cupidatat non proident, sunt in culpa qui officia mollit natoque t massa quis enim.","text_color":"#000000","typography_typography":"custom","typography_font_family":"Roboto","typography_font_size":{"unit":"px","size":"16","sizes":[]},"typography_font_size_tablet":{"unit":"px","size":"14","sizes":[]},"typography_font_weight":"300","typography_text_transform":"none","typography_font_style":"normal","typography_text_decoration":"none","typography_line_height":{"unit":"em","size":"1.6","sizes":[]},"typography_letter_spacing":{"unit":"px","size":"-0.45","sizes":[]}},"elements":[],"isInner":false,"widgetType":"text-editor","elType":"widget"},{"id":"4172ba0b","settings":{"text":"MORE ABOUT US \u27f6","icon_align":"right","icon_indent":{"unit":"px","size":"12","sizes":[]},"button_text_color":"#000000","background_color":"#FFFFFF00","text_padding":{"unit":"px","top":"0","right":"0","bottom":"0","left":"0","isLinked":""},"__globals__":{"button_text_color":"","background_color":"","hover_color":"","button_background_hover_color":""},"typography_typography":"custom","typography_font_family":"Roboto","typography_font_size":{"unit":"px","size":"14","sizes":[]},"typography_font_weight":"300","typography_text_transform":"uppercase","typography_font_style":"normal","typography_text_decoration":"none","typography_line_height":{"unit":"em","size":"1.3","sizes":[]},"typography_letter_spacing":{"unit":"px","size":"1.53","sizes":[]},"hover_color":"#626060"},"elements":[],"isInner":false,"widgetType":"button","elType":"widget"}],"isInner":"1","elType":"column"}],"isInner":"1","elType":"section"}],"isInner":"","elType":"column"},{"id":"d3e7035","settings":{"_column_size":"33","_inline_size_tablet":"45","content_position":"bottom","background_background":"classic","background_image":{"id":1458,"url":"https:\/\/library.elementor.com\/wp-content\/uploads\/2020\/12\/HomePage-AboutUs.jpg"},"background_position":"center center","background_repeat":"no-repeat","background_size":"cover","padding_mobile":{"unit":"%","top":"40","right":"0","bottom":"0","left":"0","isLinked":""}},"elements":[{"id":"2e1b7f70","settings":{"title":"FLAIR","header_size":"span","_padding":{"unit":"px","top":"10","right":"13","bottom":"7","left":"20","isLinked":""},"_background_background":"classic","_element_width":"auto","__globals__":{"_background_color":""},"motion_fx_motion_fx_scrolling":"yes","motion_fx_translateX_effect":"yes","motion_fx_translateX_direction":"negative","motion_fx_translateX_affectedRange":{"unit":"%","size":"","sizes":{"start":"0","end":"50"}},"motion_fx_translateX_speed":{"unit":"px","size":"1","sizes":[]},"title_color":"#000000","typography_typography":"custom","typography_font_family":"Anton","typography_font_size":{"unit":"px","size":"85","sizes":[]},"typography_font_size_tablet":{"unit":"px","size":"45","sizes":[]},"typography_font_size_mobile":{"unit":"px","size":"32","sizes":[]},"typography_font_weight":"400","typography_text_transform":"uppercase","typography_font_style":"normal","typography_text_decoration":"none","typography_line_height":{"unit":"em","size":"1.2","sizes":[]},"typography_line_height_tablet":{"unit":"px","size":"","sizes":[]},"typography_line_height_mobile":{"unit":"px","size":"","sizes":[]},"typography_letter_spacing":{"unit":"px","size":"4.25","sizes":[]},"typography_letter_spacing_mobile":{"unit":"px","size":"3.25","sizes":[]},"_background_color":"#FFFFFF"},"elements":[],"isInner":false,"widgetType":"heading","elType":"widget"}],"isInner":"","elType":"column"}],"isInner":"","elType":"section"},{"id":"ce3fbb3","settings":{"layout":"full_width","gap":"no","custom_height":{"unit":"vh","size":"","sizes":[]},"column_position":"stretch","content_position":"middle","structure":"20","margin_mobile":{"unit":"%","top":"25","right":"0","bottom":"0","left":"0","isLinked":""},"_title":"Beauty Service","_timestamp_":"v1b1BCenZXN2gxUTBqb0JJSWxJTVlPZz09"},"elements":[{"id":"227d555d","settings":{"_column_size":"50","align":"center","background_background":"classic","padding_mobile":{"unit":"%","top":"25","right":"0","bottom":"25","left":"0","isLinked":""},"__globals__":{"background_color":""},"background_color":"#FFFFFF"},"elements":[{"id":"709bd4aa","settings":{"title":"b","align":"center","motion_fx_tilt_speed":{"unit":"px","size":"6.8","sizes":[]},"_animation":"fadeInDown","_element_width":"auto","title_color":"#000000","typography_typography":"custom","typography_font_family":"Anton","typography_font_size":{"unit":"px","size":"85","sizes":[]},"typography_font_size_tablet":{"unit":"px","size":"45","sizes":[]},"typography_font_size_mobile":{"unit":"px","size":"32","sizes":[]},"typography_font_weight":"400","typography_text_transform":"uppercase","typography_font_style":"normal","typography_text_decoration":"none","typography_line_height":{"unit":"em","size":"1.2","sizes":[]},"typography_line_height_tablet":{"unit":"px","size":"","sizes":[]},"typography_line_height_mobile":{"unit":"px","size":"","sizes":[]},"typography_letter_spacing":{"unit":"px","size":"4.25","sizes":[]},"typography_letter_spacing_mobile":{"unit":"px","size":"3.25","sizes":[]}},"elements":[],"isInner":false,"widgetType":"heading","elType":"widget"},{"id":"52d1818c","settings":{"title":"e","align":"center","_animation":"fadeInUp","_element_width":"auto","title_color":"#000000","typography_typography":"custom","typography_font_family":"Anton","typography_font_size":{"unit":"px","size":"85","sizes":[]},"typography_font_size_tablet":{"unit":"px","size":"45","sizes":[]},"typography_font_size_mobile":{"unit":"px","size":"32","sizes":[]},"typography_font_weight":"400","typography_text_transform":"uppercase","typography_font_style":"normal","typography_text_decoration":"none","typography_line_height":{"unit":"em","size":"1.2","sizes":[]},"typography_line_height_tablet":{"unit":"px","size":"","sizes":[]},"typography_line_height_mobile":{"unit":"px","size":"","sizes":[]},"typography_letter_spacing":{"unit":"px","size":"4.25","sizes":[]},"typography_letter_spacing_mobile":{"unit":"px","size":"3.25","sizes":[]}},"elements":[],"isInner":false,"widgetType":"heading","elType":"widget"},{"id":"2d299148","settings":{"title":"a","align":"center","_animation":"fadeInDown","_element_width":"auto","title_color":"#000000","typography_typography":"custom","typography_font_family":"Anton","typography_font_size":{"unit":"px","size":"85","sizes":[]},"typography_font_size_tablet":{"unit":"px","size":"45","sizes":[]},"typography_font_size_mobile":{"unit":"px","size":"32","sizes":[]},"typography_font_weight":"400","typography_text_transform":"uppercase","typography_font_style":"normal","typography_text_decoration":"none","typography_line_height":{"unit":"em","size":"1.2","sizes":[]},"typography_line_height_tablet":{"unit":"px","size":"","sizes":[]},"typography_line_height_mobile":{"unit":"px","size":"","sizes":[]},"typography_letter_spacing":{"unit":"px","size":"4.25","sizes":[]},"typography_letter_spacing_mobile":{"unit":"px","size":"3.25","sizes":[]}},"elements":[],"isInner":false,"widgetType":"heading","elType":"widget"},{"id":"2bcf104f","settings":{"title":"u","align":"center","_animation":"fadeInUp","_element_width":"auto","title_color":"#000000","typography_typography":"custom","typography_font_family":"Anton","typography_font_size":{"unit":"px","size":"85","sizes":[]},"typography_font_size_tablet":{"unit":"px","size":"45","sizes":[]},"typography_font_size_mobile":{"unit":"px","size":"32","sizes":[]},"typography_font_weight":"400","typography_text_transform":"uppercase","typography_font_style":"normal","typography_text_decoration":"none","typography_line_height":{"unit":"em","size":"1.2","sizes":[]},"typography_line_height_tablet":{"unit":"px","size":"","sizes":[]},"typography_line_height_mobile":{"unit":"px","size":"","sizes":[]},"typography_letter_spacing":{"unit":"px","size":"4.25","sizes":[]},"typography_letter_spacing_mobile":{"unit":"px","size":"3.25","sizes":[]}},"elements":[],"isInner":false,"widgetType":"heading","elType":"widget"},{"id":"258850ec","settings":{"title":"t","align":"center","_animation":"fadeInDown","_element_width":"auto","title_color":"#000000","typography_typography":"custom","typography_font_family":"Anton","typography_font_size":{"unit":"px","size":"85","sizes":[]},"typography_font_size_tablet":{"unit":"px","size":"45","sizes":[]},"typography_font_size_mobile":{"unit":"px","size":"32","sizes":[]},"typography_font_weight":"400","typography_text_transform":"uppercase","typography_font_style":"normal","typography_text_decoration":"none","typography_line_height":{"unit":"em","size":"1.2","sizes":[]},"typography_line_height_tablet":{"unit":"px","size":"","sizes":[]},"typography_line_height_mobile":{"unit":"px","size":"","sizes":[]},"typography_letter_spacing":{"unit":"px","size":"4.25","sizes":[]},"typography_letter_spacing_mobile":{"unit":"px","size":"3.25","sizes":[]}},"elements":[],"isInner":false,"widgetType":"heading","elType":"widget"},{"id":"28bfc418","settings":{"title":"y","align":"center","_animation":"fadeInUp","_element_width":"auto","title_color":"#000000","typography_typography":"custom","typography_font_family":"Anton","typography_font_size":{"unit":"px","size":"85","sizes":[]},"typography_font_size_tablet":{"unit":"px","size":"45","sizes":[]},"typography_font_size_mobile":{"unit":"px","size":"32","sizes":[]},"typography_font_weight":"400","typography_text_transform":"uppercase","typography_font_style":"normal","typography_text_decoration":"none","typography_line_height":{"unit":"em","size":"1.2","sizes":[]},"typography_line_height_tablet":{"unit":"px","size":"","sizes":[]},"typography_line_height_mobile":{"unit":"px","size":"","sizes":[]},"typography_letter_spacing":{"unit":"px","size":"4.25","sizes":[]},"typography_letter_spacing_mobile":{"unit":"px","size":"3.25","sizes":[]}},"elements":[],"isInner":false,"widgetType":"heading","elType":"widget"}],"isInner":"","elType":"column"},{"id":"67e1124f","settings":{"_column_size":"50","background_background":"classic","__globals__":{"background_color":""},"background_color":"#F8F3EF"},"elements":[{"id":"49c56635","settings":{"bg_image":{"url":"","id":""},"graphic_element":"image","graphic_image":{"id":1459,"url":"https:\/\/library.elementor.com\/wp-content\/uploads\/2020\/12\/HomePage-Services-MakeUp.jpg"},"graphic_image_size":"full","title":"","description":"Donec quam felis, ultricies nec, pellentesque eu, pretium consequat, leo eget bibendum soda Lorem ipsum dolor sit amet, consectet ","button":"SERVICES &amp; PRICE LIST \u27f6","min-height":{"unit":"vh","size":"100","sizes":[]},"min-height_tablet":{"unit":"vh","size":"50","sizes":[]},"padding":{"unit":"%","top":"0","right":"25","bottom":"0","left":"25","isLinked":""},"padding_tablet":{"unit":"%","top":"15","right":"10","bottom":"15","left":"10","isLinked":""},"graphic_image_spacing":{"unit":"px","size":"35","sizes":[]},"graphic_image_width":{"unit":"%","size":"100","sizes":[]},"description_spacing":{"unit":"px","size":"35","sizes":[]},"description_color":"#000000","button_text_color":"#000000","button_background_color":"#FFFFFF00","button_hover_text_color":"#626060","button_border_width":{"unit":"px","size":"0","sizes":[]},"transformation":"","__globals__":{"content_bg_color":"","description_color":"","button_text_color":"","button_background_color":"","button_hover_background_color":"","button_hover_text_color":""},"description_typography_typography":"custom","description_typography_font_family":"Roboto","description_typography_font_size":{"unit":"px","size":"16","sizes":[]},"description_typography_font_size_tablet":{"unit":"px","size":"14","sizes":[]},"description_typography_font_weight":"300","description_typography_text_transform":"none","description_typography_font_style":"normal","description_typography_text_decoration":"none","description_typography_line_height":{"unit":"em","size":"1.6","sizes":[]},"description_typography_letter_spacing":{"unit":"px","size":"-0.45","sizes":[]},"content_bg_color":"#FFFFFF00","button_typography_typography":"custom","button_typography_font_family":"Roboto","button_typography_font_size":{"unit":"px","size":"14","sizes":[]},"button_typography_font_weight":"300","button_typography_text_transform":"uppercase","button_typography_font_style":"normal","button_typography_text_decoration":"none","button_typography_line_height":{"unit":"em","size":"1.3","sizes":[]},"button_typography_letter_spacing":{"unit":"px","size":"1.53","sizes":[]}},"elements":[],"isInner":false,"widgetType":"call-to-action","elType":"widget"}],"isInner":"","elType":"column"}],"isInner":"","elType":"section"},{"id":"3ea89501","settings":{"layout":"full_width","gap":"no","custom_height":{"unit":"vh","size":"","sizes":[]},"column_position":"stretch","content_position":"middle","structure":"20","reverse_order_mobile":"reverse-mobile","_title":"Hair Service","_timestamp_":"v1b1BCenZXN2gxUTBqb0JJSWxJTVlPZz09"},"elements":[{"id":"b098200","settings":{"_column_size":"50","background_background":"classic","__globals__":{"background_color":""},"background_color":"#F8F3EF"},"elements":[{"id":"246165e9","settings":{"bg_image":{"url":"","id":""},"graphic_element":"image","graphic_image":{"id":1460,"url":"https:\/\/library.elementor.com\/wp-content\/uploads\/2020\/12\/HomePage-Services-Hair.jpg"},"graphic_image_size":"full","title":"","description":"Donec quam felis, ultricies nec, pellentesque eu, pretium consequat, leo eget bibendum soda Lorem ipsum dolor sit amet, consectet ","button":"SERVICES &amp; PRICE LIST \u27f6","min-height":{"unit":"vh","size":"100","sizes":[]},"min-height_tablet":{"unit":"vh","size":"50","sizes":[]},"padding":{"unit":"%","top":"0","right":"25","bottom":"0","left":"25","isLinked":""},"padding_tablet":{"unit":"%","top":"15","right":"10","bottom":"15","left":"10","isLinked":""},"graphic_image_spacing":{"unit":"px","size":"35","sizes":[]},"graphic_image_width":{"unit":"%","size":"100","sizes":[]},"description_spacing":{"unit":"px","size":"35","sizes":[]},"description_color":"#000000","button_text_color":"#000000","button_background_color":"#FFFFFF00","button_hover_text_color":"#626060","button_border_width":{"unit":"px","size":"0","sizes":[]},"transformation":"","__globals__":{"content_bg_color":"","description_color":"","button_text_color":"","button_background_color":"","button_hover_background_color":"","button_hover_text_color":""},"description_typography_typography":"custom","description_typography_font_family":"Roboto","description_typography_font_size":{"unit":"px","size":"16","sizes":[]},"description_typography_font_size_tablet":{"unit":"px","size":"14","sizes":[]},"description_typography_font_weight":"300","description_typography_text_transform":"none","description_typography_font_style":"normal","description_typography_text_decoration":"none","description_typography_line_height":{"unit":"em","size":"1.6","sizes":[]},"description_typography_letter_spacing":{"unit":"px","size":"-0.45","sizes":[]},"content_bg_color":"#FFFFFF00","button_typography_typography":"custom","button_typography_font_family":"Roboto","button_typography_font_size":{"unit":"px","size":"14","sizes":[]},"button_typography_font_weight":"300","button_typography_text_transform":"uppercase","button_typography_font_style":"normal","button_typography_text_decoration":"none","button_typography_line_height":{"unit":"em","size":"1.3","sizes":[]},"button_typography_letter_spacing":{"unit":"px","size":"1.53","sizes":[]}},"elements":[],"isInner":false,"widgetType":"call-to-action","elType":"widget"}],"isInner":"","elType":"column"},{"id":"352986f0","settings":{"_column_size":"50","align":"center","background_background":"classic","padding_mobile":{"unit":"%","top":"25","right":"0","bottom":"25","left":"0","isLinked":""},"__globals__":{"background_color":""},"background_color":"#FFFFFF"},"elements":[{"id":"d262474","settings":{"title":"h","align":"center","_animation":"fadeInDown","_element_width":"auto","title_color":"#000000","typography_typography":"custom","typography_font_family":"Anton","typography_font_size":{"unit":"px","size":"85","sizes":[]},"typography_font_size_tablet":{"unit":"px","size":"45","sizes":[]},"typography_font_size_mobile":{"unit":"px","size":"32","sizes":[]},"typography_font_weight":"400","typography_text_transform":"uppercase","typography_font_style":"normal","typography_text_decoration":"none","typography_line_height":{"unit":"em","size":"1.2","sizes":[]},"typography_line_height_tablet":{"unit":"px","size":"","sizes":[]},"typography_line_height_mobile":{"unit":"px","size":"","sizes":[]},"typography_letter_spacing":{"unit":"px","size":"4.25","sizes":[]},"typography_letter_spacing_mobile":{"unit":"px","size":"3.25","sizes":[]}},"elements":[],"isInner":false,"widgetType":"heading","elType":"widget"},{"id":"5e9dc49d","settings":{"title":"a","align":"center","_animation":"fadeInUp","_element_width":"auto","title_color":"#000000","typography_typography":"custom","typography_font_family":"Anton","typography_font_size":{"unit":"px","size":"85","sizes":[]},"typography_font_size_tablet":{"unit":"px","size":"45","sizes":[]},"typography_font_size_mobile":{"unit":"px","size":"32","sizes":[]},"typography_font_weight":"400","typography_text_transform":"uppercase","typography_font_style":"normal","typography_text_decoration":"none","typography_line_height":{"unit":"em","size":"1.2","sizes":[]},"typography_line_height_tablet":{"unit":"px","size":"","sizes":[]},"typography_line_height_mobile":{"unit":"px","size":"","sizes":[]},"typography_letter_spacing":{"unit":"px","size":"4.25","sizes":[]},"typography_letter_spacing_mobile":{"unit":"px","size":"3.25","sizes":[]}},"elements":[],"isInner":false,"widgetType":"heading","elType":"widget"},{"id":"251a0e44","settings":{"title":"i","align":"center","_animation":"fadeInDown","_element_width":"auto","title_color":"#000000","typography_typography":"custom","typography_font_family":"Anton","typography_font_size":{"unit":"px","size":"85","sizes":[]},"typography_font_size_tablet":{"unit":"px","size":"45","sizes":[]},"typography_font_size_mobile":{"unit":"px","size":"32","sizes":[]},"typography_font_weight":"400","typography_text_transform":"uppercase","typography_font_style":"normal","typography_text_decoration":"none","typography_line_height":{"unit":"em","size":"1.2","sizes":[]},"typography_line_height_tablet":{"unit":"px","size":"","sizes":[]},"typography_line_height_mobile":{"unit":"px","size":"","sizes":[]},"typography_letter_spacing":{"unit":"px","size":"4.25","sizes":[]},"typography_letter_spacing_mobile":{"unit":"px","size":"3.25","sizes":[]}},"elements":[],"isInner":false,"widgetType":"heading","elType":"widget"},{"id":"602ba881","settings":{"title":"r","align":"center","_animation":"fadeInUp","_element_width":"auto","title_color":"#000000","typography_typography":"custom","typography_font_family":"Anton","typography_font_size":{"unit":"px","size":"85","sizes":[]},"typography_font_size_tablet":{"unit":"px","size":"45","sizes":[]},"typography_font_size_mobile":{"unit":"px","size":"32","sizes":[]},"typography_font_weight":"400","typography_text_transform":"uppercase","typography_font_style":"normal","typography_text_decoration":"none","typography_line_height":{"unit":"em","size":"1.2","sizes":[]},"typography_line_height_tablet":{"unit":"px","size":"","sizes":[]},"typography_line_height_mobile":{"unit":"px","size":"","sizes":[]},"typography_letter_spacing":{"unit":"px","size":"4.25","sizes":[]},"typography_letter_spacing_mobile":{"unit":"px","size":"3.25","sizes":[]}},"elements":[],"isInner":false,"widgetType":"heading","elType":"widget"}],"isInner":"","elType":"column"}],"isInner":"","elType":"section"},{"id":"31860f4","settings":{"layout":"full_width","gap":"no","custom_height":{"unit":"vh","size":"","sizes":[]},"column_position":"stretch","content_position":"middle","structure":"20","margin_mobile":{"unit":"%","top":"","right":"0","bottom":"","left":"0","isLinked":"1"},"_title":"Nails Service","_timestamp_":"v1b1BCenZXN2gxUTBqb0JJSWxJTVlPZz09"},"elements":[{"id":"457edec3","settings":{"_column_size":"50","align":"center","background_background":"classic","padding_mobile":{"unit":"%","top":"25","right":"0","bottom":"25","left":"0","isLinked":""},"__globals__":{"background_color":""},"background_color":"#FFFFFF"},"elements":[{"id":"5e1b97d9","settings":{"title":"n","align":"center","motion_fx_tilt_speed":{"unit":"px","size":"6.8","sizes":[]},"_animation":"fadeInDown","_element_width":"auto","title_color":"#000000","typography_typography":"custom","typography_font_family":"Anton","typography_font_size":{"unit":"px","size":"85","sizes":[]},"typography_font_size_tablet":{"unit":"px","size":"45","sizes":[]},"typography_font_size_mobile":{"unit":"px","size":"32","sizes":[]},"typography_font_weight":"400","typography_text_transform":"uppercase","typography_font_style":"normal","typography_text_decoration":"none","typography_line_height":{"unit":"em","size":"1.2","sizes":[]},"typography_line_height_tablet":{"unit":"px","size":"","sizes":[]},"typography_line_height_mobile":{"unit":"px","size":"","sizes":[]},"typography_letter_spacing":{"unit":"px","size":"4.25","sizes":[]},"typography_letter_spacing_mobile":{"unit":"px","size":"3.25","sizes":[]}},"elements":[],"isInner":false,"widgetType":"heading","elType":"widget"},{"id":"3cc2462f","settings":{"title":"a","align":"center","_animation":"fadeInUp","_element_width":"auto","title_color":"#000000","typography_typography":"custom","typography_font_family":"Anton","typography_font_size":{"unit":"px","size":"85","sizes":[]},"typography_font_size_tablet":{"unit":"px","size":"45","sizes":[]},"typography_font_size_mobile":{"unit":"px","size":"32","sizes":[]},"typography_font_weight":"400","typography_text_transform":"uppercase","typography_font_style":"normal","typography_text_decoration":"none","typography_line_height":{"unit":"em","size":"1.2","sizes":[]},"typography_line_height_tablet":{"unit":"px","size":"","sizes":[]},"typography_line_height_mobile":{"unit":"px","size":"","sizes":[]},"typography_letter_spacing":{"unit":"px","size":"4.25","sizes":[]},"typography_letter_spacing_mobile":{"unit":"px","size":"3.25","sizes":[]}},"elements":[],"isInner":false,"widgetType":"heading","elType":"widget"},{"id":"54a5f2fd","settings":{"title":"i","align":"center","_animation":"fadeInDown","_element_width":"auto","title_color":"#000000","typography_typography":"custom","typography_font_family":"Anton","typography_font_size":{"unit":"px","size":"85","sizes":[]},"typography_font_size_tablet":{"unit":"px","size":"45","sizes":[]},"typography_font_size_mobile":{"unit":"px","size":"32","sizes":[]},"typography_font_weight":"400","typography_text_transform":"uppercase","typography_font_style":"normal","typography_text_decoration":"none","typography_line_height":{"unit":"em","size":"1.2","sizes":[]},"typography_line_height_tablet":{"unit":"px","size":"","sizes":[]},"typography_line_height_mobile":{"unit":"px","size":"","sizes":[]},"typography_letter_spacing":{"unit":"px","size":"4.25","sizes":[]},"typography_letter_spacing_mobile":{"unit":"px","size":"3.25","sizes":[]}},"elements":[],"isInner":false,"widgetType":"heading","elType":"widget"},{"id":"418194bb","settings":{"title":"l","align":"center","_animation":"fadeInUp","_element_width":"auto","title_color":"#000000","typography_typography":"custom","typography_font_family":"Anton","typography_font_size":{"unit":"px","size":"85","sizes":[]},"typography_font_size_tablet":{"unit":"px","size":"45","sizes":[]},"typography_font_size_mobile":{"unit":"px","size":"32","sizes":[]},"typography_font_weight":"400","typography_text_transform":"uppercase","typography_font_style":"normal","typography_text_decoration":"none","typography_line_height":{"unit":"em","size":"1.2","sizes":[]},"typography_line_height_tablet":{"unit":"px","size":"","sizes":[]},"typography_line_height_mobile":{"unit":"px","size":"","sizes":[]},"typography_letter_spacing":{"unit":"px","size":"4.25","sizes":[]},"typography_letter_spacing_mobile":{"unit":"px","size":"3.25","sizes":[]}},"elements":[],"isInner":false,"widgetType":"heading","elType":"widget"},{"id":"6cd5030b","settings":{"title":"s","align":"center","_animation":"fadeInDown","_element_width":"auto","title_color":"#000000","typography_typography":"custom","typography_font_family":"Anton","typography_font_size":{"unit":"px","size":"85","sizes":[]},"typography_font_size_tablet":{"unit":"px","size":"45","sizes":[]},"typography_font_size_mobile":{"unit":"px","size":"32","sizes":[]},"typography_font_weight":"400","typography_text_transform":"uppercase","typography_font_style":"normal","typography_text_decoration":"none","typography_line_height":{"unit":"em","size":"1.2","sizes":[]},"typography_line_height_tablet":{"unit":"px","size":"","sizes":[]},"typography_line_height_mobile":{"unit":"px","size":"","sizes":[]},"typography_letter_spacing":{"unit":"px","size":"4.25","sizes":[]},"typography_letter_spacing_mobile":{"unit":"px","size":"3.25","sizes":[]}},"elements":[],"isInner":false,"widgetType":"heading","elType":"widget"}],"isInner":"","elType":"column"},{"id":"5c2664ea","settings":{"_column_size":"50","background_background":"classic","__globals__":{"background_color":""},"background_color":"#F8F3EF"},"elements":[{"id":"2f44ec7","settings":{"bg_image":{"url":"","id":""},"graphic_element":"image","graphic_image":{"id":1461,"url":"https:\/\/library.elementor.com\/wp-content\/uploads\/2020\/12\/HomePage-Services-Nails.jpg"},"graphic_image_size":"full","title":"","description":"Donec quam felis, ultricies nec, pellentesque eu, pretium consequat, leo eget bibendum soda Lorem ipsum dolor sit amet, consectet ","button":"SERVICES &amp; PRICE LIST \u27f6","min-height":{"unit":"vh","size":"100","sizes":[]},"min-height_tablet":{"unit":"vh","size":"50","sizes":[]},"padding":{"unit":"%","top":"0","right":"25","bottom":"0","left":"25","isLinked":""},"padding_tablet":{"unit":"%","top":"15","right":"10","bottom":"15","left":"10","isLinked":""},"graphic_image_spacing":{"unit":"px","size":"35","sizes":[]},"graphic_image_width":{"unit":"%","size":"100","sizes":[]},"description_spacing":{"unit":"px","size":"35","sizes":[]},"description_color":"#000000","button_text_color":"#000000","button_background_color":"#FFFFFF00","button_hover_text_color":"#626060","button_border_width":{"unit":"px","size":"0","sizes":[]},"transformation":"","__globals__":{"content_bg_color":"","description_color":"","button_text_color":"","button_background_color":"","button_hover_background_color":"","button_hover_text_color":""},"description_typography_typography":"custom","description_typography_font_family":"Roboto","description_typography_font_size":{"unit":"px","size":"16","sizes":[]},"description_typography_font_size_tablet":{"unit":"px","size":"14","sizes":[]},"description_typography_font_weight":"300","description_typography_text_transform":"none","description_typography_font_style":"normal","description_typography_text_decoration":"none","description_typography_line_height":{"unit":"em","size":"1.6","sizes":[]},"description_typography_letter_spacing":{"unit":"px","size":"-0.45","sizes":[]},"content_bg_color":"#FFFFFF00","button_typography_typography":"custom","button_typography_font_family":"Roboto","button_typography_font_size":{"unit":"px","size":"14","sizes":[]},"button_typography_font_weight":"300","button_typography_text_transform":"uppercase","button_typography_font_style":"normal","button_typography_text_decoration":"none","button_typography_line_height":{"unit":"em","size":"1.3","sizes":[]},"button_typography_letter_spacing":{"unit":"px","size":"1.53","sizes":[]}},"elements":[],"isInner":false,"widgetType":"call-to-action","elType":"widget"}],"isInner":"","elType":"column"}],"isInner":"","elType":"section"},{"id":"15ee60ca","settings":{"layout":"full_width","gap":"no","custom_height":{"unit":"vh","size":"","sizes":[]},"column_position":"stretch","content_position":"middle","structure":"20","reverse_order_mobile":"reverse-mobile","_title":"Make Up Service","_timestamp_":"v1b1BCenZXN2gxUTBqb0JJSWxJTVlPZz09"},"elements":[{"id":"a41e45a","settings":{"_column_size":"50","background_background":"classic","__globals__":{"background_color":""},"background_color":"#F8F3EF"},"elements":[{"id":"5494a028","settings":{"bg_image":{"url":"","id":""},"graphic_element":"image","graphic_image":{"id":1462,"url":"https:\/\/library.elementor.com\/wp-content\/uploads\/2020\/12\/HomePage-Services-Beauty.jpg"},"graphic_image_size":"full","title":"","description":"Donec quam felis, ultricies nec, pellentesque eu, pretium consequat, leo eget bibendum soda Lorem ipsum dolor sit amet, consectet ","button":"SERVICES &amp; PRICE LIST \u27f6","min-height":{"unit":"vh","size":"100","sizes":[]},"min-height_tablet":{"unit":"vh","size":"50","sizes":[]},"padding":{"unit":"%","top":"0","right":"25","bottom":"0","left":"25","isLinked":""},"padding_tablet":{"unit":"%","top":"15","right":"10","bottom":"15","left":"10","isLinked":""},"graphic_image_spacing":{"unit":"px","size":"35","sizes":[]},"graphic_image_width":{"unit":"%","size":"100","sizes":[]},"description_spacing":{"unit":"px","size":"35","sizes":[]},"description_color":"#000000","button_text_color":"#000000","button_background_color":"#FFFFFF00","button_hover_text_color":"#626060","button_border_width":{"unit":"px","size":"0","sizes":[]},"transformation":"","__globals__":{"content_bg_color":"","description_color":"","button_text_color":"","button_background_color":"","button_hover_background_color":"","button_hover_text_color":""},"description_typography_typography":"custom","description_typography_font_family":"Roboto","description_typography_font_size":{"unit":"px","size":"16","sizes":[]},"description_typography_font_size_tablet":{"unit":"px","size":"14","sizes":[]},"description_typography_font_weight":"300","description_typography_text_transform":"none","description_typography_font_style":"normal","description_typography_text_decoration":"none","description_typography_line_height":{"unit":"em","size":"1.6","sizes":[]},"description_typography_letter_spacing":{"unit":"px","size":"-0.45","sizes":[]},"content_bg_color":"#FFFFFF00","button_typography_typography":"custom","button_typography_font_family":"Roboto","button_typography_font_size":{"unit":"px","size":"14","sizes":[]},"button_typography_font_weight":"300","button_typography_text_transform":"uppercase","button_typography_font_style":"normal","button_typography_text_decoration":"none","button_typography_line_height":{"unit":"em","size":"1.3","sizes":[]},"button_typography_letter_spacing":{"unit":"px","size":"1.53","sizes":[]}},"elements":[],"isInner":false,"widgetType":"call-to-action","elType":"widget"}],"isInner":"","elType":"column"},{"id":"8b0a3a2","settings":{"_column_size":"50","align":"center","background_background":"classic","padding_mobile":{"unit":"%","top":"25","right":"0","bottom":"25","left":"0","isLinked":""},"__globals__":{"background_color":""},"background_color":"#FFFFFF"},"elements":[{"id":"1056d12a","settings":{"title":"m","align":"center","_animation":"fadeInDown","_element_width":"auto","title_color":"#000000","typography_typography":"custom","typography_font_family":"Anton","typography_font_size":{"unit":"px","size":"85","sizes":[]},"typography_font_size_tablet":{"unit":"px","size":"45","sizes":[]},"typography_font_size_mobile":{"unit":"px","size":"32","sizes":[]},"typography_font_weight":"400","typography_text_transform":"uppercase","typography_font_style":"normal","typography_text_decoration":"none","typography_line_height":{"unit":"em","size":"1.2","sizes":[]},"typography_line_height_tablet":{"unit":"px","size":"","sizes":[]},"typography_line_height_mobile":{"unit":"px","size":"","sizes":[]},"typography_letter_spacing":{"unit":"px","size":"4.25","sizes":[]},"typography_letter_spacing_mobile":{"unit":"px","size":"3.25","sizes":[]}},"elements":[],"isInner":false,"widgetType":"heading","elType":"widget"},{"id":"40050b69","settings":{"title":"a","align":"center","_animation":"fadeInUp","_element_width":"auto","title_color":"#000000","typography_typography":"custom","typography_font_family":"Anton","typography_font_size":{"unit":"px","size":"85","sizes":[]},"typography_font_size_tablet":{"unit":"px","size":"45","sizes":[]},"typography_font_size_mobile":{"unit":"px","size":"32","sizes":[]},"typography_font_weight":"400","typography_text_transform":"uppercase","typography_font_style":"normal","typography_text_decoration":"none","typography_line_height":{"unit":"em","size":"1.2","sizes":[]},"typography_line_height_tablet":{"unit":"px","size":"","sizes":[]},"typography_line_height_mobile":{"unit":"px","size":"","sizes":[]},"typography_letter_spacing":{"unit":"px","size":"4.25","sizes":[]},"typography_letter_spacing_mobile":{"unit":"px","size":"3.25","sizes":[]}},"elements":[],"isInner":false,"widgetType":"heading","elType":"widget"},{"id":"7addb904","settings":{"title":"k","align":"center","_animation":"fadeInDown","_element_width":"auto","title_color":"#000000","typography_typography":"custom","typography_font_family":"Anton","typography_font_size":{"unit":"px","size":"85","sizes":[]},"typography_font_size_tablet":{"unit":"px","size":"45","sizes":[]},"typography_font_size_mobile":{"unit":"px","size":"32","sizes":[]},"typography_font_weight":"400","typography_text_transform":"uppercase","typography_font_style":"normal","typography_text_decoration":"none","typography_line_height":{"unit":"em","size":"1.2","sizes":[]},"typography_line_height_tablet":{"unit":"px","size":"","sizes":[]},"typography_line_height_mobile":{"unit":"px","size":"","sizes":[]},"typography_letter_spacing":{"unit":"px","size":"4.25","sizes":[]},"typography_letter_spacing_mobile":{"unit":"px","size":"3.25","sizes":[]}},"elements":[],"isInner":false,"widgetType":"heading","elType":"widget"},{"id":"632852b6","settings":{"title":"e","align":"center","_animation":"fadeInUp","_element_width":"auto","title_color":"#000000","typography_typography":"custom","typography_font_family":"Anton","typography_font_size":{"unit":"px","size":"85","sizes":[]},"typography_font_size_tablet":{"unit":"px","size":"45","sizes":[]},"typography_font_size_mobile":{"unit":"px","size":"32","sizes":[]},"typography_font_weight":"400","typography_text_transform":"uppercase","typography_font_style":"normal","typography_text_decoration":"none","typography_line_height":{"unit":"em","size":"1.2","sizes":[]},"typography_line_height_tablet":{"unit":"px","size":"","sizes":[]},"typography_line_height_mobile":{"unit":"px","size":"","sizes":[]},"typography_letter_spacing":{"unit":"px","size":"4.25","sizes":[]},"typography_letter_spacing_mobile":{"unit":"px","size":"3.25","sizes":[]}},"elements":[],"isInner":false,"widgetType":"heading","elType":"widget"},{"id":"6d2e9cb1","settings":{"title":"u","align":"center","_animation":"fadeInDown","_element_width":"auto","title_color":"#000000","typography_typography":"custom","typography_font_family":"Anton","typography_font_size":{"unit":"px","size":"85","sizes":[]},"typography_font_size_tablet":{"unit":"px","size":"45","sizes":[]},"typography_font_size_mobile":{"unit":"px","size":"32","sizes":[]},"typography_font_weight":"400","typography_text_transform":"uppercase","typography_font_style":"normal","typography_text_decoration":"none","typography_line_height":{"unit":"em","size":"1.2","sizes":[]},"typography_line_height_tablet":{"unit":"px","size":"","sizes":[]},"typography_line_height_mobile":{"unit":"px","size":"","sizes":[]},"typography_letter_spacing":{"unit":"px","size":"4.25","sizes":[]},"typography_letter_spacing_mobile":{"unit":"px","size":"3.25","sizes":[]}},"elements":[],"isInner":false,"widgetType":"heading","elType":"widget"},{"id":"26acc953","settings":{"title":"p","align":"center","_animation":"fadeInUp","_element_width":"auto","title_color":"#000000","typography_typography":"custom","typography_font_family":"Anton","typography_font_size":{"unit":"px","size":"85","sizes":[]},"typography_font_size_tablet":{"unit":"px","size":"45","sizes":[]},"typography_font_size_mobile":{"unit":"px","size":"32","sizes":[]},"typography_font_weight":"400","typography_text_transform":"uppercase","typography_font_style":"normal","typography_text_decoration":"none","typography_line_height":{"unit":"em","size":"1.2","sizes":[]},"typography_line_height_tablet":{"unit":"px","size":"","sizes":[]},"typography_line_height_mobile":{"unit":"px","size":"","sizes":[]},"typography_letter_spacing":{"unit":"px","size":"4.25","sizes":[]},"typography_letter_spacing_mobile":{"unit":"px","size":"3.25","sizes":[]}},"elements":[],"isInner":false,"widgetType":"heading","elType":"widget"}],"isInner":"","elType":"column"}],"isInner":"","elType":"section"},{"id":"8d8f519","settings":{"layout":"full_width","gap":"no","height":"min-height","custom_height":{"unit":"vh","size":"100","sizes":[]},"column_position":"stretch","content_position":"middle","structure":"20","margin_mobile":{"unit":"%","top":"","right":"0","bottom":"","left":"0","isLinked":"1"},"_title":"Our Products","reverse_order_tablet":"reverse-tablet","reverse_order_mobile":"reverse-mobile","_timestamp_":"v1b1BCenZXN2gxUTBqb0JJSWxJTVlPZz09"},"elements":[{"id":"7dcf7319","settings":{"_column_size":"50","align":"center","background_background":"classic","padding":{"unit":"%","top":"0","right":"15","bottom":"0","left":"10","isLinked":""},"padding_mobile":{"unit":"%","top":"25","right":"15","bottom":"25","left":"15","isLinked":""},"__globals__":{"background_color":""},"_inline_size_tablet":"100","background_color":"#FFFFFF"},"elements":[{"id":"492a1eb0","settings":{"title":"Our Products","header_size":"span","motion_fx_tilt_speed":{"unit":"px","size":"6.8","sizes":[]},"_animation":"fadeInDown","__globals__":{"typography_typography":""},"title_color":"#000000","typography_typography":"custom","typography_font_family":"Roboto","typography_font_size":{"unit":"px","size":"14","sizes":[]},"typography_font_weight":"300","typography_text_transform":"uppercase","typography_font_style":"normal","typography_text_decoration":"none","typography_line_height":{"unit":"em","size":"1.3","sizes":[]},"typography_letter_spacing":{"unit":"px","size":"1.53","sizes":[]}},"elements":[],"isInner":false,"widgetType":"heading","elType":"widget"},{"id":"527609d7","settings":{"title":"Your Hair &amp; skin is Our Top Priority","motion_fx_tilt_speed":{"unit":"px","size":"6.8","sizes":[]},"title_color":"#000000","typography_typography":"custom","typography_font_family":"Anton","typography_font_size":{"unit":"px","size":"85","sizes":[]},"typography_font_size_tablet":{"unit":"px","size":"45","sizes":[]},"typography_font_size_mobile":{"unit":"px","size":"32","sizes":[]},"typography_font_weight":"400","typography_text_transform":"uppercase","typography_font_style":"normal","typography_text_decoration":"none","typography_line_height":{"unit":"em","size":"1.2","sizes":[]},"typography_line_height_tablet":{"unit":"px","size":"","sizes":[]},"typography_line_height_mobile":{"unit":"px","size":"","sizes":[]},"typography_letter_spacing":{"unit":"px","size":"4.25","sizes":[]},"typography_letter_spacing_mobile":{"unit":"px","size":"3.25","sizes":[]}},"elements":[],"isInner":false,"widgetType":"heading","elType":"widget"}],"isInner":"","elType":"column"},{"id":"76d76fc0","settings":{"_column_size":"50","background_background":"classic","background_image":{"id":1463,"url":"https:\/\/library.elementor.com\/wp-content\/uploads\/2020\/12\/HomePage-OurProducts.jpg"},"__globals__":{"background_color":""},"_inline_size_tablet":"100","background_position":"center center","background_xpos_tablet":{"unit":"%","size":"-27","sizes":[]},"background_ypos_tablet":{"unit":"px","size":"-235","sizes":[]},"background_repeat":"no-repeat","background_size":"cover","padding_mobile":{"unit":"%","top":"","right":"","bottom":"","left":"","isLinked":"1"}},"elements":[{"id":"560e1a64","settings":{"space_mobile":{"unit":"vh","size":"70","sizes":[]},"space_tablet":{"unit":"vh","size":"40","sizes":[]}},"elements":[],"isInner":false,"widgetType":"spacer","elType":"widget"}],"isInner":"","elType":"column"}],"isInner":"","elType":"section"},{"id":"34360489","settings":{"layout":"full_width","gap":"no","height":"min-height","custom_height":{"unit":"vh","size":"100","sizes":[]},"custom_height_mobile":{"unit":"vh","size":"0","sizes":[]},"column_position":"stretch","content_position":"middle","structure":"22","padding":{"unit":"%","top":"","right":"","bottom":"","left":"","isLinked":"1"},"_title":"Explore Our Work","_timestamp_":"v1b1BCenZXN2gxUTBqb0JJSWxJTVlPZz09"},"elements":[{"id":"5575345e","settings":{"_column_size":"33","_inline_size_tablet":"45","background_background":"classic","background_image":{"id":1464,"url":"https:\/\/library.elementor.com\/wp-content\/uploads\/2020\/12\/HomePage-ExploreWork.jpg"},"background_position":"center center","background_repeat":"no-repeat","background_size":"cover","padding_mobile":{"unit":"%","top":"","right":"","bottom":"","left":"","isLinked":"1"}},"elements":[{"id":"63343ed8","settings":{"space_mobile":{"unit":"vh","size":"40","sizes":[]}},"elements":[],"isInner":false,"widgetType":"spacer","elType":"widget"}],"isInner":"","elType":"column"},{"id":"62fd13ee","settings":{"_column_size":"66","_inline_size_tablet":"55","padding":{"unit":"%","top":"0","right":"15","bottom":"0","left":"10","isLinked":""},"padding_tablet":{"unit":"%","top":"0","right":"10","bottom":"0","left":"10","isLinked":""},"padding_mobile":{"unit":"%","top":"10","right":"10","bottom":"0","left":"10","isLinked":""}},"elements":[{"id":"41418b5c","settings":{"gap":"no","structure":"20","margin":{"unit":"px","top":"0","right":"0","bottom":"0","left":"0","isLinked":""}},"elements":[{"id":"435fe759","settings":{"_column_size":"50","_inline_size":"40.46","_inline_size_tablet":"100","margin":{"unit":"px","top":"0","right":"10","bottom":"0","left":"0","isLinked":""}},"elements":[{"id":"2df3035d","settings":{"title":"02","header_size":"span","align":"right","__globals__":{"typography_typography":"","title_color":""},"title_color":"#F8F3EF","typography_typography":"custom","typography_font_family":"Anton","typography_font_size":{"unit":"px","size":"215","sizes":[]},"typography_font_weight":"400","typography_text_transform":"uppercase","typography_font_style":"normal","typography_text_decoration":"none","typography_line_height":{"unit":"px","size":"215","sizes":[]},"typography_letter_spacing":{"unit":"px","size":"6.32","sizes":[]}},"elements":[],"isInner":false,"widgetType":"heading","elType":"widget"}],"isInner":"1","elType":"column"},{"id":"4761017d","settings":{"_column_size":"50","_inline_size":"59.531","_inline_size_tablet":"100","margin_tablet":{"unit":"%","top":"-35","right":"0","bottom":"0","left":"0","isLinked":""}},"elements":[{"id":"a9ebb4e","settings":{"title":"EXPLORE OUR STYLE GALLERY\n","title_color":"#000000","typography_typography":"custom","typography_font_family":"Anton","typography_font_size":{"unit":"px","size":"85","sizes":[]},"typography_font_size_tablet":{"unit":"px","size":"45","sizes":[]},"typography_font_size_mobile":{"unit":"px","size":"32","sizes":[]},"typography_font_weight":"400","typography_text_transform":"uppercase","typography_font_style":"normal","typography_text_decoration":"none","typography_line_height":{"unit":"em","size":"1.2","sizes":[]},"typography_line_height_tablet":{"unit":"px","size":"","sizes":[]},"typography_line_height_mobile":{"unit":"px","size":"","sizes":[]},"typography_letter_spacing":{"unit":"px","size":"4.25","sizes":[]},"typography_letter_spacing_mobile":{"unit":"px","size":"3.25","sizes":[]}},"elements":[],"isInner":false,"widgetType":"heading","elType":"widget"},{"id":"6c9b985e","settings":{"editor":"Donec quam felis, ultricies nec, pellentesque eu, pretium consequat, leo eget bibendum soda Lorem ipsum dolor sit amet, consectet adipiscing\u00a0elit,sed do eiusm por incididunt ut labore et dolore magna aliqua Ut enim ad minim. ","text_color":"#000000","typography_typography":"custom","typography_font_family":"Roboto","typography_font_size":{"unit":"px","size":"16","sizes":[]},"typography_font_size_tablet":{"unit":"px","size":"14","sizes":[]},"typography_font_weight":"300","typography_text_transform":"none","typography_font_style":"normal","typography_text_decoration":"none","typography_line_height":{"unit":"em","size":"1.6","sizes":[]},"typography_letter_spacing":{"unit":"px","size":"-0.45","sizes":[]}},"elements":[],"isInner":false,"widgetType":"text-editor","elType":"widget"},{"id":"217b7f32","settings":{"text":"Explore Gallery \u27f6","icon_align":"right","icon_indent":{"unit":"px","size":"12","sizes":[]},"button_text_color":"#000000","background_color":"#FFFFFF00","text_padding":{"unit":"px","top":"0","right":"0","bottom":"0","left":"0","isLinked":""},"__globals__":{"button_text_color":"","background_color":"","hover_color":"","button_background_hover_color":""},"typography_typography":"custom","typography_font_family":"Roboto","typography_font_size":{"unit":"px","size":"14","sizes":[]},"typography_font_weight":"300","typography_text_transform":"uppercase","typography_font_style":"normal","typography_text_decoration":"none","typography_line_height":{"unit":"em","size":"1.3","sizes":[]},"typography_letter_spacing":{"unit":"px","size":"1.53","sizes":[]},"hover_color":"#626060"},"elements":[],"isInner":false,"widgetType":"button","elType":"widget"}],"isInner":"1","elType":"column"}],"isInner":"1","elType":"section"}],"isInner":"","elType":"column"}],"isInner":"","elType":"section"},{"id":"105c6973","settings":{"layout":"full_width","gap":"no","custom_height":{"unit":"px","size":"200","sizes":[]},"background_background":"classic","__globals__":{"background_color":""},"custom_height_tablet":{"unit":"px","size":"215","sizes":[]},"overflow":"hidden","_title":"Strip Text","content_position":"middle","margin_mobile":{"unit":"%","top":"15","right":"0","bottom":"0","left":"0","isLinked":""},"padding":{"unit":"%","top":"4","right":"0","bottom":"4","left":"0","isLinked":""},"background_color":"#FFFFFF","_timestamp_":"v1b1BCenZXN2gxUTBqb0JJSWxJTVlPZz09"},"elements":[{"id":"65f162b5","settings":{"_column_size":"100"},"elements":[{"id":"6c06a1f","settings":{"title":"What Our Beautiful &amp; Happy Clients Say About Us","header_size":"h4","__globals__":{"typography_typography":"","_background_color":"globals\/colors?id=secondary"},"_margin":{"unit":"px","top":"0","right":"-500","bottom":"0","left":"-500","isLinked":""},"_padding":{"unit":"em","top":"","right":"","bottom":"","left":"","isLinked":"1"},"align":"center","_background_color":"#F8F3EF","title_color":"#000000","typography_typography":"custom","typography_font_family":"Anton","typography_font_size":{"unit":"vw","size":"4.5","sizes":[]},"typography_font_size_tablet":{"unit":"vw","size":"3.5","sizes":[]},"typography_font_size_mobile":{"unit":"vw","size":"4.8","sizes":[]},"typography_font_weight":"400","typography_text_transform":"uppercase","typography_font_style":"normal","typography_text_decoration":"none","typography_line_height":{"unit":"em","size":"0.9","sizes":[]},"typography_letter_spacing":{"unit":"px","size":"5.45","sizes":[]}},"elements":[],"isInner":false,"widgetType":"heading","elType":"widget"}],"isInner":"","elType":"column"}],"isInner":"","elType":"section"},{"id":"7d57eef3","settings":{"structure":"30","layout":"full_width","gap":"no","custom_height":{"unit":"px","size":"500","sizes":[]},"margin_mobile":{"unit":"%","top":"15","right":"0","bottom":"15","left":"0","isLinked":"1"},"padding":{"unit":"%","top":"10","right":"5","bottom":"10","left":"5","isLinked":""},"padding_mobile":{"unit":"%","top":"0","right":"10","bottom":"0","left":"10","isLinked":""},"_title":"Testimonials","_timestamp_":"v1b1BCenZXN2gxUTBqb0JJSWxJTVlPZz09"},"elements":[{"id":"3a8602dd","settings":{"_column_size":"33","_inline_size_tablet":"100","margin":{"unit":"%","top":"0","right":"20","bottom":"0","left":"0","isLinked":""},"margin_tablet":{"unit":"px","top":"0","right":"0","bottom":"0","left":"0","isLinked":""}},"elements":[{"id":"9d8cb13","settings":{"selected_icon":{"value":{"id":1465,"url":"https:\/\/library.elementor.com\/wp-content\/uploads\/2020\/12\/Quotation.svg"},"library":"svg"},"title_text":"Isabella and her team have been looking after me for over 10 years, and are without a doubt the best in the industry. They know exactly how to make me feel beautiful, and every visit is a relaxing, fabulous experience.","description_text":"Lorena Barker","position":"left","title_size":"p","icon_space":{"unit":"px","size":"28","sizes":[]},"icon_size":{"unit":"px","size":"32","sizes":[]},"title_bottom_space":{"unit":"px","size":"22","sizes":[]},"__globals__":{"title_typography_typography":"","description_typography_typography":"","title_color":"","description_color":""},"primary_color":"#000000","title_color":"#000000","title_typography_typography":"custom","title_typography_font_family":"Roboto","title_typography_font_size":{"unit":"px","size":"16","sizes":[]},"title_typography_font_size_tablet":{"unit":"px","size":"14","sizes":[]},"title_typography_font_weight":"300","title_typography_text_transform":"none","title_typography_font_style":"normal","title_typography_text_decoration":"none","title_typography_line_height":{"unit":"em","size":"1.6","sizes":[]},"title_typography_letter_spacing":{"unit":"px","size":"-0.45","sizes":[]},"description_color":"#000000","description_typography_typography":"custom","description_typography_font_family":"Roboto","description_typography_font_size":{"unit":"px","size":"16","sizes":[]},"description_typography_font_weight":"700","description_typography_text_transform":"none","description_typography_font_style":"normal","description_typography_text_decoration":"none","description_typography_line_height":{"unit":"em","size":"1.6","sizes":[]},"description_typography_letter_spacing":{"unit":"px","size":"-0.45","sizes":[]}},"elements":[],"isInner":false,"widgetType":"icon-box","elType":"widget"}],"isInner":"","elType":"column"},{"id":"1a2f9c3d","settings":{"_column_size":"33","_inline_size_tablet":"100","margin":{"unit":"%","top":"0","right":"10","bottom":"0","left":"10","isLinked":""},"margin_tablet":{"unit":"%","top":"8","right":"0","bottom":"0","left":"0","isLinked":""},"margin_mobile":{"unit":"%","top":"20","right":"0","bottom":"0","left":"0","isLinked":""}},"elements":[{"id":"1a9e4dcd","settings":{"selected_icon":{"value":{"id":1465,"url":"https:\/\/library.elementor.com\/wp-content\/uploads\/2020\/12\/Quotation.svg"},"library":"svg"},"title_text":"I had an amazing experience at Flair Salon. They nailed what I wanted and showed me how to style my hair at home! I'm so happy and will definitely become a regular client. Thank you guys for making me so beautiful.","description_text":"Helen Closs","position":"left","title_size":"p","icon_space":{"unit":"px","size":"28","sizes":[]},"icon_size":{"unit":"px","size":"32","sizes":[]},"title_bottom_space":{"unit":"px","size":"22","sizes":[]},"__globals__":{"title_typography_typography":"","description_typography_typography":"","title_color":"","description_color":""},"primary_color":"#000000","title_color":"#000000","title_typography_typography":"custom","title_typography_font_family":"Roboto","title_typography_font_size":{"unit":"px","size":"16","sizes":[]},"title_typography_font_size_tablet":{"unit":"px","size":"14","sizes":[]},"title_typography_font_weight":"300","title_typography_text_transform":"none","title_typography_font_style":"normal","title_typography_text_decoration":"none","title_typography_line_height":{"unit":"em","size":"1.6","sizes":[]},"title_typography_letter_spacing":{"unit":"px","size":"-0.45","sizes":[]},"description_color":"#000000","description_typography_typography":"custom","description_typography_font_family":"Roboto","description_typography_font_size":{"unit":"px","size":"16","sizes":[]},"description_typography_font_weight":"700","description_typography_text_transform":"none","description_typography_font_style":"normal","description_typography_text_decoration":"none","description_typography_line_height":{"unit":"em","size":"1.6","sizes":[]},"description_typography_letter_spacing":{"unit":"px","size":"-0.45","sizes":[]}},"elements":[],"isInner":false,"widgetType":"icon-box","elType":"widget"}],"isInner":"","elType":"column"},{"id":"157c06d1","settings":{"_column_size":"33","_inline_size_tablet":"100","margin":{"unit":"%","top":"0","right":"0","bottom":"0","left":"20","isLinked":""},"margin_tablet":{"unit":"%","top":"8","right":"0","bottom":"0","left":"0","isLinked":""},"margin_mobile":{"unit":"%","top":"20","right":"0","bottom":"0","left":"0","isLinked":""}},"elements":[{"id":"7a8b0e47","settings":{"selected_icon":{"value":{"id":1465,"url":"https:\/\/library.elementor.com\/wp-content\/uploads\/2020\/12\/Quotation.svg"},"library":"svg"},"title_text":"Flair is the best hair and beauty salon in the city, hands down! I've been to many salons, but none of them had the same professionalism and touch as Isabella's team. Highly recommended.","description_text":"Lilly Brown","position":"left","title_size":"p","icon_space":{"unit":"px","size":"28","sizes":[]},"icon_size":{"unit":"px","size":"32","sizes":[]},"title_bottom_space":{"unit":"px","size":"22","sizes":[]},"__globals__":{"title_typography_typography":"","description_typography_typography":"","title_color":"","description_color":""},"primary_color":"#000000","title_color":"#000000","title_typography_typography":"custom","title_typography_font_family":"Roboto","title_typography_font_size":{"unit":"px","size":"16","sizes":[]},"title_typography_font_size_tablet":{"unit":"px","size":"14","sizes":[]},"title_typography_font_weight":"300","title_typography_text_transform":"none","title_typography_font_style":"normal","title_typography_text_decoration":"none","title_typography_line_height":{"unit":"em","size":"1.6","sizes":[]},"title_typography_letter_spacing":{"unit":"px","size":"-0.45","sizes":[]},"description_color":"#000000","description_typography_typography":"custom","description_typography_font_family":"Roboto","description_typography_font_size":{"unit":"px","size":"16","sizes":[]},"description_typography_font_weight":"700","description_typography_text_transform":"none","description_typography_font_style":"normal","description_typography_text_decoration":"none","description_typography_line_height":{"unit":"em","size":"1.6","sizes":[]},"description_typography_letter_spacing":{"unit":"px","size":"-0.45","sizes":[]}},"elements":[],"isInner":false,"widgetType":"icon-box","elType":"widget"}],"isInner":"","elType":"column"}],"isInner":"","elType":"section"}]}