{"version":"0.4","title":"16496","type":"page","content":[{"id":"67dc770f","settings":{"layout":"full_width","gap":"no","margin":{"unit":"%","top":"","right":"0","bottom":"","left":"0","isLinked":"1"},"padding":{"unit":"%","top":"10","right":"5","bottom":"10","left":"5","isLinked":""},"overflow":"hidden","padding_tablet":{"unit":"%","top":"15","right":"5","bottom":"15","left":"5","isLinked":""},"padding_mobile":{"unit":"%","top":"30","right":"5","bottom":"30","left":"5","isLinked":""},"_title":"Content","_timestamp_":"v1b1BCenZXN2gxUTBqb0JJSWxJTVlPZz09"},"elements":[{"id":"55dbd7c2","settings":{"_column_size":"100"},"elements":[{"id":"fec87eb","settings":{"title":"Our Gallery","align":"center","_z_index":"2","_margin":{"unit":"px","top":"40","right":"0","bottom":"0","left":"0","isLinked":""},"title_color":"#000000","typography_typography":"custom","typography_font_family":"Anton","typography_font_size":{"unit":"px","size":"85","sizes":[]},"typography_font_size_tablet":{"unit":"px","size":"45","sizes":[]},"typography_font_size_mobile":{"unit":"px","size":"32","sizes":[]},"typography_font_weight":"400","typography_text_transform":"uppercase","typography_font_style":"normal","typography_text_decoration":"none","typography_line_height":{"unit":"em","size":"1.2","sizes":[]},"typography_line_height_tablet":{"unit":"px","size":"","sizes":[]},"typography_line_height_mobile":{"unit":"px","size":"","sizes":[]},"typography_letter_spacing":{"unit":"px","size":"4.25","sizes":[]},"typography_letter_spacing_mobile":{"unit":"px","size":"3.25","sizes":[]}},"elements":[],"isInner":false,"widgetType":"heading","elType":"widget"},{"id":"77b423a1","settings":{"title":"gallery","header_size":"span","__globals__":{"typography_typography":"","title_color":""},"align":"center","_offset_x":{"unit":"vw","size":"0","sizes":[]},"_offset_y_end":{"unit":"px","size":"-5","sizes":[]},"animation_duration":"slow","_margin":{"unit":"px","top":"0","right":"-80","bottom":"0","left":"-80","isLinked":""},"title_color":"#F8F3EF","_position":"absolute","typography_typography":"custom","typography_font_family":"Anton","typography_font_size":{"unit":"vw","size":"27","sizes":[]},"typography_font_size_tablet":{"unit":"vw","size":"42","sizes":[]},"typography_font_size_mobile":{"unit":"vw","size":"40","sizes":[]},"typography_font_weight":"400","typography_text_transform":"uppercase","typography_font_style":"normal","typography_text_decoration":"none","typography_line_height":{"unit":"em","size":"0.8","sizes":[]},"typography_letter_spacing":{"unit":"px","size":"50.12","sizes":[]},"typography_letter_spacing_tablet":{"unit":"px","size":"25","sizes":[]},"typography_letter_spacing_mobile":{"unit":"px","size":"15","sizes":[]}},"elements":[],"isInner":false,"widgetType":"heading","elType":"widget"},{"id":"1b47f077","settings":{"gallery":[{"id":1440,"url":"https:\/\/library.elementor.com\/wp-content\/uploads\/2020\/12\/GalleryPage-img_1.jpg"},{"id":1441,"url":"https:\/\/library.elementor.com\/wp-content\/uploads\/2020\/12\/GalleryPage-img_2.jpg"},{"id":1442,"url":"https:\/\/library.elementor.com\/wp-content\/uploads\/2020\/12\/GalleryPage-img_3.jpg"},{"id":1443,"url":"https:\/\/library.elementor.com\/wp-content\/uploads\/2020\/12\/GalleryPage-img_4.jpg"},{"id":1444,"url":"https:\/\/library.elementor.com\/wp-content\/uploads\/2020\/12\/GalleryPage-img_5.jpg"},{"id":1445,"url":"https:\/\/library.elementor.com\/wp-content\/uploads\/2020\/12\/GalleryPage-img_6.jpg"},{"id":1446,"url":"https:\/\/library.elementor.com\/wp-content\/uploads\/2020\/12\/GalleryPage-img_7.jpg"},{"id":1447,"url":"https:\/\/library.elementor.com\/wp-content\/uploads\/2020\/12\/GalleryPage-img_8.jpg"},{"id":1448,"url":"https:\/\/library.elementor.com\/wp-content\/uploads\/2020\/12\/GalleryPage-img_9.jpg"},{"id":1449,"url":"https:\/\/library.elementor.com\/wp-content\/uploads\/2020\/12\/GalleryPage-img_10.jpg"},{"id":1450,"url":"https:\/\/library.elementor.com\/wp-content\/uploads\/2020\/12\/GalleryPage-img_11.jpg"},{"id":1451,"url":"https:\/\/library.elementor.com\/wp-content\/uploads\/2020\/12\/GalleryPage-img_12.jpg"},{"id":1452,"url":"https:\/\/library.elementor.com\/wp-content\/uploads\/2020\/12\/GalleryPage-img_13.jpg"},{"id":1453,"url":"https:\/\/library.elementor.com\/wp-content\/uploads\/2020\/12\/GalleryPage-img_14.jpg"},{"id":1454,"url":"https:\/\/library.elementor.com\/wp-content\/uploads\/2020\/12\/GalleryPage-img_15.jpg"}],"galleries":[{"gallery_title":"New Gallery","_id":"c67d32f"}],"show_all_galleries_label":"All","columns":"3","columns_tablet":"3","gap":{"unit":"px","size":"25","sizes":[]},"aspect_ratio":"1:1","thumbnail_image_size":"full","overlay_background_background":"classic","image_blend_mode":"saturation","background_overlay_animation_duration":{"unit":"px","size":"400","sizes":[]},"_margin":{"unit":"%","top":"20","right":"0","bottom":"0","left":"0","isLinked":""},"_z_index":"2","__globals__":{"image_border_color":"","overlay_background_color":"","overlay_background_hover_color":""},"overlay_background_hover_color":"#000000B3"},"elements":[],"isInner":false,"widgetType":"gallery","elType":"widget"}],"isInner":"","elType":"column"}],"isInner":"","elType":"section"}]}