{"version":"0.4","title":"16527","type":"page","content":[{"id":"2907bfaa","settings":{"layout":"full_width","gap":"no","height":"min-height","custom_height":{"unit":"vh","size":"100","sizes":[]},"column_position":"stretch","content_position":"middle","structure":"21","reverse_order_tablet":"reverse-tablet","reverse_order_mobile":"reverse-mobile","_title":"Hero","_timestamp_":"v1b1BCenZXN2gxUTBqb0JJSWxJTVlPZz09"},"elements":[{"id":"73419420","settings":{"_column_size":"33","_inline_size":"43.55","_inline_size_tablet":"100","padding":{"unit":"%","top":"","right":"","bottom":"","left":"","isLinked":"1"}},"elements":[{"id":"4bd29d47","settings":{"gap":"no","margin":{"unit":"px","top":"0","right":"0","bottom":"0","left":"0","isLinked":""},"padding":{"unit":"%","top":"0","right":"5","bottom":"0","left":"11","isLinked":""},"z_index":"2","padding_tablet":{"unit":"%","top":"0","right":"15","bottom":"0","left":"15","isLinked":""},"margin_mobile":{"unit":"%","top":"5","right":"0","bottom":"0","left":"0","isLinked":""},"margin_tablet":{"unit":"px","top":"","right":"0","bottom":"","left":"0","isLinked":"1"}},"elements":[{"id":"4c096a7b","settings":{"_column_size":"100","space_between_widgets":"0"},"elements":[{"id":"728932b1","settings":{"title":"Page Not Found","animation_duration":"slow","title_color":"#000000","typography_typography":"custom","typography_font_family":"Anton","typography_font_size":{"unit":"px","size":"85","sizes":[]},"typography_font_size_tablet":{"unit":"px","size":"45","sizes":[]},"typography_font_size_mobile":{"unit":"px","size":"32","sizes":[]},"typography_font_weight":"400","typography_text_transform":"uppercase","typography_font_style":"normal","typography_text_decoration":"none","typography_line_height":{"unit":"em","size":"1.2","sizes":[]},"typography_line_height_tablet":{"unit":"px","size":"","sizes":[]},"typography_line_height_mobile":{"unit":"px","size":"","sizes":[]},"typography_letter_spacing":{"unit":"px","size":"4.25","sizes":[]},"typography_letter_spacing_mobile":{"unit":"px","size":"3.25","sizes":[]}},"elements":[],"isInner":false,"widgetType":"heading","elType":"widget"},{"id":"6b216def","settings":{"editor":"Sorry, the page you were looking for doesn't exist. ","_animation":"fadeIn","text_color":"#000000","typography_typography":"custom","typography_font_family":"Roboto","typography_font_size":{"unit":"px","size":"16","sizes":[]},"typography_font_size_tablet":{"unit":"px","size":"14","sizes":[]},"typography_font_weight":"300","typography_text_transform":"none","typography_font_style":"normal","typography_text_decoration":"none","typography_line_height":{"unit":"em","size":"1.6","sizes":[]},"typography_letter_spacing":{"unit":"px","size":"-0.45","sizes":[]}},"elements":[],"isInner":false,"widgetType":"text-editor","elType":"widget"},{"id":"2815b5e9","settings":{"text":"BACK TO FLAIR","button_text_color":"#FFFFFF","hover_color":"#000000","button_background_hover_color":"#FFFFFF00","border_border":"solid","border_width":{"unit":"px","top":"1","right":"1","bottom":"1","left":"1","isLinked":"1"},"border_color":"#000000","border_radius":{"unit":"px","top":"0","right":"0","bottom":"0","left":"0","isLinked":"1"},"text_padding":{"unit":"px","top":"15","right":"20","bottom":"15","left":"20","isLinked":""},"__globals__":{"button_text_color":"","hover_color":"","button_background_hover_color":"","button_hover_border_color":"","border_color":""},"__dynamic__":{"link":"[elementor-tag id=\"6ad488e\" name=\"site-url\" settings=\"%7B%7D\"]"},"_margin":{"unit":"%","top":"8","right":"0","bottom":"0","left":"0","isLinked":""},"typography_typography":"custom","typography_font_family":"Roboto","typography_font_size":{"unit":"px","size":"14","sizes":[]},"typography_font_weight":"300","typography_text_transform":"uppercase","typography_font_style":"normal","typography_text_decoration":"none","typography_line_height":{"unit":"em","size":"1.3","sizes":[]},"typography_letter_spacing":{"unit":"px","size":"1.53","sizes":[]},"background_color":"#000000"},"elements":[],"isInner":false,"widgetType":"button","elType":"widget"}],"isInner":"1","elType":"column"}],"isInner":"1","elType":"section"},{"id":"6e971443","settings":{"title":"404","header_size":"span","_position":"absolute","_offset_orientation_v":"end","__globals__":{"typography_typography":"","title_color":""},"align":"justify","_offset_x":{"unit":"vw","size":"0","sizes":[]},"_offset_y_end":{"unit":"px","size":"25","sizes":[]},"animation_duration":"slow","title_color":"#F8F3EF","_offset_y_end_tablet":{"unit":"px","size":"0","sizes":[]},"typography_typography":"custom","typography_font_family":"Anton","typography_font_size":{"unit":"vw","size":"27","sizes":[]},"typography_font_size_tablet":{"unit":"vw","size":"42","sizes":[]},"typography_font_size_mobile":{"unit":"vw","size":"40","sizes":[]},"typography_font_weight":"400","typography_text_transform":"uppercase","typography_font_style":"normal","typography_text_decoration":"none","typography_line_height":{"unit":"em","size":"0.8","sizes":[]},"typography_letter_spacing":{"unit":"px","size":"50.12","sizes":[]},"typography_letter_spacing_tablet":{"unit":"px","size":"25","sizes":[]},"typography_letter_spacing_mobile":{"unit":"px","size":"15","sizes":[]}},"elements":[],"isInner":false,"widgetType":"heading","elType":"widget"}],"isInner":"","elType":"column"},{"id":"1c63bb89","settings":{"_column_size":"66","_inline_size":"56.45","background_background":"classic","background_image":{"id":1472,"url":"https:\/\/library.elementor.com\/wp-content\/uploads\/2020\/12\/404Page-Hero.jpg"},"background_position":"center center","background_repeat":"no-repeat","background_size":"cover","z_index":"1","_inline_size_tablet":"100"},"elements":[{"id":"69fadcf7","settings":{"space_tablet":{"unit":"vh","size":"40","sizes":[]},"space_mobile":{"unit":"vh","size":"40","sizes":[]}},"elements":[],"isInner":false,"widgetType":"spacer","elType":"widget"}],"isInner":"","elType":"column"}],"isInner":"","elType":"section"},{"id":"3f9f7ea1","settings":{"layout":"full_width","gap":"no","custom_height":{"unit":"px","size":"200","sizes":[]},"background_background":"classic","__globals__":{"background_color":""},"custom_height_tablet":{"unit":"px","size":"215","sizes":[]},"overflow":"hidden","_title":"Strip Text","content_position":"middle","margin_mobile":{"unit":"%","top":"15","right":"0","bottom":"0","left":"0","isLinked":""},"padding":{"unit":"%","top":"4","right":"0","bottom":"4","left":"0","isLinked":""},"background_color":"#FFFFFF","_timestamp_":"v1b1BCenZXN2gxUTBqb0JJSWxJTVlPZz09"},"elements":[{"id":"22335cd2","settings":{"_column_size":"100"},"elements":[{"id":"7a3b9502","settings":{"title":"What Our Beautiful &amp; Happy Clients Say About Us","header_size":"h4","__globals__":{"typography_typography":"","_background_color":"globals\/colors?id=secondary"},"_margin":{"unit":"px","top":"0","right":"-500","bottom":"0","left":"-500","isLinked":""},"_padding":{"unit":"em","top":"","right":"","bottom":"","left":"","isLinked":"1"},"align":"center","_background_color":"#F8F3EF","title_color":"#000000","typography_typography":"custom","typography_font_family":"Anton","typography_font_size":{"unit":"vw","size":"4.5","sizes":[]},"typography_font_size_tablet":{"unit":"vw","size":"3.5","sizes":[]},"typography_font_size_mobile":{"unit":"vw","size":"4.8","sizes":[]},"typography_font_weight":"400","typography_text_transform":"uppercase","typography_font_style":"normal","typography_text_decoration":"none","typography_line_height":{"unit":"em","size":"0.9","sizes":[]},"typography_letter_spacing":{"unit":"px","size":"5.45","sizes":[]}},"elements":[],"isInner":false,"widgetType":"heading","elType":"widget"}],"isInner":"","elType":"column"}],"isInner":"","elType":"section"},{"id":"6327cfce","settings":{"structure":"30","layout":"full_width","gap":"no","custom_height":{"unit":"px","size":"500","sizes":[]},"margin_mobile":{"unit":"%","top":"15","right":"0","bottom":"15","left":"0","isLinked":"1"},"padding":{"unit":"%","top":"10","right":"5","bottom":"10","left":"5","isLinked":""},"padding_mobile":{"unit":"%","top":"0","right":"10","bottom":"0","left":"10","isLinked":""},"_title":"Testimonials","_timestamp_":"v1b1BCenZXN2gxUTBqb0JJSWxJTVlPZz09"},"elements":[{"id":"5ebd8f33","settings":{"_column_size":"33","_inline_size_tablet":"100","margin":{"unit":"%","top":"0","right":"20","bottom":"0","left":"0","isLinked":""},"margin_tablet":{"unit":"px","top":"0","right":"0","bottom":"0","left":"0","isLinked":""}},"elements":[{"id":"359aa2ea","settings":{"selected_icon":{"value":{"id":"1465","url":"https:\/\/library.elementor.com\/wp-content\/uploads\/2020\/12\/Quotation.svg"},"library":"svg"},"title_text":"Isabella and her team have been looking after me for over 10 years, and are without a doubt the best in the industry. They know exactly how to make me feel beautiful, and every visit is a relaxing, fabulous experience.","description_text":"Lorena Barker","position":"left","title_size":"p","icon_space":{"unit":"px","size":"28","sizes":[]},"icon_size":{"unit":"px","size":"32","sizes":[]},"title_bottom_space":{"unit":"px","size":"22","sizes":[]},"__globals__":{"title_typography_typography":"","description_typography_typography":"","title_color":"","description_color":""},"primary_color":"#000000","title_color":"#000000","title_typography_typography":"custom","title_typography_font_family":"Roboto","title_typography_font_size":{"unit":"px","size":"16","sizes":[]},"title_typography_font_size_tablet":{"unit":"px","size":"14","sizes":[]},"title_typography_font_weight":"300","title_typography_text_transform":"none","title_typography_font_style":"normal","title_typography_text_decoration":"none","title_typography_line_height":{"unit":"em","size":"1.6","sizes":[]},"title_typography_letter_spacing":{"unit":"px","size":"-0.45","sizes":[]},"description_color":"#000000","description_typography_typography":"custom","description_typography_font_family":"Roboto","description_typography_font_size":{"unit":"px","size":"16","sizes":[]},"description_typography_font_weight":"700","description_typography_text_transform":"none","description_typography_font_style":"normal","description_typography_text_decoration":"none","description_typography_line_height":{"unit":"em","size":"1.6","sizes":[]},"description_typography_letter_spacing":{"unit":"px","size":"-0.45","sizes":[]}},"elements":[],"isInner":false,"widgetType":"icon-box","elType":"widget"}],"isInner":"","elType":"column"},{"id":"3b750ff9","settings":{"_column_size":"33","_inline_size_tablet":"100","margin":{"unit":"%","top":"0","right":"10","bottom":"0","left":"10","isLinked":""},"margin_tablet":{"unit":"%","top":"8","right":"0","bottom":"0","left":"0","isLinked":""},"margin_mobile":{"unit":"%","top":"20","right":"0","bottom":"0","left":"0","isLinked":""}},"elements":[{"id":"4954c7a7","settings":{"selected_icon":{"value":{"id":"1465","url":"https:\/\/library.elementor.com\/wp-content\/uploads\/2020\/12\/Quotation.svg"},"library":"svg"},"title_text":"I had an amazing experience at Flair Salon. They nailed what I wanted and showed me how to style my hair at home! I'm so happy and will definitely become a regular client. Thank you guys for making me so beautiful.","description_text":"Helen Closs","position":"left","title_size":"p","icon_space":{"unit":"px","size":"28","sizes":[]},"icon_size":{"unit":"px","size":"32","sizes":[]},"title_bottom_space":{"unit":"px","size":"22","sizes":[]},"__globals__":{"title_typography_typography":"","description_typography_typography":"","title_color":"","description_color":""},"primary_color":"#000000","title_color":"#000000","title_typography_typography":"custom","title_typography_font_family":"Roboto","title_typography_font_size":{"unit":"px","size":"16","sizes":[]},"title_typography_font_size_tablet":{"unit":"px","size":"14","sizes":[]},"title_typography_font_weight":"300","title_typography_text_transform":"none","title_typography_font_style":"normal","title_typography_text_decoration":"none","title_typography_line_height":{"unit":"em","size":"1.6","sizes":[]},"title_typography_letter_spacing":{"unit":"px","size":"-0.45","sizes":[]},"description_color":"#000000","description_typography_typography":"custom","description_typography_font_family":"Roboto","description_typography_font_size":{"unit":"px","size":"16","sizes":[]},"description_typography_font_weight":"700","description_typography_text_transform":"none","description_typography_font_style":"normal","description_typography_text_decoration":"none","description_typography_line_height":{"unit":"em","size":"1.6","sizes":[]},"description_typography_letter_spacing":{"unit":"px","size":"-0.45","sizes":[]}},"elements":[],"isInner":false,"widgetType":"icon-box","elType":"widget"}],"isInner":"","elType":"column"},{"id":"35321cfd","settings":{"_column_size":"33","_inline_size_tablet":"100","margin":{"unit":"%","top":"0","right":"0","bottom":"0","left":"20","isLinked":""},"margin_tablet":{"unit":"%","top":"8","right":"0","bottom":"0","left":"0","isLinked":""},"margin_mobile":{"unit":"%","top":"20","right":"0","bottom":"0","left":"0","isLinked":""}},"elements":[{"id":"14ae7e6d","settings":{"selected_icon":{"value":{"id":"1465","url":"https:\/\/library.elementor.com\/wp-content\/uploads\/2020\/12\/Quotation.svg"},"library":"svg"},"title_text":"Flair is the best hair and beauty salon in the city, hands down! I've been to many salons, but none of them had the same professionalism and touch as Isabella's team. Highly recommended.","description_text":"Lilly Brown","position":"left","title_size":"p","icon_space":{"unit":"px","size":"28","sizes":[]},"icon_size":{"unit":"px","size":"32","sizes":[]},"title_bottom_space":{"unit":"px","size":"22","sizes":[]},"__globals__":{"title_typography_typography":"","description_typography_typography":"","title_color":"","description_color":""},"primary_color":"#000000","title_color":"#000000","title_typography_typography":"custom","title_typography_font_family":"Roboto","title_typography_font_size":{"unit":"px","size":"16","sizes":[]},"title_typography_font_size_tablet":{"unit":"px","size":"14","sizes":[]},"title_typography_font_weight":"300","title_typography_text_transform":"none","title_typography_font_style":"normal","title_typography_text_decoration":"none","title_typography_line_height":{"unit":"em","size":"1.6","sizes":[]},"title_typography_letter_spacing":{"unit":"px","size":"-0.45","sizes":[]},"description_color":"#000000","description_typography_typography":"custom","description_typography_font_family":"Roboto","description_typography_font_size":{"unit":"px","size":"16","sizes":[]},"description_typography_font_weight":"700","description_typography_text_transform":"none","description_typography_font_style":"normal","description_typography_text_decoration":"none","description_typography_line_height":{"unit":"em","size":"1.6","sizes":[]},"description_typography_letter_spacing":{"unit":"px","size":"-0.45","sizes":[]}},"elements":[],"isInner":false,"widgetType":"icon-box","elType":"widget"}],"isInner":"","elType":"column"}],"isInner":"","elType":"section"}],"page_settings":{"background_background":"classic","background_color":"#F2E7DF","page_template":"elementor_header_footer"}}