{"version":"0.4","title":"16535","type":"page","content":[{"id":"a1fa617","settings":{"layout":"full_width","gap":"no","height":"min-height","custom_height":{"unit":"px","size":"600","sizes":[]},"column_position":"stretch","content_position":"middle","structure":"22","_title":"CTA","_timestamp_":"v1b1BCenZXN2gxUTBqb0JJSWxJTVlPZz09"},"elements":[{"id":"70667690","settings":{"_column_size":"66","_inline_size_tablet":"55","background_background":"classic","padding":{"unit":"%","top":"0","right":"10","bottom":"0","left":"8","isLinked":""},"__globals__":{"background_color":""},"background_color":"#F8F3EF"},"elements":[{"id":"6b7f84a","settings":{"title":"Treat yourself","header_size":"h6","__globals__":{"typography_typography":""},"title_color":"#000000","typography_typography":"custom","typography_font_family":"Roboto","typography_font_size":{"unit":"px","size":"14","sizes":[]},"typography_font_weight":"300","typography_text_transform":"uppercase","typography_font_style":"normal","typography_text_decoration":"none","typography_line_height":{"unit":"em","size":"1.3","sizes":[]},"typography_letter_spacing":{"unit":"px","size":"1.53","sizes":[]}},"elements":[],"isInner":false,"widgetType":"heading","elType":"widget"},{"id":"3433c82a","settings":{"title":"Let Us Take Care Of You","header_size":"h3","__globals__":{"typography_typography":""},"title_color":"#000000","typography_typography":"custom","typography_font_family":"Anton","typography_font_size":{"unit":"px","size":"85","sizes":[]},"typography_font_size_tablet":{"unit":"px","size":"45","sizes":[]},"typography_font_size_mobile":{"unit":"px","size":"32","sizes":[]},"typography_font_weight":"400","typography_text_transform":"uppercase","typography_font_style":"normal","typography_text_decoration":"none","typography_line_height":{"unit":"em","size":"1.2","sizes":[]},"typography_line_height_tablet":{"unit":"px","size":"","sizes":[]},"typography_line_height_mobile":{"unit":"px","size":"","sizes":[]},"typography_letter_spacing":{"unit":"px","size":"4.25","sizes":[]},"typography_letter_spacing_mobile":{"unit":"px","size":"3.25","sizes":[]}},"elements":[],"isInner":false,"widgetType":"heading","elType":"widget"},{"id":"3371e562","settings":{"text":"BOOK AN APPOINTMENT \u27f6","icon_align":"right","icon_indent":{"unit":"px","size":"12","sizes":[]},"button_text_color":"#000000","background_color":"#FFFFFF00","text_padding":{"unit":"px","top":"0","right":"0","bottom":"0","left":"0","isLinked":""},"__globals__":{"button_text_color":"","background_color":"","hover_color":"","button_background_hover_color":""},"typography_typography":"custom","typography_font_family":"Roboto","typography_font_size":{"unit":"px","size":"14","sizes":[]},"typography_font_weight":"300","typography_text_transform":"uppercase","typography_font_style":"normal","typography_text_decoration":"none","typography_line_height":{"unit":"em","size":"1.3","sizes":[]},"typography_letter_spacing":{"unit":"px","size":"1.53","sizes":[]},"hover_color":"#626060"},"elements":[],"isInner":false,"widgetType":"button","elType":"widget"}],"isInner":"","elType":"column"},{"id":"4fd8f35b","settings":{"_column_size":"33","_inline_size_tablet":"45","background_background":"classic","background_image":{"id":1476,"url":"https:\/\/library.elementor.com\/wp-content\/uploads\/2020\/12\/Footer-CTA.jpg"},"background_position":"center center","background_repeat":"no-repeat","background_size":"cover"},"elements":[],"isInner":"","elType":"column"}],"isInner":"","elType":"section"},{"id":"66229462","settings":{"layout":"full_width","gap":"no","custom_height":{"unit":"px","size":"","sizes":[]},"structure":"50","padding":{"unit":"%","top":"5","right":"5","bottom":"3","left":"5","isLinked":""},"padding_mobile":{"unit":"%","top":"15","right":"5","bottom":"5","left":"5","isLinked":""},"_title":"Footer","html_tag":"footer","_timestamp_":"v1b1BCenZXN2gxUTBqb0JJSWxJTVlPZz09"},"elements":[{"id":"5dd0cb26","settings":{"_column_size":"20","_inline_size_tablet":"100"},"elements":[{"id":"48030dfb","settings":{"image":{"id":1477,"url":"https:\/\/library.elementor.com\/wp-content\/uploads\/2020\/12\/Flair-Logo.png"},"image_size":"full","align":"left","link_to":"custom","width":{"unit":"%","size":"100","sizes":[]},"__dynamic__":{"link":"[elementor-tag id=\"fcd3bd3\" name=\"site-url\" settings=\"%7B%7D\"]"}},"elements":[],"isInner":false,"widgetType":"image","elType":"widget"}],"isInner":"","elType":"column"},{"id":"4670ff4b","settings":{"_column_size":"20","_inline_size_tablet":"50","space_between_widgets":"10","margin_tablet":{"unit":"%","top":"10","right":"0","bottom":"0","left":"0","isLinked":""},"padding_tablet":{"unit":"%","top":"0","right":"5","bottom":"0","left":"0","isLinked":""}},"elements":[{"id":"1ed281fe","settings":{"title":"Visit Us","header_size":"h4","__globals__":{"typography_typography":""},"title_color":"#000000","typography_typography":"custom","typography_font_family":"Anton","typography_font_size":{"unit":"px","size":"20","sizes":[]},"typography_font_weight":"400","typography_text_transform":"uppercase","typography_font_style":"normal","typography_text_decoration":"none","typography_line_height":{"unit":"px","size":"25","sizes":[]},"typography_letter_spacing":{"unit":"px","size":"1","sizes":[]}},"elements":[],"isInner":false,"widgetType":"heading","elType":"widget"},{"id":"7080b229","settings":{"editor":"<p>6 Crown Street, London WC2B 8FE\u00a0<br \/>United Kingdom<br \/>Tel: 020-7946-0855<\/p>","text_color":"#000000","typography_typography":"custom","typography_font_family":"Roboto","typography_font_size":{"unit":"px","size":"16","sizes":[]},"typography_font_size_tablet":{"unit":"px","size":"14","sizes":[]},"typography_font_weight":"300","typography_text_transform":"none","typography_font_style":"normal","typography_text_decoration":"none","typography_line_height":{"unit":"em","size":"1.6","sizes":[]},"typography_letter_spacing":{"unit":"px","size":"-0.45","sizes":[]}},"elements":[],"isInner":false,"widgetType":"text-editor","elType":"widget"}],"isInner":"","elType":"column"},{"id":"3a5c8802","settings":{"_column_size":"20","_inline_size_tablet":"50","space_between_widgets":"10","margin_tablet":{"unit":"%","top":"10","right":"0","bottom":"0","left":"0","isLinked":""}},"elements":[{"id":"258a2d20","settings":{"title":"WORKING HOURS","header_size":"h4","__globals__":{"typography_typography":""},"title_color":"#000000","typography_typography":"custom","typography_font_family":"Anton","typography_font_size":{"unit":"px","size":"20","sizes":[]},"typography_font_weight":"400","typography_text_transform":"uppercase","typography_font_style":"normal","typography_text_decoration":"none","typography_line_height":{"unit":"px","size":"25","sizes":[]},"typography_letter_spacing":{"unit":"px","size":"1","sizes":[]}},"elements":[],"isInner":false,"widgetType":"heading","elType":"widget"},{"id":"77053b84","settings":{"editor":"<p>Monday - Friday<br \/>09:00 am - 09:00 pm<br \/>Saturday - Sunday - Closed<\/p>","text_color":"#000000","typography_typography":"custom","typography_font_family":"Roboto","typography_font_size":{"unit":"px","size":"16","sizes":[]},"typography_font_size_tablet":{"unit":"px","size":"14","sizes":[]},"typography_font_weight":"300","typography_text_transform":"none","typography_font_style":"normal","typography_text_decoration":"none","typography_line_height":{"unit":"em","size":"1.6","sizes":[]},"typography_letter_spacing":{"unit":"px","size":"-0.45","sizes":[]}},"elements":[],"isInner":false,"widgetType":"text-editor","elType":"widget"}],"isInner":"","elType":"column"},{"id":"45bcddc6","settings":{"_column_size":"20","_inline_size_tablet":"50","space_between_widgets":"10","margin_tablet":{"unit":"%","top":"10","right":"0","bottom":"0","left":"0","isLinked":""}},"elements":[{"id":"1c0fd7b","settings":{"title":"Quick Links","header_size":"h4","__globals__":{"typography_typography":""},"title_color":"#000000","typography_typography":"custom","typography_font_family":"Anton","typography_font_size":{"unit":"px","size":"20","sizes":[]},"typography_font_weight":"400","typography_text_transform":"uppercase","typography_font_style":"normal","typography_text_decoration":"none","typography_line_height":{"unit":"px","size":"25","sizes":[]},"typography_letter_spacing":{"unit":"px","size":"1","sizes":[]}},"elements":[],"isInner":false,"widgetType":"heading","elType":"widget"},{"id":"3820722d","settings":{"layout":"vertical","pointer":"none","dropdown":"none","padding_horizontal_menu_item":{"unit":"px","size":"0","sizes":[]},"padding_vertical_menu_item":{"unit":"px","size":"0","sizes":[]},"menu_space_between":{"unit":"px","size":"3","sizes":[]},"__globals__":{"menu_typography_typography":"","color_menu_item_hover":"","color_menu_item_active":""},"menu_typography_typography":"custom","menu_typography_font_family":"Roboto","menu_typography_font_size":{"unit":"px","size":"16","sizes":[]},"menu_typography_font_size_tablet":{"unit":"px","size":"14","sizes":[]},"menu_typography_font_weight":"300","menu_typography_text_transform":"none","menu_typography_font_style":"normal","menu_typography_text_decoration":"none","menu_typography_line_height":{"unit":"em","size":"1.6","sizes":[]},"menu_typography_letter_spacing":{"unit":"px","size":"-0.45","sizes":[]},"color_menu_item":"#000000","color_menu_item_hover":"#626060","color_menu_item_active":"#000000"},"elements":[],"isInner":false,"widgetType":"nav-menu","elType":"widget"}],"isInner":"","elType":"column"},{"id":"5bb799eb","settings":{"_column_size":"20","_inline_size_tablet":"50","space_between_widgets":"10","margin_tablet":{"unit":"%","top":"10","right":"0","bottom":"0","left":"0","isLinked":""}},"elements":[{"id":"54fc7246","settings":{"title":"Newsletter","header_size":"h4","__globals__":{"typography_typography":""},"title_color":"#000000","typography_typography":"custom","typography_font_family":"Anton","typography_font_size":{"unit":"px","size":"20","sizes":[]},"typography_font_weight":"400","typography_text_transform":"uppercase","typography_font_style":"normal","typography_text_decoration":"none","typography_line_height":{"unit":"px","size":"25","sizes":[]},"typography_letter_spacing":{"unit":"px","size":"1","sizes":[]}},"elements":[],"isInner":false,"widgetType":"heading","elType":"widget"},{"id":"6c84c3b5","settings":{"editor":"<p>Stay up to date with our latest news, receive exclusive deals, and more.<\/p>","text_color":"#000000","typography_typography":"custom","typography_font_family":"Roboto","typography_font_size":{"unit":"px","size":"16","sizes":[]},"typography_font_size_tablet":{"unit":"px","size":"14","sizes":[]},"typography_font_weight":"300","typography_text_transform":"none","typography_font_style":"normal","typography_text_decoration":"none","typography_line_height":{"unit":"em","size":"1.6","sizes":[]},"typography_letter_spacing":{"unit":"px","size":"-0.45","sizes":[]}},"elements":[],"isInner":false,"widgetType":"text-editor","elType":"widget"},{"id":"4069836a","settings":{"form_name":"Newsletter Form","form_fields":[{"custom_id":"email","field_type":"email","required":"true","field_label":"Enter Your Email Address ","placeholder":"Enter Your Email Address ","_id":"fa9eb43","rows":"4","file_sizes":"","file_types":"","allow_multiple_upload":"","max_files":"","acceptance_text":"","checked_by_default":"","field_min":"","field_max":"","min_date":"","max_date":"","use_native_date":"","use_native_time":"","previous_button":"","next_button":""}],"show_labels":"","button_align":"","step_next_label":"Next","step_previous_label":"Previous","button_text":"subscribe \u27f6","email_content":"[all-fields]","email_content_2":"[all-fields]","success_message":"The form was sent successfully.","error_message":"An error occurred.","required_field_message":"This field is required.","invalid_message":"There's something wrong. The form is invalid.","field_background_color":"","field_border_width":{"unit":"px","top":"0","right":"0","bottom":"1","left":"0","isLinked":""},"field_border_radius":{"unit":"px","top":"0","right":"0","bottom":"0","left":"0","isLinked":""},"button_text_padding":{"unit":"px","top":"0","right":"0","bottom":"0","left":"0","isLinked":""},"__globals__":{"field_border_color":"","button_background_color":"","button_text_color":"","button_hover_color":"","success_message_color":"","error_message_color":"","inline_message_color":""},"field_text_color":"#000000","field_typography_typography":"custom","field_typography_font_family":"Roboto","field_typography_font_size":{"unit":"px","size":"16","sizes":[]},"field_typography_font_size_tablet":{"unit":"px","size":"14","sizes":[]},"field_typography_font_weight":"300","field_typography_text_transform":"none","field_typography_font_style":"normal","field_typography_text_decoration":"none","field_typography_line_height":{"unit":"em","size":"1.6","sizes":[]},"field_typography_letter_spacing":{"unit":"px","size":"-0.45","sizes":[]},"field_border_color":"#626060","button_typography_typography":"custom","button_typography_font_family":"Roboto","button_typography_font_size":{"unit":"px","size":"14","sizes":[]},"button_typography_font_weight":"300","button_typography_text_transform":"uppercase","button_typography_font_style":"normal","button_typography_text_decoration":"none","button_typography_line_height":{"unit":"em","size":"1.3","sizes":[]},"button_typography_letter_spacing":{"unit":"px","size":"1.53","sizes":[]},"button_background_color":"#FFFFFF00","button_text_color":"#000000","button_hover_color":"#626060","message_typography_typography":"custom","message_typography_font_family":"Roboto","message_typography_font_size":{"unit":"px","size":"16","sizes":[]},"message_typography_font_size_tablet":{"unit":"px","size":"14","sizes":[]},"message_typography_font_weight":"300","message_typography_text_transform":"none","message_typography_font_style":"normal","message_typography_text_decoration":"none","message_typography_line_height":{"unit":"em","size":"1.6","sizes":[]},"message_typography_letter_spacing":{"unit":"px","size":"-0.45","sizes":[]},"success_message_color":"#000000","error_message_color":"#000000","inline_message_color":"#000000"},"elements":[],"isInner":false,"widgetType":"form","elType":"widget"}],"isInner":"","elType":"column"}],"isInner":"","elType":"section"},{"id":"489f748d","settings":{"layout":"full_width","gap":"no","height":"min-height","custom_height":{"unit":"px","size":"50","sizes":[]},"content_position":"middle","background_background":"classic","padding":{"unit":"%","top":"0","right":"5","bottom":"0","left":"5","isLinked":""},"__globals__":{"background_color":""},"_title":"Copyright","background_color":"#F8F3EF","_timestamp_":"v1b1BCenZXN2gxUTBqb0JJSWxJTVlPZz09"},"elements":[{"id":"2933e19b","settings":{"_column_size":"100"},"elements":[{"id":"3bcd04a0","settings":{"title":"\u00a9 All Rights Reserved 2020","header_size":"p","align":"center","__globals__":{"typography_typography":""},"__dynamic__":{"title":"[elementor-tag id=\"c8079a5\" name=\"current-date-time\" settings=\"%7B%22date_format%22%3A%22custom%22%2C%22custom_format%22%3A%22Y%22%2C%22before%22%3A%22%C2%A9%20Flair%20Hair%20%26%20Beauty%20Salon%20London%20%22%7D\"]"},"title_color":"#000000","typography_typography":"custom","typography_font_family":"Roboto","typography_font_size":{"unit":"px","size":"16","sizes":[]},"typography_font_size_tablet":{"unit":"px","size":"14","sizes":[]},"typography_font_weight":"300","typography_text_transform":"none","typography_font_style":"normal","typography_text_decoration":"none","typography_line_height":{"unit":"em","size":"1.6","sizes":[]},"typography_letter_spacing":{"unit":"px","size":"-0.45","sizes":[]}},"elements":[],"isInner":false,"widgetType":"heading","elType":"widget"}],"isInner":"","elType":"column"}],"isInner":"","elType":"section"}],"page_settings":{"background_background":"classic","background_color":"#F2E7DF","page_template":"elementor_header_footer"}}