{"version":"0.4","title":"16545","type":"page","content":[{"id":"19bed6eb","settings":{"layout":"full_width","gap":"no","structure":"20","height":"min-height","custom_height":{"unit":"px","size":"80","sizes":[]},"content_position":"middle","padding":{"unit":"%","top":"0","right":"5","bottom":"0","left":"5","isLinked":""},"margin":{"unit":"px","top":"0","right":"0","bottom":"-80","left":"0","isLinked":""},"z_index":"9995","_title":"Header","html_tag":"header","_timestamp_":"v1b1BCenZXN2gxUTBqb0JJSWxJTVlPZz09"},"elements":[{"id":"274baa7","settings":{"_column_size":"50","_inline_size":"15.225","_inline_size_mobile":"30"},"elements":[{"id":"5d54e8ac","settings":{"image":{"id":"1477","url":"https:\/\/library.elementor.com\/wp-content\/uploads\/2020\/12\/Flair-Logo.png"},"image_size":"full","align":"left","link_to":"custom","width":{"unit":"%","size":"100","sizes":[]},"width_mobile":{"unit":"%","size":"85","sizes":[]},"__dynamic__":{"link":"[elementor-tag id=\"70bb357\" name=\"site-url\" settings=\"%7B%7D\"]"}},"elements":[],"isInner":false,"widgetType":"image","elType":"widget"}],"isInner":"","elType":"column"},{"id":"12c49acd","settings":{"_column_size":"50","align":"flex-end","_inline_size":"84.653","_inline_size_mobile":"70"},"elements":[{"id":"479d5209","settings":{"pointer":"background","animation_text":"rotate","full_width":"stretch","toggle_align":"right","padding_horizontal_menu_item":{"unit":"px","size":"10","sizes":[]},"padding_vertical_menu_item":{"unit":"px","size":"4","sizes":[]},"menu_space_between":{"unit":"px","size":"40","sizes":[]},"_element_width":"auto","__globals__":{"menu_typography_typography":"","toggle_background_color":"","toggle_color":"","background_color_dropdown_item":"","background_color_dropdown_item_hover":"","color_dropdown_item_hover":"","toggle_color_hover":"","pointer_color_menu_item_active":"","color_menu_item_hover_pointer_bg":"","color_menu_item_active":""},"animation_background":"sweep-right","text_align":"center","dropdown_top_distance_tablet":{"unit":"px","size":"22","sizes":[]},"toggle_border_width_tablet":{"unit":"px","size":"1","sizes":[]},"toggle_border_radius_tablet":{"unit":"px","size":"0","sizes":[]},"menu_typography_typography":"custom","menu_typography_font_family":"Roboto","menu_typography_font_size":{"unit":"px","size":"16","sizes":[]},"menu_typography_font_weight":"300","menu_typography_text_transform":"capitalize","menu_typography_font_style":"normal","menu_typography_text_decoration":"none","menu_typography_line_height":{"unit":"px","size":"24","sizes":[]},"menu_typography_letter_spacing":{"unit":"px","size":"-0.45","sizes":[]},"color_menu_item":"#000000","color_menu_item_hover_pointer_bg":"#FFFFFF","pointer_color_menu_item_hover":"#000000","color_menu_item_active":"#000000","pointer_color_menu_item_active":"#F8F3EF","background_color_dropdown_item":"#FFFFFF","color_dropdown_item_hover":"#FFFFFF","background_color_dropdown_item_hover":"#000000","dropdown_typography_typography":"custom","dropdown_typography_font_family":"Roboto","dropdown_typography_font_size":{"unit":"px","size":"14","sizes":[]},"dropdown_typography_font_weight":"300","dropdown_typography_text_transform":"uppercase","dropdown_typography_font_style":"normal","dropdown_typography_text_decoration":"none","dropdown_typography_letter_spacing":{"unit":"px","size":"1.53","sizes":[]},"toggle_color":"#000000","toggle_background_color":"#FFFFFF00","toggle_color_hover":"#000000","dropdown_typography_line_height":{"unit":"em","size":"1.3","sizes":[]},"toggle_border_width":{"unit":"px","size":"0","sizes":[]},"toggle_border_radius":{"unit":"px","size":"0","sizes":[]}},"elements":[],"isInner":false,"widgetType":"nav-menu","elType":"widget"},{"id":"27001609","settings":{"text":"Book now","_margin":{"unit":"px","top":"0","right":"0","bottom":"0","left":"40","isLinked":""},"_element_width":"auto","button_text_color":"#FFFFFF","hover_color":"#000000","button_background_hover_color":"#FFFFFF00","border_border":"solid","border_width":{"unit":"px","top":"1","right":"1","bottom":"1","left":"1","isLinked":"1"},"border_color":"#000000","border_radius":{"unit":"px","top":"0","right":"0","bottom":"0","left":"0","isLinked":"1"},"text_padding":{"unit":"px","top":"15","right":"20","bottom":"15","left":"20","isLinked":""},"__globals__":{"button_text_color":"","hover_color":"","button_background_hover_color":"","button_hover_border_color":"","border_color":""},"text_padding_mobile":{"unit":"px","top":"10","right":"10","bottom":"10","left":"10","isLinked":""},"_margin_mobile":{"unit":"px","top":"0","right":"0","bottom":"0","left":"8","isLinked":""},"typography_typography":"custom","typography_font_family":"Roboto","typography_font_size":{"unit":"px","size":"14","sizes":[]},"typography_font_weight":"300","typography_text_transform":"uppercase","typography_font_style":"normal","typography_text_decoration":"none","typography_line_height":{"unit":"em","size":"1.3","sizes":[]},"typography_letter_spacing":{"unit":"px","size":"1.53","sizes":[]},"background_color":"#000000"},"elements":[],"isInner":false,"widgetType":"button","elType":"widget"}],"isInner":"","elType":"column"}],"isInner":"","elType":"section"}],"page_settings":{"background_background":"classic","background_color":"#F2E7DF","page_template":"elementor_header_footer"}}