{"version":"0.4","title":"16684","type":"page","content":[{"id":"37f0a7fe","settings":{"layout":"full_width","gap":"no","height":"min-height","custom_height":{"unit":"vh","size":"100","sizes":[]},"column_position":"stretch","content_position":"middle","padding":{"unit":"%","top":"0","right":"8","bottom":"0","left":"8","isLinked":""},"custom_height_tablet":{"unit":"vh","size":"","sizes":[]},"_title":"Hero","custom_height_mobile":{"unit":"vh","size":"","sizes":[]}},"elements":[{"id":"3839fa2e","settings":{"_column_size":"100","padding":{"unit":"%","top":"","right":"","bottom":"","left":"","isLinked":"1"},"_inline_size_tablet":"100"},"elements":[{"id":"2ff0f55","settings":{"space":{"unit":"px","size":"315","sizes":[]},"_background_color":"#FFFFFF","_border_border":"solid","_border_width":{"unit":"px","top":"0","right":"200","bottom":"200","left":"0","isLinked":""},"_border_color":"#FFFFFF","_border_radius":{"unit":"px","top":"0","right":"0","bottom":"515","left":"0","isLinked":""},"_element_width":"initial","_element_custom_width":{"unit":"px","size":"515","sizes":[]},"_position":"absolute","_offset_x":{"unit":"%","size":"15","sizes":[]},"space_tablet":{"unit":"px","size":"135","sizes":[]},"_border_width_tablet":{"unit":"px","top":"0","right":"150","bottom":"150","left":"0","isLinked":""},"_border_radius_tablet":{"unit":"px","top":"0","right":"0","bottom":"300","left":"0","isLinked":""},"_element_width_tablet":"initial","_element_custom_width_tablet":{"unit":"px","size":"300","sizes":[]},"space_mobile":{"unit":"px","size":"100","sizes":[]},"_border_width_mobile":{"unit":"px","top":"0","right":"100","bottom":"100","left":"0","isLinked":""},"_element_width_mobile":"initial","_element_custom_width_mobile":{"unit":"px","size":"200","sizes":[]},"_offset_x_tablet":{"unit":"%","size":"50","sizes":[]},"_offset_x_mobile":{"unit":"%","size":"35","sizes":[]}},"elements":[],"isInner":false,"widgetType":"spacer","elType":"widget"},{"id":"67ea7b5e","settings":{"image":{"id":16721,"url":"http:\/\/library.elementor.com\/lp\/wp-content\/uploads\/2021\/01\/12_HR_Saas-Logo@2x.png"},"image_size":"full","align":"left","_margin":{"unit":"%","top":"","right":"","bottom":"","left":"","isLinked":"1"},"_element_width":"auto","_z_index":"1","width_tablet":{"unit":"px","size":"130","sizes":[]},"width_mobile":{"unit":"px","size":"95","sizes":[]},"_position":"absolute","_offset_y":{"unit":"%","size":"8","sizes":[]},"_offset_y_tablet":{"unit":"%","size":"4","sizes":[]},"_offset_y_mobile":{"unit":"%","size":"5","sizes":[]},"width":{"unit":"px","size":"159","sizes":[]}},"elements":[],"isInner":false,"widgetType":"image","elType":"widget"},{"id":"26361fbc","settings":{"layout":"full_width","gap":"no","z_index":"1","margin":{"unit":"%","top":"","right":"0","bottom":"","left":"0","isLinked":"1"},"margin_tablet":{"unit":"%","top":"5","right":"0","bottom":"0","left":"0","isLinked":""},"padding":{"unit":"%","top":"","right":"","bottom":"","left":"","isLinked":"1"},"margin_mobile":{"unit":"%","top":"30","right":"0","bottom":"0","left":"0","isLinked":""},"custom_height_inner":{"unit":"px","size":"799","sizes":[]},"content_position":"middle","structure":"20"},"elements":[{"id":"61e8ba89","settings":{"_column_size":"50","_inline_size_tablet":"100","space_between_widgets_mobile":"15"},"elements":[{"id":"19d2ba70","settings":{"title":"HR management  platform, helping \u2028your business \u2028grow","header_size":"h1","title_color":"#07023A","__globals__":{"typography_typography":""},"typography_typography":"custom","typography_font_family":"Poppins","typography_font_size":{"unit":"px","size":"65","sizes":[]},"typography_font_weight":"700","typography_text_transform":"none","typography_font_style":"normal","typography_text_decoration":"none","typography_line_height":{"unit":"em","size":"1.2","sizes":[]},"typography_letter_spacing":{"unit":"px","size":"0","sizes":[]},"typography_font_size_tablet":{"unit":"px","size":"45","sizes":[]},"typography_font_size_mobile":{"unit":"px","size":"32","sizes":[]},"_margin":{"unit":"%","top":"","right":"","bottom":"","left":"","isLinked":"1"}},"elements":[],"isInner":false,"widgetType":"heading","elType":"widget"},{"id":"4d0b8500","settings":{"editor":"<p>Hoopi offers you a flexible HR platform for all of your enterprise needs. Take full control of your business growth and employee success.<\/p>","text_color":"#07023A","__globals__":{"typography_typography":""},"_margin_mobile":{"unit":"px","top":"0","right":"0","bottom":"-14","left":"0","isLinked":""},"typography_typography":"custom","typography_font_family":"Roboto","typography_font_size":{"unit":"px","size":"20","sizes":[]},"typography_font_size_tablet":{"unit":"px","size":"16","sizes":[]},"typography_font_size_mobile":{"unit":"px","size":"14","sizes":[]},"typography_font_weight":"400","typography_text_transform":"none","typography_font_style":"normal","typography_text_decoration":"none","typography_line_height":{"unit":"em","size":"1.2","sizes":[]},"typography_letter_spacing":{"unit":"px","size":"0","sizes":[]},"_margin":{"unit":"%","top":"0","right":"20","bottom":"0","left":"0","isLinked":""},"_padding":{"unit":"%","top":"","right":"","bottom":"","left":"","isLinked":"1"}},"elements":[],"isInner":false,"widgetType":"text-editor","elType":"widget"},{"id":"252e09f4","settings":{"text":"Request Online Demo","button_text_color":"#FFFFFF","background_color":"#FF5670","button_background_hover_color":"#07023A","border_radius":{"unit":"px","top":"49","right":"49","bottom":"49","left":"49","isLinked":"1"},"text_padding":{"unit":"px","top":"18","right":"30","bottom":"18","left":"30","isLinked":""},"__globals__":{"typography_typography":""},"hover_animation":"grow","typography_typography":"custom","typography_font_family":"Poppins","typography_font_size":{"unit":"px","size":"14","sizes":[]},"typography_font_size_mobile":{"unit":"px","size":"12","sizes":[]},"typography_font_weight":"700","typography_text_transform":"uppercase","typography_font_style":"normal","typography_text_decoration":"none","typography_line_height":{"unit":"em","size":"1","sizes":[]},"typography_letter_spacing":{"unit":"px","size":"2","sizes":[]}},"elements":[],"isInner":false,"widgetType":"button","elType":"widget"}],"isInner":"1","elType":"column"},{"id":"7b4f54ab","settings":{"_column_size":"50","_inline_size_tablet":"100","content_position":"center","align":"center","margin_tablet":{"unit":"%","top":"10","right":"0","bottom":"0","left":"0","isLinked":""},"margin_mobile":{"unit":"%","top":"15","right":"0","bottom":"0","left":"0","isLinked":""},"padding_tablet":{"unit":"%","top":"0","right":"15","bottom":"0","left":"15","isLinked":""},"padding_mobile":{"unit":"%","top":"0","right":"10","bottom":"0","left":"10","isLinked":""}},"elements":[{"id":"879bbe6","settings":{"space":{"unit":"px","size":"165","sizes":[]},"_margin":{"unit":"px","top":"380","right":"-190","bottom":"0","left":"165","isLinked":""},"_background_color":"#FF5670","_border_border":"solid","_border_width":{"unit":"px","top":"0","right":"165","bottom":"165","left":"0","isLinked":""},"_border_color":"#FF5670","_border_radius":{"unit":"px","top":"0","right":"0","bottom":"330","left":"0","isLinked":""},"_element_width":"initial","_element_custom_width":{"unit":"px","size":"330","sizes":[]},"_position":"absolute","_offset_orientation_h":"end","_offset_x":{"unit":"%","size":"10","sizes":[]},"_offset_x_end":{"size":"","unit":"px"},"_offset_y":{"size":"","unit":"px"},"space_tablet":{"unit":"px","size":"120","sizes":[]},"_margin_tablet":{"unit":"px","top":"260","right":"-120","bottom":"0","left":"150","isLinked":""},"_element_width_tablet":"initial","_element_custom_width_tablet":{"unit":"px","size":"300","sizes":[]},"space_mobile":{"unit":"px","size":"72","sizes":[]},"_margin_mobile":{"unit":"px","top":"165","right":"-65","bottom":"0","left":"90","isLinked":""},"_border_width_mobile":{"unit":"px","top":"0","right":"50","bottom":"50","left":"0","isLinked":""},"_element_width_mobile":"initial","_element_custom_width_mobile":{"unit":"px","size":"150","sizes":[]},"_animation":"rotateIn"},"elements":[],"isInner":false,"widgetType":"spacer","elType":"widget"},{"id":"42d530a2","settings":{"image":{"id":16723,"url":"http:\/\/library.elementor.com\/lp\/wp-content\/uploads\/2021\/01\/12_HR_Saas-Hero.jpg"},"image_size":"full","image_border_radius":{"unit":"%","top":"50","right":"50","bottom":"50","left":"50","isLinked":"1"},"_z_index":"1","_border_width":{"unit":"px","top":"0","right":"80","bottom":"80","left":"0","isLinked":""},"_border_color":"#FF5670","_element_custom_width":{"unit":"px","size":"856","sizes":[]},"width_tablet":{"unit":"px","size":"","sizes":[]},"hover_animation":"rotate"},"elements":[],"isInner":false,"widgetType":"image","elType":"widget"}],"isInner":"1","elType":"column"}],"isInner":"1","elType":"section"}],"isInner":"","elType":"column"}],"isInner":"","elType":"section"},{"id":"2d3da3a2","settings":{"layout":"full_width","gap":"no","background_background":"classic","background_color":"#FBFDFF","padding":{"unit":"%","top":"5","right":"7","bottom":"5","left":"7","isLinked":""},"content_position":"middle","margin":{"unit":"%","top":"5","right":"0","bottom":"0","left":"0","isLinked":""},"margin_tablet":{"unit":"%","top":"10","right":"0","bottom":"0","left":"0","isLinked":""},"_title":"Clients","margin_mobile":{"unit":"%","top":"30","right":"0","bottom":"0","left":"0","isLinked":""},"padding_mobile":{"unit":"%","top":"10","right":"8","bottom":"10","left":"8","isLinked":""}},"elements":[{"id":"7ce2dbbd","settings":{"_column_size":"100","space_between_widgets":"40","space_between_widgets_tablet":"20"},"elements":[{"id":"1e77cac1","settings":{"title":"Trusted by leading brands","header_size":"h3","align":"center","title_color":"#D4D2DF","typography_typography":"custom","typography_font_family":"Poppins","typography_font_size":{"unit":"px","size":"24","sizes":[]},"typography_font_weight":"500","typography_text_transform":"uppercase","typography_font_style":"normal","typography_text_decoration":"none","typography_line_height":{"unit":"em","size":"1.4","sizes":[]},"typography_letter_spacing":{"unit":"px","size":"8.67","sizes":[]},"typography_font_size_tablet":{"unit":"px","size":"20","sizes":[]},"typography_font_size_mobile":{"unit":"px","size":"18","sizes":[]}},"elements":[],"isInner":false,"widgetType":"heading","elType":"widget"},{"id":"275b6ed","settings":{"view":"inline","icon_list":[{"text":"","selected_icon":{"value":{"id":16725,"url":"http:\/\/library.elementor.com\/lp\/wp-content\/uploads\/2021\/01\/12_HR_Saas-Clients-Logo_1.svg"},"library":"svg"},"_id":"be9a523"},{"text":"","selected_icon":{"value":{"id":16727,"url":"http:\/\/library.elementor.com\/lp\/wp-content\/uploads\/2021\/01\/12_HR_Saas-Clients-Logo_2.svg"},"library":"svg"},"_id":"13a22c9"},{"text":"","selected_icon":{"value":{"id":16729,"url":"http:\/\/library.elementor.com\/lp\/wp-content\/uploads\/2021\/01\/12_HR_Saas-Clients-Logo_3.svg"},"library":"svg"},"_id":"2321f66"},{"text":"","selected_icon":{"value":{"id":16731,"url":"http:\/\/library.elementor.com\/lp\/wp-content\/uploads\/2021\/01\/12_HR_Saas-Clients-Logo_4.svg"},"library":"svg"},"_id":"e122632"},{"text":"","selected_icon":{"value":{"id":16733,"url":"http:\/\/library.elementor.com\/lp\/wp-content\/uploads\/2021\/01\/12_HR_Saas-Clients-Logo_5.svg"},"library":"svg"},"_id":"7737591"}],"space_between":{"unit":"px","size":"45","sizes":[]},"icon_align":"center","icon_color":"#07023A","icon_size":{"unit":"px","size":"196","sizes":[]},"text_indent":{"unit":"px","size":"0","sizes":[]},"space_between_tablet":{"unit":"px","size":"17","sizes":[]},"icon_size_tablet":{"unit":"px","size":"115","sizes":[]},"_margin_tablet":{"unit":"%","top":"","right":"","bottom":"","left":"","isLinked":"1"},"space_between_mobile":{"unit":"px","size":"20","sizes":[]},"icon_size_mobile":{"unit":"px","size":"120","sizes":[]}},"elements":[],"isInner":false,"widgetType":"icon-list","elType":"widget"}],"isInner":"","elType":"column"}],"isInner":"","elType":"section"},{"id":"74cf09f9","settings":{"content_width":{"unit":"px","size":"960","sizes":[]},"gap":"no","margin":{"unit":"%","top":"15","right":"0","bottom":"0","left":"0","isLinked":""},"padding":{"unit":"%","top":"","right":"","bottom":"","left":"","isLinked":"1"},"padding_tablet":{"unit":"%","top":"0","right":"12","bottom":"0","left":"12","isLinked":""},"margin_tablet":{"unit":"%","top":"20","right":"0","bottom":"0","left":"0","isLinked":""},"_title":"Options (Title)","margin_mobile":{"unit":"%","top":"30","right":"0","bottom":"0","left":"0","isLinked":""}},"elements":[{"id":"1dde82c2","settings":{"_column_size":"100"},"elements":[{"id":"724ec50","settings":{"title":"Leverage your business to new heights with full human resources management control","align":"center","title_color":"#07023A","__globals__":{"typography_typography":""},"typography_typography":"custom","typography_font_family":"Poppins","typography_font_size":{"unit":"px","size":"42","sizes":[]},"typography_font_size_tablet":{"unit":"px","size":"28","sizes":[]},"typography_font_size_mobile":{"unit":"px","size":"22","sizes":[]},"typography_font_weight":"700","typography_text_transform":"none","typography_font_style":"normal","typography_text_decoration":"none","typography_line_height":{"unit":"em","size":"1.2","sizes":[]},"typography_letter_spacing":{"unit":"px","size":"0","sizes":[]}},"elements":[],"isInner":false,"widgetType":"heading","elType":"widget"},{"id":"7fe49ed3","settings":{"editor":"Hoopi focuses on the important things and improves HR processes and decisions from hiring to retiring, using an interface that is user-friendly and easy to use.","align":"center","text_color":"#07023A","__globals__":{"typography_typography":""},"typography_typography":"custom","typography_font_family":"Roboto","typography_font_size":{"unit":"px","size":"20","sizes":[]},"typography_font_size_tablet":{"unit":"px","size":"16","sizes":[]},"typography_font_size_mobile":{"unit":"px","size":"14","sizes":[]},"typography_font_weight":"400","typography_text_transform":"none","typography_font_style":"normal","typography_text_decoration":"none","typography_line_height":{"unit":"em","size":"1.2","sizes":[]},"typography_letter_spacing":{"unit":"px","size":"0","sizes":[]}},"elements":[],"isInner":false,"widgetType":"text-editor","elType":"widget"}],"isInner":"","elType":"column"}],"isInner":"","elType":"section"},{"id":"5fda8677","settings":{"layout":"full_width","gap":"no","structure":"40","padding":{"unit":"%","top":"0","right":"8","bottom":"0","left":"8","isLinked":""},"margin":{"unit":"%","top":"5","right":"0","bottom":"0","left":"0","isLinked":""},"margin_tablet":{"unit":"%","top":"10","right":"0","bottom":"0","left":"0","isLinked":""},"_title":"Options"},"elements":[{"id":"405622fc","settings":{"_column_size":"25","align":"center","space_between_widgets":"0","margin":{"unit":"%","top":"0","right":"14","bottom":"0","left":"0","isLinked":""},"_inline_size_tablet":"50","margin_tablet":{"unit":"%","top":"0","right":"15","bottom":"0","left":"0","isLinked":""},"margin_mobile":{"unit":"px","top":"0","right":"0","bottom":"0","left":"0","isLinked":""}},"elements":[{"id":"41484397","settings":{"space":{"unit":"px","size":"56","sizes":[]},"_margin":{"unit":"px","top":"-5","right":"15","bottom":"0","left":"-15","isLinked":""},"_background_background":"classic","_background_color":"#FFFFFF","_border_radius":{"unit":"px","top":"50","right":"50","bottom":"50","left":"50","isLinked":"1"},"_element_width":"initial","_element_custom_width":{"unit":"px","size":"56","sizes":[]},"_position":"absolute","_offset_x":{"unit":"px","size":"","sizes":[]},"_animation":"zoomIn"},"elements":[],"isInner":false,"widgetType":"spacer","elType":"widget"},{"id":"5148e06f","settings":{"selected_icon":{"value":{"id":16735,"url":"http:\/\/library.elementor.com\/lp\/wp-content\/uploads\/2021\/01\/12_HR_Saas-RecruitingOnboarding.svg"},"library":"svg"},"title_text":"Recruiting &amp; Onboarding","description_text":"Monitor the recruiting process<br> from searching to hiring","title_size":"h4","primary_color":"#07023A","icon_space":{"unit":"px","size":"30","sizes":[]},"icon_size":{"unit":"px","size":"52","sizes":[]},"title_bottom_space":{"unit":"px","size":"28","sizes":[]},"title_color":"#07023A","description_color":"#07023A","_z_index":"1","__globals__":{"title_typography_typography":"","description_typography_typography":""},"icon_space_mobile":{"unit":"px","size":"20","sizes":[]},"title_bottom_space_mobile":{"unit":"px","size":"20","sizes":[]},"title_typography_typography":"custom","title_typography_font_family":"Poppins","title_typography_font_size":{"unit":"px","size":"18","sizes":[]},"title_typography_font_size_tablet":{"unit":"px","size":"16","sizes":[]},"title_typography_font_weight":"700","title_typography_text_transform":"none","title_typography_font_style":"normal","title_typography_text_decoration":"none","title_typography_line_height":{"unit":"em","size":"1.2","sizes":[]},"title_typography_letter_spacing":{"unit":"px","size":"2","sizes":[]},"description_typography_typography":"custom","description_typography_font_family":"Roboto","description_typography_font_size":{"unit":"px","size":"16","sizes":[]},"description_typography_font_size_tablet":{"unit":"px","size":"14","sizes":[]},"description_typography_font_weight":"400","description_typography_text_transform":"none","description_typography_font_style":"normal","description_typography_text_decoration":"none","description_typography_line_height":{"unit":"em","size":"1.4","sizes":[]},"description_typography_letter_spacing":{"unit":"px","size":"0","sizes":[]}},"elements":[],"isInner":false,"widgetType":"icon-box","elType":"widget"}],"isInner":"","elType":"column"},{"id":"38d62a3a","settings":{"_column_size":"25","align":"center","space_between_widgets":"0","margin":{"unit":"%","top":"0","right":"7","bottom":"0","left":"7","isLinked":""},"_inline_size_tablet":"50","margin_tablet":{"unit":"%","top":"0","right":"0","bottom":"0","left":"15","isLinked":""},"margin_mobile":{"unit":"%","top":"20","right":"0","bottom":"0","left":"0","isLinked":""}},"elements":[{"id":"7781e8c7","settings":{"space":{"unit":"px","size":"56","sizes":[]},"_margin":{"unit":"px","top":"-5","right":"15","bottom":"0","left":"-15","isLinked":""},"_background_background":"classic","_background_color":"#FFFFFF","_border_radius":{"unit":"px","top":"50","right":"50","bottom":"50","left":"50","isLinked":"1"},"_element_width":"initial","_element_custom_width":{"unit":"px","size":"56","sizes":[]},"_position":"absolute","_offset_x":{"unit":"px","size":"","sizes":[]},"_animation":"zoomIn","_animation_delay":"200"},"elements":[],"isInner":false,"widgetType":"spacer","elType":"widget"},{"id":"57816d0b","settings":{"selected_icon":{"value":{"id":16737,"url":"http:\/\/library.elementor.com\/lp\/wp-content\/uploads\/2021\/01\/12_HR_Saas-Fully_Integrated.svg"},"library":"svg"},"title_text":"Fully Integrated","description_text":"Complete set of integrated<br>\u2028features  for success","title_size":"h4","primary_color":"#07023A","icon_space":{"unit":"px","size":"30","sizes":[]},"icon_size":{"unit":"px","size":"52","sizes":[]},"title_bottom_space":{"unit":"px","size":"28","sizes":[]},"title_color":"#07023A","description_color":"#07023A","_z_index":"1","__globals__":{"title_typography_typography":"","description_typography_typography":""},"icon_space_mobile":{"unit":"px","size":"20","sizes":[]},"title_bottom_space_mobile":{"unit":"px","size":"20","sizes":[]},"title_typography_typography":"custom","title_typography_font_family":"Poppins","title_typography_font_size":{"unit":"px","size":"18","sizes":[]},"title_typography_font_size_tablet":{"unit":"px","size":"16","sizes":[]},"title_typography_font_weight":"700","title_typography_text_transform":"none","title_typography_font_style":"normal","title_typography_text_decoration":"none","title_typography_line_height":{"unit":"em","size":"1.2","sizes":[]},"title_typography_letter_spacing":{"unit":"px","size":"2","sizes":[]},"description_typography_typography":"custom","description_typography_font_family":"Roboto","description_typography_font_size":{"unit":"px","size":"16","sizes":[]},"description_typography_font_size_tablet":{"unit":"px","size":"14","sizes":[]},"description_typography_font_weight":"400","description_typography_text_transform":"none","description_typography_font_style":"normal","description_typography_text_decoration":"none","description_typography_line_height":{"unit":"em","size":"1.4","sizes":[]},"description_typography_letter_spacing":{"unit":"px","size":"0","sizes":[]}},"elements":[],"isInner":false,"widgetType":"icon-box","elType":"widget"}],"isInner":"","elType":"column"},{"id":"f40e836","settings":{"_column_size":"25","align":"center","space_between_widgets":"0","margin":{"unit":"%","top":"0","right":"7","bottom":"0","left":"7","isLinked":""},"_inline_size_tablet":"50","margin_tablet":{"unit":"%","top":"20","right":"15","bottom":"0","left":"0","isLinked":""},"margin_mobile":{"unit":"%","top":"20","right":"0","bottom":"0","left":"0","isLinked":""}},"elements":[{"id":"6962b42b","settings":{"space":{"unit":"px","size":"56","sizes":[]},"_margin":{"unit":"px","top":"-5","right":"15","bottom":"0","left":"-15","isLinked":""},"_background_background":"classic","_background_color":"#FFFFFF","_border_radius":{"unit":"px","top":"50","right":"50","bottom":"50","left":"50","isLinked":"1"},"_element_width":"initial","_element_custom_width":{"unit":"px","size":"56","sizes":[]},"_position":"absolute","_offset_x":{"unit":"px","size":"","sizes":[]},"_animation":"zoomIn","_animation_delay":"300"},"elements":[],"isInner":false,"widgetType":"spacer","elType":"widget"},{"id":"2a8f91a0","settings":{"selected_icon":{"value":{"id":16739,"url":"http:\/\/library.elementor.com\/lp\/wp-content\/uploads\/2021\/01\/12_HR_Saas-Employee_Management.svg"},"library":"svg"},"title_text":"Employee Management","description_text":"Engage with your employees\u2028<br>to create a better HR process","title_size":"h4","primary_color":"#07023A","icon_space":{"unit":"px","size":"30","sizes":[]},"icon_size":{"unit":"px","size":"52","sizes":[]},"title_bottom_space":{"unit":"px","size":"28","sizes":[]},"title_color":"#07023A","description_color":"#07023A","_z_index":"1","__globals__":{"title_typography_typography":"","description_typography_typography":""},"icon_space_mobile":{"unit":"px","size":"20","sizes":[]},"title_bottom_space_mobile":{"unit":"px","size":"20","sizes":[]},"title_typography_typography":"custom","title_typography_font_family":"Poppins","title_typography_font_size":{"unit":"px","size":"18","sizes":[]},"title_typography_font_size_tablet":{"unit":"px","size":"16","sizes":[]},"title_typography_font_weight":"700","title_typography_text_transform":"none","title_typography_font_style":"normal","title_typography_text_decoration":"none","title_typography_line_height":{"unit":"em","size":"1.2","sizes":[]},"title_typography_letter_spacing":{"unit":"px","size":"2","sizes":[]},"description_typography_typography":"custom","description_typography_font_family":"Roboto","description_typography_font_size":{"unit":"px","size":"16","sizes":[]},"description_typography_font_size_tablet":{"unit":"px","size":"14","sizes":[]},"description_typography_font_weight":"400","description_typography_text_transform":"none","description_typography_font_style":"normal","description_typography_text_decoration":"none","description_typography_line_height":{"unit":"em","size":"1.4","sizes":[]},"description_typography_letter_spacing":{"unit":"px","size":"0","sizes":[]}},"elements":[],"isInner":false,"widgetType":"icon-box","elType":"widget"}],"isInner":"","elType":"column"},{"id":"35332449","settings":{"_column_size":"25","align":"center","space_between_widgets":"0","margin":{"unit":"%","top":"0","right":"0","bottom":"0","left":"14","isLinked":""},"_inline_size_tablet":"50","margin_tablet":{"unit":"%","top":"20","right":"0","bottom":"0","left":"15","isLinked":""},"margin_mobile":{"unit":"%","top":"20","right":"0","bottom":"0","left":"0","isLinked":""}},"elements":[{"id":"52a60768","settings":{"space":{"unit":"px","size":"56","sizes":[]},"_margin":{"unit":"px","top":"-5","right":"15","bottom":"0","left":"-15","isLinked":""},"_background_background":"classic","_background_color":"#FFFFFF","_border_radius":{"unit":"px","top":"50","right":"50","bottom":"50","left":"50","isLinked":"1"},"_element_width":"initial","_element_custom_width":{"unit":"px","size":"56","sizes":[]},"_position":"absolute","_offset_x":{"unit":"px","size":"","sizes":[]},"_animation":"zoomIn","_animation_delay":"400"},"elements":[],"isInner":false,"widgetType":"spacer","elType":"widget"},{"id":"21f17d89","settings":{"selected_icon":{"value":{"id":16741,"url":"http:\/\/library.elementor.com\/lp\/wp-content\/uploads\/2021\/01\/12_HR_Saas-Build_for_scalability.svg"},"library":"svg"},"title_text":"Built for Scalability","description_text":"HR platform for small to large business, with the power to grow with your company","title_size":"h4","primary_color":"#07023A","icon_space":{"unit":"px","size":"30","sizes":[]},"icon_size":{"unit":"px","size":"52","sizes":[]},"title_bottom_space":{"unit":"px","size":"28","sizes":[]},"title_color":"#07023A","description_color":"#07023A","_z_index":"1","__globals__":{"title_typography_typography":"","description_typography_typography":""},"icon_space_mobile":{"unit":"px","size":"20","sizes":[]},"title_bottom_space_mobile":{"unit":"px","size":"20","sizes":[]},"title_typography_typography":"custom","title_typography_font_family":"Poppins","title_typography_font_size":{"unit":"px","size":"18","sizes":[]},"title_typography_font_size_tablet":{"unit":"px","size":"16","sizes":[]},"title_typography_font_weight":"700","title_typography_text_transform":"none","title_typography_font_style":"normal","title_typography_text_decoration":"none","title_typography_line_height":{"unit":"em","size":"1.2","sizes":[]},"title_typography_letter_spacing":{"unit":"px","size":"2","sizes":[]},"description_typography_typography":"custom","description_typography_font_family":"Roboto","description_typography_font_size":{"unit":"px","size":"16","sizes":[]},"description_typography_font_size_tablet":{"unit":"px","size":"14","sizes":[]},"description_typography_font_weight":"400","description_typography_text_transform":"none","description_typography_font_style":"normal","description_typography_text_decoration":"none","description_typography_line_height":{"unit":"em","size":"1.4","sizes":[]},"description_typography_letter_spacing":{"unit":"px","size":"0","sizes":[]}},"elements":[],"isInner":false,"widgetType":"icon-box","elType":"widget"}],"isInner":"","elType":"column"}],"isInner":"","elType":"section"},{"id":"66607587","settings":{"layout":"full_width","gap":"no","margin":{"unit":"%","top":"15","right":"0","bottom":"0","left":"0","isLinked":""},"margin_tablet":{"unit":"%","top":"20","right":"0","bottom":"0","left":"0","isLinked":""},"_title":"Dashboard","margin_mobile":{"unit":"%","top":"30","right":"0","bottom":"0","left":"0","isLinked":""}},"elements":[{"id":"358d0230","settings":{"_column_size":"100"},"elements":[{"id":"29fce235","settings":{"space":{"unit":"px","size":"150","sizes":[]},"_background_color":"#FFFFFF","_border_border":"solid","_border_width":{"unit":"px","top":"120","right":"120","bottom":"0","left":"0","isLinked":""},"_border_color":"#C8D3E3","_border_radius":{"unit":"px","top":"0","right":"300","bottom":"0","left":"0","isLinked":""},"_element_width":"initial","_element_custom_width":{"unit":"px","size":"300","sizes":[]},"_position":"absolute","_offset_x":{"unit":"%","size":"0","sizes":[]},"_offset_y":{"unit":"%","size":"10","sizes":[]},"space_mobile":{"unit":"px","size":"120","sizes":[]},"_border_width_mobile":{"unit":"px","top":"80","right":"80","bottom":"0","left":"0","isLinked":""},"_element_width_mobile":"initial","_element_custom_width_mobile":{"unit":"px","size":"190","sizes":[]}},"elements":[],"isInner":false,"widgetType":"spacer","elType":"widget"},{"id":"7ccbc43c","settings":{"space":{"unit":"px","size":"150","sizes":[]},"_background_color":"#FFFFFF","_border_border":"solid","_border_width":{"unit":"px","top":"0","right":"0","bottom":"120","left":"120","isLinked":""},"_border_color":"#FFFFFF","_border_radius":{"unit":"px","top":"0","right":"0","bottom":"0","left":"300","isLinked":""},"_element_width":"initial","_element_custom_width":{"unit":"px","size":"300","sizes":[]},"_position":"absolute","_offset_orientation_h":"end","_offset_x":{"unit":"%","size":"0","sizes":[]},"_offset_orientation_v":"end","_offset_y_end":{"unit":"%","size":"10","sizes":[]},"space_mobile":{"unit":"px","size":"120","sizes":[]},"_border_width_mobile":{"unit":"px","top":"0","right":"0","bottom":"80","left":"80","isLinked":""},"_element_width_mobile":"initial","_element_custom_width_mobile":{"unit":"px","size":"190","sizes":[]}},"elements":[],"isInner":false,"widgetType":"spacer","elType":"widget"},{"id":"51efd713","settings":{"gap":"no","margin":{"unit":"px","top":"0","right":"0","bottom":"0","left":"0","isLinked":""},"z_index":"1","content_width":{"unit":"px","size":"960","sizes":[]},"padding_tablet":{"unit":"%","top":"0","right":"12","bottom":"0","left":"12","isLinked":""},"padding_mobile":{"unit":"%","top":"0","right":"8","bottom":"0","left":"8","isLinked":""}},"elements":[{"id":"757fa170","settings":{"_column_size":"100"},"elements":[{"id":"5e0cc5d9","settings":{"title":"Putting employees first while helping your business growth","align":"center","title_color":"#07023A","__globals__":{"typography_typography":""},"typography_typography":"custom","typography_font_family":"Poppins","typography_font_size":{"unit":"px","size":"42","sizes":[]},"typography_font_size_tablet":{"unit":"px","size":"28","sizes":[]},"typography_font_size_mobile":{"unit":"px","size":"22","sizes":[]},"typography_font_weight":"700","typography_text_transform":"none","typography_font_style":"normal","typography_text_decoration":"none","typography_line_height":{"unit":"em","size":"1.2","sizes":[]},"typography_letter_spacing":{"unit":"px","size":"0","sizes":[]}},"elements":[],"isInner":false,"widgetType":"heading","elType":"widget"},{"id":"9093bff","settings":{"editor":"<p>Take a quick look at the Hoopi HR platform<\/p>","align":"center","text_color":"#07023A","__globals__":{"typography_typography":""},"typography_typography":"custom","typography_font_family":"Roboto","typography_font_size":{"unit":"px","size":"20","sizes":[]},"typography_font_size_tablet":{"unit":"px","size":"16","sizes":[]},"typography_font_size_mobile":{"unit":"px","size":"14","sizes":[]},"typography_font_weight":"400","typography_text_transform":"none","typography_font_style":"normal","typography_text_decoration":"none","typography_line_height":{"unit":"em","size":"1.2","sizes":[]},"typography_letter_spacing":{"unit":"px","size":"0","sizes":[]}},"elements":[],"isInner":false,"widgetType":"text-editor","elType":"widget"},{"id":"4658f25c","settings":{"youtube_url":"https:\/\/www.youtube.com\/watch?v=XHOmBV4js_E","vimeo_url":"https:\/\/vimeo.com\/235215203","dailymotion_url":"https:\/\/www.dailymotion.com\/video\/x6tqhqb","show_image_overlay":"yes","image_overlay":{"id":16743,"url":"http:\/\/library.elementor.com\/lp\/wp-content\/uploads\/2021\/01\/12_HR_Saas-Dashboard.png"},"play_icon_color":"#07023A","play_icon_size":{"unit":"px","size":"75","sizes":[]},"play_icon_size_tablet":{"unit":"px","size":"55","sizes":[]},"play_icon_text_shadow_text_shadow_type":"yes","_margin":{"unit":"%","top":"2","right":"0","bottom":"0","left":"0","isLinked":""},"_padding":{"unit":"%","top":"7","right":"10","bottom":"7","left":"10","isLinked":""},"_background_background":"classic","_background_color":"#FFFFFF"},"elements":[],"isInner":false,"widgetType":"video","elType":"widget"},{"id":"5548a7a2","settings":{"text":"Request Online Demo","align":"center","button_text_color":"#FFFFFF","background_color":"#FF5670","button_background_hover_color":"#07023A","border_radius":{"unit":"px","top":"49","right":"49","bottom":"49","left":"49","isLinked":"1"},"text_padding":{"unit":"px","top":"18","right":"30","bottom":"18","left":"30","isLinked":""},"__globals__":{"typography_typography":""},"_margin":{"unit":"%","top":"5","right":"0","bottom":"0","left":"0","isLinked":""},"hover_animation":"grow","typography_typography":"custom","typography_font_family":"Poppins","typography_font_size":{"unit":"px","size":"14","sizes":[]},"typography_font_size_mobile":{"unit":"px","size":"12","sizes":[]},"typography_font_weight":"700","typography_text_transform":"uppercase","typography_font_style":"normal","typography_text_decoration":"none","typography_line_height":{"unit":"em","size":"1","sizes":[]},"typography_letter_spacing":{"unit":"px","size":"2","sizes":[]}},"elements":[],"isInner":false,"widgetType":"button","elType":"widget"}],"isInner":"1","elType":"column"}],"isInner":"1","elType":"section"}],"isInner":"","elType":"column"}],"isInner":"","elType":"section"},{"id":"53addfc4","settings":{"layout":"full_width","gap":"no","margin":{"unit":"%","top":"15","right":"0","bottom":"0","left":"0","isLinked":""},"padding":{"unit":"%","top":"0","right":"8","bottom":"0","left":"8","isLinked":""},"margin_tablet":{"unit":"%","top":"20","right":"0","bottom":"0","left":"0","isLinked":""},"_title":"What else","margin_mobile":{"unit":"%","top":"30","right":"0","bottom":"0","left":"0","isLinked":""}},"elements":[{"id":"e166a2c","settings":{"_column_size":"100"},"elements":[{"id":"7beb8967","settings":{"title":"What else can Hoopi<br>\ndo for you?","align":"center","title_color":"#07023A","__globals__":{"typography_typography":""},"typography_typography":"custom","typography_font_family":"Poppins","typography_font_size":{"unit":"px","size":"42","sizes":[]},"typography_font_size_tablet":{"unit":"px","size":"28","sizes":[]},"typography_font_size_mobile":{"unit":"px","size":"22","sizes":[]},"typography_font_weight":"700","typography_text_transform":"none","typography_font_style":"normal","typography_text_decoration":"none","typography_line_height":{"unit":"em","size":"1.2","sizes":[]},"typography_letter_spacing":{"unit":"px","size":"0","sizes":[]}},"elements":[],"isInner":false,"widgetType":"heading","elType":"widget"},{"id":"2568a151","settings":{"layout":"full_width","gap":"no","structure":"40","margin":{"unit":"%","top":"3","right":"0","bottom":"0","left":"0","isLinked":""},"margin_tablet":{"unit":"%","top":"","right":"0","bottom":"","left":"0","isLinked":"1"},"padding_tablet":{"unit":"%","top":"0","right":"0","bottom":"0","left":"10","isLinked":""},"padding_mobile":{"unit":"%","top":"0","right":"10","bottom":"0","left":"10","isLinked":""}},"elements":[{"id":"3734658","settings":{"_column_size":"25","margin":{"unit":"%","top":"0","right":"6","bottom":"0","left":"0","isLinked":""},"padding":{"unit":"%","top":"","right":"","bottom":"","left":"","isLinked":"1"},"_inline_size_tablet":"50","margin_mobile":{"unit":"px","top":"0","right":"0","bottom":"0","left":"0","isLinked":""}},"elements":[{"id":"566480a","settings":{"icon_list":[{"text":"Customize candidate pipeline","selected_icon":{"value":{"id":16745,"url":"http:\/\/library.elementor.com\/lp\/wp-content\/uploads\/2021\/01\/12_HR_Saas-TheShape.svg"},"library":"svg"},"_id":"af43799"},{"text":"Manage employee benefits","selected_icon":{"value":{"id":16745,"url":"http:\/\/library.elementor.com\/lp\/wp-content\/uploads\/2021\/01\/12_HR_Saas-TheShape.svg"},"library":"svg"},"_id":"535eade"}],"space_between":{"unit":"px","size":"40","sizes":[]},"icon_color":"#FF5670","icon_size":{"unit":"px","size":"20","sizes":[]},"text_color":"#07023A","text_indent":{"unit":"px","size":"20","sizes":[]},"__globals__":{"icon_typography_typography":""},"space_between_tablet":{"unit":"px","size":"20","sizes":[]},"icon_size_tablet":{"unit":"px","size":"16","sizes":[]},"icon_typography_typography":"custom","icon_typography_font_family":"Roboto","icon_typography_font_size":{"unit":"px","size":"20","sizes":[]},"icon_typography_font_size_tablet":{"unit":"px","size":"16","sizes":[]},"icon_typography_font_size_mobile":{"unit":"px","size":"14","sizes":[]},"icon_typography_font_weight":"400","icon_typography_text_transform":"none","icon_typography_font_style":"normal","icon_typography_text_decoration":"none","icon_typography_line_height":{"unit":"em","size":"1.2","sizes":[]},"icon_typography_letter_spacing":{"unit":"px","size":"0","sizes":[]}},"elements":[],"isInner":false,"widgetType":"icon-list","elType":"widget"}],"isInner":"1","elType":"column"},{"id":"4dc64c77","settings":{"_column_size":"25","margin":{"unit":"px","top":"0","right":"3","bottom":"0","left":"3","isLinked":""},"_inline_size_tablet":"50","margin_tablet":{"unit":"%","top":"0","right":"0","bottom":"0","left":"7","isLinked":""},"margin_mobile":{"unit":"%","top":"8","right":"0","bottom":"0","left":"0","isLinked":""}},"elements":[{"id":"11868c48","settings":{"icon_list":[{"text":"Time tracking","selected_icon":{"value":{"id":16745,"url":"http:\/\/library.elementor.com\/lp\/wp-content\/uploads\/2021\/01\/12_HR_Saas-TheShape.svg"},"library":"svg"},"_id":"af43799"},{"text":"Health and wellness","selected_icon":{"value":{"id":16745,"url":"http:\/\/library.elementor.com\/lp\/wp-content\/uploads\/2021\/01\/12_HR_Saas-TheShape.svg"},"library":"svg"},"_id":"535eade"}],"space_between":{"unit":"px","size":"40","sizes":[]},"icon_color":"#FF5670","icon_size":{"unit":"px","size":"20","sizes":[]},"text_color":"#07023A","text_indent":{"unit":"px","size":"20","sizes":[]},"__globals__":{"icon_typography_typography":""},"space_between_tablet":{"unit":"px","size":"20","sizes":[]},"icon_size_tablet":{"unit":"px","size":"16","sizes":[]},"icon_typography_typography":"custom","icon_typography_font_family":"Roboto","icon_typography_font_size":{"unit":"px","size":"20","sizes":[]},"icon_typography_font_size_tablet":{"unit":"px","size":"16","sizes":[]},"icon_typography_font_size_mobile":{"unit":"px","size":"14","sizes":[]},"icon_typography_font_weight":"400","icon_typography_text_transform":"none","icon_typography_font_style":"normal","icon_typography_text_decoration":"none","icon_typography_line_height":{"unit":"em","size":"1.2","sizes":[]},"icon_typography_letter_spacing":{"unit":"px","size":"0","sizes":[]}},"elements":[],"isInner":false,"widgetType":"icon-list","elType":"widget"}],"isInner":"1","elType":"column"},{"id":"9cb7076","settings":{"_column_size":"25","margin":{"unit":"%","top":"0","right":"3","bottom":"0","left":"3","isLinked":""},"_inline_size_tablet":"50","margin_tablet":{"unit":"%","top":"7","right":"7","bottom":"0","left":"0","isLinked":""},"margin_mobile":{"unit":"%","top":"8","right":"0","bottom":"0","left":"0","isLinked":""}},"elements":[{"id":"587f4694","settings":{"icon_list":[{"text":"Payroll and compensation","selected_icon":{"value":{"id":16745,"url":"http:\/\/library.elementor.com\/lp\/wp-content\/uploads\/2021\/01\/12_HR_Saas-TheShape.svg"},"library":"svg"},"_id":"af43799"},{"text":"Organize data and information","selected_icon":{"value":{"id":16745,"url":"http:\/\/library.elementor.com\/lp\/wp-content\/uploads\/2021\/01\/12_HR_Saas-TheShape.svg"},"library":"svg"},"_id":"535eade"}],"space_between":{"unit":"px","size":"40","sizes":[]},"icon_color":"#FF5670","icon_size":{"unit":"px","size":"20","sizes":[]},"text_color":"#07023A","text_indent":{"unit":"px","size":"20","sizes":[]},"__globals__":{"icon_typography_typography":""},"space_between_tablet":{"unit":"px","size":"20","sizes":[]},"icon_size_tablet":{"unit":"px","size":"16","sizes":[]},"icon_typography_typography":"custom","icon_typography_font_family":"Roboto","icon_typography_font_size":{"unit":"px","size":"20","sizes":[]},"icon_typography_font_size_tablet":{"unit":"px","size":"16","sizes":[]},"icon_typography_font_size_mobile":{"unit":"px","size":"14","sizes":[]},"icon_typography_font_weight":"400","icon_typography_text_transform":"none","icon_typography_font_style":"normal","icon_typography_text_decoration":"none","icon_typography_line_height":{"unit":"em","size":"1.2","sizes":[]},"icon_typography_letter_spacing":{"unit":"px","size":"0","sizes":[]}},"elements":[],"isInner":false,"widgetType":"icon-list","elType":"widget"}],"isInner":"1","elType":"column"},{"id":"b503851","settings":{"_column_size":"25","margin":{"unit":"%","top":"0","right":"0","bottom":"0","left":"6","isLinked":""},"_inline_size_tablet":"50","margin_tablet":{"unit":"%","top":"7","right":"0","bottom":"0","left":"7","isLinked":""},"margin_mobile":{"unit":"%","top":"8","right":"0","bottom":"0","left":"0","isLinked":""}},"elements":[{"id":"1350b9fe","settings":{"icon_list":[{"text":"Events and culture","selected_icon":{"value":{"id":16745,"url":"http:\/\/library.elementor.com\/lp\/wp-content\/uploads\/2021\/01\/12_HR_Saas-TheShape.svg"},"library":"svg"},"_id":"af43799"},{"text":"Secure system","selected_icon":{"value":{"id":16745,"url":"http:\/\/library.elementor.com\/lp\/wp-content\/uploads\/2021\/01\/12_HR_Saas-TheShape.svg"},"library":"svg"},"_id":"535eade"}],"space_between":{"unit":"px","size":"40","sizes":[]},"icon_color":"#FF5670","icon_size":{"unit":"px","size":"20","sizes":[]},"text_color":"#07023A","text_indent":{"unit":"px","size":"20","sizes":[]},"__globals__":{"icon_typography_typography":""},"space_between_tablet":{"unit":"px","size":"20","sizes":[]},"icon_size_tablet":{"unit":"px","size":"16","sizes":[]},"icon_typography_typography":"custom","icon_typography_font_family":"Roboto","icon_typography_font_size":{"unit":"px","size":"20","sizes":[]},"icon_typography_font_size_tablet":{"unit":"px","size":"16","sizes":[]},"icon_typography_font_size_mobile":{"unit":"px","size":"14","sizes":[]},"icon_typography_font_weight":"400","icon_typography_text_transform":"none","icon_typography_font_style":"normal","icon_typography_text_decoration":"none","icon_typography_line_height":{"unit":"em","size":"1.2","sizes":[]},"icon_typography_letter_spacing":{"unit":"px","size":"0","sizes":[]}},"elements":[],"isInner":false,"widgetType":"icon-list","elType":"widget"}],"isInner":"1","elType":"column"}],"isInner":"1","elType":"section"}],"isInner":"","elType":"column"}],"isInner":"","elType":"section"},{"id":"6abdd83","settings":{"layout":"full_width","gap":"no","structure":"20","margin":{"unit":"%","top":"15","right":"0","bottom":"0","left":"0","isLinked":""},"padding":{"unit":"%","top":"0","right":"8","bottom":"0","left":"8","isLinked":""},"margin_tablet":{"unit":"%","top":"20","right":"0","bottom":"0","left":"0","isLinked":""},"_title":"Testimonials","margin_mobile":{"unit":"%","top":"30","right":"0","bottom":"0","left":"0","isLinked":""},"content_position":"middle"},"elements":[{"id":"776ef7e5","settings":{"_column_size":"50","padding":{"unit":"%","top":"0","right":"20","bottom":"0","left":"0","isLinked":""},"padding_tablet":{"unit":"%","top":"0","right":"10","bottom":"0","left":"0","isLinked":""},"padding_mobile":{"unit":"px","top":"0","right":"0","bottom":"0","left":"0","isLinked":""}},"elements":[{"id":"66ec315b","settings":{"title":"Trusted worldwide and used in over 450 known leading brands and businesses","title_color":"#07023A","__globals__":{"typography_typography":""},"typography_typography":"custom","typography_font_family":"Poppins","typography_font_size":{"unit":"px","size":"42","sizes":[]},"typography_font_size_tablet":{"unit":"px","size":"28","sizes":[]},"typography_font_size_mobile":{"unit":"px","size":"22","sizes":[]},"typography_font_weight":"700","typography_text_transform":"none","typography_font_style":"normal","typography_text_decoration":"none","typography_line_height":{"unit":"em","size":"1.2","sizes":[]},"typography_letter_spacing":{"unit":"px","size":"0","sizes":[]}},"elements":[],"isInner":false,"widgetType":"heading","elType":"widget"}],"isInner":"","elType":"column"},{"id":"33198afd","settings":{"_column_size":"50","space_between_widgets":"0","background_background":"classic","background_color":"#C8D3E3","padding":{"unit":"%","top":"0","right":"20","bottom":"10","left":"20","isLinked":""},"margin_mobile":{"unit":"%","top":"20","right":"0","bottom":"0","left":"0","isLinked":""},"padding_tablet":{"unit":"%","top":"0","right":"15","bottom":"15","left":"15","isLinked":""}},"elements":[{"id":"ed1cc4b","settings":{"selected_icon":{"value":{"id":16747,"url":"http:\/\/library.elementor.com\/lp\/wp-content\/uploads\/2021\/01\/12_HR_Saas-Quotation.svg"},"library":"svg"},"align":"left","primary_color":"#FF5670","size":{"unit":"px","size":"92","sizes":[]},"size_tablet":{"unit":"px","size":"65","sizes":[]},"_margin":{"unit":"px","top":"-50","right":"0","bottom":"0","left":"0","isLinked":""},"_margin_tablet":{"unit":"px","top":"-35","right":"0","bottom":"0","left":"0","isLinked":""}},"elements":[],"isInner":false,"widgetType":"icon","elType":"widget"},{"id":"7a3bf219","settings":{"editor":"<p>\"Hiring new employees is a long process, and you need a trusted friend to help you with that. Hoopi is an amazing HR management platform that will help you from the get-go.\"<\/p>","text_color":"#07023A","__globals__":{"typography_typography":""},"typography_typography":"custom","typography_font_family":"Roboto","typography_font_size":{"unit":"px","size":"16","sizes":[]},"typography_font_size_tablet":{"unit":"px","size":"14","sizes":[]},"typography_font_weight":"400","typography_text_transform":"none","typography_font_style":"normal","typography_text_decoration":"none","typography_line_height":{"unit":"em","size":"1.4","sizes":[]},"typography_letter_spacing":{"unit":"px","size":"1","sizes":[]},"_margin":{"unit":"%","top":"10","right":"0","bottom":"0","left":"0","isLinked":""},"_margin_tablet":{"unit":"%","top":"13","right":"0","bottom":"0","left":"0","isLinked":""}},"elements":[],"isInner":false,"widgetType":"text-editor","elType":"widget"},{"id":"8e36014","settings":{"text":"Divider","color":"#8B9AB0"},"elements":[],"isInner":false,"widgetType":"divider","elType":"widget"},{"id":"4ecf0798","settings":{"title":"Geneva Dean, VP HR GTECH","header_size":"p","title_color":"#8B9AB0","typography_typography":"custom","typography_font_family":"Roboto","typography_font_size":{"unit":"px","size":"16","sizes":[]},"typography_font_size_tablet":{"unit":"px","size":"14","sizes":[]},"typography_font_weight":"300","typography_text_transform":"uppercase","typography_font_style":"normal","typography_text_decoration":"none","typography_line_height":{"unit":"em","size":"1.2","sizes":[]},"typography_letter_spacing":{"unit":"px","size":"0","sizes":[]},"__globals__":{"typography_typography":""}},"elements":[],"isInner":false,"widgetType":"heading","elType":"widget"}],"isInner":"","elType":"column"}],"isInner":"","elType":"section"},{"id":"24c3022d","settings":{"layout":"full_width","gap":"no","custom_height":{"unit":"px","size":"582","sizes":[]},"column_position":"stretch","content_position":"middle","structure":"20","padding":{"unit":"%","top":"8","right":"8","bottom":"8","left":"8","isLinked":""},"background_background":"classic","background_color":"#FFFFFF","margin":{"unit":"%","top":"15","right":"0","bottom":"0","left":"0","isLinked":""},"margin_tablet":{"unit":"%","top":"20","right":"0","bottom":"0","left":"0","isLinked":""},"padding_tablet":{"unit":"%","top":"15","right":"8","bottom":"15","left":"8","isLinked":""},"_title":"CTA","margin_mobile":{"unit":"%","top":"30","right":"0","bottom":"0","left":"0","isLinked":""},"padding_mobile":{"unit":"%","top":"20","right":"8","bottom":"20","left":"8","isLinked":""}},"elements":[{"id":"10f454","settings":{"_column_size":"50","padding":{"unit":"%","top":"0","right":"20","bottom":"0","left":"0","isLinked":""},"padding_tablet":{"unit":"%","top":"0","right":"0","bottom":"0","left":"0","isLinked":""}},"elements":[{"id":"61594135","settings":{"title":"Improve HR processes with complete HR service automation ","header_size":"h1","title_color":"#07023A","__globals__":{"typography_typography":""},"typography_typography":"custom","typography_font_family":"Poppins","typography_font_size":{"unit":"px","size":"42","sizes":[]},"typography_font_size_tablet":{"unit":"px","size":"28","sizes":[]},"typography_font_size_mobile":{"unit":"px","size":"22","sizes":[]},"typography_font_weight":"700","typography_text_transform":"none","typography_font_style":"normal","typography_text_decoration":"none","typography_line_height":{"unit":"em","size":"1.2","sizes":[]},"typography_letter_spacing":{"unit":"px","size":"0","sizes":[]}},"elements":[],"isInner":false,"widgetType":"heading","elType":"widget"},{"id":"b518d23","settings":{"editor":"<p>Get an interactive demo of all the Hoopi features and abilities. We are here to assist and guide you throughout the process.<\/p>","text_color":"#07023A","__globals__":{"typography_typography":""},"typography_typography":"custom","typography_font_family":"Roboto","typography_font_size":{"unit":"px","size":"20","sizes":[]},"typography_font_size_tablet":{"unit":"px","size":"16","sizes":[]},"typography_font_size_mobile":{"unit":"px","size":"14","sizes":[]},"typography_font_weight":"400","typography_text_transform":"none","typography_font_style":"normal","typography_text_decoration":"none","typography_line_height":{"unit":"em","size":"1.2","sizes":[]},"typography_letter_spacing":{"unit":"px","size":"0","sizes":[]}},"elements":[],"isInner":false,"widgetType":"text-editor","elType":"widget"},{"id":"5ac4687a","settings":{"text":"Request Online Demo","button_text_color":"#FFFFFF","background_color":"#FF5670","button_background_hover_color":"#07023A","border_radius":{"unit":"px","top":"49","right":"49","bottom":"49","left":"49","isLinked":"1"},"text_padding":{"unit":"px","top":"18","right":"30","bottom":"18","left":"30","isLinked":""},"__globals__":{"typography_typography":""},"hover_animation":"grow","typography_typography":"custom","typography_font_family":"Poppins","typography_font_size":{"unit":"px","size":"14","sizes":[]},"typography_font_size_mobile":{"unit":"px","size":"12","sizes":[]},"typography_font_weight":"700","typography_text_transform":"uppercase","typography_font_style":"normal","typography_text_decoration":"none","typography_line_height":{"unit":"em","size":"1","sizes":[]},"typography_letter_spacing":{"unit":"px","size":"2","sizes":[]}},"elements":[],"isInner":false,"widgetType":"button","elType":"widget"}],"isInner":"","elType":"column"},{"id":"698247c","settings":{"_column_size":"50","align":"center","padding_tablet":{"unit":"%","top":"0","right":"10","bottom":"0","left":"10","isLinked":""},"margin_mobile":{"unit":"%","top":"20","right":"0","bottom":"0","left":"0","isLinked":""}},"elements":[{"id":"61a333ad","settings":{"space":{"unit":"px","size":"140","sizes":[]},"_margin":{"unit":"px","top":"265","right":"-100","bottom":"0","left":"140","isLinked":""},"_background_color":"#FF5670","_border_border":"solid","_border_width":{"unit":"px","top":"0","right":"100","bottom":"100","left":"0","isLinked":""},"_border_color":"#FF5670","_border_radius":{"unit":"px","top":"0","right":"0","bottom":"300","left":"0","isLinked":""},"_element_width":"initial","_element_custom_width":{"unit":"px","size":"300","sizes":[]},"_position":"absolute","_offset_orientation_h":"end","_offset_x":{"unit":"%","size":"10","sizes":[]},"_offset_x_end":{"size":"","unit":"px"},"_offset_y":{"size":"","unit":"px"},"space_tablet":{"unit":"px","size":"100","sizes":[]},"_margin_tablet":{"unit":"px","top":"165","right":"-65","bottom":"0","left":"95","isLinked":""},"_border_width_tablet":{"unit":"px","top":"0","right":"50","bottom":"50","left":"0","isLinked":""},"_element_width_tablet":"initial","_element_custom_width_tablet":{"unit":"px","size":"190","sizes":[]},"_animation":"rotateIn"},"elements":[],"isInner":false,"widgetType":"spacer","elType":"widget"},{"id":"3af2e8d5","settings":{"image":{"id":16749,"url":"http:\/\/library.elementor.com\/lp\/wp-content\/uploads\/2021\/01\/12_HR_Saas-CTAFooter.jpg"},"image_size":"full","image_border_radius":{"unit":"%","top":"50","right":"50","bottom":"50","left":"50","isLinked":"1"},"_z_index":"1","_border_width":{"unit":"px","top":"0","right":"80","bottom":"80","left":"0","isLinked":""},"_border_color":"#FF5670","_element_custom_width":{"unit":"px","size":"856","sizes":[]},"hover_animation":"rotate"},"elements":[],"isInner":false,"widgetType":"image","elType":"widget"}],"isInner":"","elType":"column"}],"isInner":"","elType":"section"},{"id":"44c44a8d","settings":{"layout":"full_width","gap":"no","content_position":"middle","background_background":"classic","background_color":"#FF5670","padding":{"unit":"%","top":"0","right":"8","bottom":"0","left":"8","isLinked":""},"height":"min-height","custom_height":{"unit":"px","size":"43","sizes":[]},"_title":"Footer"},"elements":[{"id":"6991aff3","settings":{"_column_size":"100"},"elements":[{"id":"50c7e014","settings":{"title":"\u00a9 copyright Hoopi 2021 ","header_size":"p","align":"center","title_color":"#FBFDFF","typography_typography":"custom","typography_font_family":"Roboto","typography_font_size":{"unit":"px","size":"15","sizes":[]},"typography_font_weight":"300","typography_text_transform":"none","typography_font_style":"normal","typography_text_decoration":"none","typography_line_height":{"unit":"em","size":"1.2","sizes":[]},"typography_letter_spacing":{"unit":"px","size":"0","sizes":[]},"__globals__":{"typography_typography":""},"typography_font_size_tablet":{"unit":"px","size":"14","sizes":[]}},"elements":[],"isInner":false,"widgetType":"heading","elType":"widget"}],"isInner":"","elType":"column"}],"isInner":"","elType":"section"}],"page_settings":{"background_background":"classic","background_color":"#DBE4F1","template":"elementor_canvas"}}