{"version":"0.4","title":"16721","type":"page","content":[{"id":"7c9ae2a0","settings":{"content_width":{"unit":"px","size":"1680","sizes":[]},"gap":"no","height":"min-height","custom_height":{"unit":"vh","size":"12","sizes":[]},"structure":"20","custom_height_tablet":{"unit":"vh","size":"9","sizes":[]},"content_position":"middle","background_background":"classic","background_color":"#E2F2FA","padding":{"unit":"%","top":"0","right":"4","bottom":"1","left":"4","isLinked":""},"padding_tablet":{"unit":"%","top":"0","right":"4","bottom":"0","left":"4","isLinked":""},"padding_mobile":{"unit":"%","top":"7","right":"6","bottom":"7","left":"6","isLinked":""},"z_index":"50","sticky_on":["desktop","tablet"],"_title":"Header","_timestamp_":"v1b1BCenZXN2gxUTBqb0JJSWxJTVlPZz09"},"elements":[{"id":"52477a8f","settings":{"_column_size":"50","_inline_size_mobile":"100","padding_mobile":{"unit":"%","top":"0","right":"0","bottom":"0","left":"0","isLinked":""}},"elements":[{"id":"1154703c","settings":{"image":{"id":16610,"url":"http:\/\/library.elementor.com\/lp\/wp-content\/uploads\/2021\/01\/Dental-logo.png"},"align":"left","width":{"unit":"px","size":"170","sizes":[]},"align_mobile":"center"},"elements":[],"isInner":false,"widgetType":"image","elType":"widget"}],"isInner":"","elType":"column"},{"id":"6c679989","settings":{"_column_size":"50","_inline_size_mobile":"100","hide_mobile":"hidden-phone"},"elements":[{"id":"10332bf","settings":{"text":"Call Today 619-501-7239","align":"right","button_text_color":"#000000","background_color":"#FFFFFF","border_radius":{"unit":"px","top":"0","right":"0","bottom":"0","left":"0","isLinked":"1"},"align_mobile":"center","typography_typography":"custom","typography_font_family":"Poppins","typography_font_size":{"unit":"px","size":"16","sizes":[]},"typography_font_size_tablet":{"unit":"px","size":"15","sizes":[]},"typography_font_size_mobile":{"unit":"px","size":"14","sizes":[]},"typography_font_weight":"normal","typography_text_transform":"capitalize","typography_font_style":"normal","typography_text_decoration":"none","typography_line_height":{"unit":"px","size":"22","sizes":[]},"typography_line_height_tablet":{"unit":"em","size":"1","sizes":[]},"hover_color":"#000000","button_background_hover_color":"#40E0E1","text_padding":{"unit":"px","top":"19","right":"68","bottom":"19","left":"68","isLinked":""},"text_padding_tablet":{"unit":"px","top":"16","right":"49","bottom":"16","left":"49","isLinked":""},"text_padding_mobile":{"unit":"px","top":"13","right":"44","bottom":"13","left":"44","isLinked":""},"icon_indent":{"unit":"px","size":"0","sizes":[]}},"elements":[],"isInner":false,"widgetType":"button","elType":"widget"}],"isInner":"","elType":"column"}],"isInner":"","elType":"section"},{"id":"cbebc7","settings":{"content_width":{"unit":"px","size":"1680","sizes":[]},"gap":"no","height":"min-height","custom_height":{"unit":"vh","size":"100","sizes":[]},"custom_height_tablet":{"unit":"vh","size":"70","sizes":[]},"column_position":"stretch","content_position":"top","background_background":"classic","background_color":"#E2F2FA","background_color_stop":{"unit":"%","size":"88","sizes":[]},"background_color_b":"rgba(255, 255, 255, 0)","background_color_b_stop":{"unit":"%","size":"70","sizes":[]},"shape_divider_bottom_color":"#FFFFFF","shape_divider_bottom_width":{"unit":"%","size":"100","sizes":[]},"shape_divider_bottom_height":{"unit":"px","size":"113","sizes":[]},"shape_divider_bottom_above_content":"yes","margin_tablet":{"unit":"%","top":"","right":"0","bottom":"","left":"0","isLinked":"1"},"padding":{"unit":"%","top":"0","right":"4","bottom":"0","left":"4","isLinked":""},"padding_tablet":{"unit":"%","top":"4","right":"4","bottom":"0","left":"4","isLinked":""},"padding_mobile":{"unit":"%","top":"0","right":"6","bottom":"12","left":"6","isLinked":""},"sticky_on":["desktop","tablet"],"_title":"Hero Section","structure":"20","custom_height_mobile":{"unit":"px","size":"0","sizes":[]},"background_motion_fx_translateY_direction":"negative","background_motion_fx_translateY_speed":{"unit":"px","size":"10","sizes":[]},"_timestamp_":"v1b1BCenZXN2gxUTBqb0JJSWxJTVlPZz09"},"elements":[{"id":"41185aa9","settings":{"_column_size":"50","_inline_size_mobile":"100","space_between_widgets":"0","background_background":"classic","background_position":"top right","background_position_mobile":"bottom center","background_xpos_tablet":{"unit":"%","size":"-71","sizes":[]},"background_ypos_tablet":{"unit":"%","size":"0","sizes":[]},"background_repeat":"no-repeat","background_size":"contain","background_size_tablet":"initial","background_size_mobile":"contain","background_bg_width_tablet":{"unit":"%","size":"90","sizes":[]},"padding":{"unit":"%","top":"0","right":"0","bottom":"0","left":"0","isLinked":""},"padding_tablet":{"unit":"px","top":"0","right":"0","bottom":"0","left":"0","isLinked":""},"padding_mobile":{"unit":"%","top":"0","right":"0","bottom":"0","left":"0","isLinked":""},"_inline_size":"45.479","_inline_size_tablet":"50"},"elements":[{"id":"59c45d69","settings":{"layout":"full_width","gap":"no","background_background":"gradient","background_color":"#E2F2FA","background_color_stop":{"unit":"%","size":"52","sizes":[]},"background_color_b":"rgba(255, 255, 255, 0)","background_color_b_stop":{"unit":"%","size":"48","sizes":[]},"background_gradient_angle":{"unit":"deg","size":"90","sizes":[]},"margin":{"unit":"px","top":"0","right":"0","bottom":"0","left":"0","isLinked":""},"padding":{"unit":"%","top":"","right":"","bottom":"","left":"","isLinked":"1"},"padding_tablet":{"unit":"%","top":"","right":"","bottom":"","left":"","isLinked":"1"},"padding_mobile":{"unit":"%","top":"1","right":"0","bottom":"0","left":"0","isLinked":""}},"elements":[{"id":"24d9fec8","settings":{"_column_size":"100","content_position_tablet":"center","space_between_widgets":"0","background_background":"classic","padding_tablet":{"unit":"%","top":"20","right":"4","bottom":"20","left":"0","isLinked":""},"padding_mobile":{"unit":"%","top":"0","right":"0","bottom":"14","left":"0","isLinked":""},"padding":{"unit":"%","top":"9","right":"16","bottom":"10","left":"9","isLinked":""}},"elements":[{"id":"70a9674c","settings":{"title":"30% Off Teeth Whitening Special Offer","header_size":"h4","align_mobile":"center","title_color":"#000000","typography_typography":"custom","typography_font_family":"Raleway","typography_font_size":{"unit":"px","size":"25","sizes":[]},"typography_font_size_tablet":{"unit":"px","size":"20","sizes":[]},"typography_font_weight":"bold","typography_text_transform":"capitalize","typography_font_style":"normal","typography_text_decoration":"none","typography_line_height":{"unit":"em","size":"1.4","sizes":[]},"typography_letter_spacing_tablet":{"unit":"px","size":"0.5","sizes":[]},"_padding":{"unit":"%","top":"0","right":"0","bottom":"6","left":"0","isLinked":""},"_padding_tablet":{"unit":"%","top":"0","right":"12","bottom":"14","left":"0","isLinked":""},"_padding_mobile":{"unit":"%","top":"0","right":"4","bottom":"6","left":"4","isLinked":""},"typography_font_size_mobile":{"unit":"px","size":"18","sizes":[]},"_animation":"fadeIn","animation_duration":"fast"},"elements":[],"isInner":false,"widgetType":"heading","elType":"widget"},{"id":"62e12330","settings":{"title":"Get the Celebrity Smile You Always Wanted!","header_size":"h1","align_mobile":"center","title_color":"#000000","typography_typography":"custom","typography_font_family":"Raleway","typography_font_size":{"unit":"px","size":"60","sizes":[]},"typography_font_size_tablet":{"unit":"px","size":"46","sizes":[]},"typography_font_size_mobile":{"unit":"px","size":"36","sizes":[]},"typography_font_weight":"300","typography_text_transform":"none","typography_font_style":"normal","typography_text_decoration":"none","typography_line_height":{"unit":"px","size":"75","sizes":[]},"typography_line_height_tablet":{"unit":"em","size":"1.4","sizes":[]},"_animation":"fadeIn","_animation_delay":"200"},"elements":[],"isInner":false,"widgetType":"heading","elType":"widget"}],"isInner":"1","elType":"column"}],"isInner":"1","elType":"section"}],"isInner":"","elType":"column"},{"id":"352cb94c","settings":{"_column_size":"50","_inline_size_mobile":"100","space_between_widgets":"0","background_background":"classic","background_image":{"id":16612,"url":"http:\/\/library.elementor.com\/lp\/wp-content\/uploads\/2021\/01\/smile-hero-picture.jpg"},"background_position":"center center","background_position_mobile":"top center","background_xpos_tablet":{"unit":"%","size":"29","sizes":[]},"background_ypos_tablet":{"unit":"%","size":"0","sizes":[]},"background_repeat":"no-repeat","background_size":"cover","background_size_tablet":"initial","background_size_mobile":"contain","background_bg_width_tablet":{"unit":"%","size":"150","sizes":[]},"padding":{"unit":"%","top":"","right":"","bottom":"","left":"","isLinked":"1"},"padding_mobile":{"unit":"%","top":"","right":"","bottom":"","left":"","isLinked":"1"},"_inline_size":"54.525","_inline_size_tablet":"50","background_position_tablet":"initial","background_motion_fx_translateX_speed":{"unit":"px","size":"0.5","sizes":[]},"background_motion_fx_devices":["desktop","tablet"],"z_index":"5"},"elements":[{"id":"24ba4b0b","settings":{"space_mobile":{"unit":"vh","size":"50","sizes":[]}},"elements":[],"isInner":false,"widgetType":"spacer","elType":"widget"}],"isInner":"","elType":"column"}],"isInner":"","elType":"section"},{"id":"3410d106","settings":{"content_width":{"unit":"px","size":"1690","sizes":[]},"gap":"no","margin":{"unit":"%","top":"-26","right":"0","bottom":"0","left":"0","isLinked":""},"margin_tablet":{"unit":"%","top":"-23","right":"0","bottom":"0","left":"0","isLinked":""},"margin_mobile":{"unit":"px","top":"0","right":"0","bottom":"0","left":"0","isLinked":""},"padding":{"unit":"%","top":"0","right":"4","bottom":"0","left":"4","isLinked":""},"padding_tablet":{"unit":"%","top":"0","right":"4","bottom":"0","left":"4","isLinked":""},"padding_mobile":{"unit":"%","top":"12","right":"6","bottom":"0","left":"6","isLinked":""},"_title":"Request Form","_element_id":"requestform","animation":"fadeInUp","animation_mobile":"none","animation_delay":"400","z_index":"10","_timestamp_":"v1b1BCenZXN2gxUTBqb0JJSWxJTVlPZz09"},"elements":[{"id":"f79b045","settings":{"_column_size":"100","space_between_widgets":"0","background_background":"classic","background_color":"#FFFFFF","margin":{"unit":"%","top":"0","right":"42","bottom":"0","left":"0","isLinked":""},"margin_tablet":{"unit":"px","top":"0","right":"0","bottom":"0","left":"0","isLinked":""},"padding":{"unit":"%","top":"3","right":"3","bottom":"3","left":"3","isLinked":"1"},"padding_mobile":{"unit":"px","top":"0","right":"0","bottom":"0","left":"0","isLinked":""}},"elements":[{"id":"7cfcaf6e","settings":{"title":"For a Free Consultation, Leave Your Details and We\u2019ll Reach Out to You Shortly!","header_size":"h4","align_tablet":"center","align_mobile":"center","title_color":"#000000","typography_typography":"custom","typography_font_family":"Poppins","typography_font_size":{"unit":"px","size":"24","sizes":[]},"typography_font_size_tablet":{"unit":"px","size":"20","sizes":[]},"typography_font_size_mobile":{"unit":"px","size":"16","sizes":[]},"typography_font_weight":"300","typography_font_style":"normal","typography_text_decoration":"none","typography_line_height":{"unit":"em","size":"1.4","sizes":[]},"typography_letter_spacing_tablet":{"unit":"px","size":"0.5","sizes":[]},"_padding":{"unit":"%","top":"0","right":"26","bottom":"6","left":"0","isLinked":""},"_padding_tablet":{"unit":"%","top":"0","right":"12","bottom":"6","left":"12","isLinked":""},"_padding_mobile":{"unit":"%","top":"0","right":"0","bottom":"8","left":"0","isLinked":""}},"elements":[],"isInner":false,"widgetType":"heading","elType":"widget"},{"id":"697f1569","settings":{"form_name":"Request Form","form_fields":[{"custom_id":"name","field_label":"Full Name","placeholder":"Full Name","width":"25","_id":"01a770b","required":"true","width_tablet":"50","rows":"4","file_sizes":"","file_types":"","allow_multiple_upload":"","max_files":"","acceptance_text":"","checked_by_default":"","field_min":"","field_max":"","min_date":"","max_date":"","use_native_date":"","use_native_time":"","previous_button":"","next_button":""},{"custom_id":"field_05180bf","field_type":"tel","required":"true","field_label":"Phone","placeholder":"Phone","width":"25","width_tablet":"50","rows":"4","_id":"05180bf","file_sizes":"","file_types":"","allow_multiple_upload":"","max_files":"","acceptance_text":"","checked_by_default":"","field_min":"","field_max":"","min_date":"","max_date":"","use_native_date":"","use_native_time":"","previous_button":"","next_button":""},{"custom_id":"email","field_type":"email","required":"true","field_label":"Email Address","placeholder":"Email","width":"25","_id":"ea511bb","width_tablet":"50","rows":"4","file_sizes":"","file_types":"","allow_multiple_upload":"","max_files":"","acceptance_text":"","checked_by_default":"","field_min":"","field_max":"","min_date":"","max_date":"","use_native_date":"","use_native_time":"","previous_button":"","next_button":""}],"input_size":"md","show_labels":"","button_width":"25","step_next_label":"Next","step_previous_label":"Previous","button_text":"Request Appointment","email_content":"[all-fields]","email_content_2":"[all-fields]","success_message":"The form was sent successfully.","error_message":"An error occured.","required_field_message":"This field is required.","invalid_message":"There's something wrong. The form is invalid.","column_gap":{"unit":"px","size":"20","sizes":[]},"row_gap":{"unit":"px","size":"24","sizes":[]},"field_text_color":"#000000","field_typography_typography":"custom","field_typography_font_family":"Poppins","field_typography_font_size":{"unit":"px","size":"15","sizes":[]},"field_typography_font_size_tablet":{"unit":"px","size":"13","sizes":[]},"field_typography_font_weight":"300","field_typography_text_transform":"capitalize","field_typography_font_style":"normal","field_typography_text_decoration":"none","field_typography_line_height":{"unit":"em","size":"1","sizes":[]},"field_background_color":"#FFFFFF","field_border_width":{"unit":"px","top":"0","right":"0","bottom":"1","left":"0","isLinked":""},"field_border_radius":{"unit":"px","top":"0","right":"0","bottom":"0","left":"0","isLinked":"1"},"button_typography_typography":"custom","button_typography_font_family":"Poppins","button_typography_font_size":{"unit":"px","size":"15","sizes":[]},"button_typography_font_size_tablet":{"unit":"px","size":"13","sizes":[]},"button_typography_font_weight":"300","button_typography_text_transform":"capitalize","button_typography_font_style":"normal","button_typography_text_decoration":"none","button_border_border":"solid","button_border_width":{"unit":"px","top":"1","right":"1","bottom":"1","left":"1","isLinked":"1"},"button_border_width_tablet":{"unit":"px","top":"2","right":"2","bottom":"2","left":"2","isLinked":"1"},"button_background_color":"#40E0E1","button_border_color":"#40E0E1","previous_button_background_color":"#40E0E1","previous_button_border_color":"#40E0E1","button_background_hover_color":"#E2F2FA","button_hover_color":"#000000","button_hover_border_color":"#E2F2FA","previous_button_background_color_hover":"#E2F2FA","previous_button_text_color_hover":"#000000","previous_button_border_color_hover":"#E2F2FA","button_border_radius":{"unit":"px","top":"0","right":"0","bottom":"0","left":"0","isLinked":"1"},"button_text_padding":{"unit":"px","top":"15","right":"0","bottom":"15","left":"0","isLinked":""},"message_typography_typography":"custom","message_typography_font_family":"Montserrat","message_typography_font_size":{"unit":"px","size":"16","sizes":[]},"message_typography_font_size_tablet":{"unit":"px","size":"15","sizes":[]},"message_typography_font_size_mobile":{"unit":"px","size":"14","sizes":[]},"message_typography_font_weight":"normal","message_typography_text_transform":"none","message_typography_font_style":"normal","message_typography_text_decoration":"none","message_typography_line_height":{"unit":"em","size":"1.3","sizes":[]},"success_message_color":"#40E0E1","error_message_color":"#000000","inline_message_color":"#001F68","button_width_tablet":"50","label_color":"#000000","field_border_color":"#000000","button_text_color":"#000000","previous_button_text_color":"#000000","_padding_tablet":{"unit":"%","top":"0","right":"0","bottom":"0","left":"2","isLinked":""},"_padding_mobile":{"unit":"px","top":"0","right":"0","bottom":"0","left":"0","isLinked":""},"_element_custom_width_tablet":{"unit":"%","size":"100","sizes":[]}},"elements":[],"isInner":false,"widgetType":"form","elType":"widget"}],"isInner":"","elType":"column"}],"isInner":"","elType":"section"},{"id":"5b3c7112","settings":{"content_width":{"unit":"px","size":"1680","sizes":[]},"gap":"no","height":"min-height","custom_height":{"unit":"vh","size":"96","sizes":[]},"structure":"20","padding":{"unit":"%","top":"13","right":"4","bottom":"0","left":"4","isLinked":""},"padding_mobile":{"unit":"%","top":"26","right":"6","bottom":"26","left":"6","isLinked":""},"custom_height_tablet":{"unit":"vh","size":"80","sizes":[]},"padding_tablet":{"unit":"%","top":"16","right":"4","bottom":"14","left":"4","isLinked":""},"_title":"Creating Perfect Smiles","background_background":"classic","margin":{"unit":"%","top":"5.5","right":"0","bottom":"0","left":"0","isLinked":""},"background_color":"#FFFFFF","_timestamp_":"v1b1BCenZXN2gxUTBqb0JJSWxJTVlPZz09"},"elements":[{"id":"103ddc4d","settings":{"_column_size":"50","_inline_size":"45.417","space_between_widgets":"0","padding":{"unit":"%","top":"0","right":"26","bottom":"0","left":"0","isLinked":""},"_inline_size_tablet":"100","padding_tablet":{"unit":"%","top":"0","right":"16","bottom":"10","left":"16","isLinked":""},"padding_mobile":{"unit":"%","top":"0","right":"0","bottom":"20","left":"0","isLinked":""}},"elements":[{"id":"6fdeacf0","settings":{"title":"Creating Perfect Smiles Is Our Specialty","align_mobile":"center","title_color":"#000000","typography_typography":"custom","typography_font_family":"Raleway","typography_font_size":{"unit":"px","size":"50","sizes":[]},"typography_font_size_tablet":{"unit":"px","size":"36","sizes":[]},"typography_font_size_mobile":{"unit":"px","size":"28","sizes":[]},"typography_font_weight":"300","typography_text_transform":"capitalize","typography_font_style":"normal","typography_text_decoration":"none","typography_line_height":{"unit":"px","size":"65","sizes":[]},"typography_line_height_tablet":{"unit":"em","size":"1.4","sizes":[]},"_padding":{"unit":"%","top":"0","right":"0","bottom":"4","left":"0","isLinked":""},"align_tablet":"center"},"elements":[],"isInner":false,"widgetType":"heading","elType":"widget"},{"id":"38b7929c","settings":{"editor":"Ut sea accumsan interpretaris, viderer pertinax repudiandae ne aumui ne porro insolens instructior. Graece euripidis instructior anloix eum elot equidem expetenda concludaturque, ut est Ex est dicit graeco.","text_color":"#000000","typography_typography":"custom","typography_font_family":"Poppins","typography_font_size":{"unit":"px","size":"16","sizes":[]},"typography_font_weight":"200","typography_line_height":{"unit":"px","size":"25","sizes":[]},"align_tablet":"center","typography_font_size_tablet":{"unit":"px","size":"15","sizes":[]},"typography_font_size_mobile":{"unit":"px","size":"14","sizes":[]},"typography_line_height_tablet":{"unit":"em","size":"1.5","sizes":[]}},"elements":[],"isInner":false,"widgetType":"text-editor","elType":"widget"}],"isInner":"","elType":"column"},{"id":"2fe5f873","settings":{"_column_size":"50","_inline_size":"54.583","_inline_size_tablet":"100"},"elements":[{"id":"3082273d","settings":{"layout":"full_width","gap":"no","structure":"20","margin":{"unit":"%","top":"0","right":"0","bottom":"8","left":"0","isLinked":""}},"elements":[{"id":"69ee1ccb","settings":{"_column_size":"50","padding":{"unit":"%","top":"0","right":"10","bottom":"0","left":"0","isLinked":""},"padding_mobile":{"unit":"%","top":"0","right":"0","bottom":"14","left":"0","isLinked":""}},"elements":[{"id":"4560d537","settings":{"selected_icon":{"value":{"id":16614,"url":"http:\/\/library.elementor.com\/lp\/wp-content\/uploads\/2021\/01\/icon-dental-care.svg"},"library":"svg"},"title_text":"Teeth Straightening","description_text":"Lorem ipsum dolor sit amet, cons ctetur aloma tolos dolor erty umplat shelo thelit, sed do eiusd tempor","text_align":"left","primary_color":"#40E0E1","icon_space":{"unit":"px","size":"25","sizes":[]},"icon_size":{"unit":"px","size":"60","sizes":[]},"text_align_tablet":"center","title_bottom_space":{"unit":"px","size":"20","sizes":[]},"title_color":"#000000","title_typography_typography":"custom","title_typography_font_family":"Raleway","title_typography_font_size":{"unit":"px","size":"25","sizes":[]},"title_typography_font_size_tablet":{"unit":"px","size":"24","sizes":[]},"title_typography_font_size_mobile":{"unit":"px","size":"23","sizes":[]},"title_typography_font_weight":"normal","title_typography_text_transform":"capitalize","title_typography_line_height":{"unit":"em","size":"1.3","sizes":[]},"description_color":"#000000","description_typography_typography":"custom","description_typography_font_family":"Poppins","description_typography_font_size":{"unit":"px","size":"16","sizes":[]},"description_typography_font_size_tablet":{"unit":"px","size":"15","sizes":[]},"description_typography_font_size_mobile":{"unit":"px","size":"14","sizes":[]},"description_typography_font_weight":"200","description_typography_text_transform":"none","description_typography_font_style":"normal","description_typography_text_decoration":"none","description_typography_line_height":{"unit":"px","size":"25","sizes":[]},"description_typography_line_height_tablet":{"unit":"em","size":"1.5","sizes":[]}},"elements":[],"isInner":false,"widgetType":"icon-box","elType":"widget"}],"isInner":"1","elType":"column"},{"id":"280a7779","settings":{"_column_size":"50","padding":{"unit":"%","top":"0","right":"0","bottom":"0","left":"10","isLinked":""},"padding_mobile":{"unit":"%","top":"0","right":"0","bottom":"14","left":"0","isLinked":""}},"elements":[{"id":"493444a4","settings":{"selected_icon":{"value":{"id":16616,"url":"http:\/\/library.elementor.com\/lp\/wp-content\/uploads\/2021\/01\/icon-dental-implant.svg"},"library":"svg"},"title_text":"Dental Implants","description_text":"Lorem ipsum dolor sit amet, cons ctetur aloma tolos dolor erty umplat shelo thelit, sed do eiusd tempor","text_align":"left","primary_color":"#40E0E1","icon_space":{"unit":"px","size":"25","sizes":[]},"icon_size":{"unit":"px","size":"60","sizes":[]},"text_align_tablet":"center","title_bottom_space":{"unit":"px","size":"20","sizes":[]},"title_color":"#000000","title_typography_typography":"custom","title_typography_font_family":"Raleway","title_typography_font_size":{"unit":"px","size":"25","sizes":[]},"title_typography_font_size_tablet":{"unit":"px","size":"24","sizes":[]},"title_typography_font_size_mobile":{"unit":"px","size":"23","sizes":[]},"title_typography_font_weight":"normal","title_typography_text_transform":"capitalize","title_typography_line_height":{"unit":"em","size":"1.3","sizes":[]},"description_color":"#000000","description_typography_typography":"custom","description_typography_font_family":"Poppins","description_typography_font_size":{"unit":"px","size":"16","sizes":[]},"description_typography_font_size_tablet":{"unit":"px","size":"15","sizes":[]},"description_typography_font_size_mobile":{"unit":"px","size":"14","sizes":[]},"description_typography_font_weight":"200","description_typography_text_transform":"none","description_typography_font_style":"normal","description_typography_text_decoration":"none","description_typography_line_height":{"unit":"px","size":"25","sizes":[]},"description_typography_line_height_tablet":{"unit":"em","size":"1.5","sizes":[]}},"elements":[],"isInner":false,"widgetType":"icon-box","elType":"widget"}],"isInner":"1","elType":"column"}],"isInner":"1","elType":"section"},{"id":"6c0f0262","settings":{"layout":"full_width","gap":"no","structure":"20","margin":{"unit":"px","top":"0","right":"0","bottom":"0","left":"0","isLinked":""}},"elements":[{"id":"57740a79","settings":{"_column_size":"50","padding":{"unit":"%","top":"0","right":"10","bottom":"0","left":"0","isLinked":""},"padding_mobile":{"unit":"%","top":"0","right":"0","bottom":"14","left":"0","isLinked":""}},"elements":[{"id":"34d62526","settings":{"selected_icon":{"value":{"id":16618,"url":"http:\/\/library.elementor.com\/lp\/wp-content\/uploads\/2021\/01\/icon-tooth.svg"},"library":"svg"},"title_text":"Teeth Whitening","description_text":"Lorem ipsum dolor sit amet, cons ctetur aloma tolos dolor erty umplat shelo thelit, sed do eiusd tempor","text_align":"left","primary_color":"#40E0E1","icon_space":{"unit":"px","size":"25","sizes":[]},"icon_size":{"unit":"px","size":"60","sizes":[]},"text_align_tablet":"center","title_bottom_space":{"unit":"px","size":"20","sizes":[]},"title_color":"#000000","title_typography_typography":"custom","title_typography_font_family":"Raleway","title_typography_font_size":{"unit":"px","size":"25","sizes":[]},"title_typography_font_size_tablet":{"unit":"px","size":"24","sizes":[]},"title_typography_font_size_mobile":{"unit":"px","size":"23","sizes":[]},"title_typography_font_weight":"normal","title_typography_text_transform":"capitalize","title_typography_line_height":{"unit":"em","size":"1.3","sizes":[]},"description_color":"#000000","description_typography_typography":"custom","description_typography_font_family":"Poppins","description_typography_font_size":{"unit":"px","size":"16","sizes":[]},"description_typography_font_size_tablet":{"unit":"px","size":"15","sizes":[]},"description_typography_font_size_mobile":{"unit":"px","size":"14","sizes":[]},"description_typography_font_weight":"200","description_typography_text_transform":"none","description_typography_font_style":"normal","description_typography_text_decoration":"none","description_typography_line_height":{"unit":"px","size":"25","sizes":[]},"description_typography_line_height_tablet":{"unit":"em","size":"1.5","sizes":[]}},"elements":[],"isInner":false,"widgetType":"icon-box","elType":"widget"}],"isInner":"1","elType":"column"},{"id":"11e0d668","settings":{"_column_size":"50","padding":{"unit":"%","top":"0","right":"0","bottom":"0","left":"10","isLinked":""},"padding_mobile":{"unit":"%","top":"0","right":"0","bottom":"0","left":"0","isLinked":""}},"elements":[{"id":"2846a0b5","settings":{"selected_icon":{"value":{"id":16620,"url":"http:\/\/library.elementor.com\/lp\/wp-content\/uploads\/2021\/01\/icon-dental.svg"},"library":"svg"},"title_text":"Dental Restoration","description_text":"Lorem ipsum dolor sit amet, cons ctetur aloma tolos dolor erty umplat shelo thelit, sed do eiusd tempor","text_align":"left","primary_color":"#40E0E1","icon_space":{"unit":"px","size":"25","sizes":[]},"icon_size":{"unit":"px","size":"60","sizes":[]},"text_align_tablet":"center","title_bottom_space":{"unit":"px","size":"20","sizes":[]},"title_color":"#000000","title_typography_typography":"custom","title_typography_font_family":"Raleway","title_typography_font_size":{"unit":"px","size":"25","sizes":[]},"title_typography_font_size_tablet":{"unit":"px","size":"24","sizes":[]},"title_typography_font_size_mobile":{"unit":"px","size":"23","sizes":[]},"title_typography_font_weight":"normal","title_typography_text_transform":"capitalize","title_typography_line_height":{"unit":"em","size":"1.3","sizes":[]},"description_color":"#000000","description_typography_typography":"custom","description_typography_font_family":"Poppins","description_typography_font_size":{"unit":"px","size":"16","sizes":[]},"description_typography_font_size_tablet":{"unit":"px","size":"15","sizes":[]},"description_typography_font_size_mobile":{"unit":"px","size":"14","sizes":[]},"description_typography_font_weight":"200","description_typography_text_transform":"none","description_typography_font_style":"normal","description_typography_text_decoration":"none","description_typography_line_height":{"unit":"px","size":"25","sizes":[]},"description_typography_line_height_tablet":{"unit":"em","size":"1.5","sizes":[]}},"elements":[],"isInner":false,"widgetType":"icon-box","elType":"widget"}],"isInner":"1","elType":"column"}],"isInner":"1","elType":"section"}],"isInner":"","elType":"column"}],"isInner":"","elType":"section"},{"id":"310dcacf","settings":{"content_width":{"unit":"px","size":"1680","sizes":[]},"gap":"no","height":"min-height","custom_height":{"unit":"vh","size":"96","sizes":[]},"structure":"20","padding":{"unit":"%","top":"0","right":"4","bottom":"0","left":"4","isLinked":""},"padding_mobile":{"unit":"%","top":"20","right":"6","bottom":"30","left":"6","isLinked":""},"custom_height_tablet":{"unit":"vh","size":"70","sizes":[]},"background_background":"gradient","background_color":"rgba(255, 255, 255, 0)","background_color_stop":{"unit":"%","size":"28","sizes":[]},"background_color_b":"#E2F2FA","background_color_b_stop":{"unit":"%","size":"8","sizes":[]},"padding_tablet":{"unit":"%","top":"0","right":"4","bottom":"14","left":"4","isLinked":""},"_title":"Dr. Edward Coleman","_timestamp_":"v1b1BCenZXN2gxUTBqb0JJSWxJTVlPZz09"},"elements":[{"id":"7cdc6011","settings":{"_column_size":"50","_inline_size":"45.417","space_between_widgets":"0","padding":{"unit":"%","top":"0","right":"26","bottom":"0","left":"0","isLinked":""},"_inline_size_tablet":"100","padding_tablet":{"unit":"%","top":"0","right":"26","bottom":"6","left":"26","isLinked":""},"padding_mobile":{"unit":"%","top":"0","right":"0","bottom":"20","left":"0","isLinked":""}},"elements":[{"id":"70d43254","settings":{"image":{"id":16622,"url":"http:\/\/library.elementor.com\/lp\/wp-content\/uploads\/2021\/01\/Dr.-Edward-Coleman.jpg"},"width":{"unit":"%","size":"100","sizes":[]},"motion_fx_motion_fx_scrolling":"yes","motion_fx_translateY_effect":"yes","motion_fx_translateY_speed":{"unit":"px","size":"1","sizes":[]},"motion_fx_devices":["desktop"]},"elements":[],"isInner":false,"widgetType":"image","elType":"widget"}],"isInner":"","elType":"column"},{"id":"79537725","settings":{"_column_size":"50","_inline_size":"54.583","_inline_size_tablet":"100","content_position":"bottom","space_between_widgets":"0","padding":{"unit":"%","top":"0","right":"26","bottom":"14","left":"0","isLinked":""},"padding_tablet":{"unit":"%","top":"0","right":"10","bottom":"0","left":"10","isLinked":""},"padding_mobile":{"unit":"px","top":"0","right":"0","bottom":"0","left":"0","isLinked":""}},"elements":[{"id":"3896eba7","settings":{"title":"Dr. Edward Coleman","align_mobile":"center","title_color":"#000000","typography_typography":"custom","typography_font_family":"Raleway","typography_font_size":{"unit":"px","size":"50","sizes":[]},"typography_font_size_tablet":{"unit":"px","size":"36","sizes":[]},"typography_font_size_mobile":{"unit":"px","size":"28","sizes":[]},"typography_font_weight":"300","typography_text_transform":"capitalize","typography_font_style":"normal","typography_text_decoration":"none","typography_line_height":{"unit":"px","size":"65","sizes":[]},"typography_line_height_tablet":{"unit":"em","size":"1.4","sizes":[]},"_padding":{"unit":"%","top":"0","right":"0","bottom":"2","left":"0","isLinked":""},"align_tablet":"center"},"elements":[],"isInner":false,"widgetType":"heading","elType":"widget"},{"id":"2d1018e9","settings":{"title":"Cosmetic Dentist, DDS ","header_size":"h4","align_mobile":"center","title_color":"#000000","typography_typography":"custom","typography_font_family":"Raleway","typography_font_size":{"unit":"px","size":"25","sizes":[]},"typography_font_size_tablet":{"unit":"px","size":"20","sizes":[]},"typography_font_weight":"normal","typography_text_transform":"capitalize","typography_font_style":"normal","typography_text_decoration":"none","typography_line_height":{"unit":"em","size":"1.4","sizes":[]},"typography_letter_spacing_tablet":{"unit":"px","size":"0.5","sizes":[]},"_padding":{"unit":"%","top":"0","right":"0","bottom":"2","left":"0","isLinked":""},"_padding_tablet":{"unit":"%","top":"0","right":"0","bottom":"6","left":"0","isLinked":""},"_padding_mobile":{"unit":"%","top":"0","right":"0","bottom":"6","left":"0","isLinked":""},"align_tablet":"center","typography_font_size_mobile":{"unit":"px","size":"18","sizes":[]}},"elements":[],"isInner":false,"widgetType":"heading","elType":"widget"},{"id":"54acc1a4","settings":{"editor":"Ut sea accumsan interpretaris, viderer pertinax repudiandae ne ius, qui ne porro insolens instructior. Graece euripidis instructior an vix, eum et equidem expetenda concludaturque, ut est Ex est dicit graeco consequat, mel rebum placerat et. Facer recusabo reprehendunt vel at. Delenit repudiare in mei, mazim assentior voluptaria et pri. Ad tempor tritani qui, et elitr consequat assentior has. ","text_color":"#000000","typography_typography":"custom","typography_font_family":"Poppins","typography_font_size":{"unit":"px","size":"16","sizes":[]},"typography_font_weight":"200","typography_line_height":{"unit":"px","size":"25","sizes":[]},"align_tablet":"center","typography_font_size_tablet":{"unit":"px","size":"15","sizes":[]},"typography_font_size_mobile":{"unit":"px","size":"14","sizes":[]},"typography_line_height_tablet":{"unit":"em","size":"1.5","sizes":[]}},"elements":[],"isInner":false,"widgetType":"text-editor","elType":"widget"}],"isInner":"","elType":"column"}],"isInner":"","elType":"section"},{"id":"7a3621c","settings":{"content_width":{"unit":"px","size":"1680","sizes":[]},"gap":"no","height":"min-height","custom_height":{"unit":"vh","size":"100","sizes":[]},"structure":"30","padding":{"unit":"%","top":"26","right":"4","bottom":"18","left":"4","isLinked":""},"padding_mobile":{"unit":"%","top":"30","right":"6","bottom":"30","left":"6","isLinked":""},"custom_height_tablet":{"unit":"vh","size":"70","sizes":[]},"background_background":"classic","background_color_stop":{"unit":"%","size":"28","sizes":[]},"background_color_b":"#E2F2FA","background_color_b_stop":{"unit":"%","size":"8","sizes":[]},"padding_tablet":{"unit":"%","top":"14","right":"4","bottom":"18","left":"4","isLinked":""},"_title":"Lasting Results Guaranteed","_timestamp_":"v1b1BCenZXN2gxUTBqb0JJSWxJTVlPZz09"},"elements":[{"id":"77cf25f2","settings":{"_column_size":"33","_inline_size_tablet":"100","content_position":"top","space_between_widgets":"0","padding":{"unit":"%","top":"0","right":"12","bottom":"0","left":"0","isLinked":""},"padding_tablet":{"unit":"%","top":"0","right":"16","bottom":"6","left":"16","isLinked":""},"padding_mobile":{"unit":"px","top":"0","right":"0","bottom":"0","left":"0","isLinked":""},"motion_fx_motion_fx_scrolling":"yes","motion_fx_translateY_effect":"yes","motion_fx_translateY_direction":"negative","motion_fx_translateY_speed":{"unit":"px","size":"0.5","sizes":[]},"motion_fx_devices":["desktop"]},"elements":[{"id":"15b9056f","settings":{"title":"Lasting Results Guaranteed","align_mobile":"center","title_color":"#000000","typography_typography":"custom","typography_font_family":"Raleway","typography_font_size":{"unit":"px","size":"50","sizes":[]},"typography_font_size_tablet":{"unit":"px","size":"36","sizes":[]},"typography_font_size_mobile":{"unit":"px","size":"28","sizes":[]},"typography_font_weight":"300","typography_text_transform":"capitalize","typography_font_style":"normal","typography_text_decoration":"none","typography_line_height":{"unit":"px","size":"65","sizes":[]},"typography_line_height_tablet":{"unit":"em","size":"1.4","sizes":[]},"_padding":{"unit":"%","top":"0","right":"0","bottom":"4","left":"0","isLinked":""},"align_tablet":"center","_padding_tablet":{"unit":"%","top":"0","right":"0","bottom":"3","left":"0","isLinked":""},"_padding_mobile":{"unit":"%","top":"0","right":"0","bottom":"8","left":"0","isLinked":""}},"elements":[],"isInner":false,"widgetType":"heading","elType":"widget"},{"id":"79f9fbe2","settings":{"title":"See some of our amazing smile transformations","header_size":"h4","align_mobile":"center","title_color":"#000000","typography_typography":"custom","typography_font_family":"Raleway","typography_font_size":{"unit":"px","size":"25","sizes":[]},"typography_font_size_tablet":{"unit":"px","size":"20","sizes":[]},"typography_font_weight":"normal","typography_text_transform":"none","typography_font_style":"normal","typography_text_decoration":"none","typography_line_height":{"unit":"em","size":"1.4","sizes":[]},"typography_letter_spacing_tablet":{"unit":"px","size":"0.5","sizes":[]},"_padding":{"unit":"%","top":"","right":"","bottom":"","left":"","isLinked":"1"},"_padding_tablet":{"unit":"%","top":"0","right":"0","bottom":"8","left":"0","isLinked":""},"_padding_mobile":{"unit":"%","top":"0","right":"0","bottom":"10","left":"0","isLinked":""},"align_tablet":"center","typography_font_size_mobile":{"unit":"px","size":"18","sizes":[]}},"elements":[],"isInner":false,"widgetType":"heading","elType":"widget"},{"id":"42c637b5","settings":{"image":{"id":16624,"url":"http:\/\/library.elementor.com\/lp\/wp-content\/uploads\/2021\/01\/Results_pic4.jpg"},"align":"left","align_tablet":"center","_padding":{"unit":"%","top":"20","right":"0","bottom":"20","left":"0","isLinked":""},"_padding_tablet":{"unit":"%","top":"0","right":"22","bottom":"10","left":"22","isLinked":""},"_padding_mobile":{"unit":"%","top":"0","right":"0","bottom":"16","left":"0","isLinked":""}},"elements":[],"isInner":false,"widgetType":"image","elType":"widget"},{"id":"60b0ec5","settings":{"editor":"<p>Lorem ipsum dolor sit amet, consectetur adipiscing elialo ante arcu. Donec non ekolor dolor curabitur laoreet dapibus tolos condimentum tincidunt odio pharetra<\/p><p>Suspendisse non the mauris dignissim mauris comodo scele Integer sit amet velit a nulla rutrum pharetra ulat elot lectus. Praesent consectetur hendrerit est, id vehicula metus<\/p>","text_color":"#000000","typography_typography":"custom","typography_font_family":"Poppins","typography_font_size":{"unit":"px","size":"16","sizes":[]},"typography_font_weight":"200","typography_line_height":{"unit":"px","size":"25","sizes":[]},"align_tablet":"center","typography_font_size_tablet":{"unit":"px","size":"15","sizes":[]},"typography_font_size_mobile":{"unit":"px","size":"14","sizes":[]},"typography_line_height_tablet":{"unit":"em","size":"1.5","sizes":[]},"_padding_mobile":{"unit":"%","top":"0","right":"0","bottom":"14","left":"0","isLinked":""}},"elements":[],"isInner":false,"widgetType":"text-editor","elType":"widget"}],"isInner":"","elType":"column"},{"id":"7af52050","settings":{"_column_size":"33","_inline_size_tablet":"50","content_position":"top","space_between_widgets":"0","padding":{"unit":"%","top":"0","right":"6","bottom":"0","left":"6","isLinked":""},"padding_tablet":{"unit":"%","top":"0","right":"10","bottom":"0","left":"5","isLinked":""},"padding_mobile":{"unit":"%","top":"0","right":"0","bottom":"20","left":"0","isLinked":""},"motion_fx_motion_fx_scrolling":"yes","motion_fx_translateY_effect":"yes","motion_fx_translateY_speed":{"unit":"px","size":"0.9","sizes":[]},"motion_fx_devices":["desktop"]},"elements":[{"id":"2205af27","settings":{"image":{"id":16626,"url":"http:\/\/library.elementor.com\/lp\/wp-content\/uploads\/2021\/01\/Results_pic1.jpg"},"_padding":{"unit":"%","top":"0","right":"0","bottom":"18","left":"0","isLinked":""},"_padding_tablet":{"unit":"%","top":"0","right":"0","bottom":"20","left":"0","isLinked":""}},"elements":[],"isInner":false,"widgetType":"image","elType":"widget"},{"id":"5d65c5a1","settings":{"image":{"id":16628,"url":"http:\/\/library.elementor.com\/lp\/wp-content\/uploads\/2021\/01\/Results_pic2.jpg"},"_padding":{"unit":"%","top":"0","right":"0","bottom":"0","left":"0","isLinked":""}},"elements":[],"isInner":false,"widgetType":"image","elType":"widget"}],"isInner":"","elType":"column"},{"id":"7e60eb04","settings":{"_column_size":"33","_inline_size_tablet":"50","content_position":"top","space_between_widgets":"0","margin":{"unit":"px","top":"-185","right":"0","bottom":"0","left":"0","isLinked":""},"margin_tablet":{"unit":"px","top":"0","right":"0","bottom":"0","left":"0","isLinked":""},"padding":{"unit":"%","top":"0","right":"0","bottom":"14","left":"12","isLinked":""},"padding_tablet":{"unit":"%","top":"0","right":"5","bottom":"0","left":"10","isLinked":""},"padding_mobile":{"unit":"px","top":"0","right":"0","bottom":"0","left":"0","isLinked":""},"motion_fx_motion_fx_scrolling":"yes","motion_fx_translateY_effect":"yes","motion_fx_translateY_direction":"negative","motion_fx_translateY_speed":{"unit":"px","size":"0.5","sizes":[]},"motion_fx_devices":["desktop"]},"elements":[{"id":"403c420","settings":{"image":{"id":16630,"url":"http:\/\/library.elementor.com\/lp\/wp-content\/uploads\/2021\/01\/Results_pic3.jpg"},"align":"right","_padding":{"unit":"%","top":"0","right":"0","bottom":"18","left":"0","isLinked":""},"_padding_tablet":{"unit":"%","top":"0","right":"0","bottom":"20","left":"0","isLinked":""}},"elements":[],"isInner":false,"widgetType":"image","elType":"widget"},{"id":"50631f40","settings":{"image":{"id":16632,"url":"http:\/\/library.elementor.com\/lp\/wp-content\/uploads\/2021\/01\/Results_pic5.jpg"},"align":"right","_padding":{"unit":"%","top":"0","right":"0","bottom":"0","left":"0","isLinked":""}},"elements":[],"isInner":false,"widgetType":"image","elType":"widget"}],"isInner":"","elType":"column"}],"isInner":"","elType":"section"},{"id":"2b3d1d3c","settings":{"content_width":{"unit":"px","size":"1680","sizes":[]},"gap":"no","height":"min-height","custom_height":{"unit":"px","size":"290","sizes":[]},"structure":"20","padding":{"unit":"%","top":"0","right":"4","bottom":"0","left":"4","isLinked":""},"padding_mobile":{"unit":"%","top":"20","right":"6","bottom":"20","left":"6","isLinked":""},"custom_height_tablet":{"unit":"vh","size":"26","sizes":[]},"content_position":"middle","background_background":"classic","background_color":"rgba(255, 255, 255, 0)","background_color_stop":{"unit":"%","size":"28","sizes":[]},"background_color_b":"#E2F2FA","background_color_b_stop":{"unit":"%","size":"8","sizes":[]},"padding_tablet":{"unit":"%","top":"8","right":"4","bottom":"8","left":"4","isLinked":""},"_title":"Get 30% Off","column_position":"stretch","_timestamp_":"v1b1BCenZXN2gxUTBqb0JJSWxJTVlPZz09"},"elements":[{"id":"4c524e90","settings":{"_column_size":"50","_inline_size":"69.963","_inline_size_tablet":"100","space_between_widgets":"0","padding":{"unit":"%","top":"0","right":"2","bottom":"0","left":"8","isLinked":""},"padding_tablet":{"unit":"%","top":"6","right":"10","bottom":"0","left":"10","isLinked":""},"padding_mobile":{"unit":"%","top":"10","right":"6","bottom":"10","left":"6","isLinked":""},"background_background":"classic","background_color":"#E2F2FA"},"elements":[{"id":"74bbd740","settings":{"title":"Get 30% Off Teeth Whitening Treatment!","align_mobile":"center","title_color":"#000000","typography_typography":"custom","typography_font_family":"Raleway","typography_font_size":{"unit":"px","size":"50","sizes":[]},"typography_font_size_tablet":{"unit":"px","size":"36","sizes":[]},"typography_font_size_mobile":{"unit":"px","size":"28","sizes":[]},"typography_font_weight":"500","typography_text_transform":"capitalize","typography_font_style":"normal","typography_text_decoration":"none","typography_line_height":{"unit":"px","size":"65","sizes":[]},"typography_line_height_tablet":{"unit":"em","size":"1.4","sizes":[]},"_padding":{"unit":"%","top":"0","right":"0","bottom":"1","left":"0","isLinked":""},"align_tablet":"center","_padding_tablet":{"unit":"%","top":"0","right":"0","bottom":"4","left":"0","isLinked":""},"_padding_mobile":{"unit":"%","top":"0","right":"0","bottom":"6","left":"0","isLinked":""}},"elements":[],"isInner":false,"widgetType":"heading","elType":"widget"},{"id":"4f4c5b8e","settings":{"title":"Contact Us Today and Get All the Information You Need","header_size":"h4","align_mobile":"center","title_color":"#000000","typography_typography":"custom","typography_font_family":"Raleway","typography_font_size":{"unit":"px","size":"25","sizes":[]},"typography_font_size_tablet":{"unit":"px","size":"20","sizes":[]},"typography_font_weight":"normal","typography_font_style":"normal","typography_text_decoration":"none","typography_line_height":{"unit":"em","size":"1.4","sizes":[]},"typography_letter_spacing_tablet":{"unit":"px","size":"0.5","sizes":[]},"_padding":{"unit":"%","top":"0","right":"0","bottom":"0","left":"0","isLinked":""},"_padding_tablet":{"unit":"%","top":"0","right":"0","bottom":"8","left":"0","isLinked":""},"_padding_mobile":{"unit":"%","top":"0","right":"0","bottom":"0","left":"0","isLinked":""},"align_tablet":"center","typography_font_size_mobile":{"unit":"px","size":"18","sizes":[]}},"elements":[],"isInner":false,"widgetType":"heading","elType":"widget"}],"isInner":"","elType":"column"},{"id":"2058015f","settings":{"_column_size":"50","_inline_size":"29.888","_inline_size_tablet":"100","space_between_widgets":"0","padding":{"unit":"%","top":"0","right":"20","bottom":"0","left":"0","isLinked":""},"padding_tablet":{"unit":"%","top":"0","right":"10","bottom":"6","left":"10","isLinked":""},"background_background":"classic","background_color":"#E2F2FA","padding_mobile":{"unit":"%","top":"0","right":"6","bottom":"10","left":"6","isLinked":""}},"elements":[{"id":"1a042ce","settings":{"text":"Request Appointment","align":"right","button_text_color":"#000000","background_color":"#40E0E1","border_radius":{"unit":"px","top":"0","right":"0","bottom":"0","left":"0","isLinked":"1"},"align_mobile":"center","typography_typography":"custom","typography_font_family":"Poppins","typography_font_size":{"unit":"px","size":"16","sizes":[]},"typography_font_size_tablet":{"unit":"px","size":"15","sizes":[]},"typography_font_size_mobile":{"unit":"px","size":"14","sizes":[]},"typography_font_weight":"normal","typography_text_transform":"capitalize","typography_font_style":"normal","typography_text_decoration":"none","typography_line_height":{"unit":"px","size":"22","sizes":[]},"typography_line_height_tablet":{"unit":"em","size":"1","sizes":[]},"hover_color":"#000000","button_background_hover_color":"#FFFFFF","text_padding":{"unit":"px","top":"19","right":"68","bottom":"19","left":"68","isLinked":""},"text_padding_tablet":{"unit":"px","top":"16","right":"49","bottom":"16","left":"49","isLinked":""},"text_padding_mobile":{"unit":"px","top":"13","right":"44","bottom":"13","left":"44","isLinked":""},"align_tablet":"center","icon_indent":{"unit":"px","size":"0","sizes":[]},"link":{"url":"#requestform","is_external":"","nofollow":"","custom_attributes":""}},"elements":[],"isInner":false,"widgetType":"button","elType":"widget"}],"isInner":"","elType":"column"}],"isInner":"","elType":"section"},{"id":"3f4fb283","settings":{"content_width":{"unit":"px","size":"458","sizes":[]},"gap":"no","padding":{"unit":"%","top":"18","right":"4","bottom":"6","left":"4","isLinked":""},"padding_tablet":{"unit":"%","top":"20","right":"26","bottom":"6","left":"26","isLinked":""},"padding_mobile":{"unit":"%","top":"28","right":"6","bottom":"12","left":"6","isLinked":""},"_title":"Our Satisfied Patients Say It Best","_timestamp_":"v1b1BCenZXN2gxUTBqb0JJSWxJTVlPZz09"},"elements":[{"id":"5d691e66","settings":{"_column_size":"100"},"elements":[{"id":"57757804","settings":{"title":"Our Satisfied Patients Say It Best!","align_mobile":"center","title_color":"#000000","typography_typography":"custom","typography_font_family":"Raleway","typography_font_size":{"unit":"px","size":"50","sizes":[]},"typography_font_size_tablet":{"unit":"px","size":"36","sizes":[]},"typography_font_size_mobile":{"unit":"px","size":"28","sizes":[]},"typography_font_weight":"300","typography_text_transform":"capitalize","typography_font_style":"normal","typography_text_decoration":"none","typography_line_height":{"unit":"px","size":"65","sizes":[]},"typography_line_height_tablet":{"unit":"em","size":"1.4","sizes":[]},"_padding":{"unit":"%","top":"","right":"","bottom":"","left":"","isLinked":"1"},"align":"center","align_tablet":"center","_padding_tablet":{"unit":"%","top":"","right":"","bottom":"","left":"","isLinked":"1"},"_padding_mobile":{"unit":"%","top":"","right":"","bottom":"","left":"","isLinked":"1"}},"elements":[],"isInner":false,"widgetType":"heading","elType":"widget"}],"isInner":"","elType":"column"}],"isInner":"","elType":"section"},{"id":"6b1487ca","settings":{"content_width":{"unit":"px","size":"1330","sizes":[]},"gap":"no","padding":{"unit":"%","top":"0","right":"4","bottom":"12","left":"4","isLinked":""},"padding_tablet":{"unit":"%","top":"0","right":"4","bottom":"22","left":"4","isLinked":""},"_title":"Testimonials","_timestamp_":"v1b1BCenZXN2gxUTBqb0JJSWxJTVlPZz09"},"elements":[{"id":"6e51f62d","settings":{"_column_size":"100","space_between_widgets":"0","padding":{"unit":"%","top":"0","right":"0","bottom":"0","left":"0","isLinked":""},"padding_tablet":{"unit":"%","top":"0","right":"0","bottom":"0","left":"0","isLinked":""},"padding_mobile":{"unit":"%","top":"0","right":"0","bottom":"16","left":"0","isLinked":""}},"elements":[{"id":"2756faeb","settings":{"slides":[{"content":"\u201cDr. Coleman is a true artist!  I came all the way from Vegas to his clinic because I couldn\u2019t trust any other dentist. He did everything to make sure I was satisfied with the treatment and the results. I highly recommend him.\"","name":"Tammy Ward","title":"","image":{"id":16634,"url":"http:\/\/library.elementor.com\/lp\/wp-content\/uploads\/2021\/01\/Testimonials_pic1.jpg"},"_id":"5b85ebb"},{"content":"\u201cDr. Coleman is the best cosmetic dentist in town! The results are above my expectations. My teeth had many problems and Dr. Coleman and his staff did an amazing job. I can finally feel proud of my smile\"","name":"Vivian Mcgowan","title":"","image":{"id":16636,"url":"http:\/\/library.elementor.com\/lp\/wp-content\/uploads\/2021\/01\/Testimonials_pic2.jpg"},"_id":"188b454"}],"layout":"image_left","alignment":"left","slides_per_view":"2","slides_per_view_tablet":"1","width":{"unit":"%","size":"100","sizes":[]},"width_tablet":{"unit":"%","size":"90","sizes":[]},"pagination":"","speed":"800","loop":"","space_between":{"unit":"px","size":"110","sizes":[]},"slide_padding":{"unit":"px","top":"0","right":"0","bottom":"0","left":"0","isLinked":""},"content_gap":{"unit":"px","size":"28","sizes":[]},"content_color":"#000000","content_typography_typography":"custom","content_typography_font_family":"Poppins","content_typography_font_size":{"unit":"px","size":"16","sizes":[]},"content_typography_font_size_tablet":{"unit":"px","size":"15","sizes":[]},"content_typography_font_size_mobile":{"unit":"px","size":"14","sizes":[]},"content_typography_font_weight":"200","content_typography_text_transform":"none","content_typography_font_style":"normal","content_typography_line_height_tablet":{"unit":"em","size":"1.5","sizes":[]},"name_color":"#000000","name_typography_typography":"custom","name_typography_font_family":"Raleway","name_typography_font_size":{"unit":"px","size":"25","sizes":[]},"name_typography_font_size_tablet":{"unit":"px","size":"24","sizes":[]},"name_typography_font_size_mobile":{"unit":"px","size":"23","sizes":[]},"name_typography_font_weight":"bold","name_typography_text_transform":"capitalize","name_typography_font_style":"normal","name_typography_text_decoration":"none","name_typography_line_height":{"unit":"em","size":"1.3","sizes":[]},"title_color":"#000000","image_size":{"unit":"px","size":"68","sizes":[]},"arrows_color":"#000000","image_size_mobile":{"unit":"px","size":"0","sizes":[]},"show_arrows":""},"elements":[],"isInner":false,"widgetType":"testimonial-carousel","elType":"widget"}],"isInner":"","elType":"column"}],"isInner":"","elType":"section"},{"id":"7c30ad6","settings":{"content_width":{"unit":"px","size":"1680","sizes":[]},"gap":"no","height":"min-height","custom_height":{"unit":"vh","size":"100","sizes":[]},"custom_height_tablet":{"unit":"vh","size":"46","sizes":[]},"column_position":"stretch","content_position":"middle","background_background":"gradient","background_color":"rgba(255, 255, 255, 0)","background_color_stop":{"unit":"%","size":"20","sizes":[]},"background_color_b":"#E2F2FA","background_color_b_stop":{"unit":"%","size":"18","sizes":[]},"shape_divider_bottom_color":"#FFFFFF","shape_divider_bottom_width":{"unit":"%","size":"100","sizes":[]},"shape_divider_bottom_height":{"unit":"px","size":"113","sizes":[]},"shape_divider_bottom_above_content":"yes","margin_tablet":{"unit":"%","top":"","right":"0","bottom":"","left":"0","isLinked":"1"},"padding":{"unit":"%","top":"0","right":"4","bottom":"0","left":"4","isLinked":""},"padding_tablet":{"unit":"%","top":"4","right":"0","bottom":"0","left":"4","isLinked":""},"padding_mobile":{"unit":"%","top":"6","right":"6","bottom":"12","left":"6","isLinked":""},"sticky_on":["desktop","tablet"],"_title":"Call To Action","structure":"20","reverse_order_mobile":"reverse-mobile","_timestamp_":"v1b1BCenZXN2gxUTBqb0JJSWxJTVlPZz09"},"elements":[{"id":"3bef44a3","settings":{"_column_size":"50","_inline_size":"45.417","_inline_size_mobile":"100","space_between_widgets":"0","background_background":"classic","background_position":"top right","background_position_mobile":"bottom center","background_xpos_tablet":{"unit":"%","size":"-71","sizes":[]},"background_ypos_tablet":{"unit":"%","size":"0","sizes":[]},"background_repeat":"no-repeat","background_size":"contain","background_size_tablet":"initial","background_size_mobile":"contain","background_bg_width_tablet":{"unit":"%","size":"90","sizes":[]},"padding":{"unit":"%","top":"6","right":"12","bottom":"0","left":"0","isLinked":""},"padding_tablet":{"unit":"%","top":"20","right":"6","bottom":"4","left":"0","isLinked":""},"padding_mobile":{"unit":"%","top":"14","right":"0","bottom":"0","left":"0","isLinked":""},"_inline_size_tablet":"60"},"elements":[{"id":"27803ee5","settings":{"title":"Say Goodbye To Tooth Stains And Take A Step Closer To A Perfect Brighter Smile  ","align_mobile":"center","title_color":"#000000","typography_typography":"custom","typography_font_family":"Raleway","typography_font_size":{"unit":"px","size":"50","sizes":[]},"typography_font_size_tablet":{"unit":"px","size":"36","sizes":[]},"typography_font_size_mobile":{"unit":"px","size":"28","sizes":[]},"typography_font_weight":"300","typography_text_transform":"capitalize","typography_font_style":"normal","typography_text_decoration":"none","typography_line_height":{"unit":"px","size":"65","sizes":[]},"typography_line_height_tablet":{"unit":"em","size":"1.4","sizes":[]},"align_tablet":"left","_padding":{"unit":"%","top":"0","right":"0","bottom":"4","left":"0","isLinked":""},"_padding_tablet":{"unit":"%","top":"0","right":"0","bottom":"3","left":"0","isLinked":""},"_padding_mobile":{"unit":"%","top":"0","right":"0","bottom":"0","left":"0","isLinked":""}},"elements":[],"isInner":false,"widgetType":"heading","elType":"widget"}],"isInner":"","elType":"column"},{"id":"5a36d77d","settings":{"_column_size":"50","_inline_size":"54.583","_inline_size_mobile":"100","space_between_widgets":"0","background_background":"classic","background_image":{"id":16638,"url":"http:\/\/library.elementor.com\/lp\/wp-content\/uploads\/2021\/01\/Footer-Call-to-action-pic.png"},"background_position":"center center","background_position_mobile":"top center","background_xpos_tablet":{"unit":"%","size":"-71","sizes":[]},"background_ypos_tablet":{"unit":"%","size":"0","sizes":[]},"background_repeat":"no-repeat","background_size":"cover","background_size_mobile":"cover","background_bg_width_tablet":{"unit":"%","size":"90","sizes":[]},"padding":{"unit":"%","top":"","right":"","bottom":"","left":"","isLinked":"1"},"padding_tablet":{"unit":"px","top":"0","right":"0","bottom":"0","left":"0","isLinked":""},"padding_mobile":{"unit":"%","top":"0","right":"0","bottom":"0","left":"0","isLinked":""},"_inline_size_tablet":"40","background_motion_fx_motion_fx_scrolling":"yes","background_motion_fx_translateX_effect":"yes","background_motion_fx_translateX_speed":{"unit":"px","size":"0.5","sizes":[]},"background_motion_fx_devices":["desktop","tablet"]},"elements":[{"id":"7adbfb14","settings":{"space_mobile":{"unit":"vh","size":"54","sizes":[]}},"elements":[],"isInner":false,"widgetType":"spacer","elType":"widget"}],"isInner":"","elType":"column"}],"isInner":"","elType":"section"},{"id":"1ae81093","settings":{"content_width":{"unit":"px","size":"1680","sizes":[]},"gap":"no","custom_height":{"unit":"px","size":"290","sizes":[]},"padding":{"unit":"%","top":"0","right":"4","bottom":"0","left":"4","isLinked":""},"padding_mobile":{"unit":"%","top":"18","right":"6","bottom":"18","left":"6","isLinked":""},"custom_height_tablet":{"unit":"vh","size":"26","sizes":[]},"content_position":"middle","background_background":"classic","background_color_stop":{"unit":"%","size":"28","sizes":[]},"background_color_b":"#E2F2FA","background_color_b_stop":{"unit":"%","size":"8","sizes":[]},"padding_tablet":{"unit":"%","top":"8","right":"4","bottom":"8","left":"4","isLinked":""},"_title":"Get 30% Off","margin":{"unit":"px","top":"-190","right":"0","bottom":"0","left":"0","isLinked":""},"margin_tablet":{"unit":"px","top":"0","right":"0","bottom":"0","left":"0","isLinked":""},"overflow":"hidden","motion_fx_translateX_direction":"negative","motion_fx_translateX_speed":{"unit":"px","size":"1","sizes":[]},"motion_fx_translateX_affectedRange":{"unit":"%","size":"","sizes":{"start":"50","end":"100"}},"motion_fx_devices":["desktop"],"_timestamp_":"v1b1BCenZXN2gxUTBqb0JJSWxJTVlPZz09"},"elements":[{"id":"1758e82","settings":{"_column_size":"100","_inline_size_tablet":"100","space_between_widgets":"0","padding":{"unit":"%","top":"0","right":"38","bottom":"0","left":"0","isLinked":""},"padding_tablet":{"unit":"%","top":"0","right":"0","bottom":"0","left":"0","isLinked":""},"padding_mobile":{"unit":"%","top":"0","right":"0","bottom":"0","left":"0","isLinked":""},"margin":{"unit":"px","top":"0","right":"0","bottom":"0","left":"0","isLinked":""},"motion_fx_motion_fx_scrolling":"yes","motion_fx_translateX_effect":"yes","motion_fx_translateX_speed":{"unit":"px","size":"0.5","sizes":[]},"motion_fx_translateX_affectedRange":{"unit":"%","size":"","sizes":{"start":"0","end":"50"}},"motion_fx_devices":["desktop"]},"elements":[{"id":"65652840","settings":{"layout":"full_width","gap":"no","height_inner":"min-height","custom_height_inner":{"unit":"px","size":"190","sizes":[]},"custom_height_inner_tablet":{"unit":"px","size":"0","sizes":[]},"content_position":"middle","background_background":"classic","background_color":"#FFFFFF","margin_mobile":{"unit":"%","top":"0","right":"0","bottom":"0","left":"0","isLinked":""},"padding":{"unit":"%","top":"0","right":"5","bottom":"0","left":"5","isLinked":""},"padding_tablet":{"unit":"%","top":"0","right":"0","bottom":"0","left":"0","isLinked":""},"padding_mobile":{"unit":"%","top":"0","right":"0","bottom":"0","left":"0","isLinked":"1"},"structure":"20","margin":{"unit":"px","top":"0","right":"0","bottom":"0","left":"0","isLinked":""}},"elements":[{"id":"17b0676e","settings":{"_column_size":"50","_inline_size":"66.135","space_between_widgets":"0"},"elements":[{"id":"39e3fad3","settings":{"title":"Call us today for a free consultation and get 30% off your teeth whitening treatment!","header_size":"h4","align_tablet":"left","align_mobile":"center","title_color":"#000000","typography_typography":"custom","typography_font_family":"Poppins","typography_font_size":{"unit":"px","size":"24","sizes":[]},"typography_font_size_tablet":{"unit":"px","size":"20","sizes":[]},"typography_font_size_mobile":{"unit":"px","size":"16","sizes":[]},"typography_font_weight":"500","typography_text_transform":"none","typography_font_style":"normal","typography_text_decoration":"none","typography_line_height":{"unit":"em","size":"1.4","sizes":[]},"typography_letter_spacing_tablet":{"unit":"px","size":"0.5","sizes":[]},"_padding":{"unit":"%","top":"0","right":"4","bottom":"0","left":"0","isLinked":""},"_padding_tablet":{"unit":"%","top":"0","right":"0","bottom":"0","left":"0","isLinked":""},"_padding_mobile":{"unit":"%","top":"0","right":"0","bottom":"8","left":"0","isLinked":""}},"elements":[],"isInner":false,"widgetType":"heading","elType":"widget"}],"isInner":"1","elType":"column"},{"id":"3dee69f0","settings":{"_column_size":"50","_inline_size":"33.849","space_between_widgets":"0"},"elements":[{"id":"7ad90e58","settings":{"text":"Request Appointment","align":"right","button_text_color":"#000000","background_color":"#40E0E1","border_radius":{"unit":"px","top":"0","right":"0","bottom":"0","left":"0","isLinked":"1"},"align_mobile":"center","typography_typography":"custom","typography_font_family":"Poppins","typography_font_size":{"unit":"px","size":"16","sizes":[]},"typography_font_size_tablet":{"unit":"px","size":"15","sizes":[]},"typography_font_size_mobile":{"unit":"px","size":"14","sizes":[]},"typography_font_weight":"normal","typography_text_transform":"capitalize","typography_font_style":"normal","typography_text_decoration":"none","typography_line_height":{"unit":"px","size":"22","sizes":[]},"typography_line_height_tablet":{"unit":"em","size":"1","sizes":[]},"hover_color":"#000000","button_background_hover_color":"#E2F2FA","text_padding":{"unit":"px","top":"11","right":"25","bottom":"11","left":"25","isLinked":""},"text_padding_tablet":{"unit":"px","top":"18","right":"22","bottom":"18","left":"22","isLinked":""},"text_padding_mobile":{"unit":"px","top":"13","right":"44","bottom":"13","left":"44","isLinked":""},"align_tablet":"right","icon_indent":{"unit":"px","size":"0","sizes":[]},"link":{"url":"#requestform","is_external":"","nofollow":"","custom_attributes":""}},"elements":[],"isInner":false,"widgetType":"button","elType":"widget"}],"isInner":"1","elType":"column"}],"isInner":"1","elType":"section"}],"isInner":"","elType":"column"}],"isInner":"","elType":"section"},{"id":"702ac43a","settings":{"content_width":{"unit":"px","size":"1680","sizes":[]},"gap":"no","height":"min-height","custom_height":{"unit":"vh","size":"18","sizes":[]},"structure":"30","custom_height_tablet":{"unit":"vh","size":"20","sizes":[]},"content_position":"middle","background_background":"classic","background_color":"#E2F2FA","padding":{"unit":"%","top":"0","right":"4","bottom":"0","left":"4","isLinked":""},"padding_tablet":{"unit":"%","top":"0","right":"4","bottom":"0","left":"4","isLinked":""},"padding_mobile":{"unit":"%","top":"16","right":"6","bottom":"16","left":"6","isLinked":""},"z_index":"0","sticky_on":["desktop","tablet"],"_title":"Footer","_timestamp_":"v1b1BCenZXN2gxUTBqb0JJSWxJTVlPZz09"},"elements":[{"id":"5b3e17d3","settings":{"_column_size":"33","_inline_size_mobile":"100","padding_mobile":{"unit":"%","top":"0","right":"0","bottom":"14","left":"0","isLinked":""},"_inline_size_tablet":"100","padding_tablet":{"unit":"%","top":"0","right":"0","bottom":"4","left":"0","isLinked":""}},"elements":[{"id":"6e3058ff","settings":{"image":{"id":16610,"url":"http:\/\/library.elementor.com\/lp\/wp-content\/uploads\/2021\/01\/Dental-logo.png"},"align":"left","width":{"unit":"px","size":"170","sizes":[]},"align_mobile":"center","align_tablet":"center"},"elements":[],"isInner":false,"widgetType":"image","elType":"widget"}],"isInner":"","elType":"column"},{"id":"4c4dadc4","settings":{"_column_size":"33","_inline_size_mobile":"100","_inline_size_tablet":"100","padding_tablet":{"unit":"%","top":"0","right":"0","bottom":"1","left":"0","isLinked":""},"padding_mobile":{"unit":"%","top":"0","right":"0","bottom":"8","left":"0","isLinked":""}},"elements":[{"id":"4f20eaae","settings":{"view":"inline","icon_list":[{"text":"2482  Poplar Avenue, San Diego CA 92105","selected_icon":{"value":"","library":""},"_id":"9068eaa"},{"text":"619-501-7239","selected_icon":{"value":"","library":""},"_id":"5bcbaa5"}],"space_between":{"unit":"px","size":"36","sizes":[]},"icon_align":"center","divider":"yes","divider_weight":{"unit":"px","size":"2","sizes":[]},"divider_height":{"unit":"px","size":"20","sizes":[]},"divider_color":"#000000","text_color":"#000000","icon_typography_typography":"custom","icon_typography_font_family":"Poppins","icon_typography_font_size":{"unit":"px","size":"16","sizes":[]},"icon_typography_font_size_tablet":{"unit":"px","size":"15","sizes":[]},"icon_typography_font_size_mobile":{"unit":"px","size":"14","sizes":[]},"icon_typography_line_height":{"unit":"em","size":"1.2","sizes":[]}},"elements":[],"isInner":false,"widgetType":"icon-list","elType":"widget"}],"isInner":"","elType":"column"},{"id":"1917bf1e","settings":{"_column_size":"33","_inline_size_mobile":"100","_inline_size_tablet":"100","padding_mobile":{"unit":"%","top":"","right":"","bottom":"","left":"","isLinked":""}},"elements":[{"id":"3a0b0587","settings":{"editor":"Dr. Colman Dental Clinic 2020. All rights reserved","text_color":"#000000","typography_typography":"custom","typography_font_family":"Poppins","typography_font_size":{"unit":"px","size":"16","sizes":[]},"typography_font_weight":"200","typography_line_height":{"unit":"px","size":"25","sizes":[]},"align_tablet":"center","typography_font_size_tablet":{"unit":"px","size":"15","sizes":[]},"typography_font_size_mobile":{"unit":"px","size":"14","sizes":[]},"typography_line_height_tablet":{"unit":"em","size":"1.5","sizes":[]},"_padding_mobile":{"unit":"%","top":"0","right":"14","bottom":"0","left":"14","isLinked":""},"align":"right"},"elements":[],"isInner":false,"widgetType":"text-editor","elType":"widget"}],"isInner":"","elType":"column"}],"isInner":"","elType":"section"}]}