{"version":"0.4","title":"16742","type":"page","content":[{"id":"739eae62","settings":{"background_background":"classic","background_color":"#403EF1","height":"min-height","custom_height":{"unit":"vh","size":"5","sizes":[]},"content_position":"middle","padding":{"unit":"px","top":"3","right":"0","bottom":"3","left":"0","isLinked":""},"_title":"Top Bar","_timestamp_":"v1b1BCenZXN2gxUTBqb0JJSWxJTVlPZz09"},"elements":[{"id":"603e5635","settings":{"_column_size":"100","align":"center"},"elements":[{"id":"1b258e88","settings":{"view":"inline","icon_list":[{"text":"25% off -","selected_icon":{"value":"","library":""},"_id":"c201543"},{"text":"Our Sale Ends in:","selected_icon":{"value":"","library":""},"_id":"bab58c1"}],"space_between":{"unit":"px","size":"10","sizes":[]},"icon_size":{"unit":"px","size":"0","sizes":[]},"text_color":"#FFFFFF","icon_typography_typography":"custom","icon_typography_font_family":"Poppins","icon_typography_font_size":{"unit":"px","size":"20","sizes":[]},"icon_typography_text_transform":"uppercase","icon_typography_line_height":{"unit":"em","size":"1","sizes":[]},"_element_width":"auto","_element_vertical_align":"center","icon_typography_font_weight":"300","icon_typography_font_style":"normal","icon_typography_text_decoration":"none","icon_typography_letter_spacing":{"unit":"px","size":"2","sizes":[]},"space_between_mobile":{"unit":"px","size":"15","sizes":[]},"icon_align_tablet":"center","icon_typography_font_size_tablet":{"unit":"px","size":"16","sizes":[]},"icon_typography_font_size_mobile":{"unit":"px","size":"12","sizes":[]},"icon_typography_letter_spacing_mobile":{"unit":"px","size":"1.2","sizes":[]},"_element_width_tablet":"inherit"},"elements":[],"isInner":false,"widgetType":"icon-list","elType":"widget"},{"id":"6f8fa48d","settings":{"label_display":"inline","label_days":"Days :","label_hours":"Hours :","label_minutes":"Minutes :","label_seconds":"Seconds","custom_labels":"yes","box_background_color":"rgba(2, 1, 1, 0)","box_border_width":{"unit":"px","top":"0","right":"3","bottom":"0","left":"0","isLinked":""},"box_padding":{"unit":"px","top":"0","right":"0","bottom":"0","left":"0","isLinked":"1"},"digits_color":"#FFFFFF","digits_typography_typography":"custom","digits_typography_font_family":"Poppins","digits_typography_font_size":{"unit":"px","size":"20","sizes":[]},"label_color":"#FFFFFF","label_typography_typography":"custom","label_typography_font_family":"Poppins","label_typography_font_size":{"unit":"px","size":"20","sizes":[]},"label_typography_text_transform":"uppercase","text_color":"#FFFFFF","_margin":{"unit":"px","top":"0","right":"0","bottom":"0","left":"25","isLinked":""},"_element_width":"auto","_element_vertical_align":"center","digits_typography_font_weight":"300","digits_typography_text_transform":"uppercase","digits_typography_font_style":"normal","digits_typography_text_decoration":"none","digits_typography_line_height":{"unit":"em","size":"1","sizes":[]},"digits_typography_letter_spacing":{"unit":"px","size":"2","sizes":[]},"label_typography_font_weight":"300","label_typography_font_style":"normal","label_typography_text_decoration":"none","label_typography_line_height":{"unit":"em","size":"1","sizes":[]},"label_typography_letter_spacing":{"unit":"px","size":"2","sizes":[]},"box_spacing_tablet":{"unit":"px","size":"8","sizes":[]},"box_spacing_mobile":{"unit":"px","size":"5","sizes":[]},"digits_typography_font_size_tablet":{"unit":"px","size":"16","sizes":[]},"digits_typography_font_size_mobile":{"unit":"px","size":"12","sizes":[]},"digits_typography_letter_spacing_mobile":{"unit":"px","size":"1.2","sizes":[]},"label_typography_font_size_tablet":{"unit":"px","size":"16","sizes":[]},"label_typography_font_size_mobile":{"unit":"px","size":"12","sizes":[]},"label_typography_letter_spacing_mobile":{"unit":"px","size":"1.2","sizes":[]},"_margin_tablet":{"unit":"px","top":"5","right":"0","bottom":"0","left":"0","isLinked":""},"_margin_mobile":{"unit":"px","top":"0","right":"0","bottom":"0","left":"0","isLinked":""}},"elements":[],"isInner":false,"widgetType":"countdown","elType":"widget"}],"isInner":"","elType":"column"}],"isInner":"","elType":"section"},{"id":"44651e2d","settings":{"layout":"full_width","content_width":{"unit":"px","size":"1340","sizes":[]},"gap":"no","height":"min-height","custom_height":{"unit":"vh","size":"95","sizes":[]},"content_position":"middle","overflow":"hidden","column_position":"stretch","_title":"Hero","_timestamp_":"v1b1BCenZXN2gxUTBqb0JJSWxJTVlPZz09"},"elements":[{"id":"61d7609e","settings":{"_column_size":"100"},"elements":[{"id":"102f0ad8","settings":{"space":{"unit":"px","size":"700","sizes":[]},"motion_fx_rotateZ_affectedRange":{"unit":"%","size":"","sizes":{"start":"0","end":"0"}},"_background_background":"classic","_background_color":"#403EF1","_border_radius":{"unit":"px","top":"100","right":"100","bottom":"100","left":"100","isLinked":"1"},"_element_width":"initial","_element_custom_width":{"unit":"px","size":"192","sizes":[]},"_position":"absolute","_offset_x":{"unit":"px","size":"-132","sizes":[]},"_offset_y":{"unit":"px","size":"-70","sizes":[]},"motion_fx_motion_fx_scrolling":"yes","motion_fx_rotateZ_effect":"yes","motion_fx_rotateZ_speed":{"unit":"px","size":"1.2","sizes":[]},"space_tablet":{"unit":"px","size":"500","sizes":[]},"space_mobile":{"unit":"px","size":"250","sizes":[]},"_element_width_tablet":"initial","_element_width_mobile":"initial","_element_custom_width_tablet":{"unit":"px","size":"150","sizes":[]},"_element_custom_width_mobile":{"unit":"px","size":"70","sizes":[]},"_offset_x_tablet":{"unit":"px","size":"-51","sizes":[]},"_offset_y_tablet":{"unit":"px","size":"0","sizes":[]}},"elements":[],"isInner":false,"widgetType":"spacer","elType":"widget"},{"id":"7da56bc4","settings":{"space":{"unit":"px","size":"700","sizes":[]},"motion_fx_rotateZ_affectedRange":{"unit":"%","size":"","sizes":{"start":"0","end":"0"}},"_background_background":"classic","_background_color":"#403EF1","_border_radius":{"unit":"px","top":"100","right":"100","bottom":"100","left":"100","isLinked":"1"},"_element_width":"initial","_element_custom_width":{"unit":"px","size":"192","sizes":[]},"_position":"absolute","_offset_x":{"unit":"px","size":"-132","sizes":[]},"_offset_y":{"unit":"px","size":"-20","sizes":[]},"motion_fx_motion_fx_scrolling":"yes","motion_fx_rotateZ_effect":"yes","motion_fx_rotateZ_speed":{"unit":"px","size":"2.4","sizes":[]},"_offset_orientation_h":"end","_offset_x_end":{"unit":"px","size":"-91.9","sizes":[]},"_offset_orientation_v":"end","_offset_y_end":{"unit":"px","size":"-327","sizes":[]},"space_tablet":{"unit":"px","size":"500","sizes":[]},"space_mobile":{"unit":"px","size":"250","sizes":[]},"_element_width_tablet":"initial","_element_width_mobile":"initial","_element_custom_width_tablet":{"unit":"px","size":"150","sizes":[]},"_element_custom_width_mobile":{"unit":"px","size":"70","sizes":[]},"_offset_x_end_mobile":{"unit":"px","size":"-20","sizes":[]},"_offset_y_end_tablet":{"unit":"px","size":"-225","sizes":[]},"_offset_y_end_mobile":{"unit":"px","size":"-110","sizes":[]}},"elements":[],"isInner":false,"widgetType":"spacer","elType":"widget"},{"id":"1c226619","settings":{"space":{"unit":"px","size":"202","sizes":[]},"motion_fx_rotateZ_affectedRange":{"unit":"%","size":"","sizes":{"start":"0","end":"0"}},"_background_background":"classic","_background_color":"#403EF1","_border_radius":{"unit":"px","top":"100","right":"100","bottom":"100","left":"100","isLinked":"1"},"_element_width":"initial","_element_custom_width":{"unit":"px","size":"76","sizes":[]},"_position":"absolute","_offset_x":{"unit":"%","size":"15","sizes":[]},"_offset_y":{"unit":"px","size":"-20","sizes":[]},"motion_fx_motion_fx_scrolling":"yes","motion_fx_rotateZ_effect":"yes","motion_fx_rotateZ_speed":{"unit":"px","size":"2.5","sizes":[]},"_offset_orientation_v":"end","_offset_y_end":{"unit":"px","size":"90","sizes":[]},"space_tablet":{"unit":"px","size":"150","sizes":[]},"space_mobile":{"unit":"px","size":"65","sizes":[]},"_animation":"rotateInDownRight","animation_duration":"slow","_animation_delay":"800","_element_width_tablet":"initial","_element_width_mobile":"initial","_element_custom_width_tablet":{"unit":"px","size":"60","sizes":[]},"_element_custom_width_mobile":{"unit":"px","size":"30","sizes":[]},"_offset_x_mobile":{"unit":"px","size":"31","sizes":[]},"_offset_y_end_mobile":{"unit":"px","size":"41","sizes":[]}},"elements":[],"isInner":false,"widgetType":"spacer","elType":"widget"},{"id":"2c86ed13","settings":{"space":{"unit":"px","size":"204","sizes":[]},"motion_fx_rotateZ_affectedRange":{"unit":"%","size":"","sizes":{"start":"0","end":"0"}},"_background_background":"classic","_background_color":"#403EF1","_border_radius":{"unit":"px","top":"100","right":"100","bottom":"100","left":"100","isLinked":"1"},"_element_width":"initial","_element_custom_width":{"unit":"px","size":"78","sizes":[]},"_position":"absolute","_offset_x":{"unit":"%","size":"15","sizes":[]},"_offset_y":{"unit":"px","size":"130","sizes":[]},"motion_fx_motion_fx_scrolling":"yes","motion_fx_rotateZ_effect":"yes","motion_fx_rotateZ_speed":{"unit":"px","size":"0.8","sizes":[]},"_offset_orientation_h":"end","_offset_x_end":{"unit":"px","size":"70","sizes":[]},"_offset_y_end":{"unit":"px","size":"90","sizes":[]},"space_tablet":{"unit":"px","size":"150","sizes":[]},"space_mobile":{"unit":"px","size":"65","sizes":[]},"_element_width_tablet":"initial","_element_width_mobile":"initial","_element_custom_width_tablet":{"unit":"px","size":"60","sizes":[]},"_element_custom_width_mobile":{"unit":"px","size":"30","sizes":[]},"_offset_x_end_mobile":{"unit":"px","size":"20","sizes":[]},"_offset_y_mobile":{"unit":"px","size":"50","sizes":[]}},"elements":[],"isInner":false,"widgetType":"spacer","elType":"widget"},{"id":"610d8082","settings":{"space":{"unit":"px","size":"233","sizes":[]},"motion_fx_rotateZ_affectedRange":{"unit":"%","size":"","sizes":{"start":"0","end":"0"}},"_background_background":"classic","_background_color":"#3AF7BD","_border_radius":{"unit":"px","top":"100","right":"100","bottom":"100","left":"100","isLinked":"1"},"_element_width":"initial","_element_custom_width":{"unit":"px","size":"67","sizes":[]},"_position":"absolute","_offset_x":{"unit":"%","size":"33","sizes":[]},"_offset_y":{"unit":"px","size":"-20","sizes":[]},"motion_fx_motion_fx_scrolling":"yes","motion_fx_rotateZ_effect":"yes","motion_fx_rotateZ_speed":{"unit":"px","size":"0.8","sizes":[]},"_offset_orientation_v":"end","_offset_y_end":{"unit":"px","size":"-100","sizes":[]},"space_tablet":{"unit":"px","size":"140","sizes":[]},"space_mobile":{"unit":"px","size":"95","sizes":[]},"_animation":"fadeInUp","_element_width_tablet":"initial","_element_width_mobile":"initial","_element_custom_width_tablet":{"unit":"px","size":"40","sizes":[]},"_element_custom_width_mobile":{"unit":"px","size":"25","sizes":[]},"_offset_y_end_tablet":{"unit":"px","size":"-40","sizes":[]}},"elements":[],"isInner":false,"widgetType":"spacer","elType":"widget"},{"id":"f667d0","settings":{"space":{"unit":"px","size":"217","sizes":[]},"motion_fx_rotateZ_affectedRange":{"unit":"%","size":"","sizes":{"start":"0","end":"0"}},"_background_background":"classic","_background_color":"#3AF7BD","_border_radius":{"unit":"px","top":"100","right":"100","bottom":"100","left":"100","isLinked":"1"},"_element_width":"initial","_element_custom_width":{"unit":"px","size":"61","sizes":[]},"_position":"absolute","_offset_x":{"unit":"%","size":"33","sizes":[]},"motion_fx_motion_fx_scrolling":"yes","motion_fx_rotateZ_effect":"yes","motion_fx_rotateZ_speed":{"unit":"px","size":"2.8","sizes":[]},"_offset_orientation_h":"end","_offset_x_end":{"unit":"%","size":"30","sizes":[]},"_offset_y_end":{"unit":"px","size":"-100","sizes":[]},"space_tablet":{"unit":"px","size":"140","sizes":[]},"space_mobile":{"unit":"px","size":"75","sizes":[]},"_element_width_tablet":"initial","_element_width_mobile":"initial","_element_custom_width_tablet":{"unit":"px","size":"40","sizes":[]},"_element_custom_width_mobile":{"unit":"px","size":"20","sizes":[]},"_offset_y_mobile":{"unit":"px","size":"10","sizes":[]}},"elements":[],"isInner":false,"widgetType":"spacer","elType":"widget"},{"id":"31aea2e9","settings":{"layout":"full_width","gap":"no","padding_mobile":{"unit":"%","top":"0","right":"5","bottom":"0","left":"5","isLinked":""}},"elements":[{"id":"5a9b5b11","settings":{"_column_size":"100","space_between_widgets":"40","space_between_widgets_tablet":"20","space_between_widgets_mobile":"10"},"elements":[{"id":"4012578c","settings":{"title":" \u2014  by Bold Academy \u2014","align":"center","title_color":"#6D6C6C","typography_typography":"custom","typography_font_family":"Poppins","typography_font_size":{"unit":"px","size":"20","sizes":[]},"typography_font_weight":"300","typography_text_transform":"uppercase","typography_font_style":"normal","typography_text_decoration":"none","typography_line_height":{"unit":"em","size":"1.1","sizes":[]},"typography_letter_spacing":{"unit":"px","size":"4.46","sizes":[]},"typography_font_size_tablet":{"unit":"px","size":"16","sizes":[]},"typography_font_size_mobile":{"unit":"px","size":"14","sizes":[]}},"elements":[],"isInner":false,"widgetType":"heading","elType":"widget"},{"id":"419b1f9c","settings":{"title":"New Online Course:<br>\nUI\/UX Fundamentals","header_size":"h1","align":"center","title_color":"#262626","typography_typography":"custom","typography_font_family":"Poppins","typography_font_size":{"unit":"vw","size":"6.4","sizes":[]},"typography_font_weight":"700","typography_text_transform":"capitalize","typography_font_style":"normal","typography_text_decoration":"none","typography_line_height":{"unit":"em","size":"1.1","sizes":[]},"typography_letter_spacing":{"unit":"px","size":"4.98","sizes":[]},"_z_index":"1","typography_font_size_mobile":{"unit":"px","size":"30","sizes":[]}},"elements":[],"isInner":false,"widgetType":"heading","elType":"widget"},{"id":"598be7e7","settings":{"editor":"Excited to get into a world of Interface design? In this course, you will learn how to create professional digital experiences from A to Z.","align":"center","text_color":"#181818","typography_typography":"custom","typography_font_family":"Poppins","typography_font_size":{"unit":"px","size":"22","sizes":[]},"typography_font_weight":"300","typography_text_transform":"none","typography_font_style":"normal","typography_text_decoration":"none","typography_line_height":{"unit":"em","size":"1.5","sizes":[]},"typography_letter_spacing":{"unit":"px","size":"0","sizes":[]},"typography_font_size_tablet":{"unit":"px","size":"18","sizes":[]},"typography_font_size_mobile":{"unit":"px","size":"16","sizes":[]},"_padding":{"unit":"%","top":"0","right":"25","bottom":"0","left":"25","isLinked":""},"_padding_tablet":{"unit":"%","top":"0","right":"10","bottom":"0","left":"10","isLinked":""},"_padding_mobile":{"unit":"px","top":"0","right":"0","bottom":"0","left":"0","isLinked":""}},"elements":[],"isInner":false,"widgetType":"text-editor","elType":"widget"},{"id":"71c4f8d0","settings":{"text":"Enroll Now","align":"center","typography_typography":"custom","typography_font_family":"Poppins","typography_font_size":{"unit":"px","size":"18","sizes":[]},"typography_font_weight":"400","typography_text_transform":"uppercase","typography_font_style":"normal","typography_text_decoration":"none","typography_line_height":{"unit":"em","size":"1","sizes":[]},"typography_letter_spacing":{"unit":"px","size":"3.38","sizes":[]},"button_text_color":"#FAFAFA","background_color":"#262626","button_background_hover_color":"#403EF1","border_radius":{"unit":"px","top":"100","right":"100","bottom":"100","left":"100","isLinked":"1"},"text_padding":{"unit":"px","top":"25","right":"55","bottom":"25","left":"55","isLinked":""},"typography_font_size_tablet":{"unit":"px","size":"16","sizes":[]},"text_padding_mobile":{"unit":"px","top":"18","right":"35","bottom":"18","left":"35","isLinked":""}},"elements":[],"isInner":false,"widgetType":"button","elType":"widget"}],"isInner":"1","elType":"column"}],"isInner":"1","elType":"section"}],"isInner":"","elType":"column"}],"isInner":"","elType":"section"},{"id":"7af2b1e9","settings":{"content_width":{"unit":"px","size":"1340","sizes":[]},"gap":"no","content_position":"middle","structure":"30","background_background":"classic","background_color":"#F7F7F7","padding":{"unit":"%","top":"3","right":"0","bottom":"3","left":"0","isLinked":""},"z_index":"1","padding_tablet":{"unit":"%","top":"5","right":"10","bottom":"5","left":"10","isLinked":""},"padding_mobile":{"unit":"%","top":"15","right":"0","bottom":"15","left":"0","isLinked":""},"_title":"Strip Info","_timestamp_":"v1b1BCenZXN2gxUTBqb0JJSWxJTVlPZz09"},"elements":[{"id":"2c75a312","settings":{"_column_size":"33","align_mobile":"center","padding_tablet":{"unit":"%","top":"0","right":"10","bottom":"0","left":"0","isLinked":""},"padding_mobile":{"unit":"px","top":"0","right":"0","bottom":"0","left":"0","isLinked":""}},"elements":[{"id":"55913e12","settings":{"selected_icon":{"value":{"id":16818,"url":"http:\/\/library.elementor.com\/lp\/wp-content\/uploads\/2021\/01\/4_OnlineCourse-ListIcon.svg"},"library":"svg"},"title_text":"25 Hours Total Length","description_text":"","position":"left","primary_color":"#403EF1","icon_space":{"unit":"px","size":"28","sizes":[]},"icon_size":{"unit":"px","size":"25","sizes":[]},"content_vertical_alignment":"middle","title_bottom_space":{"unit":"px","size":"0","sizes":[]},"title_color":"#262626","title_typography_typography":"custom","title_typography_font_family":"Poppins","title_typography_font_size":{"unit":"px","size":"24","sizes":[]},"title_typography_font_weight":"500","title_typography_text_transform":"capitalize","title_typography_font_style":"normal","title_typography_text_decoration":"none","title_typography_line_height":{"unit":"em","size":"1.2","sizes":[]},"title_typography_letter_spacing":{"unit":"px","size":"0.75","sizes":[]},"icon_space_tablet":{"unit":"px","size":"15","sizes":[]},"title_typography_font_size_tablet":{"unit":"px","size":"20","sizes":[]},"title_typography_font_size_mobile":{"unit":"px","size":"18","sizes":[]},"_element_width":"auto"},"elements":[],"isInner":false,"widgetType":"icon-box","elType":"widget"}],"isInner":"","elType":"column"},{"id":"45e908bf","settings":{"_column_size":"33","align":"center","margin_mobile":{"unit":"%","top":"10","right":"0","bottom":"0","left":"0","isLinked":""},"padding_tablet":{"unit":"%","top":"0","right":"5","bottom":"0","left":"5","isLinked":""},"padding_mobile":{"unit":"px","top":"0","right":"0","bottom":"0","left":"0","isLinked":""}},"elements":[{"id":"2d85167b","settings":{"selected_icon":{"value":{"id":16818,"url":"http:\/\/library.elementor.com\/lp\/wp-content\/uploads\/2021\/01\/4_OnlineCourse-ListIcon.svg"},"library":"svg"},"title_text":"Starts On May, 26th","description_text":"","position":"left","primary_color":"#403EF1","icon_space":{"unit":"px","size":"28","sizes":[]},"icon_size":{"unit":"px","size":"25","sizes":[]},"content_vertical_alignment":"middle","title_bottom_space":{"unit":"px","size":"0","sizes":[]},"title_color":"#262626","title_typography_typography":"custom","title_typography_font_family":"Poppins","title_typography_font_size":{"unit":"px","size":"24","sizes":[]},"title_typography_font_weight":"500","title_typography_text_transform":"capitalize","title_typography_font_style":"normal","title_typography_text_decoration":"none","title_typography_line_height":{"unit":"em","size":"1.2","sizes":[]},"title_typography_letter_spacing":{"unit":"px","size":"0.75","sizes":[]},"icon_space_tablet":{"unit":"px","size":"15","sizes":[]},"title_typography_font_size_tablet":{"unit":"px","size":"20","sizes":[]},"title_typography_font_size_mobile":{"unit":"px","size":"18","sizes":[]},"_element_width":"auto"},"elements":[],"isInner":false,"widgetType":"icon-box","elType":"widget"}],"isInner":"","elType":"column"},{"id":"42456c52","settings":{"_column_size":"33","align":"flex-end","align_mobile":"center","margin_mobile":{"unit":"%","top":"10","right":"0","bottom":"0","left":"0","isLinked":""},"padding_tablet":{"unit":"%","top":"0","right":"5","bottom":"0","left":"5","isLinked":""},"padding_mobile":{"unit":"px","top":"0","right":"0","bottom":"0","left":"0","isLinked":""}},"elements":[{"id":"262bed41","settings":{"selected_icon":{"value":{"id":16818,"url":"http:\/\/library.elementor.com\/lp\/wp-content\/uploads\/2021\/01\/4_OnlineCourse-ListIcon.svg"},"library":"svg"},"title_text":"Lifetime Access","description_text":"","position":"left","primary_color":"#403EF1","icon_space":{"unit":"px","size":"28","sizes":[]},"icon_size":{"unit":"px","size":"25","sizes":[]},"content_vertical_alignment":"middle","title_bottom_space":{"unit":"px","size":"0","sizes":[]},"title_color":"#262626","title_typography_typography":"custom","title_typography_font_family":"Poppins","title_typography_font_size":{"unit":"px","size":"24","sizes":[]},"title_typography_font_weight":"500","title_typography_text_transform":"capitalize","title_typography_font_style":"normal","title_typography_text_decoration":"none","title_typography_line_height":{"unit":"em","size":"1.2","sizes":[]},"title_typography_letter_spacing":{"unit":"px","size":"0.75","sizes":[]},"icon_space_tablet":{"unit":"px","size":"15","sizes":[]},"title_typography_font_size_tablet":{"unit":"px","size":"20","sizes":[]},"title_typography_font_size_mobile":{"unit":"px","size":"18","sizes":[]},"_element_width":"auto"},"elements":[],"isInner":false,"widgetType":"icon-box","elType":"widget"}],"isInner":"","elType":"column"}],"isInner":"","elType":"section"},{"id":"523892e1","settings":{"content_width":{"unit":"px","size":"860","sizes":[]},"gap":"no","margin":{"unit":"%","top":"10","right":"0","bottom":"0","left":"0","isLinked":""},"padding":{"unit":"%","top":"","right":"","bottom":"","left":"","isLinked":"1"},"margin_tablet":{"unit":"%","top":"20","right":"0","bottom":"0","left":"0","isLinked":""},"margin_mobile":{"unit":"%","top":"30","right":"0","bottom":"0","left":"0","isLinked":""},"padding_tablet":{"unit":"%","top":"0","right":"10","bottom":"0","left":"10","isLinked":""},"_title":"About (title)","_timestamp_":"v1b1BCenZXN2gxUTBqb0JJSWxJTVlPZz09"},"elements":[{"id":"2a9c5cbd","settings":{"_column_size":"100"},"elements":[{"id":"19a71483","settings":{"title":" everything you need to","align":"center","header_size":"h4","title_color":"#6D6C6C","typography_typography":"custom","typography_font_family":"Poppins","typography_font_size":{"unit":"px","size":"20","sizes":[]},"typography_font_weight":"300","typography_text_transform":"uppercase","typography_font_style":"normal","typography_text_decoration":"none","typography_line_height":{"unit":"em","size":"1.1","sizes":[]},"typography_letter_spacing":{"unit":"px","size":"4.46","sizes":[]},"typography_font_size_tablet":{"unit":"px","size":"16","sizes":[]},"typography_font_size_mobile":{"unit":"px","size":"14","sizes":[]}},"elements":[],"isInner":false,"widgetType":"heading","elType":"widget"},{"id":"6c9dfa0e","settings":{"title":"Become a Successful Interface Designer","align":"center","title_color":"#262626","typography_typography":"custom","typography_font_family":"Poppins","typography_font_size":{"unit":"px","size":"55","sizes":[]},"typography_font_weight":"700","typography_text_transform":"none","typography_font_style":"normal","typography_text_decoration":"none","typography_line_height":{"unit":"em","size":"1.2","sizes":[]},"typography_letter_spacing":{"unit":"px","size":"2.28","sizes":[]},"typography_font_size_tablet":{"unit":"px","size":"45","sizes":[]},"typography_font_size_mobile":{"unit":"px","size":"35","sizes":[]},"typography_line_height_mobile":{"unit":"em","size":"1","sizes":[]}},"elements":[],"isInner":false,"widgetType":"heading","elType":"widget"}],"isInner":"","elType":"column"}],"isInner":"","elType":"section"},{"id":"1b8faaa5","settings":{"content_width":{"unit":"px","size":"1340","sizes":[]},"structure":"30","margin":{"unit":"%","top":"5","right":"0","bottom":"0","left":"0","isLinked":""},"padding":{"unit":"%","top":"","right":"","bottom":"","left":"","isLinked":"1"},"content_position":"middle","padding_tablet":{"unit":"%","top":"0","right":"10","bottom":"0","left":"10","isLinked":""},"_title":"About (part 1)","_timestamp_":"v1b1BCenZXN2gxUTBqb0JJSWxJTVlPZz09"},"elements":[{"id":"35ead032","settings":{"_column_size":"33","align":"center","background_background":"classic","background_color":"#FFFFFF","border_radius":{"unit":"px","top":"10","right":"10","bottom":"10","left":"10","isLinked":"1"},"box_shadow_box_shadow_type":"yes","box_shadow_box_shadow":{"horizontal":"12","vertical":"12","blur":"30","spread":"0","color":"rgba(0, 0, 0, 0.07)"},"box_shadow_hover_box_shadow_type":"yes","box_shadow_hover_box_shadow":{"horizontal":"0","vertical":"0","blur":"10","spread":"0","color":"rgba(0, 0, 0, 0.08)"},"margin":{"unit":"%","top":"5","right":"5","bottom":"5","left":"5","isLinked":"1"},"padding":{"unit":"%","top":"15","right":"13","bottom":"15","left":"13","isLinked":""},"padding_tablet":{"unit":"%","top":"20","right":"5","bottom":"20","left":"5","isLinked":""}},"elements":[{"id":"d9d80ce","settings":{"selected_icon":{"value":{"id":16820,"url":"http:\/\/library.elementor.com\/lp\/wp-content\/uploads\/2021\/01\/4_OnlineCourse-Icon_1_12012021.svg"},"library":"svg"},"title_text":"Working on Real Design Projects","description_text":"","primary_color":"#3AF7BD","icon_space":{"unit":"px","size":"25","sizes":[]},"icon_size":{"unit":"px","size":60,"sizes":[]},"title_bottom_space":{"unit":"px","size":"0","sizes":[]},"title_color":"#262626","title_typography_typography":"custom","title_typography_font_family":"Poppins","title_typography_font_size":{"unit":"px","size":"24","sizes":[]},"title_typography_font_weight":"500","title_typography_text_transform":"none","title_typography_font_style":"normal","title_typography_text_decoration":"none","title_typography_line_height":{"unit":"em","size":"1.3","sizes":[]},"title_typography_letter_spacing":{"unit":"px","size":"0.75","sizes":[]},"_z_index":"1","title_typography_font_size_tablet":{"unit":"px","size":"20","sizes":[]},"title_typography_font_size_mobile":{"unit":"px","size":"18","sizes":[]}},"elements":[],"isInner":false,"widgetType":"icon-box","elType":"widget"}],"isInner":"","elType":"column"},{"id":"62b66115","settings":{"_column_size":"33","align":"center","background_background":"classic","background_color":"#FFFFFF","border_radius":{"unit":"px","top":"10","right":"10","bottom":"10","left":"10","isLinked":"1"},"box_shadow_box_shadow_type":"yes","box_shadow_box_shadow":{"horizontal":"12","vertical":"12","blur":"30","spread":"0","color":"rgba(0, 0, 0, 0.07)"},"box_shadow_hover_box_shadow_type":"yes","box_shadow_hover_box_shadow":{"horizontal":"0","vertical":"0","blur":"10","spread":"0","color":"rgba(0, 0, 0, 0.08)"},"margin":{"unit":"%","top":"5","right":"5","bottom":"5","left":"5","isLinked":"1"},"padding":{"unit":"%","top":"15","right":"13","bottom":"15","left":"13","isLinked":""},"padding_tablet":{"unit":"%","top":"20","right":"5","bottom":"20","left":"5","isLinked":""}},"elements":[{"id":"5493bb9","settings":{"selected_icon":{"value":{"id":16822,"url":"http:\/\/library.elementor.com\/lp\/wp-content\/uploads\/2021\/01\/4_OnlineCourse-Icon_2_12012021.svg"},"library":"svg"},"title_text":"Weekly Sessions With Your Mentor","description_text":"","primary_color":"#3AF7BD","icon_space":{"unit":"px","size":"25","sizes":[]},"icon_size":{"unit":"px","size":60,"sizes":[]},"title_bottom_space":{"unit":"px","size":"0","sizes":[]},"title_color":"#262626","title_typography_typography":"custom","title_typography_font_family":"Poppins","title_typography_font_size":{"unit":"px","size":"24","sizes":[]},"title_typography_font_weight":"500","title_typography_text_transform":"none","title_typography_font_style":"normal","title_typography_text_decoration":"none","title_typography_line_height":{"unit":"em","size":"1.3","sizes":[]},"title_typography_letter_spacing":{"unit":"px","size":"0.75","sizes":[]},"_z_index":"1","title_typography_font_size_tablet":{"unit":"px","size":"20","sizes":[]},"title_typography_font_size_mobile":{"unit":"px","size":"18","sizes":[]}},"elements":[],"isInner":false,"widgetType":"icon-box","elType":"widget"}],"isInner":"","elType":"column"},{"id":"475cda3","settings":{"_column_size":"33","align":"center","background_background":"classic","background_color":"#FFFFFF","border_radius":{"unit":"px","top":"10","right":"10","bottom":"10","left":"10","isLinked":"1"},"box_shadow_box_shadow_type":"yes","box_shadow_box_shadow":{"horizontal":"12","vertical":"12","blur":"30","spread":"0","color":"rgba(0, 0, 0, 0.07)"},"box_shadow_hover_box_shadow_type":"yes","box_shadow_hover_box_shadow":{"horizontal":"0","vertical":"0","blur":"10","spread":"0","color":"rgba(0, 0, 0, 0.08)"},"margin":{"unit":"%","top":"5","right":"5","bottom":"5","left":"5","isLinked":"1"},"padding":{"unit":"%","top":"15","right":"13","bottom":"15","left":"13","isLinked":""},"padding_tablet":{"unit":"%","top":"20","right":"5","bottom":"20","left":"5","isLinked":""}},"elements":[{"id":"cd0af46","settings":{"selected_icon":{"value":{"id":16824,"url":"http:\/\/library.elementor.com\/lp\/wp-content\/uploads\/2021\/01\/4_OnlineCourse-Icon_3_12012021.svg"},"library":"svg"},"title_text":"Certificate of Completion","description_text":"","primary_color":"#3AF7BD","icon_space":{"unit":"px","size":"25","sizes":[]},"icon_size":{"unit":"px","size":60,"sizes":[]},"title_bottom_space":{"unit":"px","size":"0","sizes":[]},"title_color":"#262626","title_typography_typography":"custom","title_typography_font_family":"Poppins","title_typography_font_size":{"unit":"px","size":"24","sizes":[]},"title_typography_font_weight":"500","title_typography_text_transform":"none","title_typography_font_style":"normal","title_typography_text_decoration":"none","title_typography_line_height":{"unit":"em","size":"1.3","sizes":[]},"title_typography_letter_spacing":{"unit":"px","size":"0.75","sizes":[]},"_z_index":"1","title_typography_font_size_tablet":{"unit":"px","size":"20","sizes":[]},"title_typography_font_size_mobile":{"unit":"px","size":"18","sizes":[]}},"elements":[],"isInner":false,"widgetType":"icon-box","elType":"widget"}],"isInner":"","elType":"column"}],"isInner":"","elType":"section"},{"id":"77747a27","settings":{"content_width":{"unit":"px","size":"1340","sizes":[]},"structure":"30","margin":{"unit":"%","top":"","right":"0","bottom":"","left":"0","isLinked":"1"},"padding":{"unit":"%","top":"","right":"","bottom":"","left":"","isLinked":"1"},"content_position":"middle","padding_tablet":{"unit":"%","top":"0","right":"10","bottom":"0","left":"10","isLinked":""},"_title":"About (part 2)","_timestamp_":"v1b1BCenZXN2gxUTBqb0JJSWxJTVlPZz09"},"elements":[{"id":"19e50743","settings":{"_column_size":"33","align":"center","background_background":"classic","background_color":"#FFFFFF","border_radius":{"unit":"px","top":"10","right":"10","bottom":"10","left":"10","isLinked":"1"},"box_shadow_box_shadow_type":"yes","box_shadow_box_shadow":{"horizontal":"12","vertical":"12","blur":"30","spread":"0","color":"rgba(0, 0, 0, 0.07)"},"box_shadow_hover_box_shadow_type":"yes","box_shadow_hover_box_shadow":{"horizontal":"0","vertical":"0","blur":"10","spread":"0","color":"rgba(0, 0, 0, 0.08)"},"margin":{"unit":"%","top":"5","right":"5","bottom":"5","left":"5","isLinked":"1"},"padding":{"unit":"%","top":"15","right":"13","bottom":"15","left":"13","isLinked":""},"padding_tablet":{"unit":"%","top":"20","right":"5","bottom":"20","left":"5","isLinked":""}},"elements":[{"id":"b352c0f","settings":{"selected_icon":{"value":{"id":16826,"url":"http:\/\/library.elementor.com\/lp\/wp-content\/uploads\/2021\/01\/4_OnlineCourse-Icon_4_12012021.svg"},"library":"svg"},"title_text":"Creating Your Design Portfolio","description_text":"","primary_color":"#3AF7BD","icon_space":{"unit":"px","size":"25","sizes":[]},"icon_size":{"unit":"px","size":60,"sizes":[]},"title_bottom_space":{"unit":"px","size":"0","sizes":[]},"title_color":"#262626","title_typography_typography":"custom","title_typography_font_family":"Poppins","title_typography_font_size":{"unit":"px","size":"24","sizes":[]},"title_typography_font_weight":"500","title_typography_text_transform":"none","title_typography_font_style":"normal","title_typography_text_decoration":"none","title_typography_line_height":{"unit":"em","size":"1.3","sizes":[]},"title_typography_letter_spacing":{"unit":"px","size":"0.75","sizes":[]},"_z_index":"1","title_typography_font_size_tablet":{"unit":"px","size":"20","sizes":[]},"title_typography_font_size_mobile":{"unit":"px","size":"18","sizes":[]}},"elements":[],"isInner":false,"widgetType":"icon-box","elType":"widget"}],"isInner":"","elType":"column"},{"id":"368c97a6","settings":{"_column_size":"33","align":"center","background_background":"classic","background_color":"#FFFFFF","border_radius":{"unit":"px","top":"10","right":"10","bottom":"10","left":"10","isLinked":"1"},"box_shadow_box_shadow_type":"yes","box_shadow_box_shadow":{"horizontal":"12","vertical":"12","blur":"30","spread":"0","color":"rgba(0, 0, 0, 0.07)"},"box_shadow_hover_box_shadow_type":"yes","box_shadow_hover_box_shadow":{"horizontal":"0","vertical":"0","blur":"10","spread":"0","color":"rgba(0, 0, 0, 0.08)"},"margin":{"unit":"%","top":"5","right":"5","bottom":"5","left":"5","isLinked":"1"},"padding":{"unit":"%","top":"15","right":"13","bottom":"15","left":"13","isLinked":""},"padding_tablet":{"unit":"%","top":"20","right":"5","bottom":"20","left":"5","isLinked":""}},"elements":[{"id":"4a1cc91d","settings":{"selected_icon":{"value":{"id":16828,"url":"http:\/\/library.elementor.com\/lp\/wp-content\/uploads\/2021\/01\/4_OnlineCourse-Icon_5_12012021.svg"},"library":"svg"},"title_text":"Exclusive Guests and Resources","description_text":"","primary_color":"#3AF7BD","icon_space":{"unit":"px","size":"25","sizes":[]},"icon_size":{"unit":"px","size":60,"sizes":[]},"title_bottom_space":{"unit":"px","size":"0","sizes":[]},"title_color":"#262626","title_typography_typography":"custom","title_typography_font_family":"Poppins","title_typography_font_size":{"unit":"px","size":"24","sizes":[]},"title_typography_font_weight":"500","title_typography_text_transform":"none","title_typography_font_style":"normal","title_typography_text_decoration":"none","title_typography_line_height":{"unit":"em","size":"1.3","sizes":[]},"title_typography_letter_spacing":{"unit":"px","size":"0.75","sizes":[]},"_z_index":"1","title_typography_font_size_tablet":{"unit":"px","size":"20","sizes":[]},"title_typography_font_size_mobile":{"unit":"px","size":"18","sizes":[]}},"elements":[],"isInner":false,"widgetType":"icon-box","elType":"widget"}],"isInner":"","elType":"column"},{"id":"6e4d1983","settings":{"_column_size":"33","align":"center","background_background":"classic","background_color":"#FFFFFF","border_radius":{"unit":"px","top":"10","right":"10","bottom":"10","left":"10","isLinked":"1"},"box_shadow_box_shadow_type":"yes","box_shadow_box_shadow":{"horizontal":"12","vertical":"12","blur":"30","spread":"0","color":"rgba(0, 0, 0, 0.07)"},"box_shadow_hover_box_shadow_type":"yes","box_shadow_hover_box_shadow":{"horizontal":"0","vertical":"0","blur":"10","spread":"0","color":"rgba(0, 0, 0, 0.08)"},"margin":{"unit":"%","top":"5","right":"5","bottom":"5","left":"5","isLinked":"1"},"padding":{"unit":"%","top":"15","right":"13","bottom":"15","left":"13","isLinked":""},"padding_tablet":{"unit":"%","top":"20","right":"5","bottom":"20","left":"5","isLinked":""}},"elements":[{"id":"69fed112","settings":{"selected_icon":{"value":{"id":16830,"url":"http:\/\/library.elementor.com\/lp\/wp-content\/uploads\/2021\/01\/4_OnlineCourse-Icon_6_12012021.svg"},"library":"svg"},"title_text":"Joining a Professional Design Community","description_text":"","primary_color":"#3AF7BD","icon_space":{"unit":"px","size":"25","sizes":[]},"icon_size":{"unit":"px","size":60,"sizes":[]},"title_bottom_space":{"unit":"px","size":"0","sizes":[]},"title_color":"#262626","title_typography_typography":"custom","title_typography_font_family":"Poppins","title_typography_font_size":{"unit":"px","size":"24","sizes":[]},"title_typography_font_weight":"500","title_typography_text_transform":"none","title_typography_font_style":"normal","title_typography_text_decoration":"none","title_typography_line_height":{"unit":"em","size":"1.3","sizes":[]},"title_typography_letter_spacing":{"unit":"px","size":"0.75","sizes":[]},"_z_index":"1","title_typography_font_size_tablet":{"unit":"px","size":"20","sizes":[]},"title_typography_font_size_mobile":{"unit":"px","size":"18","sizes":[]}},"elements":[],"isInner":false,"widgetType":"icon-box","elType":"widget"}],"isInner":"","elType":"column"}],"isInner":"","elType":"section"},{"id":"383abd8f","settings":{"content_width":{"unit":"px","size":"1340","sizes":[]},"gap":"no","content_position":"middle","structure":"20","margin":{"unit":"%","top":"15","right":"0","bottom":"0","left":"0","isLinked":""},"overflow":"hidden","margin_tablet":{"unit":"%","top":"20","right":"0","bottom":"0","left":"0","isLinked":""},"margin_mobile":{"unit":"%","top":"30","right":"0","bottom":"0","left":"0","isLinked":""},"padding_tablet":{"unit":"%","top":"0","right":"10","bottom":"0","left":"10","isLinked":""},"reverse_order_mobile":"reverse-mobile","_title":"About Author","_timestamp_":"v1b1BCenZXN2gxUTBqb0JJSWxJTVlPZz09"},"elements":[{"id":"16d3a5e4","settings":{"_column_size":"50","padding":{"unit":"%","top":"0","right":"25","bottom":"0","left":"0","isLinked":""},"margin_mobile":{"unit":"%","top":"10","right":"0","bottom":"0","left":"0","isLinked":""},"padding_tablet":{"unit":"%","top":"0","right":"15","bottom":"0","left":"0","isLinked":""},"padding_mobile":{"unit":"%","top":"0","right":"10","bottom":"0","left":"10","isLinked":""}},"elements":[{"id":"488ddfe3","settings":{"space":{"unit":"px","size":"210","sizes":[]},"_margin":{"unit":"px","top":"100","right":"0","bottom":"0","left":"0","isLinked":""},"motion_fx_rotateZ_affectedRange":{"unit":"%","size":"","sizes":{"start":"0","end":"0"}},"_background_background":"classic","_background_color":"#3AF7BD","_border_radius":{"unit":"px","top":"100","right":"100","bottom":"100","left":"100","isLinked":"1"},"_element_width":"initial","_element_custom_width":{"unit":"px","size":"60","sizes":[]},"_position":"absolute","_offset_x":{"unit":"px","size":"460","sizes":[]},"_offset_y":{"unit":"px","size":"","sizes":[]},"motion_fx_motion_fx_scrolling":"yes","motion_fx_rotateZ_effect":"yes","motion_fx_rotateZ_speed":{"unit":"px","size":"1.2","sizes":[]},"_offset_y_end":{"unit":"px","size":"","sizes":[]},"space_tablet":{"unit":"px","size":"140","sizes":[]},"space_mobile":{"unit":"px","size":"120","sizes":[]},"_animation":"fadeInLeft","_element_width_tablet":"initial","_element_width_mobile":"initial","_element_custom_width_tablet":{"unit":"px","size":"40","sizes":[]},"_element_custom_width_mobile":{"unit":"px","size":"30","sizes":[]},"_offset_x_tablet":{"unit":"px","size":"210","sizes":[]},"_offset_y_tablet":{"unit":"px","size":"20","sizes":[]},"_offset_y_mobile":{"unit":"px","size":"0","sizes":[]},"_offset_y_end_tablet":{"unit":"px","size":"90","sizes":[]},"_offset_y_end_mobile":{"unit":"px","size":"112","sizes":[]}},"elements":[],"isInner":false,"widgetType":"spacer","elType":"widget"},{"id":"731b1b9a","settings":{"image":{"id":16832,"url":"http:\/\/library.elementor.com\/lp\/wp-content\/uploads\/2021\/01\/4_OnlineCourse-Alex_Crowly.jpg"},"image_size":"full","align":"left","image_border_radius":{"unit":"px","top":"17","right":"17","bottom":"17","left":"17","isLinked":"1"},"_z_index":"1"},"elements":[],"isInner":false,"widgetType":"image","elType":"widget"},{"id":"4c461d96","settings":{"space":{"unit":"px","size":"276","sizes":[]},"motion_fx_rotateZ_affectedRange":{"unit":"%","size":"","sizes":{"start":"0","end":"0"}},"_background_background":"classic","_background_color":"#403EF1","_border_radius":{"unit":"px","top":"100","right":"100","bottom":"100","left":"100","isLinked":"1"},"_element_width":"initial","_element_custom_width":{"unit":"px","size":"97","sizes":[]},"_position":"absolute","_offset_x":{"unit":"px","size":"-50","sizes":[]},"motion_fx_motion_fx_scrolling":"yes","motion_fx_rotateZ_effect":"yes","motion_fx_rotateZ_speed":{"unit":"px","size":"1.2","sizes":[]},"_offset_y_end":{"unit":"px","size":"90","sizes":[]},"space_tablet":{"unit":"px","size":"160","sizes":[]},"space_mobile":{"unit":"px","size":"130","sizes":[]},"_element_width_tablet":"initial","_element_width_mobile":"initial","_element_custom_width_tablet":{"unit":"px","size":"55","sizes":[]},"_element_custom_width_mobile":{"unit":"px","size":"45","sizes":[]},"_offset_x_tablet":{"unit":"px","size":"0","sizes":[]},"_offset_x_mobile":{"unit":"px","size":"-15","sizes":[]}},"elements":[],"isInner":false,"widgetType":"spacer","elType":"widget"},{"id":"40c4fa9e","settings":{"editor":"Alex Crowly. The Multidisciplinary Designer, currently Lead User Interface Designer at moopy.com","text_color":"#A8A8A8","typography_typography":"custom","typography_font_family":"Poppins","typography_font_size":{"unit":"px","size":"16","sizes":[]},"typography_font_weight":"400","typography_text_transform":"none","typography_font_style":"italic","typography_text_decoration":"none","typography_line_height":{"unit":"em","size":"1.4","sizes":[]},"typography_letter_spacing":{"unit":"px","size":"0","sizes":[]},"typography_font_size_tablet":{"unit":"px","size":"14","sizes":[]}},"elements":[],"isInner":false,"widgetType":"text-editor","elType":"widget"}],"isInner":"","elType":"column"},{"id":"139c465e","settings":{"_column_size":"50","padding":{"unit":"%","top":"0","right":"0","bottom":"0","left":"20","isLinked":""},"content_position_tablet":"top","space_between_widgets_tablet":"10","margin_mobile":{"unit":"%","top":"","right":"","bottom":"","left":"","isLinked":"1"},"padding_tablet":{"unit":"px","top":"0","right":"0","bottom":"0","left":"0","isLinked":""}},"elements":[{"id":"7995e4f0","settings":{"title":"Meet your Mentor","header_size":"h4","title_color":"#6D6C6C","typography_typography":"custom","typography_font_family":"Poppins","typography_font_size":{"unit":"px","size":"20","sizes":[]},"typography_font_weight":"300","typography_text_transform":"uppercase","typography_font_style":"normal","typography_text_decoration":"none","typography_line_height":{"unit":"em","size":"1.1","sizes":[]},"typography_letter_spacing":{"unit":"px","size":"4.46","sizes":[]},"typography_font_size_tablet":{"unit":"px","size":"16","sizes":[]},"typography_font_size_mobile":{"unit":"px","size":"14","sizes":[]}},"elements":[],"isInner":false,"widgetType":"heading","elType":"widget"},{"id":"4e18d200","settings":{"title":"Alex Crowly","title_color":"#262626","typography_typography":"custom","typography_font_family":"Poppins","typography_font_size":{"unit":"px","size":"55","sizes":[]},"typography_font_weight":"700","typography_text_transform":"capitalize","typography_font_style":"normal","typography_text_decoration":"none","typography_line_height":{"unit":"em","size":"1.2","sizes":[]},"typography_letter_spacing":{"unit":"px","size":"2.28","sizes":[]},"typography_font_size_tablet":{"unit":"px","size":"45","sizes":[]},"typography_font_size_mobile":{"unit":"px","size":"35","sizes":[]},"typography_line_height_mobile":{"unit":"em","size":"1","sizes":[]}},"elements":[],"isInner":false,"widgetType":"heading","elType":"widget"},{"id":"d9ef739","settings":{"editor":"<p>Hi, I am Alex, the lead designer at moopy.com. This course will uncover all UI\/UX design process steps and what to do to create bright and successful user interfaces. You will find out how to become an expert in UI\/UX by exploring different techniques, following each stage, from user research to implementation.<\/p>","text_color":"#000000","typography_typography":"custom","typography_font_family":"Poppins","typography_font_size":{"unit":"px","size":"16","sizes":[]},"typography_font_weight":"400","typography_text_transform":"none","typography_font_style":"normal","typography_text_decoration":"none","typography_line_height":{"unit":"em","size":"1.4","sizes":[]},"typography_letter_spacing":{"unit":"px","size":"0","sizes":[]},"typography_font_size_tablet":{"unit":"px","size":"14","sizes":[]}},"elements":[],"isInner":false,"widgetType":"text-editor","elType":"widget"}],"isInner":"","elType":"column"}],"isInner":"","elType":"section"},{"id":"3c6e62b1","settings":{"layout":"full_width","content_width":{"unit":"px","size":"1340","sizes":[]},"gap":"no","margin":{"unit":"%","top":"15","right":"0","bottom":"0","left":"0","isLinked":""},"padding":{"unit":"px","top":"0","right":"0","bottom":"150","left":"0","isLinked":""},"content_position":"middle","overflow":"hidden","margin_tablet":{"unit":"%","top":"20","right":"0","bottom":"0","left":"0","isLinked":""},"margin_mobile":{"unit":"%","top":"30","right":"0","bottom":"0","left":"0","isLinked":""},"padding_tablet":{"unit":"%","top":"0","right":"10","bottom":"10","left":"10","isLinked":""},"_title":"Step By Step","_timestamp_":"v1b1BCenZXN2gxUTBqb0JJSWxJTVlPZz09"},"elements":[{"id":"684ddfd1","settings":{"_column_size":"100"},"elements":[{"id":"3b916af7","settings":{"title":"Becoming an Interface Designer ","align":"center","header_size":"h4","title_color":"#6D6C6C","typography_typography":"custom","typography_font_family":"Poppins","typography_font_size":{"unit":"px","size":"20","sizes":[]},"typography_font_weight":"300","typography_text_transform":"uppercase","typography_font_style":"normal","typography_text_decoration":"none","typography_line_height":{"unit":"em","size":"1.1","sizes":[]},"typography_letter_spacing":{"unit":"px","size":"4.46","sizes":[]},"typography_font_size_tablet":{"unit":"px","size":"16","sizes":[]},"typography_font_size_mobile":{"unit":"px","size":"14","sizes":[]}},"elements":[],"isInner":false,"widgetType":"heading","elType":"widget"},{"id":"49f5ceb7","settings":{"title":"Step by Step","align":"center","title_color":"#262626","typography_typography":"custom","typography_font_family":"Poppins","typography_font_size":{"unit":"px","size":"55","sizes":[]},"typography_font_weight":"700","typography_text_transform":"capitalize","typography_font_style":"normal","typography_text_decoration":"none","typography_line_height":{"unit":"em","size":"1.2","sizes":[]},"typography_letter_spacing":{"unit":"px","size":"2.28","sizes":[]},"typography_font_size_tablet":{"unit":"px","size":"45","sizes":[]},"typography_font_size_mobile":{"unit":"px","size":"35","sizes":[]},"typography_line_height_mobile":{"unit":"em","size":"1","sizes":[]}},"elements":[],"isInner":false,"widgetType":"heading","elType":"widget"},{"id":"18cb07df","settings":{"space":{"unit":"px","size":"210","sizes":[]},"motion_fx_rotateZ_affectedRange":{"unit":"%","size":"","sizes":{"start":"0","end":"0"}},"_background_background":"classic","_background_color":"#3AF7BD","_border_radius":{"unit":"px","top":"100","right":"100","bottom":"100","left":"100","isLinked":"1"},"_element_width":"initial","_element_custom_width":{"unit":"px","size":"60","sizes":[]},"_position":"absolute","_offset_x":{"unit":"px","size":"185","sizes":[]},"_offset_y":{"unit":"%","size":"8","sizes":[]},"motion_fx_motion_fx_scrolling":"yes","motion_fx_rotateZ_effect":"yes","motion_fx_rotateZ_speed":{"unit":"px","size":"1.2","sizes":[]},"_offset_orientation_h":"end","_offset_y_end":{"unit":"px","size":"-160","sizes":[]},"space_mobile":{"unit":"px","size":"102","sizes":[]},"_element_width_tablet":"initial","_element_width_mobile":"initial","_element_custom_width_tablet":{"unit":"px","size":"40","sizes":[]},"_element_custom_width_mobile":{"unit":"px","size":"25","sizes":[]},"_offset_x_end_tablet":{"unit":"px","size":"-130","sizes":[]},"_offset_x_end_mobile":{"unit":"px","size":"-60","sizes":[]},"_offset_y_tablet":{"unit":"px","size":"0","sizes":[]},"_offset_y_mobile":{"unit":"px","size":"20","sizes":[]}},"elements":[],"isInner":false,"widgetType":"spacer","elType":"widget"},{"id":"7cc9a44d","settings":{"space":{"unit":"px","size":"339","sizes":[]},"motion_fx_rotateZ_affectedRange":{"unit":"%","size":"","sizes":{"start":"0","end":"0"}},"_background_background":"classic","_background_color":"#403EF1","_border_radius":{"unit":"px","top":"100","right":"100","bottom":"100","left":"100","isLinked":"1"},"_element_width":"initial","_element_custom_width":{"unit":"px","size":"97","sizes":[]},"_position":"absolute","_offset_x":{"unit":"px","size":"-50","sizes":[]},"_offset_y":{"unit":"px","size":"","sizes":[]},"motion_fx_motion_fx_scrolling":"yes","motion_fx_rotateZ_effect":"yes","motion_fx_rotateZ_speed":{"unit":"px","size":"1.2","sizes":[]},"_offset_y_end":{"unit":"px","size":"90","sizes":[]},"space_tablet":{"unit":"px","size":"185","sizes":[]},"space_mobile":{"unit":"px","size":"65","sizes":[]},"_element_width_tablet":"initial","_element_width_mobile":"initial","_element_custom_width_tablet":{"unit":"px","size":"60","sizes":[]},"_element_custom_width_mobile":{"unit":"px","size":"30","sizes":[]},"_offset_x_tablet":{"unit":"px","size":"-122","sizes":[]},"_offset_x_mobile":{"unit":"px","size":"-50","sizes":[]}},"elements":[],"isInner":false,"widgetType":"spacer","elType":"widget"},{"id":"6dab657d","settings":{"gap":"no","margin":{"unit":"%","top":"5","right":"0","bottom":"0","left":"0","isLinked":""}},"elements":[{"id":"4c479bb7","settings":{"_column_size":"100"},"elements":[{"id":"786d41e6","settings":{"space":{"unit":"px","size":"276","sizes":[]},"motion_fx_rotateZ_affectedRange":{"unit":"%","size":"","sizes":{"start":"0","end":"0"}},"_background_background":"classic","_background_color":"#3AF7BD","_border_radius":{"unit":"px","top":"100","right":"100","bottom":"100","left":"100","isLinked":"1"},"_element_width":"initial","_element_custom_width":{"unit":"px","size":"60","sizes":[]},"_position":"absolute","_offset_x":{"unit":"px","size":"185","sizes":[]},"_offset_y":{"unit":"px","size":"","sizes":[]},"motion_fx_motion_fx_scrolling":"yes","motion_fx_rotateZ_effect":"yes","motion_fx_rotateZ_speed":{"unit":"px","size":"1.2","sizes":[]},"_offset_orientation_v":"end","_offset_y_end":{"unit":"px","size":"-160","sizes":[]},"space_mobile":{"unit":"px","size":"120","sizes":[]},"_animation":"fadeInDown","_element_width_tablet":"initial","_element_width_mobile":"initial","_element_custom_width_tablet":{"unit":"px","size":"40","sizes":[]},"_element_custom_width_mobile":{"unit":"px","size":"25","sizes":[]},"_offset_x_mobile":{"unit":"px","size":"92","sizes":[]},"_offset_y_end_tablet":{"unit":"px","size":"-122","sizes":[]},"_offset_y_end_mobile":{"unit":"px","size":"-55","sizes":[]}},"elements":[],"isInner":false,"widgetType":"spacer","elType":"widget"},{"id":"5f8036f5","settings":{"space":{"unit":"px","size":"339","sizes":[]},"motion_fx_rotateZ_affectedRange":{"unit":"%","size":"","sizes":{"start":"0","end":"0"}},"_background_background":"classic","_background_color":"#403EF1","_border_radius":{"unit":"px","top":"100","right":"100","bottom":"100","left":"100","isLinked":"1"},"_element_width":"initial","_element_custom_width":{"unit":"px","size":"97","sizes":[]},"_position":"absolute","_offset_x":{"unit":"px","size":"185","sizes":[]},"_offset_y":{"unit":"px","size":"","sizes":[]},"motion_fx_motion_fx_scrolling":"yes","motion_fx_rotateZ_effect":"yes","motion_fx_rotateZ_speed":{"unit":"px","size":"1.2","sizes":[]},"_offset_orientation_h":"end","_offset_x_end":{"unit":"px","size":"-100","sizes":[]},"_offset_orientation_v":"end","_offset_y_end":{"unit":"px","size":"50","sizes":[]},"space_tablet":{"unit":"px","size":"245","sizes":[]},"space_mobile":{"unit":"px","size":"95","sizes":[]},"_element_width_tablet":"initial","_element_width_mobile":"initial","_element_custom_width_tablet":{"unit":"px","size":"60","sizes":[]},"_element_custom_width_mobile":{"unit":"px","size":"30","sizes":[]},"_offset_x_end_tablet":{"unit":"px","size":"20.4","sizes":[]},"_offset_x_end_mobile":{"unit":"px","size":"0","sizes":[]},"_offset_y_end_tablet":{"unit":"px","size":"-20","sizes":[]},"_offset_y_end_mobile":{"unit":"px","size":"10","sizes":[]}},"elements":[],"isInner":false,"widgetType":"spacer","elType":"widget"},{"id":"37a9e8c9","settings":{"youtube_url":"https:\/\/www.youtube.com\/watch?v=XHOmBV4js_E","vimeo_url":"https:\/\/vimeo.com\/235215203","dailymotion_url":"https:\/\/www.dailymotion.com\/video\/x6tqhqb","show_image_overlay":"yes","image_overlay":{"id":16834,"url":"http:\/\/library.elementor.com\/lp\/wp-content\/uploads\/2021\/01\/4_OnlineCourse-VideoOverlay-22122020.jpg"},"_z_index":"1","play_icon_size_mobile":{"unit":"px","size":"55","sizes":[]}},"elements":[],"isInner":false,"widgetType":"video","elType":"widget"}],"isInner":"1","elType":"column"}],"isInner":"1","elType":"section"}],"isInner":"","elType":"column"}],"isInner":"","elType":"section"},{"id":"49b8ce13","settings":{"content_width":{"unit":"px","size":"1340","sizes":[]},"gap":"no","content_position":"middle","background_background":"classic","background_color":"#F7F7F7","margin":{"unit":"%","top":"15","right":"0","bottom":"0","left":"0","isLinked":""},"padding":{"unit":"%","top":"10","right":"0","bottom":"10","left":"0","isLinked":""},"margin_mobile":{"unit":"%","top":"30","right":"0","bottom":"0","left":"0","isLinked":""},"padding_tablet":{"unit":"%","top":"10","right":"10","bottom":"10","left":"10","isLinked":""},"padding_mobile":{"unit":"%","top":"20","right":"10","bottom":"20","left":"10","isLinked":""},"_title":"Testimonials","_timestamp_":"v1b1BCenZXN2gxUTBqb0JJSWxJTVlPZz09"},"elements":[{"id":"752af635","settings":{"_column_size":"100","padding":{"unit":"%","top":"","right":"","bottom":"","left":"","isLinked":"1"}},"elements":[{"id":"343a0c59","settings":{"title":"Learn from our graduates","align":"center","header_size":"h4","title_color":"#6D6C6C","typography_typography":"custom","typography_font_family":"Poppins","typography_font_size":{"unit":"px","size":"20","sizes":[]},"typography_font_weight":"300","typography_text_transform":"uppercase","typography_font_style":"normal","typography_text_decoration":"none","typography_line_height":{"unit":"em","size":"1.1","sizes":[]},"typography_letter_spacing":{"unit":"px","size":"4.46","sizes":[]},"typography_font_size_tablet":{"unit":"px","size":"16","sizes":[]},"typography_font_size_mobile":{"unit":"px","size":"14","sizes":[]}},"elements":[],"isInner":false,"widgetType":"heading","elType":"widget"},{"id":"56e93f67","settings":{"title":"What Students Say About Us","align":"center","title_color":"#262626","typography_typography":"custom","typography_font_family":"Poppins","typography_font_size":{"unit":"px","size":"55","sizes":[]},"typography_font_weight":"700","typography_text_transform":"capitalize","typography_font_style":"normal","typography_text_decoration":"none","typography_line_height":{"unit":"em","size":"1.2","sizes":[]},"typography_letter_spacing":{"unit":"px","size":"2.28","sizes":[]},"typography_font_size_tablet":{"unit":"px","size":"45","sizes":[]},"typography_font_size_mobile":{"unit":"px","size":"35","sizes":[]},"typography_line_height_mobile":{"unit":"em","size":"1","sizes":[]}},"elements":[],"isInner":false,"widgetType":"heading","elType":"widget"},{"id":"12af3353","settings":{"layout":"full_width","gap":"no","structure":"20","content_width":{"unit":"px","size":"1103","sizes":[]},"margin":{"unit":"%","top":"5","right":"0","bottom":"0","left":"0","isLinked":""}},"elements":[{"id":"684e19f2","settings":{"_column_size":"50","padding":{"unit":"%","top":"0","right":"10","bottom":"0","left":"0","isLinked":""},"_inline_size_tablet":"100","padding_tablet":{"unit":"px","top":"0","right":"0","bottom":"0","left":"0","isLinked":""}},"elements":[{"id":"565a2703","settings":{"selected_icon":{"value":{"id":16836,"url":"http:\/\/library.elementor.com\/lp\/wp-content\/uploads\/2021\/01\/4_OnlineCourse-TestimonialsIcon.svg"},"library":"svg"},"align":"left","primary_color":"#403EF1","size":{"unit":"px","size":"60","sizes":[]},"rotate":{"unit":"deg","size":"","sizes":[]},"_element_width":"initial","_element_custom_width":{"unit":"%","size":"13","sizes":[]},"size_mobile":{"unit":"px","size":"30","sizes":[]},"motion_fx_motion_fx_mouse":"yes","motion_fx_mouseTrack_direction":"negative","motion_fx_mouseTrack_speed":{"unit":"px","size":"0.05","sizes":[]},"motion_fx_tilt_effect":"yes","motion_fx_tilt_speed":{"unit":"px","size":"5","sizes":[]}},"elements":[],"isInner":false,"widgetType":"icon","elType":"widget"},{"id":"168f1515","settings":{"space":{"unit":"px","size":"36","sizes":[]},"motion_fx_rotateZ_affectedRange":{"unit":"%","size":"","sizes":{"start":"0","end":"0"}},"_background_background":"classic","_background_color":"#3AF7BD","_border_radius":{"unit":"px","top":"100","right":"100","bottom":"100","left":"100","isLinked":"1"},"_element_width":"initial","_element_custom_width":{"unit":"px","size":"13","sizes":[]},"_position":"absolute","_offset_x":{"unit":"px","size":"55","sizes":[]},"motion_fx_motion_fx_scrolling":"yes","motion_fx_rotateZ_effect":"yes","motion_fx_rotateZ_speed":{"unit":"px","size":"1.2","sizes":[]},"space_mobile":{"unit":"px","size":"15","sizes":[]},"motion_fx_motion_fx_mouse":"yes","motion_fx_mouseTrack_effect":"yes","motion_fx_mouseTrack_direction":"negative","motion_fx_mouseTrack_speed":{"unit":"px","size":"0.05","sizes":[]},"_animation":"rotateInDownRight","_element_width_mobile":"initial","_element_custom_width_mobile":{"unit":"px","size":"5","sizes":[]},"_offset_x_mobile":{"unit":"px","size":"27","sizes":[]},"_offset_y_mobile":{"unit":"px","size":"4","sizes":[]}},"elements":[],"isInner":false,"widgetType":"spacer","elType":"widget"},{"id":"75b06474","settings":{"slides":[{"content":"I\u2019m super-inspired by Alex Crowly, the way\nshe presents the information really gives you\na wide view of the field, which helps you to understand all the processes well.\nI really like it!","name":" \u2014 Amanda Borkin\u2014","title":"","image":{"id":16838,"url":"http:\/\/library.elementor.com\/lp\/wp-content\/uploads\/2021\/01\/4_OnlineCourse-Amanda_Borkin.jpg"},"_id":"4836b50"}],"layout":"image_left","alignment":"left","show_arrows":"","pagination":"","autoplay":"","loop":"","content_gap":{"unit":"px","size":"18","sizes":[]},"content_color":"#000000","content_typography_typography":"custom","content_typography_font_family":"Poppins","content_typography_font_size":{"unit":"px","size":"16","sizes":[]},"content_typography_font_weight":"400","content_typography_text_transform":"none","content_typography_font_style":"normal","content_typography_text_decoration":"none","content_typography_line_height":{"unit":"em","size":"1.5","sizes":[]},"content_typography_letter_spacing":{"unit":"px","size":"0","sizes":[]},"name_color":"#000000","name_typography_typography":"custom","name_typography_font_family":"Poppins","name_typography_font_size":{"unit":"px","size":"16","sizes":[]},"name_typography_font_weight":"400","name_typography_text_transform":"capitalize","name_typography_font_style":"normal","name_typography_text_decoration":"none","name_typography_letter_spacing":{"unit":"px","size":"0","sizes":[]},"width":{"unit":"%","size":"100","sizes":[]},"slide_padding":{"unit":"px","top":"0","right":"0","bottom":"0","left":"0","isLinked":""},"image_size":{"unit":"px","size":"95","sizes":[]},"_element_width":"initial","_element_custom_width":{"unit":"%","size":"87","sizes":[]},"width_mobile":{"unit":"%","size":"","sizes":[]},"content_typography_font_size_tablet":{"unit":"px","size":"14","sizes":[]},"content_typography_font_size_mobile":{"unit":"px","size":"12","sizes":[]},"name_typography_font_size_tablet":{"unit":"px","size":"14","sizes":[]},"name_typography_font_size_mobile":{"unit":"px","size":"12","sizes":[]},"image_size_mobile":{"unit":"px","size":"55","sizes":[]}},"elements":[],"isInner":false,"widgetType":"testimonial-carousel","elType":"widget"}],"isInner":"1","elType":"column"},{"id":"5220c369","settings":{"_column_size":"50","padding":{"unit":"%","top":"0","right":"0","bottom":"0","left":"10","isLinked":""},"_inline_size_tablet":"100","margin_tablet":{"unit":"%","top":"15","right":"0","bottom":"0","left":"0","isLinked":""},"padding_tablet":{"unit":"px","top":"0","right":"0","bottom":"0","left":"0","isLinked":""}},"elements":[{"id":"3eece37a","settings":{"selected_icon":{"value":{"id":16836,"url":"http:\/\/library.elementor.com\/lp\/wp-content\/uploads\/2021\/01\/4_OnlineCourse-TestimonialsIcon.svg"},"library":"svg"},"align":"left","primary_color":"#403EF1","size":{"unit":"px","size":"60","sizes":[]},"rotate":{"unit":"deg","size":"","sizes":[]},"_element_width":"initial","_element_custom_width":{"unit":"%","size":"13","sizes":[]},"size_mobile":{"unit":"px","size":"30","sizes":[]},"motion_fx_motion_fx_mouse":"yes","motion_fx_mouseTrack_direction":"negative","motion_fx_mouseTrack_speed":{"unit":"px","size":"0.05","sizes":[]},"motion_fx_tilt_effect":"yes","motion_fx_tilt_speed":{"unit":"px","size":"5","sizes":[]}},"elements":[],"isInner":false,"widgetType":"icon","elType":"widget"},{"id":"78fe13af","settings":{"space":{"unit":"px","size":"36","sizes":[]},"motion_fx_rotateZ_affectedRange":{"unit":"%","size":"","sizes":{"start":"0","end":"0"}},"_background_background":"classic","_background_color":"#3AF7BD","_border_radius":{"unit":"px","top":"100","right":"100","bottom":"100","left":"100","isLinked":"1"},"_element_width":"initial","_element_custom_width":{"unit":"px","size":"13","sizes":[]},"_position":"absolute","_offset_x":{"unit":"px","size":"55","sizes":[]},"motion_fx_motion_fx_scrolling":"yes","motion_fx_rotateZ_effect":"yes","motion_fx_rotateZ_speed":{"unit":"px","size":"1.2","sizes":[]},"space_mobile":{"unit":"px","size":"15","sizes":[]},"motion_fx_motion_fx_mouse":"yes","motion_fx_mouseTrack_effect":"yes","motion_fx_mouseTrack_direction":"negative","motion_fx_mouseTrack_speed":{"unit":"px","size":"0.05","sizes":[]},"_animation":"rotateInDownRight","_element_width_mobile":"initial","_element_custom_width_mobile":{"unit":"px","size":"5","sizes":[]},"_offset_x_mobile":{"unit":"px","size":"27","sizes":[]},"_offset_y_mobile":{"unit":"px","size":"4","sizes":[]}},"elements":[],"isInner":false,"widgetType":"spacer","elType":"widget"},{"id":"53317697","settings":{"slides":[{"content":"The course focuses on qualitative and quantitative research methods. It is very informative and great for complete beginners in UX research. Highly recommended!","name":" \u2014 John Laurens\u2014","title":"","image":{"id":16840,"url":"http:\/\/library.elementor.com\/lp\/wp-content\/uploads\/2021\/01\/4_OnlineCourse-John_Laurens.jpg"},"_id":"4836b50"}],"layout":"image_left","alignment":"left","show_arrows":"","pagination":"","autoplay":"","loop":"","content_gap":{"unit":"px","size":"18","sizes":[]},"content_color":"#000000","content_typography_typography":"custom","content_typography_font_family":"Poppins","content_typography_font_size":{"unit":"px","size":"16","sizes":[]},"content_typography_font_weight":"400","content_typography_text_transform":"none","content_typography_font_style":"normal","content_typography_text_decoration":"none","content_typography_line_height":{"unit":"em","size":"1.5","sizes":[]},"content_typography_letter_spacing":{"unit":"px","size":"0","sizes":[]},"name_color":"#000000","name_typography_typography":"custom","name_typography_font_family":"Poppins","name_typography_font_size":{"unit":"px","size":"16","sizes":[]},"name_typography_font_weight":"400","name_typography_text_transform":"capitalize","name_typography_font_style":"normal","name_typography_text_decoration":"none","name_typography_letter_spacing":{"unit":"px","size":"0","sizes":[]},"width":{"unit":"%","size":"100","sizes":[]},"slide_padding":{"unit":"px","top":"0","right":"0","bottom":"0","left":"0","isLinked":""},"image_size":{"unit":"px","size":"95","sizes":[]},"_element_width":"initial","_element_custom_width":{"unit":"%","size":"87","sizes":[]},"width_mobile":{"unit":"%","size":"","sizes":[]},"content_typography_font_size_tablet":{"unit":"px","size":"14","sizes":[]},"content_typography_font_size_mobile":{"unit":"px","size":"12","sizes":[]},"name_typography_font_size_tablet":{"unit":"px","size":"14","sizes":[]},"name_typography_font_size_mobile":{"unit":"px","size":"12","sizes":[]},"image_size_mobile":{"unit":"px","size":"55","sizes":[]}},"elements":[],"isInner":false,"widgetType":"testimonial-carousel","elType":"widget"}],"isInner":"1","elType":"column"}],"isInner":"1","elType":"section"}],"isInner":"","elType":"column"}],"isInner":"","elType":"section"},{"id":"1ac7621f","settings":{"content_width":{"unit":"px","size":"1340","sizes":[]},"gap":"no","structure":"20","margin":{"unit":"%","top":"15","right":"0","bottom":"0","left":"0","isLinked":""},"margin_tablet":{"unit":"%","top":"20","right":"0","bottom":"0","left":"0","isLinked":""},"margin_mobile":{"unit":"%","top":"30","right":"0","bottom":"0","left":"0","isLinked":""},"padding_tablet":{"unit":"%","top":"0","right":"10","bottom":"0","left":"10","isLinked":""},"_title":"Pricing","_timestamp_":"v1b1BCenZXN2gxUTBqb0JJSWxJTVlPZz09"},"elements":[{"id":"22e5a079","settings":{"_column_size":"50","_inline_size":"58.507","_inline_size_tablet":"100"},"elements":[{"id":"3261131d","settings":{"title":"It\u2019s Time to","header_size":"h4","title_color":"#6D6C6C","typography_typography":"custom","typography_font_family":"Poppins","typography_font_size":{"unit":"px","size":"20","sizes":[]},"typography_font_weight":"300","typography_text_transform":"uppercase","typography_font_style":"normal","typography_text_decoration":"none","typography_line_height":{"unit":"em","size":"1.1","sizes":[]},"typography_letter_spacing":{"unit":"px","size":"4.46","sizes":[]},"typography_font_size_tablet":{"unit":"px","size":"16","sizes":[]},"typography_font_size_mobile":{"unit":"px","size":"14","sizes":[]}},"elements":[],"isInner":false,"widgetType":"heading","elType":"widget"},{"id":"6e47e52","settings":{"title":"Grab the Discount!","title_color":"#262626","typography_typography":"custom","typography_font_family":"Poppins","typography_font_size":{"unit":"px","size":"55","sizes":[]},"typography_font_weight":"700","typography_text_transform":"none","typography_font_style":"normal","typography_text_decoration":"none","typography_line_height":{"unit":"em","size":"1.2","sizes":[]},"typography_letter_spacing":{"unit":"px","size":"2.28","sizes":[]},"typography_font_size_tablet":{"unit":"px","size":"45","sizes":[]},"typography_font_size_mobile":{"unit":"px","size":"35","sizes":[]},"typography_line_height_mobile":{"unit":"em","size":"1","sizes":[]}},"elements":[],"isInner":false,"widgetType":"heading","elType":"widget"},{"id":"3c7499d","settings":{"layout":"full_width","gap":"no","structure":"20","margin":{"unit":"%","top":"5","right":"0","bottom":"0","left":"0","isLinked":""},"margin_tablet":{"unit":"%","top":"3","right":"0","bottom":"0","left":"0","isLinked":""}},"elements":[{"id":"a5785ed","settings":{"_column_size":"50","padding_tablet":{"unit":"%","top":"0","right":"5","bottom":"0","left":"0","isLinked":""}},"elements":[{"id":"ba84c54","settings":{"icon_list":[{"text":"20 Lessons (25 Hours total)","selected_icon":{"value":{"id":16818,"url":"http:\/\/library.elementor.com\/lp\/wp-content\/uploads\/2021\/01\/4_OnlineCourse-ListIcon.svg"},"library":"svg"},"_id":"db853da"},{"text":"Available from May, 26th","selected_icon":{"value":{"id":16818,"url":"http:\/\/library.elementor.com\/lp\/wp-content\/uploads\/2021\/01\/4_OnlineCourse-ListIcon.svg"},"library":"svg"},"_id":"89a7fb8"},{"text":"Lifetime Access","selected_icon":{"value":{"id":16818,"url":"http:\/\/library.elementor.com\/lp\/wp-content\/uploads\/2021\/01\/4_OnlineCourse-ListIcon.svg"},"library":"svg"},"_id":"9d22e5b"}],"space_between":{"unit":"px","size":"15","sizes":[]},"icon_color":"#403EF1","icon_size":{"unit":"px","size":"20","sizes":[]},"text_color":"#000000","text_indent":{"unit":"px","size":"34","sizes":[]},"icon_typography_typography":"custom","icon_typography_font_family":"Poppins","icon_typography_font_size":{"unit":"px","size":"16","sizes":[]},"icon_typography_font_weight":"400","icon_typography_text_transform":"capitalize","icon_typography_font_style":"normal","icon_typography_text_decoration":"none","icon_typography_line_height":{"unit":"em","size":"1","sizes":[]},"icon_typography_letter_spacing":{"unit":"px","size":"0","sizes":[]},"space_between_mobile":{"unit":"px","size":"10","sizes":[]},"icon_size_mobile":{"unit":"px","size":"15","sizes":[]},"icon_typography_font_size_mobile":{"unit":"px","size":"14","sizes":[]}},"elements":[],"isInner":false,"widgetType":"icon-list","elType":"widget"}],"isInner":"1","elType":"column"},{"id":"6f7d10d","settings":{"_column_size":"50","margin_mobile":{"unit":"px","top":"10","right":"0","bottom":"0","left":"0","isLinked":""},"padding_tablet":{"unit":"%","top":"0","right":"0","bottom":"0","left":"5","isLinked":""},"padding_mobile":{"unit":"px","top":"0","right":"0","bottom":"0","left":"0","isLinked":""}},"elements":[{"id":"677e6114","settings":{"icon_list":[{"text":"30 min Weekly Mentor Sessions","selected_icon":{"value":{"id":16818,"url":"http:\/\/library.elementor.com\/lp\/wp-content\/uploads\/2021\/01\/4_OnlineCourse-ListIcon.svg"},"library":"svg"},"_id":"db853da"},{"text":"Language: English","selected_icon":{"value":{"id":16818,"url":"http:\/\/library.elementor.com\/lp\/wp-content\/uploads\/2021\/01\/4_OnlineCourse-ListIcon.svg"},"library":"svg"},"_id":"89a7fb8"},{"text":"Live Sessions with Mentor","selected_icon":{"value":{"id":16818,"url":"http:\/\/library.elementor.com\/lp\/wp-content\/uploads\/2021\/01\/4_OnlineCourse-ListIcon.svg"},"library":"svg"},"_id":"9d22e5b"}],"space_between":{"unit":"px","size":"15","sizes":[]},"icon_color":"#403EF1","icon_size":{"unit":"px","size":"20","sizes":[]},"text_color":"#000000","text_indent":{"unit":"px","size":"34","sizes":[]},"icon_typography_typography":"custom","icon_typography_font_family":"Poppins","icon_typography_font_size":{"unit":"px","size":"16","sizes":[]},"icon_typography_font_weight":"400","icon_typography_text_transform":"capitalize","icon_typography_font_style":"normal","icon_typography_text_decoration":"none","icon_typography_line_height":{"unit":"em","size":"1","sizes":[]},"icon_typography_letter_spacing":{"unit":"px","size":"0","sizes":[]},"space_between_mobile":{"unit":"px","size":"10","sizes":[]},"icon_size_mobile":{"unit":"px","size":"15","sizes":[]},"icon_typography_font_size_mobile":{"unit":"px","size":"14","sizes":[]}},"elements":[],"isInner":false,"widgetType":"icon-list","elType":"widget"}],"isInner":"1","elType":"column"}],"isInner":"1","elType":"section"}],"isInner":"","elType":"column"},{"id":"41912d93","settings":{"_column_size":"50","margin":{"unit":"%","top":"","right":"","bottom":"","left":"","isLinked":"1"},"padding":{"unit":"%","top":"0","right":"0","bottom":"0","left":"20","isLinked":""},"_inline_size":"41.493","_inline_size_tablet":"100","margin_tablet":{"unit":"%","top":"10","right":"0","bottom":"0","left":"0","isLinked":""},"margin_mobile":{"unit":"%","top":"15","right":"0","bottom":"0","left":"0","isLinked":""},"padding_tablet":{"unit":"%","top":"0","right":"10","bottom":"0","left":"10","isLinked":""},"padding_mobile":{"unit":"%","top":"0","right":"5","bottom":"0","left":"5","isLinked":""}},"elements":[{"id":"7ba6b765","settings":{"heading":"","sub_heading":"","price":"375","sale":"yes","original_price":"500","period":"","features_list":[{"item_text":"","selected_item_icon":{"value":"","library":""},"_id":"ce46f8e"}],"button_text":"Enroll Now","footer_additional_info":"","show_ribbon":"","ribbon_title":"Popular","pricing_element_bg_color":"#403EF1","price_color":"#FFFFFF","price_typography_typography":"custom","price_typography_font_family":"Poppins","price_typography_font_size":{"unit":"px","size":"80","sizes":[]},"price_typography_font_weight":"600","price_typography_font_style":"normal","price_typography_text_decoration":"none","price_typography_letter_spacing":{"unit":"px","size":"2.5","sizes":[]},"currency_size":{"unit":"px","size":"100","sizes":[]},"currency_vertical_position":"middle","original_price_color":"#7877FF","original_price_typography_typography":"custom","original_price_typography_font_family":"Poppins","original_price_typography_font_size":{"unit":"px","size":"36","sizes":[]},"original_price_typography_font_weight":"600","original_price_typography_font_style":"normal","original_price_typography_letter_spacing":{"unit":"px","size":"1.13","sizes":[]},"original_price_vertical_position":"top","features_list_bg_color":"#FFFFFF","features_list_padding":{"unit":"px","top":"0","right":"0","bottom":"0","left":"0","isLinked":"1"},"item_width":{"unit":"px","size":"0","sizes":[]},"list_divider":"","divider_color":"","divider_weight":{"unit":"px","size":"0","sizes":[]},"divider_width":{"unit":"px","size":"0","sizes":[]},"divider_gap":{"unit":"px","size":"0","sizes":[]},"footer_bg_color":"#FFFFFF","button_text_color":"#FFFFFF","button_typography_typography":"custom","button_typography_font_family":"Poppins","button_typography_font_size":{"unit":"px","size":"18","sizes":[]},"button_typography_font_weight":"400","button_typography_text_transform":"uppercase","button_typography_font_style":"normal","button_typography_text_decoration":"none","button_typography_line_height":{"unit":"em","size":"1","sizes":[]},"button_typography_letter_spacing":{"unit":"px","size":"3.38","sizes":[]},"button_background_color":"#262626","button_border_radius":{"unit":"px","top":"100","right":"100","bottom":"100","left":"100","isLinked":"1"},"button_text_padding":{"unit":"%","top":"6","right":"12","bottom":"6","left":"12","isLinked":""},"button_background_hover_color":"#403EF1","_border_radius":{"unit":"px","top":"10","right":"10","bottom":"10","left":"10","isLinked":"1"},"_box_shadow_box_shadow_type":"yes","_box_shadow_box_shadow":{"horizontal":"12","vertical":"12","blur":"30","spread":"0","color":"rgba(0, 0, 0, 0.07)"},"_box_shadow_hover_box_shadow_type":"yes","_box_shadow_hover_box_shadow":{"horizontal":"0","vertical":"0","blur":"10","spread":"0","color":"rgba(0, 0, 0, 0.08)"},"price_typography_font_size_tablet":{"unit":"px","size":"70","sizes":[]},"price_typography_font_size_mobile":{"unit":"px","size":"50","sizes":[]},"original_price_typography_font_size_tablet":{"unit":"px","size":"26","sizes":[]},"original_price_typography_font_size_mobile":{"unit":"px","size":"20","sizes":[]},"button_typography_font_size_tablet":{"unit":"px","size":"16","sizes":[]},"button_typography_font_size_mobile":{"unit":"px","size":"14","sizes":[]}},"elements":[],"isInner":false,"widgetType":"price-table","elType":"widget"}],"isInner":"","elType":"column"}],"isInner":"","elType":"section"},{"id":"6a472082","settings":{"content_width":{"unit":"px","size":"860","sizes":[]},"gap":"no","margin":{"unit":"%","top":"10","right":"0","bottom":"0","left":"0","isLinked":""},"padding":{"unit":"%","top":"","right":"","bottom":"","left":"","isLinked":"1"},"margin_tablet":{"unit":"%","top":"20","right":"0","bottom":"0","left":"0","isLinked":""},"margin_mobile":{"unit":"%","top":"30","right":"0","bottom":"0","left":"0","isLinked":""},"padding_tablet":{"unit":"%","top":"0","right":"10","bottom":"0","left":"10","isLinked":""},"_title":"FAQ","_timestamp_":"v1b1BCenZXN2gxUTBqb0JJSWxJTVlPZz09"},"elements":[{"id":"114341d3","settings":{"_column_size":"100"},"elements":[{"id":"6c1882c","settings":{"title":"Why Bold Academy?","align":"center","header_size":"h4","title_color":"#6D6C6C","typography_typography":"custom","typography_font_family":"Poppins","typography_font_size":{"unit":"px","size":"20","sizes":[]},"typography_font_weight":"300","typography_text_transform":"uppercase","typography_font_style":"normal","typography_text_decoration":"none","typography_line_height":{"unit":"em","size":"1.1","sizes":[]},"typography_letter_spacing":{"unit":"px","size":"4.46","sizes":[]},"typography_font_size_tablet":{"unit":"px","size":"16","sizes":[]},"typography_font_size_mobile":{"unit":"px","size":"14","sizes":[]}},"elements":[],"isInner":false,"widgetType":"heading","elType":"widget"},{"id":"797edb87","settings":{"title":"Frequently Asked Questions","align":"center","title_color":"#262626","typography_typography":"custom","typography_font_family":"Poppins","typography_font_size":{"unit":"px","size":"55","sizes":[]},"typography_font_weight":"700","typography_text_transform":"capitalize","typography_font_style":"normal","typography_text_decoration":"none","typography_line_height":{"unit":"em","size":"1.2","sizes":[]},"typography_letter_spacing":{"unit":"px","size":"2.28","sizes":[]},"typography_font_size_tablet":{"unit":"px","size":"45","sizes":[]},"typography_font_size_mobile":{"unit":"px","size":"35","sizes":[]},"typography_line_height_mobile":{"unit":"em","size":"1","sizes":[]}},"elements":[],"isInner":false,"widgetType":"heading","elType":"widget"},{"id":"4c7870db","settings":{"tabs":[{"tab_title":"Et malesuada fames ac turpis. Tellus molestie nunc non blandit massa enim?","tab_content":"Lorem ipsum dolor sit amet, consectetur adipiscing elit, sed do eiusmod tempor incididunt ut labore et dolore magna aliqua. Ut enim ad minim veniam, quis nostrud exercitation ullamco laboris nisi ut aliquip ex ea commodo consequat. Duis aute irure dolor in reprehenderit in voluptate","_id":"ba78c46"},{"tab_title":"Semper eget duis at tellus at. Condimentum id venenatis a condimentum?","tab_content":"Lorem ipsum dolor sit amet, consectetur adipiscing elit, sed do eiusmod tempor incididunt ut labore et dolore magna aliqua. Ut enim ad minim veniam, quis nostrud exercitation ullamco laboris nisi ut aliquip ex ea commodo consequat. Duis aute irure dolor in reprehenderit in voluptate","_id":"3ebb6ff"},{"tab_title":"Varius quam quisque id diam vel quam elementum pulvinar?","tab_content":"Lorem ipsum dolor sit amet, consectetur adipiscing elit, sed do eiusmod tempor incididunt ut labore et dolore magna aliqua. Ut enim ad minim veniam, quis nostrud exercitation ullamco laboris nisi ut aliquip ex ea commodo consequat. Duis aute irure dolor in reprehenderit in voluptate","_id":"542cc63"},{"tab_title":"Et malesuada fames ac turpis. Tellus molestie nunc non blandit massa enim?","tab_content":"Lorem ipsum dolor sit amet, consectetur adipiscing elit, sed do eiusmod tempor incididunt ut labore et dolore magna aliqua. Ut enim ad minim veniam, quis nostrud exercitation ullamco laboris nisi ut aliquip ex ea commodo consequat. Duis aute irure dolor in reprehenderit in voluptate","_id":"2cdf5a3"},{"tab_title":" Ante in nibh mauris cursus mattis molestie? ","tab_content":"Lorem ipsum dolor sit amet, consectetur adipiscing elit, sed do eiusmod tempor incididunt ut labore et dolore magna aliqua. Ut enim ad minim veniam, quis nostrud exercitation ullamco laboris nisi ut aliquip ex ea commodo consequat. Duis aute irure dolor in reprehenderit in voluptate","_id":"8f9983e"},{"tab_title":"Lorem ipsum dolor sit amet, consectet adipiscing\u00a0elit?","tab_content":"Lorem ipsum dolor sit amet, consectetur adipiscing elit, sed do eiusmod tempor incididunt ut labore et dolore magna aliqua. Ut enim ad minim veniam, quis nostrud exercitation ullamco laboris nisi ut aliquip ex ea commodo consequat. Duis aute irure dolor in reprehenderit in voluptate","_id":"bd7b8e3"},{"tab_title":"Laoreet non curabitur gravida arcu ac tortor dignissim?","tab_content":"Lorem ipsum dolor sit amet, consectetur adipiscing elit, sed do eiusmod tempor incididunt ut labore et dolore magna aliqua. Ut enim ad minim veniam, quis nostrud exercitation ullamco laboris nisi ut aliquip ex ea commodo consequat. Duis aute irure dolor in reprehenderit in voluptate","_id":"f487a38"},{"tab_title":"Semper eget duis at tellus at. Condimentum id venenatis a condimentum?","tab_content":"Lorem ipsum dolor sit amet, consectetur adipiscing elit, sed do eiusmod tempor incididunt ut labore et dolore magna aliqua. Ut enim ad minim veniam, quis nostrud exercitation ullamco laboris nisi ut aliquip ex ea commodo consequat. Duis aute irure dolor in reprehenderit in voluptate","_id":"0f6a908"},{"tab_title":"Lorem ipsum dolor sit amet, consectet adipiscing\u00a0elit?","tab_content":"Lorem ipsum dolor sit amet, consectetur adipiscing elit, sed do eiusmod tempor incididunt ut labore et dolore magna aliqua. Ut enim ad minim veniam, quis nostrud exercitation ullamco laboris nisi ut aliquip ex ea commodo consequat. Duis aute irure dolor in reprehenderit in voluptate","_id":"65464f3"}],"selected_icon":{"value":{"id":16842,"url":"http:\/\/library.elementor.com\/lp\/wp-content\/uploads\/2021\/01\/4_OnlineCourse-Arrow-down.svg"},"library":"svg"},"selected_active_icon":{"value":"","library":""},"border_width":{"unit":"px","size":"1","sizes":[]},"border_color":"#000000","space_between":{"unit":"px","size":"30","sizes":[]},"title_color":"#000000","tab_active_color":"#000000","title_typography_typography":"custom","title_typography_font_family":"Poppins","title_typography_font_size":{"unit":"px","size":"16","sizes":[]},"title_typography_font_weight":"700","title_typography_text_transform":"none","title_typography_font_style":"normal","title_typography_text_decoration":"none","title_typography_letter_spacing":{"unit":"px","size":"0","sizes":[]},"title_padding":{"unit":"px","top":"0","right":"0","bottom":"30","left":"0","isLinked":""},"icon_color":"#000000","content_color":"#847B7B","content_typography_typography":"custom","content_typography_font_family":"Poppins","content_typography_font_size":{"unit":"px","size":"16","sizes":[]},"content_typography_font_weight":"400","content_typography_text_transform":"none","content_typography_font_style":"normal","content_typography_text_decoration":"none","content_typography_line_height":{"unit":"em","size":"1.5","sizes":[]},"content_typography_letter_spacing":{"unit":"px","size":"0","sizes":[]},"content_padding":{"unit":"px","top":"0","right":"0","bottom":"45","left":"0","isLinked":""},"_margin":{"unit":"%","top":"8","right":"0","bottom":"0","left":"0","isLinked":""},"title_typography_font_size_tablet":{"unit":"px","size":"14","sizes":[]},"content_typography_font_size_tablet":{"unit":"px","size":"14","sizes":[]}},"elements":[],"isInner":false,"widgetType":"toggle","elType":"widget"}],"isInner":"","elType":"column"}],"isInner":"","elType":"section"},{"id":"48771224","settings":{"background_background":"classic","background_color":"#403EF1","height":"min-height","custom_height":{"unit":"vh","size":"5","sizes":[]},"content_position":"middle","margin":{"unit":"%","top":"10","right":"0","bottom":"0","left":"0","isLinked":""},"padding":{"unit":"px","top":"3","right":"0","bottom":"3","left":"0","isLinked":""},"_title":"Footer","_timestamp_":"v1b1BCenZXN2gxUTBqb0JJSWxJTVlPZz09"},"elements":[{"id":"e2f6716","settings":{"_column_size":"100","align":"center"},"elements":[{"id":"3a8967e2","settings":{"title":"\u00a9 bold-academy","header_size":"p","align":"center","title_color":"#FFFFFF","typography_typography":"custom","typography_font_family":"Poppins","typography_font_size":{"unit":"px","size":"16","sizes":[]},"typography_font_weight":"400","typography_text_transform":"none","typography_font_style":"normal","typography_text_decoration":"none","typography_font_size_tablet":{"unit":"px","size":"14","sizes":[]},"typography_font_size_mobile":{"unit":"px","size":"12","sizes":[]}},"elements":[],"isInner":false,"widgetType":"heading","elType":"widget"}],"isInner":"","elType":"column"}],"isInner":"","elType":"section"}]}