{"version":"0.4","title":"16762","type":"page","content":[{"id":"1af5a879","settings":{"layout":"full_width","custom_height":{"unit":"px","size":"45","sizes":[]},"background_background":"classic","background_color":"#5C32EA","padding":{"unit":"%","top":"","right":"","bottom":"","left":"","isLinked":"1"},"gap":"no","height":"min-height","custom_height_tablet":{"unit":"px","size":"40","sizes":[]},"content_position":"middle","overflow":"hidden","_title":"Top Bar"},"elements":[{"id":"750f0333","settings":{"_column_size":"100"},"elements":[{"id":"5d8721cb","settings":{"view":"inline","icon_list":[{"text":"by design cube","selected_icon":{"value":"","library":""},"_id":"5a2904d"},{"text":"June 05-06, 2021","selected_icon":{"value":"","library":""},"_id":"a22a4cd"},{"text":"by design cube","selected_icon":{"value":"","library":""},"_id":"d39e3c0"},{"text":"June 05-06, 2021","selected_icon":{"value":"","library":""},"_id":"f7244bb"},{"text":"by design cube","selected_icon":{"value":"","library":""},"_id":"c4272bc"},{"text":"June 05-06, 2021","selected_icon":{"value":"","library":""},"_id":"2a6d463"}],"space_between":{"unit":"px","size":"55","sizes":[]},"icon_align":"center","divider":"yes","divider_height":{"unit":"%","size":"100","sizes":[]},"divider_color":"#FFFFFF","text_color":"#FFFFFF","icon_typography_typography":"custom","icon_typography_font_family":"Roboto","icon_typography_font_size":{"unit":"vw","size":"1","sizes":[]},"icon_typography_font_weight":"300","icon_typography_text_transform":"uppercase","icon_typography_font_style":"normal","icon_typography_text_decoration":"none","icon_typography_letter_spacing":{"unit":"px","size":"4.8","sizes":[]},"_element_custom_width":{"unit":"vw","size":"100","sizes":[]},"space_between_tablet":{"unit":"px","size":"40","sizes":[]},"space_between_mobile":{"unit":"px","size":"25","sizes":[]},"icon_typography_font_size_tablet":{"unit":"vw","size":"1.8","sizes":[]},"icon_typography_font_size_mobile":{"unit":"vw","size":"3.3","sizes":[]},"_margin_tablet":{"unit":"%","top":"0","right":"-70","bottom":"0","left":"-70","isLinked":""},"_margin_mobile":{"unit":"%","top":"0","right":"-210","bottom":"0","left":"-210","isLinked":""},"_element_custom_width_tablet":{"unit":"%","size":"500","sizes":[]}},"elements":[],"isInner":false,"widgetType":"icon-list","elType":"widget"}],"isInner":"","elType":"column"}],"isInner":"","elType":"section"},{"id":"3dc7c8d4","settings":{"layout":"full_width","gap":"no","height":"min-height","custom_height":{"unit":"vh","size":"95","sizes":[]},"content_position":"middle","padding":{"unit":"%","top":"3","right":"0","bottom":"5","left":"0","isLinked":""},"custom_height_tablet":{"unit":"vh","size":"80","sizes":[]},"column_position":"stretch","padding_tablet":{"unit":"%","top":"","right":"","bottom":"","left":"","isLinked":"1"},"_title":"Hero"},"elements":[{"id":"4d35ed6e","settings":{"_column_size":"100","space_between_widgets":"0"},"elements":[{"id":"2974dad5","settings":{"content_width":{"unit":"px","size":"820","sizes":[]},"gap":"no","margin":{"unit":"px","top":"0","right":"0","bottom":"0","left":"0","isLinked":""},"padding_tablet":{"unit":"%","top":"0","right":"17","bottom":"0","left":"17","isLinked":""},"padding_mobile":{"unit":"%","top":"0","right":"0","bottom":"0","left":"0","isLinked":""}},"elements":[{"id":"3cc95a01","settings":{"_column_size":"100","align":"center"},"elements":[{"id":"62b1970c","settings":{"icon_list":[{"text":"Design","selected_icon":{"value":"","library":""},"_id":"2995aec"},{"text":"Innovation","selected_icon":{"value":"","library":""},"_id":"db384b5"},{"text":"Conference","selected_icon":{"value":"","library":""},"_id":"978b79c"}],"space_between":{"unit":"px","size":"24","sizes":[]},"icon_size":{"unit":"px","size":"0","sizes":[]},"text_color":"#FFFFFF","text_indent":{"unit":"px","size":"30","sizes":[]},"icon_typography_typography":"custom","icon_typography_font_family":"Anton","icon_typography_font_size":{"unit":"px","size":"160","sizes":[]},"icon_typography_font_weight":"400","icon_typography_text_transform":"uppercase","icon_typography_font_style":"normal","icon_typography_text_decoration":"none","icon_typography_line_height":{"unit":"em","size":"0.93","sizes":[]},"icon_typography_letter_spacing":{"unit":"px","size":"2.29","sizes":[]},"_padding":{"unit":"px","top":"10","right":"0","bottom":"0","left":"0","isLinked":""},"_border_border":"solid","_border_width":{"unit":"px","top":"0","right":"0","bottom":"0","left":"30","isLinked":""},"_border_color":"#FFFFFF","_element_width":"auto","space_between_mobile":{"unit":"px","size":"10","sizes":[]},"icon_typography_font_size_tablet":{"unit":"px","size":"95","sizes":[]},"icon_typography_font_size_mobile":{"unit":"px","size":"50","sizes":[]},"_padding_mobile":{"unit":"px","top":"5","right":"0","bottom":"0","left":"0","isLinked":""},"_z_index":"2","_border_width_tablet":{"unit":"px","top":"0","right":"0","bottom":"0","left":"15","isLinked":""},"_border_width_mobile":{"unit":"px","top":"0","right":"0","bottom":"0","left":"12","isLinked":""}},"elements":[],"isInner":false,"widgetType":"icon-list","elType":"widget"},{"id":"1436dae9","settings":{"title":"Virtual conference for <b>bold designers<\/b>","header_size":"h4","align":"right","title_color":"#FFFFFF","typography_typography":"custom","typography_font_family":"Roboto","typography_font_size":{"unit":"px","size":"22","sizes":[]},"typography_font_weight":"300","typography_text_transform":"uppercase","typography_font_style":"normal","typography_text_decoration":"none","typography_line_height":{"unit":"em","size":"1.3","sizes":[]},"typography_letter_spacing":{"unit":"px","size":"8","sizes":[]},"_margin":{"unit":"%","top":"4","right":"0","bottom":"0","left":"0","isLinked":""},"align_mobile":"center","typography_font_size_tablet":{"unit":"px","size":"16","sizes":[]},"typography_font_size_mobile":{"unit":"px","size":"14","sizes":[]},"typography_letter_spacing_tablet":{"unit":"px","size":"4","sizes":[]},"typography_letter_spacing_mobile":{"unit":"px","size":"3","sizes":[]},"_padding_mobile":{"unit":"%","top":"","right":"","bottom":"","left":"","isLinked":"1"},"_z_index":"2"},"elements":[],"isInner":false,"widgetType":"heading","elType":"widget"},{"id":"18719edf","settings":{"text":"Get Tickets","align":"center","typography_typography":"custom","typography_font_family":"Roboto","typography_font_size":{"unit":"px","size":"18","sizes":[]},"typography_font_weight":"300","typography_text_transform":"uppercase","typography_font_style":"italic","typography_text_decoration":"none","typography_line_height":{"unit":"em","size":"1","sizes":[]},"typography_letter_spacing":{"unit":"px","size":"4.8","sizes":[]},"button_text_color":"#EEEADE","background_color":"rgba(2, 1, 1, 0)","button_background_hover_color":"#5C32EA","border_border":"solid","border_width":{"unit":"px","top":"2","right":"2","bottom":"2","left":"2","isLinked":"1"},"border_color":"#5C32EA","border_radius":{"unit":"px","top":"0","right":"0","bottom":"0","left":"0","isLinked":""},"text_padding":{"unit":"px","top":"25","right":"50","bottom":"25","left":"50","isLinked":""},"_margin":{"unit":"%","top":"4","right":"0","bottom":"0","left":"0","isLinked":""},"typography_font_size_tablet":{"unit":"px","size":"14","sizes":[]},"text_padding_tablet":{"unit":"px","top":"20","right":"45","bottom":"20","left":"45","isLinked":""},"text_padding_mobile":{"unit":"px","top":"15","right":"30","bottom":"15","left":"30","isLinked":""}},"elements":[],"isInner":false,"widgetType":"button","elType":"widget"},{"id":"185b992b","settings":{"space":{"unit":"px","size":"190","sizes":[]},"motion_fx_motion_fx_scrolling":"yes","motion_fx_translateY_direction":"negative","motion_fx_translateX_direction":"negative","motion_fx_translateX_speed":{"unit":"px","size":"3","sizes":[]},"motion_fx_translateX_affectedRange":{"unit":"%","size":"","sizes":{"start":"0","end":"82"}},"_background_background":"classic","_background_color":"#5C32EA","_border_radius":{"unit":"px","top":"0","right":"0","bottom":"380","left":"380","isLinked":""},"_element_width":"initial","_element_custom_width":{"unit":"px","size":380,"sizes":[]},"_position":"absolute","_offset_y":{"unit":"px","size":-30,"sizes":[]},"space_tablet":{"unit":"px","size":"100","sizes":[]},"_element_width_tablet":"initial","_element_custom_width_tablet":{"unit":"px","size":"200","sizes":[]},"_offset_x_tablet":{"unit":"px","size":"-90","sizes":[]},"space_mobile":{"unit":"px","size":"60","sizes":[]},"_element_width_mobile":"initial","_element_custom_width_mobile":{"unit":"px","size":"120","sizes":[]},"_offset_y_mobile":{"unit":"px","size":"-15","sizes":[]},"motion_fx_rotateZ_effect":"yes","motion_fx_rotateZ_direction":"negative","motion_fx_rotateZ_speed":{"unit":"px","size":"10","sizes":[]},"motion_fx_rotateZ_affectedRange":{"unit":"%","size":"","sizes":{"start":"0","end":50}},"motion_fx_mouseTrack_effect":"yes","motion_fx_mouseTrack_direction":"negative","motion_fx_mouseTrack_speed":{"unit":"px","size":"2","sizes":[]},"_border_radius_tablet":{"unit":"px","top":"0","right":"0","bottom":"100","left":"100","isLinked":""},"_border_radius_mobile":{"unit":"px","top":"0","right":"0","bottom":"120","left":"120","isLinked":""},"_offset_x_mobile":{"unit":"px","size":"15","sizes":[]},"_offset_x_end":{"unit":"%","size":"0","sizes":[]},"_offset_x_end_tablet":{"unit":"%","size":"0","sizes":[]},"motion_fx_translateY_speed":{"unit":"px","size":"4","sizes":[]},"motion_fx_translateY_affectedRange":{"unit":"%","size":"","sizes":{"start":"0","end":"100"}},"motion_fx_opacity_level":{"unit":"px","size":"10","sizes":[]},"motion_fx_opacity_range":{"unit":"%","size":"","sizes":{"start":"20","end":"80"}},"motion_fx_blur_level":{"unit":"px","size":"7","sizes":[]},"motion_fx_blur_range":{"unit":"%","size":"","sizes":{"start":"20","end":"80"}},"motion_fx_scale_speed":{"unit":"px","size":"4","sizes":[]},"motion_fx_scale_range":{"unit":"%","size":"","sizes":{"start":"20","end":"80"}},"motion_fx_tilt_speed":{"unit":"px","size":"4","sizes":[]},"sticky_offset":"0","sticky_effects_offset":"0","_offset_x":{"unit":"px","size":-230,"sizes":[]}},"elements":[],"isInner":false,"widgetType":"spacer","elType":"widget"},{"id":"4ef59fbe","settings":{"space":{"unit":"px","size":"178","sizes":[]},"_border_radius":{"unit":"%","top":"50","right":"50","bottom":"50","left":"50","isLinked":"1"},"_element_width":"initial","_element_custom_width":{"unit":"px","size":"220","sizes":[]},"_position":"absolute","_offset_x":{"unit":"px","size":"-130","sizes":[]},"_offset_y":{"unit":"%","size":"25","sizes":[]},"space_tablet":{"unit":"px","size":"112","sizes":[]},"_element_width_tablet":"initial","_element_custom_width_tablet":{"unit":"px","size":"140","sizes":[]},"_offset_x_tablet":{"unit":"px","size":"-43","sizes":[]},"space_mobile":{"unit":"px","size":"67","sizes":[]},"_element_width_mobile":"initial","_element_custom_width_mobile":{"unit":"px","size":"85","sizes":[]},"_offset_x_mobile":{"unit":"%","size":"","sizes":[]},"_offset_y_mobile":{"unit":"px","size":"-30","sizes":[]},"_offset_y_tablet":{"unit":"px","size":"-60","sizes":[]},"motion_fx_translateY_speed":{"unit":"px","size":"4","sizes":[]},"motion_fx_translateY_affectedRange":{"unit":"%","size":"","sizes":{"start":"0","end":"100"}},"motion_fx_translateX_speed":{"unit":"px","size":"4","sizes":[]},"motion_fx_translateX_affectedRange":{"unit":"%","size":"","sizes":{"start":"0","end":"100"}},"motion_fx_opacity_level":{"unit":"px","size":"10","sizes":[]},"motion_fx_opacity_range":{"unit":"%","size":"","sizes":{"start":"20","end":"80"}},"motion_fx_blur_level":{"unit":"px","size":"7","sizes":[]},"motion_fx_blur_range":{"unit":"%","size":"","sizes":{"start":"20","end":"80"}},"motion_fx_rotateZ_speed":{"unit":"px","size":"1","sizes":[]},"motion_fx_rotateZ_affectedRange":{"unit":"%","size":"","sizes":{"start":"0","end":"100"}},"motion_fx_scale_speed":{"unit":"px","size":"4","sizes":[]},"motion_fx_scale_range":{"unit":"%","size":"","sizes":{"start":"20","end":"80"}},"motion_fx_mouseTrack_speed":{"unit":"px","size":"1","sizes":[]},"motion_fx_tilt_speed":{"unit":"px","size":"4","sizes":[]},"sticky_offset":"0","sticky_effects_offset":"0","_animation":"fadeIn","animation_duration":"slow","_border_border":"solid","_border_width":{"unit":"px","top":"21","right":"21","bottom":"21","left":"21","isLinked":"1"},"_border_width_tablet":{"unit":"px","top":"14","right":"14","bottom":"14","left":"14","isLinked":"1"},"_border_width_mobile":{"unit":"px","top":"9","right":"9","bottom":"9","left":"9","isLinked":"1"},"_border_color":"#5830DE","_offset_orientation_v":"end","_offset_y_end":{"unit":"px","size":"-80","sizes":[]},"_offset_y_end_tablet":{"unit":"px","size":"-130","sizes":[]},"_offset_y_end_mobile":{"unit":"px","size":"0","sizes":[]}},"elements":[],"isInner":false,"widgetType":"spacer","elType":"widget"}],"isInner":"1","elType":"column"}],"isInner":"1","elType":"section"},{"id":"74ff61a3","settings":{"space":{"unit":"px","size":"250","sizes":[]},"motion_fx_motion_fx_scrolling":"yes","motion_fx_translateY_direction":"negative","motion_fx_translateX_direction":"negative","motion_fx_translateX_speed":{"unit":"px","size":"3","sizes":[]},"motion_fx_translateX_affectedRange":{"unit":"%","size":"","sizes":{"start":"0","end":"82"}},"_background_background":"classic","_background_color":"#5C32EA","_border_radius":{"unit":"px","top":"0","right":"0","bottom":"500","left":"500","isLinked":""},"_element_width":"initial","_element_custom_width":{"unit":"px","size":"500","sizes":[]},"_position":"absolute","_offset_y":{"unit":"px","size":"-30","sizes":[]},"space_tablet":{"unit":"px","size":"115","sizes":[]},"_element_width_tablet":"initial","_element_custom_width_tablet":{"unit":"px","size":"230","sizes":[]},"_offset_x_tablet":{"unit":"px","size":"70","sizes":[]},"space_mobile":{"unit":"px","size":"67","sizes":[]},"_element_width_mobile":"initial","_element_custom_width_mobile":{"unit":"px","size":"134","sizes":[]},"_offset_y_mobile":{"unit":"px","size":"-40","sizes":[]},"motion_fx_rotateZ_effect":"yes","motion_fx_rotateZ_direction":"negative","motion_fx_rotateZ_speed":{"unit":"px","size":"10","sizes":[]},"motion_fx_rotateZ_affectedRange":{"unit":"%","size":"","sizes":{"start":"0","end":14}},"motion_fx_mouseTrack_effect":"yes","motion_fx_mouseTrack_direction":"negative","motion_fx_mouseTrack_speed":{"unit":"px","size":"2","sizes":[]},"_border_radius_tablet":{"unit":"px","top":"0","right":"0","bottom":"230","left":"230","isLinked":""},"_border_radius_mobile":{"unit":"px","top":"0","right":"0","bottom":"134","left":"134","isLinked":""},"_offset_orientation_h":"end","_offset_x_mobile":{"unit":"px","size":"50","sizes":[]},"_offset_x_end":{"unit":"%","size":"4","sizes":[]},"_offset_x_end_tablet":{"unit":"%","size":"2","sizes":[]},"_offset_y_tablet":{"unit":"px","size":"-20","sizes":[]},"motion_fx_translateY_speed":{"unit":"px","size":"4","sizes":[]},"motion_fx_translateY_affectedRange":{"unit":"%","size":"","sizes":{"start":"0","end":"100"}},"motion_fx_opacity_level":{"unit":"px","size":"10","sizes":[]},"motion_fx_opacity_range":{"unit":"%","size":"","sizes":{"start":"20","end":"80"}},"motion_fx_blur_level":{"unit":"px","size":"7","sizes":[]},"motion_fx_blur_range":{"unit":"%","size":"","sizes":{"start":"20","end":"80"}},"motion_fx_scale_speed":{"unit":"px","size":"4","sizes":[]},"motion_fx_scale_range":{"unit":"%","size":"","sizes":{"start":"20","end":"80"}},"motion_fx_tilt_speed":{"unit":"px","size":"4","sizes":[]},"sticky_offset":"0","sticky_effects_offset":"0","_offset_x":{"unit":"px","size":"-230","sizes":[]},"_offset_orientation_v":"end","_offset_y_end":{"unit":"px","size":"295","sizes":[]},"_offset_y_end_tablet":{"unit":"%","size":"45","sizes":[]},"_offset_y_end_mobile":{"unit":"px","size":"20","sizes":[]}},"elements":[],"isInner":false,"widgetType":"spacer","elType":"widget"},{"id":"71a54a22","settings":{"space":{"unit":"px","size":"64","sizes":[]},"_border_radius":{"unit":"%","top":"50","right":"50","bottom":"50","left":"50","isLinked":"1"},"_element_width":"initial","_element_custom_width":{"unit":"px","size":"86","sizes":[]},"_position":"absolute","_offset_x":{"unit":"%","size":"5","sizes":[]},"_offset_y":{"unit":"%","size":"25","sizes":[]},"space_tablet":{"unit":"px","size":"34","sizes":[]},"_element_width_tablet":"initial","_element_custom_width_tablet":{"unit":"px","size":"50","sizes":[]},"_offset_x_tablet":{"unit":"%","size":"","sizes":[]},"space_mobile":{"unit":"px","size":"25","sizes":[]},"_element_width_mobile":"initial","_element_custom_width_mobile":{"unit":"px","size":"35","sizes":[]},"_offset_x_mobile":{"unit":"%","size":"","sizes":[]},"_offset_y_mobile":{"unit":"px","size":"-30","sizes":[]},"_offset_y_tablet":{"unit":"px","size":"-60","sizes":[]},"motion_fx_translateY_speed":{"unit":"px","size":"4","sizes":[]},"motion_fx_translateY_affectedRange":{"unit":"%","size":"","sizes":{"start":"0","end":"100"}},"motion_fx_translateX_speed":{"unit":"px","size":"4","sizes":[]},"motion_fx_translateX_affectedRange":{"unit":"%","size":"","sizes":{"start":"0","end":"100"}},"motion_fx_opacity_level":{"unit":"px","size":"10","sizes":[]},"motion_fx_opacity_range":{"unit":"%","size":"","sizes":{"start":"20","end":"80"}},"motion_fx_blur_level":{"unit":"px","size":"7","sizes":[]},"motion_fx_blur_range":{"unit":"%","size":"","sizes":{"start":"20","end":"80"}},"motion_fx_rotateZ_speed":{"unit":"px","size":"1","sizes":[]},"motion_fx_rotateZ_affectedRange":{"unit":"%","size":"","sizes":{"start":"0","end":"100"}},"motion_fx_scale_speed":{"unit":"px","size":"4","sizes":[]},"motion_fx_scale_range":{"unit":"%","size":"","sizes":{"start":"20","end":"80"}},"motion_fx_mouseTrack_speed":{"unit":"px","size":"1","sizes":[]},"motion_fx_tilt_speed":{"unit":"px","size":"4","sizes":[]},"sticky_offset":"0","sticky_effects_offset":"0","_animation":"zoomIn","animation_duration":"slow","_animation_delay":"200","_border_border":"solid","_border_width":{"unit":"px","top":"11","right":"11","bottom":"11","left":"11","isLinked":"1"},"_border_width_tablet":{"unit":"px","top":"8","right":"8","bottom":"8","left":"8","isLinked":"1"},"_border_width_mobile":{"unit":"px","top":"5","right":"5","bottom":"5","left":"5","isLinked":"1"},"_border_color":"#5830DE","_offset_orientation_v":"end","_offset_y_end":{"unit":"%","size":"27","sizes":[]},"_offset_y_end_mobile":{"unit":"px","size":"0","sizes":[]}},"elements":[],"isInner":false,"widgetType":"spacer","elType":"widget"},{"id":"b049490","settings":{"space":{"unit":"px","size":"178","sizes":[]},"_border_radius":{"unit":"%","top":"50","right":"50","bottom":"50","left":"50","isLinked":"1"},"_element_width":"initial","_element_custom_width":{"unit":"px","size":"220","sizes":[]},"_position":"absolute","_offset_x":{"unit":"px","size":"-100","sizes":[]},"_offset_y":{"unit":"%","size":"0","sizes":[]},"space_tablet":{"unit":"px","size":"112","sizes":[]},"_element_width_tablet":"initial","_element_custom_width_tablet":{"unit":"px","size":"140","sizes":[]},"_offset_x_tablet":{"unit":"%","size":"74","sizes":[]},"space_mobile":{"unit":"px","size":"67","sizes":[]},"_element_width_mobile":"initial","_element_custom_width_mobile":{"unit":"px","size":"85","sizes":[]},"_offset_x_mobile":{"unit":"%","size":"76","sizes":[]},"_offset_y_tablet":{"unit":"px","size":"50","sizes":[]},"motion_fx_translateY_speed":{"unit":"px","size":"4","sizes":[]},"motion_fx_translateY_affectedRange":{"unit":"%","size":"","sizes":{"start":"0","end":"100"}},"motion_fx_translateX_speed":{"unit":"px","size":"4","sizes":[]},"motion_fx_translateX_affectedRange":{"unit":"%","size":"","sizes":{"start":"0","end":"100"}},"motion_fx_opacity_level":{"unit":"px","size":"10","sizes":[]},"motion_fx_opacity_range":{"unit":"%","size":"","sizes":{"start":"20","end":"80"}},"motion_fx_blur_level":{"unit":"px","size":"7","sizes":[]},"motion_fx_blur_range":{"unit":"%","size":"","sizes":{"start":"20","end":"80"}},"motion_fx_rotateZ_speed":{"unit":"px","size":"1","sizes":[]},"motion_fx_rotateZ_affectedRange":{"unit":"%","size":"","sizes":{"start":"0","end":"100"}},"motion_fx_scale_speed":{"unit":"px","size":"4","sizes":[]},"motion_fx_scale_range":{"unit":"%","size":"","sizes":{"start":"20","end":"80"}},"motion_fx_mouseTrack_speed":{"unit":"px","size":"1","sizes":[]},"motion_fx_tilt_speed":{"unit":"px","size":"4","sizes":[]},"sticky_offset":"0","sticky_effects_offset":"0","_border_border":"solid","_border_width":{"unit":"px","top":"21","right":"21","bottom":"21","left":"21","isLinked":"1"},"_border_width_tablet":{"unit":"px","top":"14","right":"14","bottom":"14","left":"14","isLinked":"1"},"_border_width_mobile":{"unit":"px","top":"9","right":"9","bottom":"9","left":"9","isLinked":"1"},"_border_color":"#5830DE","_offset_orientation_h":"end","_offset_x_end":{"unit":"%","size":"23","sizes":[]},"_offset_x_end_tablet":{"unit":"%","size":"20","sizes":[]},"_offset_x_end_mobile":{"unit":"px","size":"40","sizes":[]},"_offset_y_end":{"unit":"px","size":"-80","sizes":[]}},"elements":[],"isInner":false,"widgetType":"spacer","elType":"widget"},{"id":"26ab39cf","settings":{"space":{"unit":"px","size":"64","sizes":[]},"_border_radius":{"unit":"%","top":"50","right":"50","bottom":"50","left":"50","isLinked":"1"},"_element_width":"initial","_element_custom_width":{"unit":"px","size":"86","sizes":[]},"_position":"absolute","_offset_x":{"unit":"%","size":"5","sizes":[]},"_offset_y":{"unit":"%","size":"0","sizes":[]},"space_tablet":{"unit":"px","size":"34","sizes":[]},"_element_width_tablet":"initial","_element_custom_width_tablet":{"unit":"px","size":"50","sizes":[]},"_offset_x_tablet":{"unit":"%","size":"74","sizes":[]},"space_mobile":{"unit":"px","size":"25","sizes":[]},"_element_width_mobile":"initial","_element_custom_width_mobile":{"unit":"px","size":"35","sizes":[]},"_offset_x_mobile":{"unit":"%","size":"76","sizes":[]},"motion_fx_translateY_speed":{"unit":"px","size":"4","sizes":[]},"motion_fx_translateY_affectedRange":{"unit":"%","size":"","sizes":{"start":"0","end":"100"}},"motion_fx_translateX_speed":{"unit":"px","size":"4","sizes":[]},"motion_fx_translateX_affectedRange":{"unit":"%","size":"","sizes":{"start":"0","end":"100"}},"motion_fx_opacity_level":{"unit":"px","size":"10","sizes":[]},"motion_fx_opacity_range":{"unit":"%","size":"","sizes":{"start":"20","end":"80"}},"motion_fx_blur_level":{"unit":"px","size":"7","sizes":[]},"motion_fx_blur_range":{"unit":"%","size":"","sizes":{"start":"20","end":"80"}},"motion_fx_rotateZ_speed":{"unit":"px","size":"1","sizes":[]},"motion_fx_rotateZ_affectedRange":{"unit":"%","size":"","sizes":{"start":"0","end":"100"}},"motion_fx_scale_speed":{"unit":"px","size":"4","sizes":[]},"motion_fx_scale_range":{"unit":"%","size":"","sizes":{"start":"20","end":"80"}},"motion_fx_mouseTrack_speed":{"unit":"px","size":"1","sizes":[]},"motion_fx_tilt_speed":{"unit":"px","size":"4","sizes":[]},"sticky_offset":"0","sticky_effects_offset":"0","_animation":"zoomIn","animation_duration":"slow","_border_border":"solid","_border_width":{"unit":"px","top":"11","right":"11","bottom":"11","left":"11","isLinked":"1"},"_border_width_tablet":{"unit":"px","top":"8","right":"8","bottom":"8","left":"8","isLinked":"1"},"_border_width_mobile":{"unit":"px","top":"5","right":"5","bottom":"5","left":"5","isLinked":"1"},"_border_color":"#5830DE","_offset_orientation_h":"end","_offset_x_end":{"unit":"%","size":"11","sizes":[]},"_offset_y_end":{"unit":"%","size":"25","sizes":[]}},"elements":[],"isInner":false,"widgetType":"spacer","elType":"widget"}],"isInner":"","elType":"column"}],"isInner":"","elType":"section"},{"id":"70a39f54","settings":{"content_width":{"unit":"px","size":"1140","sizes":[]},"gap":"no","height":"min-height","custom_height":{"unit":"px","size":"800","sizes":[]},"background_background":"classic","background_color":"#5C32EA","custom_height_tablet":{"unit":"px","size":"580","sizes":[]},"custom_height_mobile":{"unit":"px","size":"480","sizes":[]},"margin":{"unit":"%","top":"5","right":"0","bottom":"0","left":"0","isLinked":""},"margin_tablet":{"unit":"%","top":"0","right":"0","bottom":"0","left":"0","isLinked":""},"margin_mobile":{"unit":"%","top":"10","right":"0","bottom":"0","left":"0","isLinked":""},"padding_tablet":{"unit":"%","top":"0","right":"10","bottom":"0","left":"10","isLinked":""},"_title":"Why to Attend"},"elements":[{"id":"35c74ca0","settings":{"_column_size":"100","space_between_widgets":"10","align":"center"},"elements":[{"id":"250ed795","settings":{"title":"Why attend?","align":"center","title_color":"#FFFFFF","typography_typography":"custom","typography_font_family":"Anton","typography_font_size":{"unit":"px","size":"84","sizes":[]},"typography_font_weight":"400","typography_text_transform":"uppercase","typography_font_style":"normal","typography_text_decoration":"none","typography_line_height":{"unit":"em","size":"1.1","sizes":[]},"typography_letter_spacing":{"unit":"px","size":"2.2","sizes":[]},"typography_font_size_tablet":{"unit":"px","size":"45","sizes":[]},"typography_font_size_mobile":{"unit":"px","size":"35","sizes":[]},"_z_index":"2"},"elements":[],"isInner":false,"widgetType":"heading","elType":"widget"},{"id":"48441d71","settings":{"title":"Innovate your design experience","header_size":"h4","align":"center","title_color":"#FFFFFF","typography_typography":"custom","typography_font_family":"Roboto","typography_font_size":{"unit":"px","size":"22","sizes":[]},"typography_font_weight":"300","typography_text_transform":"uppercase","typography_font_style":"normal","typography_text_decoration":"none","typography_line_height":{"unit":"em","size":"1.3","sizes":[]},"typography_letter_spacing":{"unit":"px","size":"5","sizes":[]},"_margin":{"unit":"%","top":"","right":"","bottom":"","left":"","isLinked":"1"},"typography_font_size_tablet":{"unit":"px","size":"16","sizes":[]},"typography_font_size_mobile":{"unit":"px","size":"14","sizes":[]},"typography_letter_spacing_mobile":{"unit":"px","size":"4","sizes":[]},"_z_index":"2"},"elements":[],"isInner":false,"widgetType":"heading","elType":"widget"},{"id":"72ed142d","settings":{"selected_icon":{"value":{"id":16493,"url":"http:\/\/library.elementor.com\/lp\/wp-content\/uploads\/2021\/01\/5_Conference-TheShape.svg"},"library":"svg"},"primary_color":"#7650F8","size":{"unit":"px","size":"370","sizes":[]},"size_tablet":{"unit":"px","size":"245","sizes":[]},"size_mobile":{"unit":"px","size":"160","sizes":[]},"rotate":{"unit":"deg","size":"30","sizes":[]},"_margin":{"unit":"px","top":"-11","right":"21","bottom":"-85","left":"-45","isLinked":""},"_margin_tablet":{"unit":"px","top":"-8","right":"15","bottom":"-58","left":"-30","isLinked":""},"_margin_mobile":{"unit":"px","top":"-5","right":"9","bottom":"-40","left":"-19","isLinked":""},"_animation":"rotateInUpLeft","animation_duration":"slow","_element_width":"auto","_position":"absolute","_offset_x":{"unit":"px","size":"","sizes":[]},"_offset_y":{"unit":"px","size":"-102","sizes":[]},"_offset_y_tablet":{"unit":"px","size":"-70","sizes":[]},"_offset_y_mobile":{"unit":"px","size":"-30","sizes":[]}},"elements":[],"isInner":false,"widgetType":"icon","elType":"widget"},{"id":"4d5f3f3b","settings":{"editor":"A two-day event for designers with the innovation bug. The gathering will include workshops, fascinating talks, and give-aways that will help you start thinking about the future of design in all fields. Shout out to the ones who want to be those who will change our design future.","align":"center","text_color":"#EEEADE","typography_typography":"custom","typography_font_family":"Roboto","typography_font_size":{"unit":"px","size":"36","sizes":[]},"typography_font_weight":"300","typography_text_transform":"none","typography_font_style":"normal","typography_text_decoration":"none","typography_line_height":{"unit":"em","size":"1.2","sizes":[]},"typography_letter_spacing":{"unit":"px","size":"0","sizes":[]},"_margin":{"unit":"%","top":"6","right":"0","bottom":"0","left":"0","isLinked":""},"typography_font_size_tablet":{"unit":"px","size":"24","sizes":[]},"typography_font_size_mobile":{"unit":"px","size":"18","sizes":[]},"_z_index":"2"},"elements":[],"isInner":false,"widgetType":"text-editor","elType":"widget"}],"isInner":"","elType":"column"}],"isInner":"","elType":"section"},{"id":"245d03b2","settings":{"gap":"no","margin":{"unit":"%","top":"15","right":"0","bottom":"0","left":"0","isLinked":""},"layout":"full_width","margin_mobile":{"unit":"%","top":"30","right":"0","bottom":"0","left":"0","isLinked":""},"padding":{"unit":"%","top":"0","right":"12","bottom":"0","left":"12","isLinked":""},"padding_tablet":{"unit":"%","top":"0","right":"10","bottom":"0","left":"10","isLinked":""},"_title":"Speakers"},"elements":[{"id":"397f4cb4","settings":{"_column_size":"100"},"elements":[{"id":"4f739759","settings":{"selected_icon":{"value":{"id":16495,"url":"http:\/\/library.elementor.com\/lp\/wp-content\/uploads\/2021\/01\/5_Conference-Arrow_Down.svg"},"library":"svg"},"title_text":"Know the<br>\u2028keynote speakers","description_text":"Learn from the best in the field","position":"right","title_size":"h2","primary_color":"#FFFFFF","icon_space":{"unit":"px","size":"45","sizes":[]},"icon_size":{"unit":"px","size":"178","sizes":[]},"text_align":"left","title_color":"#FFFFFF","title_typography_typography":"custom","title_typography_font_family":"Anton","title_typography_font_size":{"unit":"px","size":"84","sizes":[]},"title_typography_font_weight":"400","title_typography_text_transform":"uppercase","title_typography_font_style":"normal","title_typography_text_decoration":"none","title_typography_line_height":{"unit":"em","size":"1.1","sizes":[]},"title_typography_letter_spacing":{"unit":"px","size":"2.2","sizes":[]},"description_color":"#FFFFFF","description_typography_typography":"custom","description_typography_font_family":"Roboto","description_typography_font_size":{"unit":"px","size":"22","sizes":[]},"description_typography_font_weight":"300","description_typography_text_transform":"uppercase","description_typography_font_style":"normal","description_typography_text_decoration":"none","description_typography_line_height":{"unit":"em","size":"1.3","sizes":[]},"description_typography_letter_spacing":{"unit":"px","size":"5","sizes":[]},"_element_width":"auto","icon_space_tablet":{"unit":"px","size":"0","sizes":[]},"icon_size_tablet":{"unit":"px","size":"90","sizes":[]},"icon_size_mobile":{"unit":"px","size":"65","sizes":[]},"title_typography_font_size_tablet":{"unit":"px","size":"45","sizes":[]},"title_typography_font_size_mobile":{"unit":"px","size":"35","sizes":[]},"description_typography_font_size_tablet":{"unit":"px","size":"16","sizes":[]},"description_typography_font_size_mobile":{"unit":"px","size":"14","sizes":[]},"description_typography_letter_spacing_mobile":{"unit":"px","size":"4","sizes":[]}},"elements":[],"isInner":false,"widgetType":"icon-box","elType":"widget"},{"id":"686cb520","settings":{"layout":"full_width","gap":"no","structure":"30","margin":{"unit":"%","top":"10","right":"0","bottom":"0","left":"0","isLinked":""},"margin_mobile":{"unit":"%","top":"20","right":"0","bottom":"0","left":"0","isLinked":""}},"elements":[{"id":"13a1a5f3","settings":{"_column_size":"33","padding":{"unit":"%","top":"0","right":"7","bottom":"0","left":"0","isLinked":""},"padding_mobile":{"unit":"px","top":"0","right":"0","bottom":"0","left":"0","isLinked":""}},"elements":[{"id":"5b3eb802","settings":{"image":{"id":16497,"url":"http:\/\/library.elementor.com\/lp\/wp-content\/uploads\/2021\/01\/5_Conference-Betty_Brown-27122020.jpg"},"title_text":"Betty Brown","description_text":"Creative Director <br>at SIGNET","image_space":{"unit":"px","size":"20","sizes":[]},"image_size":{"unit":"%","size":"100","sizes":[]},"text_align":"center","title_bottom_space":{"unit":"px","size":"15","sizes":[]},"title_color":"#FFFFFF","title_typography_typography":"custom","title_typography_font_family":"Anton","title_typography_font_size":{"unit":"px","size":"30","sizes":[]},"title_typography_font_weight":"400","title_typography_text_transform":"capitalize","title_typography_font_style":"normal","title_typography_text_decoration":"none","title_typography_line_height":{"unit":"em","size":"1.1","sizes":[]},"title_typography_letter_spacing":{"unit":"px","size":"0","sizes":[]},"description_color":"#B6A0FF","description_typography_typography":"custom","description_typography_font_family":"Roboto","description_typography_font_size":{"unit":"px","size":"15","sizes":[]},"description_typography_font_weight":"300","description_typography_text_transform":"uppercase","description_typography_font_style":"normal","description_typography_text_decoration":"none","description_typography_line_height":{"unit":"em","size":"1.3","sizes":[]},"description_typography_letter_spacing":{"unit":"px","size":"2","sizes":[]},"_padding":{"unit":"px","top":"0","right":"0","bottom":"30","left":"0","isLinked":""},"_background_background":"classic","_background_color":"#5C32EA","css_filters_hover_css_filter":"custom","css_filters_hover_saturate":{"unit":"px","size":"0","sizes":[]},"image_opacity_hover":{"unit":"px","size":"0.85","sizes":[]},"title_typography_font_size_tablet":{"unit":"px","size":"20","sizes":[]},"description_typography_font_size_tablet":{"unit":"px","size":"12","sizes":[]}},"elements":[],"isInner":false,"widgetType":"image-box","elType":"widget"}],"isInner":"1","elType":"column"},{"id":"fab9268","settings":{"_column_size":"33","padding":{"unit":"%","top":"0","right":"3.5","bottom":"0","left":"3.5","isLinked":""},"margin_mobile":{"unit":"%","top":"20","right":"0","bottom":"0","left":"0","isLinked":""},"padding_mobile":{"unit":"px","top":"0","right":"0","bottom":"0","left":"0","isLinked":""}},"elements":[{"id":"24b393f5","settings":{"image":{"id":16499,"url":"http:\/\/library.elementor.com\/lp\/wp-content\/uploads\/2021\/01\/5_Conference-Clare_Douglas.jpg"},"title_text":"Clare Douglas","description_text":"Co-founder <br>at EFLOW","image_space":{"unit":"px","size":"20","sizes":[]},"image_size":{"unit":"%","size":"100","sizes":[]},"text_align":"center","title_bottom_space":{"unit":"px","size":"15","sizes":[]},"title_color":"#FFFFFF","title_typography_typography":"custom","title_typography_font_family":"Anton","title_typography_font_size":{"unit":"px","size":"30","sizes":[]},"title_typography_font_weight":"400","title_typography_text_transform":"capitalize","title_typography_font_style":"normal","title_typography_text_decoration":"none","title_typography_line_height":{"unit":"em","size":"1.1","sizes":[]},"title_typography_letter_spacing":{"unit":"px","size":"0","sizes":[]},"description_color":"#B6A0FF","description_typography_typography":"custom","description_typography_font_family":"Roboto","description_typography_font_size":{"unit":"px","size":"15","sizes":[]},"description_typography_font_weight":"300","description_typography_text_transform":"uppercase","description_typography_font_style":"normal","description_typography_text_decoration":"none","description_typography_line_height":{"unit":"em","size":"1.3","sizes":[]},"description_typography_letter_spacing":{"unit":"px","size":"2","sizes":[]},"_padding":{"unit":"px","top":"0","right":"0","bottom":"30","left":"0","isLinked":""},"_background_background":"classic","_background_color":"#5C32EA","css_filters_hover_css_filter":"custom","css_filters_hover_saturate":{"unit":"px","size":"0","sizes":[]},"image_opacity_hover":{"unit":"px","size":"0.85","sizes":[]},"title_typography_font_size_tablet":{"unit":"px","size":"20","sizes":[]},"description_typography_font_size_tablet":{"unit":"px","size":"12","sizes":[]}},"elements":[],"isInner":false,"widgetType":"image-box","elType":"widget"}],"isInner":"1","elType":"column"},{"id":"718f44b","settings":{"_column_size":"33","padding":{"unit":"%","top":"0","right":"0","bottom":"0","left":"7","isLinked":""},"margin_mobile":{"unit":"%","top":"20","right":"0","bottom":"0","left":"0","isLinked":""},"padding_mobile":{"unit":"px","top":"0","right":"0","bottom":"0","left":"0","isLinked":""}},"elements":[{"id":"6e7f58fc","settings":{"image":{"id":16501,"url":"http:\/\/library.elementor.com\/lp\/wp-content\/uploads\/2021\/01\/5_Conference-Anna_Doty-27122020.jpg"},"title_text":"Anna Doty","description_text":"Illustrator <br>at FIBERY","image_space":{"unit":"px","size":"20","sizes":[]},"image_size":{"unit":"%","size":"100","sizes":[]},"text_align":"center","title_bottom_space":{"unit":"px","size":"15","sizes":[]},"title_color":"#FFFFFF","title_typography_typography":"custom","title_typography_font_family":"Anton","title_typography_font_size":{"unit":"px","size":"30","sizes":[]},"title_typography_font_weight":"400","title_typography_text_transform":"capitalize","title_typography_font_style":"normal","title_typography_text_decoration":"none","title_typography_line_height":{"unit":"em","size":"1.1","sizes":[]},"title_typography_letter_spacing":{"unit":"px","size":"0","sizes":[]},"description_color":"#B6A0FF","description_typography_typography":"custom","description_typography_font_family":"Roboto","description_typography_font_size":{"unit":"px","size":"15","sizes":[]},"description_typography_font_weight":"300","description_typography_text_transform":"uppercase","description_typography_font_style":"normal","description_typography_text_decoration":"none","description_typography_line_height":{"unit":"em","size":"1.3","sizes":[]},"description_typography_letter_spacing":{"unit":"px","size":"2","sizes":[]},"_padding":{"unit":"px","top":"0","right":"0","bottom":"30","left":"0","isLinked":""},"_background_background":"classic","_background_color":"#5C32EA","css_filters_hover_css_filter":"custom","css_filters_hover_saturate":{"unit":"px","size":"0","sizes":[]},"image_opacity_hover":{"unit":"px","size":"0.85","sizes":[]},"title_typography_font_size_tablet":{"unit":"px","size":"20","sizes":[]},"description_typography_font_size_tablet":{"unit":"px","size":"12","sizes":[]}},"elements":[],"isInner":false,"widgetType":"image-box","elType":"widget"}],"isInner":"1","elType":"column"}],"isInner":"1","elType":"section"},{"id":"7226db04","settings":{"layout":"full_width","gap":"no","structure":"30","margin":{"unit":"%","top":"3.5","right":"0","bottom":"0","left":"0","isLinked":""},"margin_mobile":{"unit":"%","top":"20","right":"0","bottom":"0","left":"0","isLinked":""}},"elements":[{"id":"3fa8e015","settings":{"_column_size":"33","padding":{"unit":"%","top":"0","right":"7","bottom":"0","left":"0","isLinked":""},"padding_mobile":{"unit":"px","top":"0","right":"0","bottom":"0","left":"0","isLinked":""}},"elements":[{"id":"c0b5dd5","settings":{"image":{"id":16503,"url":"http:\/\/library.elementor.com\/lp\/wp-content\/uploads\/2021\/01\/5_Conference-Susy_Walker-27122020.jpg"},"title_text":"John Walker","description_text":"Creative Director <br>at SMART DESIGN","image_space":{"unit":"px","size":"20","sizes":[]},"image_size":{"unit":"%","size":"100","sizes":[]},"text_align":"center","title_bottom_space":{"unit":"px","size":"15","sizes":[]},"title_color":"#FFFFFF","title_typography_typography":"custom","title_typography_font_family":"Anton","title_typography_font_size":{"unit":"px","size":"30","sizes":[]},"title_typography_font_weight":"400","title_typography_text_transform":"capitalize","title_typography_font_style":"normal","title_typography_text_decoration":"none","title_typography_line_height":{"unit":"em","size":"1.1","sizes":[]},"title_typography_letter_spacing":{"unit":"px","size":"0","sizes":[]},"description_color":"#B6A0FF","description_typography_typography":"custom","description_typography_font_family":"Roboto","description_typography_font_size":{"unit":"px","size":"15","sizes":[]},"description_typography_font_weight":"300","description_typography_text_transform":"uppercase","description_typography_font_style":"normal","description_typography_text_decoration":"none","description_typography_line_height":{"unit":"em","size":"1.3","sizes":[]},"description_typography_letter_spacing":{"unit":"px","size":"2","sizes":[]},"_padding":{"unit":"px","top":"0","right":"0","bottom":"30","left":"0","isLinked":""},"_background_background":"classic","_background_color":"#5C32EA","css_filters_hover_css_filter":"custom","css_filters_hover_saturate":{"unit":"px","size":"0","sizes":[]},"image_opacity_hover":{"unit":"px","size":"0.85","sizes":[]},"title_typography_font_size_tablet":{"unit":"px","size":"20","sizes":[]},"description_typography_font_size_tablet":{"unit":"px","size":"12","sizes":[]}},"elements":[],"isInner":false,"widgetType":"image-box","elType":"widget"}],"isInner":"1","elType":"column"},{"id":"312519a2","settings":{"_column_size":"33","padding":{"unit":"%","top":"0","right":"3.5","bottom":"0","left":"3.5","isLinked":""},"margin_mobile":{"unit":"%","top":"20","right":"0","bottom":"0","left":"0","isLinked":""},"padding_mobile":{"unit":"px","top":"0","right":"0","bottom":"0","left":"0","isLinked":""}},"elements":[{"id":"1d99e1fa","settings":{"image":{"id":16505,"url":"http:\/\/library.elementor.com\/lp\/wp-content\/uploads\/2021\/01\/5_Conference-Kelly_Sines-27122020.jpg"},"title_text":"Kelly Sines","description_text":"Visual artist <br>at RLAB","image_space":{"unit":"px","size":"20","sizes":[]},"image_size":{"unit":"%","size":"100","sizes":[]},"text_align":"center","title_bottom_space":{"unit":"px","size":"15","sizes":[]},"title_color":"#FFFFFF","title_typography_typography":"custom","title_typography_font_family":"Anton","title_typography_font_size":{"unit":"px","size":"30","sizes":[]},"title_typography_font_weight":"400","title_typography_text_transform":"capitalize","title_typography_font_style":"normal","title_typography_text_decoration":"none","title_typography_line_height":{"unit":"em","size":"1.1","sizes":[]},"title_typography_letter_spacing":{"unit":"px","size":"0","sizes":[]},"description_color":"#B6A0FF","description_typography_typography":"custom","description_typography_font_family":"Roboto","description_typography_font_size":{"unit":"px","size":"15","sizes":[]},"description_typography_font_weight":"300","description_typography_text_transform":"uppercase","description_typography_font_style":"normal","description_typography_text_decoration":"none","description_typography_line_height":{"unit":"em","size":"1.3","sizes":[]},"description_typography_letter_spacing":{"unit":"px","size":"2","sizes":[]},"_padding":{"unit":"px","top":"0","right":"0","bottom":"30","left":"0","isLinked":""},"_background_background":"classic","_background_color":"#5C32EA","css_filters_hover_css_filter":"custom","css_filters_hover_saturate":{"unit":"px","size":"0","sizes":[]},"image_opacity_hover":{"unit":"px","size":"0.85","sizes":[]},"title_typography_font_size_tablet":{"unit":"px","size":"20","sizes":[]},"description_typography_font_size_tablet":{"unit":"px","size":"12","sizes":[]}},"elements":[],"isInner":false,"widgetType":"image-box","elType":"widget"}],"isInner":"1","elType":"column"},{"id":"74605c73","settings":{"_column_size":"33","padding":{"unit":"%","top":"0","right":"0","bottom":"0","left":"7","isLinked":""},"margin_mobile":{"unit":"%","top":"20","right":"0","bottom":"0","left":"0","isLinked":""},"padding_mobile":{"unit":"px","top":"0","right":"0","bottom":"0","left":"0","isLinked":""}},"elements":[{"id":"256f5c66","settings":{"image":{"id":16507,"url":"http:\/\/library.elementor.com\/lp\/wp-content\/uploads\/2021\/01\/5_Conference-Robert_Noble-27122020.jpg"},"title_text":"Robert Noble","description_text":"Design Director <br>at VISING","image_space":{"unit":"px","size":"20","sizes":[]},"image_size":{"unit":"%","size":"100","sizes":[]},"text_align":"center","title_bottom_space":{"unit":"px","size":"15","sizes":[]},"title_color":"#FFFFFF","title_typography_typography":"custom","title_typography_font_family":"Anton","title_typography_font_size":{"unit":"px","size":"30","sizes":[]},"title_typography_font_weight":"400","title_typography_text_transform":"capitalize","title_typography_font_style":"normal","title_typography_text_decoration":"none","title_typography_line_height":{"unit":"em","size":"1.1","sizes":[]},"title_typography_letter_spacing":{"unit":"px","size":"0","sizes":[]},"description_color":"#B6A0FF","description_typography_typography":"custom","description_typography_font_family":"Roboto","description_typography_font_size":{"unit":"px","size":"15","sizes":[]},"description_typography_font_weight":"300","description_typography_text_transform":"uppercase","description_typography_font_style":"normal","description_typography_text_decoration":"none","description_typography_line_height":{"unit":"em","size":"1.3","sizes":[]},"description_typography_letter_spacing":{"unit":"px","size":"2","sizes":[]},"_padding":{"unit":"px","top":"0","right":"0","bottom":"30","left":"0","isLinked":""},"_background_background":"classic","_background_color":"#5C32EA","css_filters_hover_css_filter":"custom","css_filters_hover_saturate":{"unit":"px","size":"0","sizes":[]},"image_opacity_hover":{"unit":"px","size":"0.85","sizes":[]},"title_typography_font_size_tablet":{"unit":"px","size":"20","sizes":[]},"description_typography_font_size_tablet":{"unit":"px","size":"12","sizes":[]}},"elements":[],"isInner":false,"widgetType":"image-box","elType":"widget"}],"isInner":"1","elType":"column"}],"isInner":"1","elType":"section"}],"isInner":"","elType":"column"}],"isInner":"","elType":"section"},{"id":"5fff98b6","settings":{"layout":"full_width","gap":"no","structure":"21","margin":{"unit":"%","top":"15","right":"0","bottom":"0","left":"0","isLinked":""},"margin_mobile":{"unit":"%","top":"30","right":"0","bottom":"0","left":"0","isLinked":""},"padding":{"unit":"%","top":"0","right":"12","bottom":"0","left":"12","isLinked":""},"padding_tablet":{"unit":"%","top":"0","right":"10","bottom":"0","left":"10","isLinked":""},"_title":"What Will You Get"},"elements":[{"id":"fea65d5","settings":{"_column_size":"33","_inline_size":"35.965"},"elements":[{"id":"2e3729d5","settings":{"title":"What you will get","align":"left","title_color":"#FFFFFF","typography_typography":"custom","typography_font_family":"Anton","typography_font_size":{"unit":"px","size":"84","sizes":[]},"typography_font_weight":"400","typography_text_transform":"uppercase","typography_font_style":"normal","typography_text_decoration":"none","typography_line_height":{"unit":"em","size":"1.1","sizes":[]},"typography_letter_spacing":{"unit":"px","size":"2.2","sizes":[]},"typography_font_size_tablet":{"unit":"px","size":"45","sizes":[]},"typography_font_size_mobile":{"unit":"px","size":"35","sizes":[]}},"elements":[],"isInner":false,"widgetType":"heading","elType":"widget"}],"isInner":"","elType":"column"},{"id":"2d4b8baf","settings":{"_column_size":"66","_inline_size":"63.584","margin_mobile":{"unit":"%","top":"10","right":"0","bottom":"0","left":"0","isLinked":""},"padding":{"unit":"%","top":"0","right":"0","bottom":"0","left":"10","isLinked":""},"padding_mobile":{"unit":"%","top":"0","right":"0","bottom":"0","left":"0","isLinked":""}},"elements":[{"id":"390aca4f","settings":{"editor":"We have created two days of amazing workshops, inspirational design lectures, and meetings with other creative people for you to connect and learn from. Get tickets and join our growing community of bold designers.","text_color":"#EEEADE","typography_typography":"custom","typography_font_family":"Roboto","typography_font_size":{"unit":"px","size":"36","sizes":[]},"typography_font_weight":"300","typography_text_transform":"none","typography_font_style":"normal","typography_text_decoration":"none","typography_line_height":{"unit":"em","size":"1.2","sizes":[]},"typography_letter_spacing":{"unit":"px","size":"0","sizes":[]},"_margin":{"unit":"%","top":"","right":"","bottom":"","left":"","isLinked":"1"},"typography_font_size_tablet":{"unit":"px","size":"24","sizes":[]},"typography_font_size_mobile":{"unit":"px","size":"18","sizes":[]}},"elements":[],"isInner":false,"widgetType":"text-editor","elType":"widget"}],"isInner":"","elType":"column"}],"isInner":"","elType":"section"},{"id":"3d67d5f2","settings":{"layout":"full_width","gap":"no","height":"min-height","custom_height":{"unit":"px","size":"300","sizes":[]},"structure":"30","background_background":"classic","background_color":"#5C32EA","margin":{"unit":"%","top":"15","right":"0","bottom":"0","left":"0","isLinked":""},"margin_mobile":{"unit":"%","top":"30","right":"0","bottom":"0","left":"0","isLinked":""},"padding":{"unit":"%","top":"0","right":"12","bottom":"0","left":"12","isLinked":""},"padding_tablet":{"unit":"%","top":"0","right":"5","bottom":"0","left":"5","isLinked":""},"padding_mobile":{"unit":"%","top":"20","right":"15","bottom":"20","left":"15","isLinked":""},"_title":"Some Number"},"elements":[{"id":"49900347","settings":{"_column_size":"33","border_border":"solid","border_width":{"unit":"px","top":"2","right":"2","bottom":"2","left":"2","isLinked":"1"},"border_color":"#B084FE","border_radius":{"unit":"%","top":"50","right":"50","bottom":"50","left":"50","isLinked":"1"},"margin":{"unit":"%","top":"0","right":"20","bottom":"0","left":"0","isLinked":""},"margin_tablet":{"unit":"%","top":"0","right":"5","bottom":"0","left":"0","isLinked":""},"margin_mobile":{"unit":"px","top":"0","right":"0","bottom":"0","left":"0","isLinked":""},"padding":{"unit":"%","top":"","right":"","bottom":"","left":"","isLinked":"1"}},"elements":[{"id":"14157dad","settings":{"selected_icon":{"value":{"id":16495,"url":"http:\/\/library.elementor.com\/lp\/wp-content\/uploads\/2021\/01\/5_Conference-Arrow_Down.svg"},"library":"svg"},"title_text":"8 Speakers","description_text":"","title_size":"h5","primary_color":"#B084FE","icon_space":{"unit":"px","size":"8","sizes":[]},"icon_size":{"unit":"px","size":"50","sizes":[]},"title_bottom_space":{"unit":"px","size":"35","sizes":[]},"title_color":"#EEEADE","title_typography_typography":"custom","title_typography_font_family":"Roboto","title_typography_font_size":{"unit":"px","size":"28","sizes":[]},"title_typography_font_size_tablet":{"unit":"px","size":"22","sizes":[]},"title_typography_font_size_mobile":{"unit":"px","size":"16","sizes":[]},"title_typography_font_weight":"300","title_typography_text_transform":"none","title_typography_font_style":"normal","title_typography_text_decoration":"none","title_typography_line_height":{"unit":"em","size":"1.05","sizes":[]},"title_typography_letter_spacing":{"unit":"px","size":"0","sizes":[]},"_margin":{"unit":"px","top":"-20","right":"0","bottom":"0","left":"0","isLinked":""},"_border_width":{"unit":"px","top":"2","right":"2","bottom":"2","left":"2","isLinked":"1"},"_border_color":"#B084FE","_border_radius":{"unit":"%","top":"","right":"","bottom":"","left":"","isLinked":"1"},"_element_custom_width":{"unit":"%","size":"100","sizes":[]}},"elements":[],"isInner":false,"widgetType":"icon-box","elType":"widget"}],"isInner":"","elType":"column"},{"id":"530d8e9c","settings":{"_column_size":"33","border_border":"solid","border_width":{"unit":"px","top":"2","right":"2","bottom":"2","left":"2","isLinked":"1"},"border_color":"#B084FE","border_radius":{"unit":"%","top":"50","right":"50","bottom":"50","left":"50","isLinked":"1"},"margin":{"unit":"%","top":"0","right":"10","bottom":"0","left":"10","isLinked":""},"margin_tablet":{"unit":"%","top":"0","right":"2.5","bottom":"0","left":"2.5","isLinked":""},"margin_mobile":{"unit":"%","top":"20","right":"0","bottom":"0","left":"0","isLinked":""}},"elements":[{"id":"51db21bd","settings":{"selected_icon":{"value":{"id":16495,"url":"http:\/\/library.elementor.com\/lp\/wp-content\/uploads\/2021\/01\/5_Conference-Arrow_Down.svg"},"library":"svg"},"title_text":"4 Virtual Workshops","description_text":"","title_size":"h5","primary_color":"#B084FE","icon_space":{"unit":"px","size":"8","sizes":[]},"icon_size":{"unit":"px","size":"50","sizes":[]},"title_bottom_space":{"unit":"px","size":"35","sizes":[]},"title_color":"#EEEADE","title_typography_typography":"custom","title_typography_font_family":"Roboto","title_typography_font_size":{"unit":"px","size":"28","sizes":[]},"title_typography_font_size_tablet":{"unit":"px","size":"22","sizes":[]},"title_typography_font_size_mobile":{"unit":"px","size":"16","sizes":[]},"title_typography_font_weight":"300","title_typography_text_transform":"none","title_typography_font_style":"normal","title_typography_text_decoration":"none","title_typography_line_height":{"unit":"em","size":"1.05","sizes":[]},"title_typography_letter_spacing":{"unit":"px","size":"0","sizes":[]},"_margin":{"unit":"px","top":"-20","right":"0","bottom":"0","left":"0","isLinked":""},"_border_width":{"unit":"px","top":"2","right":"2","bottom":"2","left":"2","isLinked":"1"},"_border_color":"#B084FE","_border_radius":{"unit":"%","top":"","right":"","bottom":"","left":"","isLinked":"1"},"_element_custom_width":{"unit":"%","size":"100","sizes":[]}},"elements":[],"isInner":false,"widgetType":"icon-box","elType":"widget"}],"isInner":"","elType":"column"},{"id":"73458411","settings":{"_column_size":"33","border_border":"solid","border_width":{"unit":"px","top":"2","right":"2","bottom":"2","left":"2","isLinked":"1"},"border_color":"#B084FE","border_radius":{"unit":"%","top":"50","right":"50","bottom":"50","left":"50","isLinked":"1"},"margin":{"unit":"%","top":"0","right":"0","bottom":"0","left":"20","isLinked":""},"margin_tablet":{"unit":"%","top":"0","right":"0","bottom":"0","left":"5","isLinked":""},"margin_mobile":{"unit":"%","top":"20","right":"0","bottom":"0","left":"0","isLinked":""}},"elements":[{"id":"73493e0b","settings":{"selected_icon":{"value":{"id":16495,"url":"http:\/\/library.elementor.com\/lp\/wp-content\/uploads\/2021\/01\/5_Conference-Arrow_Down.svg"},"library":"svg"},"title_text":"2 Online Meetups","description_text":"","title_size":"h5","primary_color":"#B084FE","icon_space":{"unit":"px","size":"8","sizes":[]},"icon_size":{"unit":"px","size":"50","sizes":[]},"title_bottom_space":{"unit":"px","size":"35","sizes":[]},"title_color":"#EEEADE","title_typography_typography":"custom","title_typography_font_family":"Roboto","title_typography_font_size":{"unit":"px","size":"28","sizes":[]},"title_typography_font_size_tablet":{"unit":"px","size":"22","sizes":[]},"title_typography_font_size_mobile":{"unit":"px","size":"16","sizes":[]},"title_typography_font_weight":"300","title_typography_text_transform":"none","title_typography_font_style":"normal","title_typography_text_decoration":"none","title_typography_line_height":{"unit":"em","size":"1.05","sizes":[]},"title_typography_letter_spacing":{"unit":"px","size":"0","sizes":[]},"_margin":{"unit":"px","top":"-20","right":"0","bottom":"0","left":"0","isLinked":""},"_border_width":{"unit":"px","top":"2","right":"2","bottom":"2","left":"2","isLinked":"1"},"_border_color":"#B084FE","_border_radius":{"unit":"%","top":"","right":"","bottom":"","left":"","isLinked":"1"},"_element_custom_width":{"unit":"%","size":"100","sizes":[]}},"elements":[],"isInner":false,"widgetType":"icon-box","elType":"widget"}],"isInner":"","elType":"column"}],"isInner":"","elType":"section"},{"id":"6e0a1659","settings":{"content_width":{"unit":"px","size":"840","sizes":[]},"gap":"no","margin":{"unit":"%","top":"15","right":"0","bottom":"0","left":"0","isLinked":""},"margin_mobile":{"unit":"%","top":"30","right":"0","bottom":"0","left":"0","isLinked":""},"padding_tablet":{"unit":"%","top":"0","right":"10","bottom":"0","left":"10","isLinked":""},"_title":"Video"},"elements":[{"id":"42a1c0da","settings":{"_column_size":"100","space_between_widgets":"0"},"elements":[{"id":"736fd9fe","settings":{"youtube_url":"https:\/\/www.youtube.com\/watch?v=XHOmBV4js_E","vimeo_url":"https:\/\/vimeo.com\/235215203","dailymotion_url":"https:\/\/www.dailymotion.com\/video\/x6tqhqb","show_image_overlay":"yes","image_overlay":{"id":16509,"url":"http:\/\/library.elementor.com\/lp\/wp-content\/uploads\/2021\/01\/5_Conference-Video_Overlay-27122020.jpg"},"play_icon_color":"#FFFFFF","play_icon_size":{"unit":"px","size":"90","sizes":[]},"play_icon_size_tablet":{"unit":"px","size":"65","sizes":[]},"play_icon_size_mobile":{"unit":"px","size":"55","sizes":[]},"play_icon_text_shadow_text_shadow":{"horizontal":"0","vertical":"0","blur":"10","color":"rgba(0, 0, 0, 0.3)"}},"elements":[],"isInner":false,"widgetType":"video","elType":"widget"},{"id":"5c5b3e16","settings":{"title":"2019 Recap","header_size":"h4","align":"center","title_color":"#FFFFFF","typography_typography":"custom","typography_font_family":"Anton","typography_font_size":{"unit":"px","size":"36","sizes":[]},"typography_font_size_tablet":{"unit":"px","size":"24","sizes":[]},"typography_font_size_mobile":{"unit":"px","size":"22","sizes":[]},"typography_font_weight":"400","typography_text_transform":"uppercase","typography_font_style":"normal","typography_text_decoration":"none","typography_line_height":{"unit":"em","size":"1.05","sizes":[]},"typography_letter_spacing":{"unit":"px","size":"0.94","sizes":[]},"_padding":{"unit":"px","top":"22","right":"0","bottom":"20","left":"0","isLinked":""},"_padding_mobile":{"unit":"px","top":"17","right":"0","bottom":"15","left":"0","isLinked":""},"_background_background":"classic","_background_color":"#5C32EA"},"elements":[],"isInner":false,"widgetType":"heading","elType":"widget"}],"isInner":"","elType":"column"}],"isInner":"","elType":"section"},{"id":"923f968","settings":{"layout":"full_width","gap":"no","margin":{"unit":"%","top":"20","right":"0","bottom":"0","left":"0","isLinked":""},"margin_mobile":{"unit":"%","top":"30","right":"0","bottom":"0","left":"0","isLinked":""},"padding":{"unit":"%","top":"0","right":"12","bottom":"0","left":"12","isLinked":""},"padding_tablet":{"unit":"%","top":"0","right":"5","bottom":"0","left":"5","isLinked":""},"_title":"Sponsors"},"elements":[{"id":"7577c95f","settings":{"_column_size":"100"},"elements":[{"id":"24a7b2a8","settings":{"title":"Sponsors","align":"center","title_color":"#FFFFFF","typography_typography":"custom","typography_font_family":"Anton","typography_font_size":{"unit":"px","size":"84","sizes":[]},"typography_font_size_tablet":{"unit":"px","size":"45","sizes":[]},"typography_font_size_mobile":{"unit":"px","size":"35","sizes":[]},"typography_font_weight":"400","typography_text_transform":"uppercase","typography_font_style":"normal","typography_text_decoration":"none","typography_line_height":{"unit":"em","size":"1.1","sizes":[]},"typography_letter_spacing":{"unit":"px","size":"2.2","sizes":[]}},"elements":[],"isInner":false,"widgetType":"heading","elType":"widget"},{"id":"245fa4e5","settings":{"layout":"full_width","gap":"no","height_inner":"min-height","custom_height_inner":{"unit":"px","size":"115","sizes":[]},"custom_height_inner_tablet":{"unit":"px","size":"80","sizes":[]},"structure":"30","margin":{"unit":"%","top":"8","right":"0","bottom":"0","left":"0","isLinked":""}},"elements":[{"id":"c50e1ec","settings":{"_column_size":"33","content_position":"space-between","align":"center","margin_tablet":{"unit":"%","top":"","right":"","bottom":"","left":"","isLinked":"1"},"padding_tablet":{"unit":"%","top":"","right":"","bottom":"","left":"","isLinked":"1"},"animation":"fadeIn"},"elements":[{"id":"1d053807","settings":{"selected_icon":{"value":{"id":16511,"url":"http:\/\/library.elementor.com\/lp\/wp-content\/uploads\/2021\/01\/5_Conference-Logo_1.svg"},"library":"svg"},"primary_color":"#FFFFFF","size":{"unit":"px","size":"205","sizes":[]},"size_tablet":{"unit":"px","size":"100","sizes":[]},"_margin":{"unit":"px","top":"-88","right":"0","bottom":"-94","left":"0","isLinked":""},"_margin_tablet":{"unit":"px","top":"-43","right":"0","bottom":"-49","left":"0","isLinked":""}},"elements":[],"isInner":false,"widgetType":"icon","elType":"widget"},{"id":"7ae3cce1","settings":{"title":"PLATINUM PARTNER","header_size":"p","align":"center","title_color":"#5C32EA","typography_typography":"custom","typography_font_family":"Roboto","typography_font_size":{"unit":"px","size":"15","sizes":[]},"typography_font_size_tablet":{"unit":"px","size":"12","sizes":[]},"typography_font_weight":"300","typography_text_transform":"uppercase","typography_font_style":"normal","typography_text_decoration":"none","typography_line_height":{"unit":"em","size":"1.3","sizes":[]},"typography_letter_spacing":{"unit":"px","size":"9","sizes":[]},"typography_letter_spacing_tablet":{"unit":"px","size":"5","sizes":[]},"_padding":{"unit":"px","top":"15","right":"0","bottom":"0","left":"0","isLinked":""},"_border_border":"solid","_border_width":{"unit":"px","top":"1","right":"0","bottom":"0","left":"0","isLinked":""},"_border_color":"#5C32EA","_element_width":"initial","_element_width_tablet":"initial","_element_custom_width":{"unit":"px","size":"285","sizes":[]},"_element_custom_width_tablet":{"unit":"px","size":"192","sizes":[]}},"elements":[],"isInner":false,"widgetType":"heading","elType":"widget"}],"isInner":"1","elType":"column"},{"id":"56be7068","settings":{"_column_size":"33","content_position":"space-between","align":"center","margin_mobile":{"unit":"%","top":"15","right":"0","bottom":"0","left":"0","isLinked":""},"padding_tablet":{"unit":"%","top":"","right":"","bottom":"","left":"","isLinked":"1"},"animation":"fadeIn","animation_delay":"200"},"elements":[{"id":"2c6664eb","settings":{"selected_icon":{"value":{"id":16513,"url":"http:\/\/library.elementor.com\/lp\/wp-content\/uploads\/2021\/01\/5_Conference-Logo_2.svg"},"library":"svg"},"primary_color":"#FFFFFF","size":{"unit":"px","size":"154","sizes":[]},"size_tablet":{"unit":"px","size":"85","sizes":[]},"_margin":{"unit":"px","top":"-58","right":"0","bottom":"-66","left":"0","isLinked":""},"_margin_tablet":{"unit":"px","top":"-33","right":"0","bottom":"-38","left":"0","isLinked":""}},"elements":[],"isInner":false,"widgetType":"icon","elType":"widget"},{"id":"8b25d34","settings":{"title":"PLATINUM PARTNER","header_size":"p","align":"center","title_color":"#5C32EA","typography_typography":"custom","typography_font_family":"Roboto","typography_font_size":{"unit":"px","size":"15","sizes":[]},"typography_font_size_tablet":{"unit":"px","size":"12","sizes":[]},"typography_font_weight":"300","typography_text_transform":"uppercase","typography_font_style":"normal","typography_text_decoration":"none","typography_line_height":{"unit":"em","size":"1.3","sizes":[]},"typography_letter_spacing":{"unit":"px","size":"9","sizes":[]},"typography_letter_spacing_tablet":{"unit":"px","size":"5","sizes":[]},"_padding":{"unit":"px","top":"15","right":"0","bottom":"0","left":"0","isLinked":""},"_border_border":"solid","_border_width":{"unit":"px","top":"1","right":"0","bottom":"0","left":"0","isLinked":""},"_border_color":"#5C32EA","_element_width":"initial","_element_width_tablet":"initial","_element_custom_width":{"unit":"px","size":"285","sizes":[]},"_element_custom_width_tablet":{"unit":"px","size":"192","sizes":[]}},"elements":[],"isInner":false,"widgetType":"heading","elType":"widget"}],"isInner":"1","elType":"column"},{"id":"2bc8eb2c","settings":{"_column_size":"33","content_position":"space-between","align":"center","margin_mobile":{"unit":"%","top":"15","right":"0","bottom":"0","left":"0","isLinked":""},"animation":"fadeIn","animation_delay":"300"},"elements":[{"id":"3e8b5e1d","settings":{"selected_icon":{"value":{"id":16515,"url":"http:\/\/library.elementor.com\/lp\/wp-content\/uploads\/2021\/01\/5_Conference-Logo_3.svg"},"library":"svg"},"primary_color":"#FFFFFF","size":{"unit":"px","size":"186","sizes":[]},"size_tablet":{"unit":"px","size":"100","sizes":[]},"_margin":{"unit":"px","top":"-73","right":"0","bottom":"-62","left":"0","isLinked":""},"_margin_tablet":{"unit":"px","top":"-40","right":"0","bottom":"-45","left":"0","isLinked":""}},"elements":[],"isInner":false,"widgetType":"icon","elType":"widget"},{"id":"6d6d477c","settings":{"title":"silver PARTNER","header_size":"p","align":"center","title_color":"#5C32EA","typography_typography":"custom","typography_font_family":"Roboto","typography_font_size":{"unit":"px","size":"15","sizes":[]},"typography_font_size_tablet":{"unit":"px","size":"12","sizes":[]},"typography_font_weight":"300","typography_text_transform":"uppercase","typography_font_style":"normal","typography_text_decoration":"none","typography_line_height":{"unit":"em","size":"1.3","sizes":[]},"typography_letter_spacing":{"unit":"px","size":"9","sizes":[]},"typography_letter_spacing_tablet":{"unit":"px","size":"5","sizes":[]},"_padding":{"unit":"px","top":"15","right":"0","bottom":"0","left":"0","isLinked":""},"_border_border":"solid","_border_width":{"unit":"px","top":"1","right":"0","bottom":"0","left":"0","isLinked":""},"_border_color":"#5C32EA","_element_width":"initial","_element_width_tablet":"initial","_element_custom_width":{"unit":"px","size":"285","sizes":[]},"_element_custom_width_tablet":{"unit":"px","size":"192","sizes":[]}},"elements":[],"isInner":false,"widgetType":"heading","elType":"widget"}],"isInner":"1","elType":"column"}],"isInner":"1","elType":"section"},{"id":"30f90144","settings":{"layout":"full_width","gap":"no","height_inner":"min-height","custom_height_inner":{"unit":"px","size":"115","sizes":[]},"custom_height_inner_tablet":{"unit":"px","size":"80","sizes":[]},"structure":"30","margin":{"unit":"%","top":"10","right":"0","bottom":"0","left":"0","isLinked":""},"margin_mobile":{"unit":"%","top":"15","right":"0","bottom":"0","left":"0","isLinked":""}},"elements":[{"id":"6db4aa23","settings":{"_column_size":"33","content_position":"space-between","align":"center","padding_tablet":{"unit":"%","top":"","right":"","bottom":"","left":"","isLinked":"1"},"animation":"fadeIn","animation_delay":"400"},"elements":[{"id":"578a7115","settings":{"selected_icon":{"value":{"id":16517,"url":"http:\/\/library.elementor.com\/lp\/wp-content\/uploads\/2021\/01\/5_Conference-Logo_4.svg"},"library":"svg"},"primary_color":"#FFFFFF","size":{"unit":"px","size":"160","sizes":[]},"size_tablet":{"unit":"px","size":"100","sizes":[]},"_margin":{"unit":"px","top":"-62","right":"0","bottom":"-69","left":"0","isLinked":""},"_margin_tablet":{"unit":"px","top":"-39","right":"0","bottom":"-44","left":"0","isLinked":""}},"elements":[],"isInner":false,"widgetType":"icon","elType":"widget"},{"id":"44058eeb","settings":{"title":"Gold PARTNER","header_size":"p","align":"center","title_color":"#5C32EA","typography_typography":"custom","typography_font_family":"Roboto","typography_font_size":{"unit":"px","size":"15","sizes":[]},"typography_font_size_tablet":{"unit":"px","size":"12","sizes":[]},"typography_font_weight":"300","typography_text_transform":"uppercase","typography_font_style":"normal","typography_text_decoration":"none","typography_line_height":{"unit":"em","size":"1.3","sizes":[]},"typography_letter_spacing":{"unit":"px","size":"9","sizes":[]},"typography_letter_spacing_tablet":{"unit":"px","size":"5","sizes":[]},"_padding":{"unit":"px","top":"15","right":"0","bottom":"0","left":"0","isLinked":""},"_border_border":"solid","_border_width":{"unit":"px","top":"1","right":"0","bottom":"0","left":"0","isLinked":""},"_border_color":"#5C32EA","_element_width":"initial","_element_width_tablet":"initial","_element_custom_width":{"unit":"px","size":"285","sizes":[]},"_element_custom_width_tablet":{"unit":"px","size":"192","sizes":[]}},"elements":[],"isInner":false,"widgetType":"heading","elType":"widget"}],"isInner":"1","elType":"column"},{"id":"2b687921","settings":{"_column_size":"33","content_position":"space-between","align":"center","margin_mobile":{"unit":"%","top":"15","right":"0","bottom":"0","left":"0","isLinked":""},"padding_tablet":{"unit":"%","top":"","right":"","bottom":"","left":"","isLinked":"1"},"animation":"fadeIn","animation_delay":"500"},"elements":[{"id":"14dc4fd7","settings":{"selected_icon":{"value":{"id":16519,"url":"http:\/\/library.elementor.com\/lp\/wp-content\/uploads\/2021\/01\/5_Conference-Logo_5.svg"},"library":"svg"},"primary_color":"#FFFFFF","size":{"unit":"px","size":"194","sizes":[]},"size_tablet":{"unit":"px","size":"100","sizes":[]},"_margin":{"unit":"px","top":"-81","right":"0","bottom":"-87","left":"0","isLinked":""},"_margin_tablet":{"unit":"px","top":"-42","right":"0","bottom":"-47","left":"0","isLinked":""}},"elements":[],"isInner":false,"widgetType":"icon","elType":"widget"},{"id":"6647c1ad","settings":{"title":"Gold PARTNER","header_size":"p","align":"center","title_color":"#5C32EA","typography_typography":"custom","typography_font_family":"Roboto","typography_font_size":{"unit":"px","size":"15","sizes":[]},"typography_font_size_tablet":{"unit":"px","size":"12","sizes":[]},"typography_font_weight":"300","typography_text_transform":"uppercase","typography_font_style":"normal","typography_text_decoration":"none","typography_line_height":{"unit":"em","size":"1.3","sizes":[]},"typography_letter_spacing":{"unit":"px","size":"9","sizes":[]},"typography_letter_spacing_tablet":{"unit":"px","size":"5","sizes":[]},"_padding":{"unit":"px","top":"15","right":"0","bottom":"0","left":"0","isLinked":""},"_border_border":"solid","_border_width":{"unit":"px","top":"1","right":"0","bottom":"0","left":"0","isLinked":""},"_border_color":"#5C32EA","_element_width":"initial","_element_width_tablet":"initial","_element_custom_width":{"unit":"px","size":"285","sizes":[]},"_element_custom_width_tablet":{"unit":"px","size":"192","sizes":[]}},"elements":[],"isInner":false,"widgetType":"heading","elType":"widget"}],"isInner":"1","elType":"column"},{"id":"631c60b7","settings":{"_column_size":"33","content_position":"space-between","align":"center","margin_mobile":{"unit":"%","top":"15","right":"0","bottom":"0","left":"0","isLinked":""},"padding_tablet":{"unit":"%","top":"","right":"","bottom":"","left":"","isLinked":"1"},"animation":"fadeIn","animation_delay":"600"},"elements":[{"id":"77c94a2d","settings":{"selected_icon":{"value":{"id":16521,"url":"http:\/\/library.elementor.com\/lp\/wp-content\/uploads\/2021\/01\/5_Conference-Logo_6.svg"},"library":"svg"},"primary_color":"#FFFFFF","size":{"unit":"px","size":"168","sizes":[]},"size_tablet":{"unit":"px","size":"100","sizes":[]},"_margin":{"unit":"px","top":"-60","right":"0","bottom":"-65","left":"0","isLinked":""},"_margin_tablet":{"unit":"px","top":"-35","right":"0","bottom":"-40","left":"0","isLinked":""}},"elements":[],"isInner":false,"widgetType":"icon","elType":"widget"},{"id":"58402986","settings":{"title":"Gold PARTNER","header_size":"p","align":"center","title_color":"#5C32EA","typography_typography":"custom","typography_font_family":"Roboto","typography_font_size":{"unit":"px","size":"15","sizes":[]},"typography_font_size_tablet":{"unit":"px","size":"12","sizes":[]},"typography_font_weight":"300","typography_text_transform":"uppercase","typography_font_style":"normal","typography_text_decoration":"none","typography_line_height":{"unit":"em","size":"1.3","sizes":[]},"typography_letter_spacing":{"unit":"px","size":"9","sizes":[]},"typography_letter_spacing_tablet":{"unit":"px","size":"5","sizes":[]},"_padding":{"unit":"px","top":"15","right":"0","bottom":"0","left":"0","isLinked":""},"_border_border":"solid","_border_width":{"unit":"px","top":"1","right":"0","bottom":"0","left":"0","isLinked":""},"_border_color":"#5C32EA","_element_width":"initial","_element_width_tablet":"initial","_element_custom_width":{"unit":"px","size":"285","sizes":[]},"_element_custom_width_tablet":{"unit":"px","size":"192","sizes":[]}},"elements":[],"isInner":false,"widgetType":"heading","elType":"widget"}],"isInner":"1","elType":"column"}],"isInner":"1","elType":"section"}],"isInner":"","elType":"column"}],"isInner":"","elType":"section"},{"id":"2282bb82","settings":{"layout":"full_width","gap":"no","structure":"21","margin":{"unit":"%","top":"20","right":"0","bottom":"0","left":"0","isLinked":""},"margin_mobile":{"unit":"%","top":"30","right":"0","bottom":"0","left":"0","isLinked":""},"padding":{"unit":"%","top":"0","right":"12","bottom":"0","left":"12","isLinked":""},"padding_tablet":{"unit":"%","top":"0","right":"10","bottom":"0","left":"10","isLinked":""},"_title":"The Place"},"elements":[{"id":"3b76ed02","settings":{"_column_size":"33","_inline_size":"35.965","space_between_widgets":"30","space_between_widgets_tablet":"20","space_between_widgets_mobile":"10"},"elements":[{"id":"12a74041","settings":{"title":"The place","align":"left","title_color":"#FFFFFF","typography_typography":"custom","typography_font_family":"Anton","typography_font_size":{"unit":"px","size":"84","sizes":[]},"typography_font_weight":"400","typography_text_transform":"uppercase","typography_font_style":"normal","typography_text_decoration":"none","typography_line_height":{"unit":"em","size":"1.1","sizes":[]},"typography_letter_spacing":{"unit":"px","size":"2.2","sizes":[]},"typography_font_size_tablet":{"unit":"px","size":"45","sizes":[]},"typography_font_size_mobile":{"unit":"px","size":"35","sizes":[]},"_z_index":"2"},"elements":[],"isInner":false,"widgetType":"heading","elType":"widget"},{"id":"431d58cf","settings":{"selected_icon":{"value":{"id":16493,"url":"http:\/\/library.elementor.com\/lp\/wp-content\/uploads\/2021\/01\/5_Conference-TheShape.svg"},"library":"svg"},"primary_color":"#5C32EA","size":{"unit":"px","size":"330","sizes":[]},"size_tablet":{"unit":"px","size":"160","sizes":[]},"size_mobile":{"unit":"px","size":"120","sizes":[]},"rotate":{"unit":"deg","size":"50","sizes":[]},"_margin":{"unit":"px","top":"15","right":"5","bottom":"-59","left":"-63","isLinked":""},"_margin_tablet":{"unit":"px","top":"8","right":"2","bottom":"-31","left":"-30","isLinked":""},"_margin_mobile":{"unit":"px","top":"5","right":"2","bottom":"-25","left":"-22","isLinked":""},"_element_width":"auto","_position":"absolute","_offset_x":{"unit":"px","size":"-20","sizes":[]},"_offset_y":{"unit":"px","size":"-102","sizes":[]},"_offset_y_tablet":{"unit":"px","size":"-40","sizes":[]},"_offset_y_mobile":{"unit":"px","size":"-30","sizes":[]}},"elements":[],"isInner":false,"widgetType":"icon","elType":"widget"},{"id":"51778b70","settings":{"selected_icon":{"value":{"id":16493,"url":"http:\/\/library.elementor.com\/lp\/wp-content\/uploads\/2021\/01\/5_Conference-TheShape.svg"},"library":"svg"},"primary_color":"#5C32EA","size":{"unit":"px","size":"218","sizes":[]},"size_tablet":{"unit":"px","size":"85","sizes":[]},"size_mobile":{"unit":"px","size":"60","sizes":[]},"rotate":{"unit":"deg","size":"300","sizes":[]},"_margin":{"unit":"px","top":"15","right":"-45","bottom":"-32","left":"-7","isLinked":""},"_margin_tablet":{"unit":"px","top":"5","right":"-17","bottom":"-16","left":"-2","isLinked":""},"_margin_mobile":{"unit":"px","top":"3","right":"-13","bottom":"-13","left":"-2","isLinked":""},"animation_duration":"slow","_element_width":"auto","_position":"absolute","_offset_orientation_h":"end","_offset_x":{"unit":"px","size":"-20","sizes":[]},"_offset_x_end_mobile":{"unit":"px","size":"40","sizes":[]},"_offset_orientation_v":"end","_offset_y":{"unit":"px","size":"-102","sizes":[]},"_offset_y_end_tablet":{"unit":"px","size":"60","sizes":[]},"_offset_y_end_mobile":{"unit":"px","size":"0","sizes":[]}},"elements":[],"isInner":false,"widgetType":"icon","elType":"widget"},{"id":"4539dd78","settings":{"title":"We are online!","header_size":"h4","title_color":"#FFFFFF","typography_typography":"custom","typography_font_family":"Roboto","typography_font_size":{"unit":"px","size":"22","sizes":[]},"typography_font_weight":"300","typography_text_transform":"uppercase","typography_font_style":"normal","typography_text_decoration":"none","typography_line_height":{"unit":"em","size":"1.3","sizes":[]},"typography_letter_spacing":{"unit":"px","size":"5","sizes":[]},"_margin":{"unit":"%","top":"","right":"","bottom":"","left":"","isLinked":"1"},"typography_font_size_tablet":{"unit":"px","size":"16","sizes":[]},"typography_font_size_mobile":{"unit":"px","size":"14","sizes":[]},"typography_letter_spacing_mobile":{"unit":"px","size":"4","sizes":[]},"_z_index":"2"},"elements":[],"isInner":false,"widgetType":"heading","elType":"widget"}],"isInner":"","elType":"column"},{"id":"30b17f9d","settings":{"_column_size":"66","_inline_size":"63.584","margin_mobile":{"unit":"%","top":"10","right":"0","bottom":"0","left":"0","isLinked":""},"padding":{"unit":"%","top":"0","right":"0","bottom":"0","left":"10","isLinked":""},"padding_mobile":{"unit":"px","top":"0","right":"0","bottom":"0","left":"0","isLinked":""}},"elements":[{"id":"5374a93c","settings":{"editor":"Everyone can be part of this conference - we're going virtual! And we will be streaming it from Los Angeles' grand hall. Buy your tickets today and connect.","text_color":"#EEEADE","typography_typography":"custom","typography_font_family":"Roboto","typography_font_size":{"unit":"px","size":"36","sizes":[]},"typography_font_weight":"300","typography_text_transform":"none","typography_font_style":"normal","typography_text_decoration":"none","typography_line_height":{"unit":"em","size":"1.2","sizes":[]},"typography_letter_spacing":{"unit":"px","size":"0","sizes":[]},"_margin":{"unit":"%","top":"","right":"","bottom":"","left":"","isLinked":"1"},"typography_font_size_tablet":{"unit":"px","size":"24","sizes":[]},"typography_font_size_mobile":{"unit":"px","size":"18","sizes":[]},"_z_index":"1"},"elements":[],"isInner":false,"widgetType":"text-editor","elType":"widget"}],"isInner":"","elType":"column"}],"isInner":"","elType":"section"},{"id":"1944abd6","settings":{"layout":"full_width","custom_height":{"unit":"px","size":"45","sizes":[]},"background_background":"classic","background_color":"#7650F8","padding":{"unit":"%","top":"","right":"","bottom":"","left":"","isLinked":"1"},"gap":"no","height":"min-height","custom_height_tablet":{"unit":"px","size":"40","sizes":[]},"content_position":"middle","overflow":"hidden","margin":{"unit":"%","top":"20","right":"0","bottom":"0","left":"0","isLinked":""},"margin_mobile":{"unit":"%","top":"30","right":"0","bottom":"0","left":"0","isLinked":""},"animation":"fadeInUp","animation_duration":"slow","_title":"Top Bar"},"elements":[{"id":"83b9f67","settings":{"_column_size":"100"},"elements":[{"id":"492e7771","settings":{"view":"inline","icon_list":[{"text":"by design cube","selected_icon":{"value":"","library":""},"_id":"5a2904d"},{"text":"June 05-06, 2021","selected_icon":{"value":"","library":""},"_id":"a22a4cd"},{"text":"by design cube","selected_icon":{"value":"","library":""},"_id":"d39e3c0"},{"text":"June 05-06, 2021","selected_icon":{"value":"","library":""},"_id":"f7244bb"},{"text":"by design cube","selected_icon":{"value":"","library":""},"_id":"c4272bc"},{"text":"June 05-06, 2021","selected_icon":{"value":"","library":""},"_id":"2a6d463"}],"space_between":{"unit":"px","size":"55","sizes":[]},"icon_align":"center","divider":"yes","divider_height":{"unit":"%","size":"100","sizes":[]},"divider_color":"#FFFFFF","text_color":"#FFFFFF","icon_typography_typography":"custom","icon_typography_font_family":"Roboto","icon_typography_font_size":{"unit":"vw","size":"1","sizes":[]},"icon_typography_font_weight":"300","icon_typography_text_transform":"uppercase","icon_typography_font_style":"normal","icon_typography_text_decoration":"none","icon_typography_letter_spacing":{"unit":"px","size":"4.8","sizes":[]},"_element_custom_width":{"unit":"vw","size":"100","sizes":[]},"space_between_tablet":{"unit":"px","size":"40","sizes":[]},"space_between_mobile":{"unit":"px","size":"25","sizes":[]},"icon_typography_font_size_tablet":{"unit":"vw","size":"1.8","sizes":[]},"icon_typography_font_size_mobile":{"unit":"vw","size":"3.3","sizes":[]},"_margin_tablet":{"unit":"%","top":"0","right":"-70","bottom":"0","left":"-70","isLinked":""},"_margin_mobile":{"unit":"%","top":"0","right":"-210","bottom":"0","left":"-210","isLinked":""},"_element_custom_width_tablet":{"unit":"%","size":"500","sizes":[]}},"elements":[],"isInner":false,"widgetType":"icon-list","elType":"widget"}],"isInner":"","elType":"column"}],"isInner":"","elType":"section"},{"id":"45e66b95","settings":{"content_width":{"unit":"px","size":"1140","sizes":[]},"gap":"no","height":"min-height","custom_height":{"unit":"px","size":"700","sizes":[]},"background_background":"classic","background_color":"#5C32EA","custom_height_tablet":{"unit":"px","size":"580","sizes":[]},"custom_height_mobile":{"unit":"px","size":"500","sizes":[]},"margin":{"unit":"%","top":"","right":"0","bottom":"","left":"0","isLinked":"1"},"padding_tablet":{"unit":"%","top":"0","right":"10","bottom":"0","left":"10","isLinked":""},"_title":"Pricing"},"elements":[{"id":"634eb58a","settings":{"_column_size":"100"},"elements":[{"id":"185779b6","settings":{"title":"be part of the future of design","align":"center","title_color":"#FFFFFF","typography_typography":"custom","typography_font_family":"Anton","typography_font_size":{"unit":"px","size":"84","sizes":[]},"typography_font_weight":"400","typography_text_transform":"uppercase","typography_font_style":"normal","typography_text_decoration":"none","typography_line_height":{"unit":"em","size":"1.1","sizes":[]},"typography_letter_spacing":{"unit":"px","size":"2.2","sizes":[]},"typography_font_size_tablet":{"unit":"px","size":"45","sizes":[]},"typography_font_size_mobile":{"unit":"px","size":"35","sizes":[]}},"elements":[],"isInner":false,"widgetType":"heading","elType":"widget"},{"id":"3d83d6d7","settings":{"title":"Be part of our community: register for the conference and become part of the Design Cube family.","header_size":"h4","align":"center","title_color":"#EEEADE","typography_typography":"custom","typography_font_family":"Roboto","typography_font_size":{"unit":"px","size":"28","sizes":[]},"typography_font_weight":"300","typography_text_transform":"none","typography_font_style":"normal","typography_text_decoration":"none","typography_line_height":{"unit":"em","size":"1.2","sizes":[]},"typography_letter_spacing":{"unit":"px","size":"0","sizes":[]},"_margin":{"unit":"%","top":"","right":"","bottom":"","left":"","isLinked":"1"},"typography_font_size_tablet":{"unit":"px","size":"22","sizes":[]},"typography_font_size_mobile":{"unit":"px","size":"16","sizes":[]},"typography_line_height_tablet":{"unit":"em","size":"1.4","sizes":[]}},"elements":[],"isInner":false,"widgetType":"heading","elType":"widget"},{"id":"7dc478ec","settings":{"title":"$149","align":"center","title_color":"#FFFFFF","typography_typography":"custom","typography_font_family":"Anton","typography_font_size":{"unit":"px","size":"84","sizes":[]},"typography_font_weight":"400","typography_text_transform":"uppercase","typography_font_style":"normal","typography_text_decoration":"none","typography_line_height":{"unit":"em","size":"1.1","sizes":[]},"typography_letter_spacing":{"unit":"px","size":"2.2","sizes":[]},"typography_font_size_tablet":{"unit":"px","size":"45","sizes":[]},"typography_font_size_mobile":{"unit":"px","size":"35","sizes":[]},"_margin":{"unit":"%","top":"3","right":"0","bottom":"0","left":"0","isLinked":""}},"elements":[],"isInner":false,"widgetType":"heading","elType":"widget"},{"id":"459a37bb","settings":{"text":"Get Tickets","align":"center","typography_typography":"custom","typography_font_family":"Roboto","typography_font_size":{"unit":"px","size":"18","sizes":[]},"typography_font_weight":"300","typography_text_transform":"uppercase","typography_font_style":"italic","typography_text_decoration":"none","typography_line_height":{"unit":"em","size":"1","sizes":[]},"typography_letter_spacing":{"unit":"px","size":"4.8","sizes":[]},"button_text_color":"#EEEADE","background_color":"rgba(2, 1, 1, 0)","button_background_hover_color":"#B084FE","border_border":"solid","border_width":{"unit":"px","top":"2","right":"2","bottom":"2","left":"2","isLinked":"1"},"border_color":"#B084FE","border_radius":{"unit":"px","top":"0","right":"0","bottom":"0","left":"0","isLinked":""},"text_padding":{"unit":"px","top":"25","right":"50","bottom":"25","left":"50","isLinked":""},"_margin":{"unit":"%","top":"2","right":"0","bottom":"0","left":"0","isLinked":""},"typography_font_size_tablet":{"unit":"px","size":"14","sizes":[]},"text_padding_tablet":{"unit":"px","top":"20","right":"45","bottom":"20","left":"45","isLinked":""},"text_padding_mobile":{"unit":"px","top":"15","right":"30","bottom":"15","left":"30","isLinked":""}},"elements":[],"isInner":false,"widgetType":"button","elType":"widget"},{"id":"5d2b36f5","settings":{"selected_icon":{"value":{"id":16495,"url":"http:\/\/library.elementor.com\/lp\/wp-content\/uploads\/2021\/01\/5_Conference-Arrow_Down.svg"},"library":"svg"},"primary_color":"#FFFFFF","size":{"unit":"px","size":"132","sizes":[]},"size_tablet":{"unit":"px","size":"100","sizes":[]},"size_mobile":{"unit":"px","size":"60","sizes":[]},"rotate":{"unit":"deg","size":"35","sizes":[]},"_animation":"bounceIn","_animation_delay":"300","_element_width":"auto","_position":"absolute","_offset_orientation_h":"end","_offset_x":{"unit":"%","size":"57","sizes":[]},"_offset_x_end":{"unit":"%","size":"27","sizes":[]},"_offset_x_end_tablet":{"unit":"%","size":"15","sizes":[]},"_offset_orientation_v":"end","_offset_y_end":{"unit":"px","size":"70","sizes":[]}},"elements":[],"isInner":false,"widgetType":"icon","elType":"widget"}],"isInner":"","elType":"column"}],"isInner":"","elType":"section"},{"id":"2106826b","settings":{"layout":"full_width","gap":"no","structure":"21","margin":{"unit":"%","top":"15","right":"0","bottom":"0","left":"0","isLinked":""},"margin_mobile":{"unit":"%","top":"30","right":"0","bottom":"0","left":"0","isLinked":""},"padding":{"unit":"%","top":"0","right":"12","bottom":"0","left":"12","isLinked":""},"padding_tablet":{"unit":"%","top":"0","right":"10","bottom":"0","left":"10","isLinked":""},"_title":"About"},"elements":[{"id":"cbe509f","settings":{"_column_size":"33","_inline_size":"35.965"},"elements":[{"id":"2969531c","settings":{"title":"About Design Cube","align":"left","title_color":"#FFFFFF","typography_typography":"custom","typography_font_family":"Anton","typography_font_size":{"unit":"px","size":"84","sizes":[]},"typography_font_weight":"400","typography_text_transform":"uppercase","typography_font_style":"normal","typography_text_decoration":"none","typography_line_height":{"unit":"em","size":"1.1","sizes":[]},"typography_letter_spacing":{"unit":"px","size":"2.2","sizes":[]},"typography_font_size_tablet":{"unit":"px","size":"45","sizes":[]},"typography_font_size_mobile":{"unit":"px","size":"35","sizes":[]}},"elements":[],"isInner":false,"widgetType":"heading","elType":"widget"}],"isInner":"","elType":"column"},{"id":"34a89d4f","settings":{"_column_size":"66","_inline_size":"63.584","margin_mobile":{"unit":"%","top":"10","right":"0","bottom":"0","left":"0","isLinked":""},"padding":{"unit":"%","top":"0","right":"0","bottom":"0","left":"10","isLinked":""},"padding_mobile":{"unit":"px","top":"0","right":"0","bottom":"0","left":"0","isLinked":""}},"elements":[{"id":"6ea00258","settings":{"editor":"Design Cube is a community of unique designers who want to be part of the design movement worldwide. They established this conference eight years ago as a mission to grow the design network and really influence today's world.","text_color":"#EEEADE","typography_typography":"custom","typography_font_family":"Roboto","typography_font_size":{"unit":"px","size":"36","sizes":[]},"typography_font_weight":"300","typography_text_transform":"none","typography_font_style":"normal","typography_text_decoration":"none","typography_line_height":{"unit":"em","size":"1.2","sizes":[]},"typography_letter_spacing":{"unit":"px","size":"0","sizes":[]},"_margin":{"unit":"%","top":"","right":"","bottom":"","left":"","isLinked":"1"},"typography_font_size_tablet":{"unit":"px","size":"24","sizes":[]},"typography_font_size_mobile":{"unit":"px","size":"18","sizes":[]}},"elements":[],"isInner":false,"widgetType":"text-editor","elType":"widget"}],"isInner":"","elType":"column"}],"isInner":"","elType":"section"},{"id":"6c5140fa","settings":{"layout":"full_width","gap":"no","custom_height":{"unit":"px","size":"","sizes":[]},"column_position":"stretch","content_position":"middle","background_background":"classic","background_color":"#5C32EA","margin":{"unit":"%","top":"15","right":"0","bottom":"0","left":"0","isLinked":""},"margin_mobile":{"unit":"%","top":"30","right":"0","bottom":"0","left":"0","isLinked":""},"padding":{"unit":"%","top":"1","right":"12","bottom":"1","left":"12","isLinked":""},"padding_tablet":{"unit":"%","top":"1","right":"10","bottom":"1","left":"10","isLinked":""},"padding_mobile":{"unit":"%","top":"5","right":"10","bottom":"5","left":"10","isLinked":""},"_title":"Footer"},"elements":[{"id":"32f8caae","settings":{"_column_size":"100","content_position_mobile":"space-between","align":"space-between","align_mobile":"center"},"elements":[{"id":"2ed88e33","settings":{"social_icon_list":[{"social_icon":{"value":"fab fa-behance","library":"fa-brands"},"_id":"3a3f1b4"},{"social_icon":{"value":"fab fa-facebook-f","library":"fa-brands"},"_id":"d1b496f"},{"social_icon":{"value":"fab fa-dribbble","library":"fa-brands"},"_id":"fd19b22"},{"social_icon":{"value":{"id":16523,"url":"http:\/\/library.elementor.com\/lp\/wp-content\/uploads\/2021\/01\/5_Conference-instagram.svg"},"library":"svg"},"_id":"3327330"}],"align":"left","icon_color":"custom","icon_primary_color":"rgba(255, 255, 255, 0)","icon_secondary_color":"#FFFFFF","icon_size":{"unit":"px","size":"20","sizes":[]},"icon_size_tablet":{"unit":"px","size":"18","sizes":[]},"icon_padding":{"unit":"em","size":"0","sizes":[]},"icon_spacing":{"unit":"px","size":"35","sizes":[]},"icon_spacing_tablet":{"unit":"px","size":"20","sizes":[]},"hover_secondary_color":"#B084FE","_element_width":"auto"},"elements":[],"isInner":false,"widgetType":"social-icons","elType":"widget"},{"id":"76458416","settings":{"title":"\u00a9 Design Cube All Rights Reserved 2021","header_size":"p","title_color":"#FFFFFF","typography_typography":"custom","typography_font_family":"Roboto","typography_font_size":{"unit":"px","size":"15","sizes":[]},"typography_font_size_tablet":{"unit":"px","size":"12","sizes":[]},"typography_font_weight":"300","typography_text_transform":"capitalize","typography_font_style":"normal","typography_text_decoration":"none","typography_letter_spacing":{"unit":"px","size":"0","sizes":[]},"_margin_mobile":{"unit":"%","top":"6","right":"0","bottom":"0","left":"0","isLinked":""},"_element_width":"auto"},"elements":[],"isInner":false,"widgetType":"heading","elType":"widget"}],"isInner":"","elType":"column"}],"isInner":"","elType":"section"}]}