{"version":"0.4","title":"16785","type":"page","content":[{"id":"65fc88ee","settings":{"layout":"full_width","gap":"no","height":"min-height","custom_height":{"unit":"vh","size":"100","sizes":[]},"column_position":"stretch","structure":"21","padding":{"unit":"%","top":"0","right":"0","bottom":"0","left":"5","isLinked":""},"_title":"Hero","custom_height_tablet":{"unit":"vh","size":"","sizes":[]},"_timestamp_":"v1b1BCenZXN2gxUTBqb0JJSWxJTVlPZz09"},"elements":[{"id":"6b2c18c5","settings":{"_column_size":"33","content_position":"space-between","padding":{"unit":"%","top":"15","right":"0","bottom":"15","left":"0","isLinked":""},"_inline_size_tablet":"100","margin_tablet":{"unit":"%","top":"0","right":"7","bottom":"0","left":"0","isLinked":""},"padding_tablet":{"unit":"%","top":"5","right":"0","bottom":"10","left":"0","isLinked":""}},"elements":[{"id":"1165ade0","settings":{"image":{"id":17242,"url":"http:\/\/library.elementor.com\/lp\/wp-content\/uploads\/2021\/01\/7_Gym-Logo.png"},"image_size":"full","align":"left"},"elements":[],"isInner":false,"widgetType":"image","elType":"widget"},{"id":"47d4014c","settings":{"layout":"full_width","gap":"no","z_index":"1","margin_tablet":{"unit":"%","top":"5","right":"0","bottom":"0","left":"0","isLinked":""},"margin_mobile":{"unit":"%","top":"10","right":"0","bottom":"0","left":"0","isLinked":""}},"elements":[{"id":"1b1e093d","settings":{"_column_size":"100","space_between_widgets_mobile":"10"},"elements":[{"id":"5b4d0649","settings":{"title":"Altus summer giveaway","header_size":"h4","title_color":"#CCDAE4","typography_typography":"custom","typography_font_family":"Work Sans","typography_font_size":{"unit":"px","size":"20","sizes":[]},"typography_font_weight":"300","typography_text_transform":"none","typography_font_style":"normal","typography_text_decoration":"none","typography_letter_spacing":{"unit":"px","size":"0","sizes":[]},"typography_font_size_tablet":{"unit":"px","size":"16","sizes":[]},"typography_font_size_mobile":{"unit":"px","size":"14","sizes":[]}},"elements":[],"isInner":false,"widgetType":"heading","elType":"widget"},{"id":"c3348ea","settings":{"title":"Join Altus and get a chance to win one year of free membership","header_size":"h1","title_color":"#59DCE0","typography_typography":"custom","typography_font_family":"Yanone Kaffeesatz","typography_font_size":{"unit":"px","size":"102","sizes":[]},"typography_font_weight":"700","typography_text_transform":"uppercase","typography_font_style":"normal","typography_text_decoration":"none","typography_line_height":{"unit":"em","size":"1","sizes":[]},"typography_letter_spacing":{"unit":"px","size":"0","sizes":[]},"_margin":{"unit":"%","top":"0","right":"-45","bottom":"0","left":"0","isLinked":""},"typography_font_size_tablet":{"unit":"px","size":"65","sizes":[]},"typography_font_size_mobile":{"unit":"px","size":"38","sizes":[]},"_margin_tablet":{"unit":"px","top":"0","right":"0","bottom":"0","left":"0","isLinked":""}},"elements":[],"isInner":false,"widgetType":"heading","elType":"widget"}],"isInner":"1","elType":"column"}],"isInner":"1","elType":"section"}],"isInner":"","elType":"column"},{"id":"5fd22bf5","settings":{"_column_size":"66","content_position":"bottom","background_background":"classic","background_image":{"id":17244,"url":"http:\/\/library.elementor.com\/lp\/wp-content\/uploads\/2021\/01\/7_Gym-Hero.jpg"},"background_position":"center center","background_repeat":"no-repeat","background_size":"cover","margin":{"unit":"%","top":"","right":"","bottom":"","left":"","isLinked":"1"},"padding":{"unit":"%","top":"0","right":"7","bottom":"10","left":"0","isLinked":""},"_inline_size_tablet":"100","margin_tablet":{"unit":"%","top":"","right":"","bottom":"","left":"","isLinked":"1"},"padding_mobile":{"unit":"%","top":"0","right":"5","bottom":"10","left":"0","isLinked":""},"background_position_mobile":"initial","background_ypos_mobile":{"unit":"px","size":"-300","sizes":[]}},"elements":[{"id":"337c844c","settings":{"space":{"unit":"px","size":"99","sizes":[]},"_background_background":"classic","_background_color":"#FFFFFF","_element_width":"initial","_element_custom_width":{"unit":"px","size":"99","sizes":[]},"_margin":{"unit":"px","top":"0","right":"60","bottom":"-30","left":"-60","isLinked":""},"space_tablet":{"unit":"px","size":"65","sizes":[]},"space_mobile":{"unit":"px","size":"35","sizes":[]},"_margin_tablet":{"unit":"px","top":"-25","right":"20","bottom":"0","left":"-20","isLinked":""},"_margin_mobile":{"unit":"px","top":"-15","right":"10","bottom":"0","left":"-10","isLinked":""},"_element_width_tablet":"initial","_element_width_mobile":"initial","_element_custom_width_tablet":{"unit":"px","size":"65","sizes":[]},"_element_custom_width_mobile":{"unit":"px","size":"35","sizes":[]}},"elements":[],"isInner":false,"widgetType":"spacer","elType":"widget"},{"id":"72af16f7","settings":{"layout":"full_width","gap":"no","padding":{"unit":"%","top":"0","right":"0","bottom":"0","left":"55","isLinked":""},"padding_tablet":{"unit":"%","top":"0","right":"0","bottom":"0","left":"35","isLinked":""},"padding_mobile":{"unit":"%","top":"0","right":"0","bottom":"0","left":"10","isLinked":""},"margin_mobile":{"unit":"%","top":"55","right":"0","bottom":"0","left":"0","isLinked":""}},"elements":[{"id":"686685a8","settings":{"_column_size":"100","align":"flex-end","space_between_widgets":"0"},"elements":[{"id":"13811639","settings":{"space":{"unit":"px","size":"120","sizes":[]},"_background_background":"classic","_background_color":"#59DCE0","_element_width":"initial","_element_custom_width":{"unit":"px","size":"120","sizes":[]},"space_mobile":{"unit":"px","size":"85","sizes":[]},"_element_width_mobile":"initial","_element_custom_width_mobile":{"unit":"px","size":"85","sizes":[]},"_position":"absolute","_offset_orientation_h":"end","_animation":"zoomIn"},"elements":[],"isInner":false,"widgetType":"spacer","elType":"widget"},{"id":"3a565965","settings":{"form_name":"Contact Form","form_fields":[{"field_type":"html","field_html":"Fill in your details, and you might win a one-year gym membership","rows":"4","custom_id":"field_546a7fd","_id":"546a7fd","file_sizes":"","file_types":"","allow_multiple_upload":"","max_files":"","acceptance_text":"","checked_by_default":"","field_min":"","field_max":"","min_date":"","max_date":"","use_native_date":"","use_native_time":"","previous_button":"","next_button":""},{"custom_id":"name","field_label":"What should we call you?","_id":"da17adb","rows":"4","file_sizes":"","file_types":"","allow_multiple_upload":"","max_files":"","acceptance_text":"","checked_by_default":"","field_min":"","field_max":"","min_date":"","max_date":"","use_native_date":"","use_native_time":"","previous_button":"","next_button":""},{"custom_id":"field_943f40d","field_label":"And your last name?","rows":"4","_id":"943f40d","file_sizes":"","file_types":"","allow_multiple_upload":"","max_files":"","acceptance_text":"","checked_by_default":"","field_min":"","field_max":"","min_date":"","max_date":"","use_native_date":"","use_native_time":"","previous_button":"","next_button":""},{"custom_id":"email","field_type":"email","required":"true","field_label":"Your email address for any updates","_id":"f021a18","rows":"4","file_sizes":"","file_types":"","allow_multiple_upload":"","max_files":"","acceptance_text":"","checked_by_default":"","field_min":"","field_max":"","min_date":"","max_date":"","use_native_date":"","use_native_time":"","previous_button":"","next_button":""},{"field_type":"checkbox","field_options":"I Have Read and Agree to The Contest Guidelines","rows":"4","custom_id":"field_14022ce","_id":"14022ce","file_sizes":"","file_types":"","allow_multiple_upload":"","max_files":"","acceptance_text":"","checked_by_default":"","field_min":"","field_max":"","min_date":"","max_date":"","use_native_date":"","use_native_time":"","previous_button":"","next_button":""}],"button_align":"start","step_next_label":"Next","step_previous_label":"Previous","button_text":"Click For the Win!","email_content":"[all-fields]","email_content_2":"[all-fields]","success_message":"The form was sent successfully.","error_message":"An error occured.","required_field_message":"This field is required.","invalid_message":"There's something wrong. The form is invalid.","row_gap":{"unit":"px","size":"25","sizes":[]},"label_color":"#8E8E8E","label_typography_typography":"custom","label_typography_font_family":"Work Sans","label_typography_font_size":{"unit":"px","size":"12","sizes":[]},"label_typography_font_weight":"400","label_typography_text_transform":"none","label_typography_font_style":"normal","label_typography_text_decoration":"none","label_typography_letter_spacing":{"unit":"px","size":"0","sizes":[]},"html_color":"#011624","html_typography_typography":"custom","html_typography_font_family":"Work Sans","html_typography_font_size":{"unit":"px","size":"24","sizes":[]},"html_typography_font_weight":"400","html_typography_text_transform":"none","html_typography_font_style":"normal","html_typography_text_decoration":"none","html_typography_line_height":{"unit":"em","size":"1.3","sizes":[]},"html_typography_letter_spacing":{"unit":"px","size":"0","sizes":[]},"field_text_color":"#011624","field_typography_typography":"custom","field_typography_font_family":"Work Sans","field_typography_font_size":{"unit":"px","size":"14","sizes":[]},"field_typography_font_weight":"400","field_typography_text_transform":"none","field_typography_font_style":"normal","field_typography_text_decoration":"none","field_typography_letter_spacing":{"unit":"px","size":"0","sizes":[]},"field_background_color":"","field_border_color":"#011624","field_border_width":{"unit":"px","top":"0","right":"0","bottom":"1","left":"0","isLinked":""},"field_border_radius":{"unit":"px","top":"0","right":"0","bottom":"0","left":"0","isLinked":""},"button_background_color":"#59DCE0","button_text_color":"#011624","button_background_hover_color":"#011624","button_hover_color":"#59DCE0","button_border_radius":{"unit":"px","top":"0","right":"0","bottom":"0","left":"0","isLinked":""},"button_text_padding":{"unit":"px","top":"15","right":"25","bottom":"15","left":"25","isLinked":""},"_margin":{"unit":"px","top":"60","right":"35","bottom":"0","left":"0","isLinked":""},"_padding":{"unit":"%","top":"10","right":"10","bottom":"10","left":"10","isLinked":"1"},"_background_background":"classic","_background_color":"#FFFFFF","_element_custom_width":{"unit":"%","size":"39","sizes":[]},"button_typography_typography":"custom","button_typography_font_family":"Work Sans","button_typography_font_size":{"unit":"px","size":"16","sizes":[]},"button_typography_font_weight":"500","button_typography_text_transform":"none","button_typography_font_style":"normal","button_typography_text_decoration":"none","button_typography_line_height":{"unit":"em","size":"1","sizes":[]},"button_typography_letter_spacing":{"unit":"px","size":"0","sizes":[]},"html_typography_font_size_tablet":{"unit":"px","size":"18","sizes":[]},"html_typography_font_size_mobile":{"unit":"px","size":"16","sizes":[]},"field_typography_font_size_mobile":{"unit":"px","size":"12","sizes":[]},"_margin_mobile":{"unit":"px","top":"20","right":"25","bottom":"0","left":"0","isLinked":""},"_padding_mobile":{"unit":"%","top":"7","right":"7","bottom":"7","left":"7","isLinked":"1"},"_z_index":"1","_box_shadow_box_shadow_type":"yes","_box_shadow_box_shadow":{"horizontal":"-20","vertical":"22","blur":"34","spread":"0","color":"rgba(0,0,0,0.5)"},"message_typography_typography":"custom","message_typography_font_family":"Work Sans","message_typography_font_size":{"unit":"px","size":"14","sizes":[]},"message_typography_font_size_mobile":{"unit":"px","size":"12","sizes":[]},"message_typography_font_weight":"400","message_typography_text_transform":"none","message_typography_font_style":"normal","message_typography_text_decoration":"none","message_typography_line_height":{"unit":"em","size":"1.2","sizes":[]},"message_typography_letter_spacing":{"unit":"px","size":"0","sizes":[]},"success_message_color":"#011624","error_message_color":"#011624","inline_message_color":"#011624"},"elements":[],"isInner":false,"widgetType":"form","elType":"widget"}],"isInner":"1","elType":"column"}],"isInner":"1","elType":"section"}],"isInner":"","elType":"column"}],"isInner":"","elType":"section"},{"id":"511c304d","settings":{"gap":"no","margin":{"unit":"%","top":"15","right":"0","bottom":"0","left":"0","isLinked":""},"margin_tablet":{"unit":"%","top":"20","right":"0","bottom":"0","left":"0","isLinked":""},"margin_mobile":{"unit":"%","top":"30","right":"0","bottom":"0","left":"0","isLinked":""},"padding_tablet":{"unit":"%","top":"0","right":"5","bottom":"0","left":"5","isLinked":""},"_title":"Get More","_timestamp_":"v1b1BCenZXN2gxUTBqb0JJSWxJTVlPZz09"},"elements":[{"id":"534b1b12","settings":{"_column_size":"100","space_between_widgets_tablet":"10"},"elements":[{"id":"3776510d","settings":{"title":"Become a member and get a 360 gym experience","header_size":"h4","align":"center","title_color":"#CCDAE4","typography_typography":"custom","typography_font_family":"Work Sans","typography_font_size":{"unit":"px","size":"20","sizes":[]},"typography_font_weight":"300","typography_text_transform":"none","typography_font_style":"normal","typography_text_decoration":"none","typography_letter_spacing":{"unit":"px","size":"0","sizes":[]},"typography_font_size_tablet":{"unit":"px","size":"16","sizes":[]},"typography_font_size_mobile":{"unit":"px","size":"14","sizes":[]}},"elements":[],"isInner":false,"widgetType":"heading","elType":"widget"},{"id":"2d91b0aa","settings":{"title":"You will get much more at Altus gym &amp; Fitness","align":"center","title_color":"#FFFFFF","typography_typography":"custom","typography_font_family":"Yanone Kaffeesatz","typography_font_size":{"unit":"px","size":"46","sizes":[]},"typography_font_weight":"700","typography_text_transform":"uppercase","typography_font_style":"normal","typography_text_decoration":"none","typography_line_height":{"unit":"em","size":"1.2","sizes":[]},"typography_letter_spacing":{"unit":"px","size":"0.5","sizes":[]},"_margin":{"unit":"%","top":"","right":"","bottom":"","left":"","isLinked":"1"},"typography_font_size_tablet":{"unit":"px","size":"36","sizes":[]},"typography_font_size_mobile":{"unit":"px","size":"28","sizes":[]}},"elements":[],"isInner":false,"widgetType":"heading","elType":"widget"},{"id":"15b4332e","settings":{"layout":"full_width","gap":"wider","structure":"30","margin":{"unit":"%","top":"3","right":"0","bottom":"0","left":"0","isLinked":""},"margin_tablet":{"unit":"%","top":"5","right":"0","bottom":"0","left":"0","isLinked":""},"padding_mobile":{"unit":"%","top":"0","right":"10","bottom":"0","left":"10","isLinked":""}},"elements":[{"id":"37665386","settings":{"_column_size":"33","padding_tablet":{"unit":"%","top":"0","right":"5","bottom":"0","left":"0","isLinked":""},"padding_mobile":{"unit":"px","top":"0","right":"0","bottom":"0","left":"0","isLinked":""}},"elements":[{"id":"6ef0d8d3","settings":{"title_text":"Cardio Kickboxing","description_text":"Go to the extreme with a cardio workout and powerful training","position":"left","primary_color":"#59DCE0","title_color":"#FFFFFF","title_typography_typography":"custom","title_typography_font_family":"Yanone Kaffeesatz","title_typography_font_size":{"unit":"px","size":"26","sizes":[]},"title_typography_font_weight":"600","title_typography_text_transform":"uppercase","title_typography_font_style":"normal","title_typography_text_decoration":"none","title_typography_letter_spacing":{"unit":"px","size":"0.5","sizes":[]},"description_color":"#CCDAE4","description_typography_typography":"custom","description_typography_font_family":"Work Sans","description_typography_font_size":{"unit":"px","size":"16","sizes":[]},"description_typography_font_weight":"300","description_typography_text_transform":"none","description_typography_font_style":"normal","description_typography_text_decoration":"none","description_typography_line_height":{"unit":"em","size":"1.3","sizes":[]},"description_typography_letter_spacing":{"unit":"px","size":"0","sizes":[]},"title_bottom_space":{"unit":"px","size":"8","sizes":[]},"selected_icon":{"value":{"id":17246,"url":"http:\/\/library.elementor.com\/lp\/wp-content\/uploads\/2021\/01\/7_Gym-Cardio_Kickboxing.svg"},"library":"svg"},"icon_size_tablet":{"unit":"px","size":"30","sizes":[]},"title_typography_font_size_tablet":{"unit":"px","size":"20","sizes":[]},"description_typography_font_size_mobile":{"unit":"px","size":"14","sizes":[]}},"elements":[],"isInner":false,"widgetType":"icon-box","elType":"widget"}],"isInner":"1","elType":"column"},{"id":"5e7121fe","settings":{"_column_size":"33","margin_tablet":{"unit":"%","top":"","right":"","bottom":"","left":"","isLinked":"1"},"padding_tablet":{"unit":"%","top":"0","right":"2.5","bottom":"0","left":"2.5","isLinked":""},"padding_mobile":{"unit":"%","top":"10","right":"0","bottom":"0","left":"0","isLinked":""}},"elements":[{"id":"18199f56","settings":{"title_text":"Spa &amp; Swimming Pool","description_text":"Take a little break and try our relaxing spa amenities","position":"left","primary_color":"#59DCE0","title_color":"#FFFFFF","title_typography_typography":"custom","title_typography_font_family":"Yanone Kaffeesatz","title_typography_font_size":{"unit":"px","size":"26","sizes":[]},"title_typography_font_weight":"600","title_typography_text_transform":"uppercase","title_typography_font_style":"normal","title_typography_text_decoration":"none","title_typography_letter_spacing":{"unit":"px","size":"0.5","sizes":[]},"description_color":"#CCDAE4","description_typography_typography":"custom","description_typography_font_family":"Work Sans","description_typography_font_size":{"unit":"px","size":"16","sizes":[]},"description_typography_font_weight":"300","description_typography_text_transform":"none","description_typography_font_style":"normal","description_typography_text_decoration":"none","description_typography_line_height":{"unit":"em","size":"1.3","sizes":[]},"description_typography_letter_spacing":{"unit":"px","size":"0","sizes":[]},"title_bottom_space":{"unit":"px","size":"8","sizes":[]},"selected_icon":{"value":{"id":17248,"url":"http:\/\/library.elementor.com\/lp\/wp-content\/uploads\/2021\/01\/7_Gym-SpaSwimming_Pool.svg"},"library":"svg"},"icon_size_tablet":{"unit":"px","size":"30","sizes":[]},"title_typography_font_size_tablet":{"unit":"px","size":"20","sizes":[]},"description_typography_font_size_mobile":{"unit":"px","size":"14","sizes":[]}},"elements":[],"isInner":false,"widgetType":"icon-box","elType":"widget"}],"isInner":"1","elType":"column"},{"id":"64b36256","settings":{"_column_size":"33","padding_tablet":{"unit":"%","top":"0","right":"2.5","bottom":"0","left":"2.5","isLinked":""},"padding_mobile":{"unit":"%","top":"10","right":"0","bottom":"0","left":"0","isLinked":""}},"elements":[{"id":"1615fcc0","settings":{"title_text":"Fitness Lessons","description_text":"Get full access to all of our fitness lessons and shape your body for summer","position":"left","primary_color":"#59DCE0","title_color":"#FFFFFF","title_typography_typography":"custom","title_typography_font_family":"Yanone Kaffeesatz","title_typography_font_size":{"unit":"px","size":"26","sizes":[]},"title_typography_font_weight":"600","title_typography_text_transform":"uppercase","title_typography_font_style":"normal","title_typography_text_decoration":"none","title_typography_letter_spacing":{"unit":"px","size":"0.5","sizes":[]},"description_color":"#CCDAE4","description_typography_typography":"custom","description_typography_font_family":"Work Sans","description_typography_font_size":{"unit":"px","size":"16","sizes":[]},"description_typography_font_weight":"300","description_typography_text_transform":"none","description_typography_font_style":"normal","description_typography_text_decoration":"none","description_typography_line_height":{"unit":"em","size":"1.3","sizes":[]},"description_typography_letter_spacing":{"unit":"px","size":"0","sizes":[]},"title_bottom_space":{"unit":"px","size":"8","sizes":[]},"selected_icon":{"value":{"id":17250,"url":"http:\/\/library.elementor.com\/lp\/wp-content\/uploads\/2021\/01\/7_Gym-Fitness_Lessons.svg"},"library":"svg"},"icon_size_tablet":{"unit":"px","size":"30","sizes":[]},"title_typography_font_size_tablet":{"unit":"px","size":"20","sizes":[]},"description_typography_font_size_mobile":{"unit":"px","size":"14","sizes":[]}},"elements":[],"isInner":false,"widgetType":"icon-box","elType":"widget"}],"isInner":"1","elType":"column"}],"isInner":"1","elType":"section"},{"id":"4c37d384","settings":{"layout":"full_width","gap":"wider","structure":"30","margin":{"unit":"%","top":"3","right":"0","bottom":"0","left":"0","isLinked":""},"margin_tablet":{"unit":"%","top":"5","right":"0","bottom":"0","left":"0","isLinked":""},"margin_mobile":{"unit":"%","top":"10","right":"0","bottom":"0","left":"0","isLinked":""},"padding_mobile":{"unit":"%","top":"0","right":"10","bottom":"0","left":"10","isLinked":""}},"elements":[{"id":"401a9017","settings":{"_column_size":"33","padding_tablet":{"unit":"%","top":"0","right":"2.5","bottom":"0","left":"2.5","isLinked":""},"padding_mobile":{"unit":"px","top":"0","right":"0","bottom":"0","left":"0","isLinked":""}},"elements":[{"id":"6d21b5b5","settings":{"title_text":"Spinning workout","description_text":"Put your bike gear on and take a ride with our interval training","position":"left","primary_color":"#59DCE0","title_color":"#FFFFFF","title_typography_typography":"custom","title_typography_font_family":"Yanone Kaffeesatz","title_typography_font_size":{"unit":"px","size":"26","sizes":[]},"title_typography_font_weight":"600","title_typography_text_transform":"uppercase","title_typography_font_style":"normal","title_typography_text_decoration":"none","title_typography_letter_spacing":{"unit":"px","size":"0.5","sizes":[]},"description_color":"#CCDAE4","description_typography_typography":"custom","description_typography_font_family":"Work Sans","description_typography_font_size":{"unit":"px","size":"16","sizes":[]},"description_typography_font_weight":"300","description_typography_text_transform":"none","description_typography_font_style":"normal","description_typography_text_decoration":"none","description_typography_line_height":{"unit":"em","size":"1.3","sizes":[]},"description_typography_letter_spacing":{"unit":"px","size":"0","sizes":[]},"title_bottom_space":{"unit":"px","size":"8","sizes":[]},"selected_icon":{"value":{"id":17252,"url":"http:\/\/library.elementor.com\/lp\/wp-content\/uploads\/2021\/01\/7_Gym-Spinning_workout.svg"},"library":"svg"},"icon_size_tablet":{"unit":"px","size":"30","sizes":[]},"title_typography_font_size_tablet":{"unit":"px","size":"20","sizes":[]},"description_typography_font_size_mobile":{"unit":"px","size":"14","sizes":[]}},"elements":[],"isInner":false,"widgetType":"icon-box","elType":"widget"}],"isInner":"1","elType":"column"},{"id":"1f79cd62","settings":{"_column_size":"33","padding_tablet":{"unit":"%","top":"0","right":"2.5","bottom":"0","left":"2.5","isLinked":""},"padding_mobile":{"unit":"%","top":"10","right":"0","bottom":"0","left":"0","isLinked":""}},"elements":[{"id":"5d4d6411","settings":{"title_text":"High-end Equipment","description_text":"Pump your body on our brand new facilities and gym equipment","position":"left","primary_color":"#59DCE0","title_color":"#FFFFFF","title_typography_typography":"custom","title_typography_font_family":"Yanone Kaffeesatz","title_typography_font_size":{"unit":"px","size":"26","sizes":[]},"title_typography_font_weight":"600","title_typography_text_transform":"uppercase","title_typography_font_style":"normal","title_typography_text_decoration":"none","title_typography_letter_spacing":{"unit":"px","size":"0.5","sizes":[]},"description_color":"#CCDAE4","description_typography_typography":"custom","description_typography_font_family":"Work Sans","description_typography_font_size":{"unit":"px","size":"16","sizes":[]},"description_typography_font_weight":"300","description_typography_text_transform":"none","description_typography_font_style":"normal","description_typography_text_decoration":"none","description_typography_line_height":{"unit":"em","size":"1.3","sizes":[]},"description_typography_letter_spacing":{"unit":"px","size":"0","sizes":[]},"title_bottom_space":{"unit":"px","size":"8","sizes":[]},"selected_icon":{"value":{"id":17254,"url":"http:\/\/library.elementor.com\/lp\/wp-content\/uploads\/2021\/01\/7_Gym-High_end_Equipment.svg"},"library":"svg"},"icon_size_tablet":{"unit":"px","size":"30","sizes":[]},"title_typography_font_size_tablet":{"unit":"px","size":"20","sizes":[]},"description_typography_font_size_mobile":{"unit":"px","size":"14","sizes":[]}},"elements":[],"isInner":false,"widgetType":"icon-box","elType":"widget"}],"isInner":"1","elType":"column"},{"id":"5755b9c5","settings":{"_column_size":"33","padding_tablet":{"unit":"%","top":"0","right":"2.5","bottom":"0","left":"2.5","isLinked":""},"padding_mobile":{"unit":"%","top":"10","right":"0","bottom":"0","left":"0","isLinked":""}},"elements":[{"id":"4ad35774","settings":{"title_text":"Pilates and Yoga","description_text":"Stretch your body and free your mind and body with our core lessons","position":"left","primary_color":"#59DCE0","title_color":"#FFFFFF","title_typography_typography":"custom","title_typography_font_family":"Yanone Kaffeesatz","title_typography_font_size":{"unit":"px","size":"26","sizes":[]},"title_typography_font_weight":"600","title_typography_text_transform":"uppercase","title_typography_font_style":"normal","title_typography_text_decoration":"none","title_typography_letter_spacing":{"unit":"px","size":"0.5","sizes":[]},"description_color":"#CCDAE4","description_typography_typography":"custom","description_typography_font_family":"Work Sans","description_typography_font_size":{"unit":"px","size":"16","sizes":[]},"description_typography_font_weight":"300","description_typography_text_transform":"none","description_typography_font_style":"normal","description_typography_text_decoration":"none","description_typography_line_height":{"unit":"em","size":"1.3","sizes":[]},"description_typography_letter_spacing":{"unit":"px","size":"0","sizes":[]},"title_bottom_space":{"unit":"px","size":"8","sizes":[]},"selected_icon":{"value":{"id":17256,"url":"http:\/\/library.elementor.com\/lp\/wp-content\/uploads\/2021\/01\/7_Gym-Pilates_and_Yoga.svg"},"library":"svg"},"icon_size_tablet":{"unit":"px","size":"30","sizes":[]},"title_typography_font_size_tablet":{"unit":"px","size":"20","sizes":[]},"description_typography_font_size_mobile":{"unit":"px","size":"14","sizes":[]}},"elements":[],"isInner":false,"widgetType":"icon-box","elType":"widget"}],"isInner":"1","elType":"column"}],"isInner":"1","elType":"section"}],"isInner":"","elType":"column"}],"isInner":"","elType":"section"},{"id":"66ba92db","settings":{"layout":"full_width","gap":"no","height":"min-height","custom_height":{"unit":"px","size":"625","sizes":[]},"column_position":"stretch","content_position":"middle","padding":{"unit":"%","top":"0","right":"5","bottom":"0","left":"0","isLinked":""},"custom_height_tablet":{"unit":"px","size":"400","sizes":[]},"custom_height_mobile":{"unit":"px","size":"350","sizes":[]},"margin":{"unit":"%","top":"15","right":"0","bottom":"0","left":"0","isLinked":""},"_title":"Testimonials","margin_mobile":{"unit":"%","top":"30","right":"0","bottom":"0","left":"0","isLinked":""},"padding_mobile":{"unit":"px","top":"0","right":"0","bottom":"0","left":"0","isLinked":""},"_timestamp_":"v1b1BCenZXN2gxUTBqb0JJSWxJTVlPZz09"},"elements":[{"id":"74b57301","settings":{"_column_size":"100","background_background":"classic","background_image":{"id":17258,"url":"http:\/\/library.elementor.com\/lp\/wp-content\/uploads\/2021\/01\/7_Gym-Testimonials.jpg"},"background_position":"center center","background_repeat":"no-repeat","background_size":"cover"},"elements":[{"id":"8d76b0f","settings":{"gap":"no","padding":{"unit":"%","top":"0","right":"55","bottom":"0","left":"5","isLinked":""},"padding_tablet":{"unit":"%","top":"0","right":"40","bottom":"0","left":"5","isLinked":""},"padding_mobile":{"unit":"%","top":"0","right":"5","bottom":"0","left":"5","isLinked":""}},"elements":[{"id":"7e6df607","settings":{"_column_size":"100"},"elements":[{"id":"5e12b9fe","settings":{"space":{"unit":"px","size":"115","sizes":[]},"_background_background":"classic","_background_color":"#59DCE0","_element_width":"initial","_element_custom_width":{"unit":"px","size":"115","sizes":[]},"space_mobile":{"unit":"px","size":"85","sizes":[]},"_element_width_mobile":"initial","_element_custom_width_mobile":{"unit":"px","size":"85","sizes":[]},"_position":"absolute","_animation":"zoomIn"},"elements":[],"isInner":false,"widgetType":"spacer","elType":"widget"},{"id":"33bc02c5","settings":{"testimonial_content":"Every time I train in Altus, I feel great about my body. I really like the variety of equipment and fitness lessons the gym is offers","testimonial_image":{"url":"","id":""},"testimonial_name":"Rebecca Rose","testimonial_job":"","content_content_color":"#011624","content_typography_typography":"custom","content_typography_font_family":"Work Sans","content_typography_font_size":{"unit":"px","size":"27","sizes":[]},"content_typography_font_size_tablet":{"unit":"px","size":"20","sizes":[]},"content_typography_font_size_mobile":{"unit":"px","size":"18","sizes":[]},"content_typography_font_weight":"400","content_typography_text_transform":"none","content_typography_font_style":"normal","content_typography_text_decoration":"none","content_typography_line_height":{"unit":"em","size":"1.3","sizes":[]},"content_typography_letter_spacing":{"unit":"px","size":"0","sizes":[]},"image_size":{"unit":"px","size":"0","sizes":[]},"image_border_width":{"unit":"px","size":"","sizes":[]},"image_border_width_tablet":{"unit":"px","size":"","sizes":[]},"image_border_width_mobile":{"unit":"px","size":"","sizes":[]},"image_border_color":"#000","image_border_radius":{"unit":"px","size":"","sizes":[]},"name_text_color":"#7A7A7A","name_typography_typography":"custom","name_typography_font_family":"Work Sans","name_typography_font_size":{"unit":"px","size":"20","sizes":[]},"name_typography_font_size_tablet":{"unit":"px","size":"16","sizes":[]},"name_typography_font_size_mobile":{"unit":"px","size":"14","sizes":[]},"name_typography_font_weight":"400","name_typography_text_transform":"capitalize","name_typography_font_style":"normal","name_typography_text_decoration":"none","name_typography_letter_spacing":{"unit":"px","size":"0","sizes":[]},"_margin":{"unit":"px","top":"35","right":"0","bottom":"0","left":"40","isLinked":""},"_margin_mobile":{"unit":"px","top":"20","right":"0","bottom":"0","left":"25","isLinked":""},"_padding":{"unit":"%","top":"10","right":"10","bottom":"3","left":"10","isLinked":""},"_z_index":"1","_background_background":"classic","_background_color":"#FFFFFF","_box_shadow_box_shadow_type":"yes","_box_shadow_box_shadow":{"horizontal":"-20","vertical":"22","blur":"34","spread":"0","color":"rgba(0, 0, 0, 0.1)"}},"elements":[],"isInner":false,"widgetType":"testimonial","elType":"widget"}],"isInner":"1","elType":"column"}],"isInner":"1","elType":"section"}],"isInner":"","elType":"column"}],"isInner":"","elType":"section"},{"id":"32ea8fe0","settings":{"gap":"no","margin":{"unit":"%","top":"15","right":"0","bottom":"0","left":"0","isLinked":""},"margin_tablet":{"unit":"%","top":"20","right":"0","bottom":"0","left":"0","isLinked":""},"_title":"Video","margin_mobile":{"unit":"%","top":"30","right":"0","bottom":"0","left":"0","isLinked":""},"_timestamp_":"v1b1BCenZXN2gxUTBqb0JJSWxJTVlPZz09"},"elements":[{"id":"3b810a4a","settings":{"_column_size":"100","space_between_widgets_tablet":"10"},"elements":[{"id":"6724c587","settings":{"title":"More than just a gym","header_size":"h4","align":"center","title_color":"#CCDAE4","typography_typography":"custom","typography_font_family":"Work Sans","typography_font_size":{"unit":"px","size":"20","sizes":[]},"typography_font_weight":"300","typography_text_transform":"none","typography_font_style":"normal","typography_text_decoration":"none","typography_letter_spacing":{"unit":"px","size":"0","sizes":[]},"typography_font_size_tablet":{"unit":"px","size":"16","sizes":[]},"typography_font_size_mobile":{"unit":"px","size":"14","sizes":[]}},"elements":[],"isInner":false,"widgetType":"heading","elType":"widget"},{"id":"76617901","settings":{"title":"Feeling the vibe &amp; Energy","align":"center","title_color":"#FFFFFF","typography_typography":"custom","typography_font_family":"Yanone Kaffeesatz","typography_font_size":{"unit":"px","size":"46","sizes":[]},"typography_font_weight":"700","typography_text_transform":"uppercase","typography_font_style":"normal","typography_text_decoration":"none","typography_line_height":{"unit":"em","size":"1.2","sizes":[]},"typography_letter_spacing":{"unit":"px","size":"0.5","sizes":[]},"_margin":{"unit":"%","top":"","right":"","bottom":"","left":"","isLinked":"1"},"typography_font_size_tablet":{"unit":"px","size":"36","sizes":[]},"typography_font_size_mobile":{"unit":"px","size":"28","sizes":[]}},"elements":[],"isInner":false,"widgetType":"heading","elType":"widget"},{"id":"a710bc9","settings":{"layout":"full_width","gap":"no","padding_tablet":{"unit":"%","top":"0","right":"5","bottom":"0","left":"5","isLinked":""},"margin_mobile":{"unit":"%","top":"8","right":"0","bottom":"0","left":"0","isLinked":""}},"elements":[{"id":"534ac57b","settings":{"_column_size":"100","align":"flex-end","space_between_widgets":"0"},"elements":[{"id":"302d4af2","settings":{"space":{"unit":"px","size":"170","sizes":[]},"_background_background":"classic","_background_color":"#59DCE0","_element_width":"initial","_element_custom_width":{"unit":"px","size":"170","sizes":[]},"space_tablet":{"unit":"px","size":"120","sizes":[]},"_element_width_tablet":"initial","_element_custom_width_tablet":{"unit":"px","size":"120","sizes":[]},"_position":"absolute","_offset_orientation_h":"end","space_mobile":{"unit":"px","size":"85","sizes":[]},"_element_width_mobile":"initial","_element_custom_width_mobile":{"unit":"px","size":"85","sizes":[]},"_animation":"zoomIn"},"elements":[],"isInner":false,"widgetType":"spacer","elType":"widget"},{"id":"6252965d","settings":{"youtube_url":"https:\/\/www.youtube.com\/watch?v=XHOmBV4js_E","vimeo_url":"https:\/\/vimeo.com\/235215203","dailymotion_url":"https:\/\/www.dailymotion.com\/video\/x6tqhqb","show_image_overlay":"yes","image_overlay":{"id":17262,"url":"http:\/\/library.elementor.com\/lp\/wp-content\/uploads\/2021\/01\/7_Gym-VideoOverlay.jpg"},"css_filters_css_filter":"custom","css_filters_brightness":{"unit":"px","size":"90","sizes":[]},"play_icon_color":"#011624","play_icon_size":{"unit":"px","size":"90","sizes":[]},"play_icon_size_tablet":{"unit":"px","size":"55","sizes":[]},"_margin":{"unit":"px","top":"50","right":"65","bottom":"0","left":"45","isLinked":""},"_margin_tablet":{"unit":"px","top":"40","right":"55","bottom":"0","left":"25","isLinked":""},"_z_index":"1","_box_shadow_box_shadow_type":"yes","_box_shadow_box_shadow":{"horizontal":"20","vertical":"22","blur":"34","spread":"0","color":"rgba(0, 0, 0, 0.18)"},"_margin_mobile":{"unit":"px","top":"20","right":"15","bottom":"0","left":"15","isLinked":""},"video_type":"hosted","hosted_url":{"id":17260,"url":"http:\/\/library.elementor.com\/lp\/wp-content\/uploads\/2021\/01\/7_Gym-Video.mp4"}},"elements":[],"isInner":false,"widgetType":"video","elType":"widget"},{"id":"51ed8ffd","settings":{"space":{"unit":"px","size":"85","sizes":[]},"_background_background":"classic","_background_color":"#FFFFFF","_element_width":"initial","_element_custom_width":{"unit":"px","size":"85","sizes":[]},"space_tablet":{"unit":"px","size":"65","sizes":[]},"_element_width_tablet":"initial","_element_custom_width_tablet":{"unit":"px","size":"65","sizes":[]},"_position":"absolute","_offset_orientation_v":"end","_offset_y_end":{"unit":"px","size":"80","sizes":[]},"space_mobile":{"unit":"px","size":"35","sizes":[]},"_element_width_mobile":"initial","_element_custom_width_mobile":{"unit":"px","size":"35","sizes":[]},"_offset_y_end_mobile":{"unit":"px","size":"20","sizes":[]}},"elements":[],"isInner":false,"widgetType":"spacer","elType":"widget"}],"isInner":"1","elType":"column"}],"isInner":"1","elType":"section"}],"isInner":"","elType":"column"}],"isInner":"","elType":"section"},{"id":"2b88ef6e","settings":{"layout":"full_width","gap":"no","margin":{"unit":"%","top":"15","right":"0","bottom":"0","left":"0","isLinked":""},"margin_tablet":{"unit":"%","top":"20","right":"0","bottom":"0","left":"0","isLinked":""},"padding":{"unit":"%","top":"0","right":"5","bottom":"0","left":"5","isLinked":""},"_title":"CTA Contact","margin_mobile":{"unit":"%","top":"30","right":"0","bottom":"0","left":"0","isLinked":""},"_timestamp_":"v1b1BCenZXN2gxUTBqb0JJSWxJTVlPZz09"},"elements":[{"id":"3f0b887d","settings":{"_column_size":"100","space_between_widgets":"10","space_between_widgets_tablet":"5","background_background":"classic","background_color":"#FFFFFF","padding":{"unit":"%","top":"6","right":"10","bottom":"6","left":"10","isLinked":""},"padding_tablet":{"unit":"%","top":"","right":"","bottom":"","left":"","isLinked":"1"},"padding_mobile":{"unit":"%","top":"15","right":"8","bottom":"15","left":"8","isLinked":""}},"elements":[{"id":"2e3f6d4d","settings":{"title":"Ready to Win ONE Year of Free Membership?","align":"center","title_color":"#011624","typography_typography":"custom","typography_font_family":"Yanone Kaffeesatz","typography_font_size":{"unit":"px","size":"66","sizes":[]},"typography_font_weight":"700","typography_text_transform":"uppercase","typography_font_style":"normal","typography_text_decoration":"none","typography_line_height":{"unit":"em","size":"1.2","sizes":[]},"typography_letter_spacing":{"unit":"px","size":"0.5","sizes":[]},"_margin":{"unit":"%","top":"","right":"","bottom":"","left":"","isLinked":"1"},"typography_font_size_tablet":{"unit":"px","size":"46","sizes":[]},"typography_font_size_mobile":{"unit":"px","size":"36","sizes":[]}},"elements":[],"isInner":false,"widgetType":"heading","elType":"widget"},{"id":"7987e8ce","settings":{"title":"Fill the form to get a chance to win!","header_size":"h4","align":"center","title_color":"#011624","typography_typography":"custom","typography_font_family":"Work Sans","typography_font_size":{"unit":"px","size":"20","sizes":[]},"typography_font_weight":"300","typography_text_transform":"none","typography_font_style":"normal","typography_text_decoration":"none","typography_letter_spacing":{"unit":"px","size":"0","sizes":[]},"typography_font_size_tablet":{"unit":"px","size":"16","sizes":[]},"typography_font_size_mobile":{"unit":"px","size":"14","sizes":[]}},"elements":[],"isInner":false,"widgetType":"heading","elType":"widget"},{"id":"55152a42","settings":{"form_name":"Contact Form","form_fields":[{"custom_id":"name","field_label":"What should we call you?","width":"33","_id":"da17adb","width_tablet":"100","rows":"4","file_sizes":"","file_types":"","allow_multiple_upload":"","max_files":"","acceptance_text":"","checked_by_default":"","field_min":"","field_max":"","min_date":"","max_date":"","use_native_date":"","use_native_time":"","previous_button":"","next_button":""},{"custom_id":"field_943f40d","field_label":"And your last name?","width":"33","width_tablet":"100","rows":"4","_id":"943f40d","file_sizes":"","file_types":"","allow_multiple_upload":"","max_files":"","acceptance_text":"","checked_by_default":"","field_min":"","field_max":"","min_date":"","max_date":"","use_native_date":"","use_native_time":"","previous_button":"","next_button":""},{"custom_id":"email","field_type":"email","required":"true","field_label":"Your email address for any updates","width":"33","_id":"f021a18","width_tablet":"100","rows":"4","file_sizes":"","file_types":"","allow_multiple_upload":"","max_files":"","acceptance_text":"","checked_by_default":"","field_min":"","field_max":"","min_date":"","max_date":"","use_native_date":"","use_native_time":"","previous_button":"","next_button":""},{"field_type":"checkbox","field_options":"I Have Read and Agree to The Contest Guidelines","rows":"4","custom_id":"field_14022ce","_id":"14022ce","file_sizes":"","file_types":"","allow_multiple_upload":"","max_files":"","acceptance_text":"","checked_by_default":"","field_min":"","field_max":"","min_date":"","max_date":"","use_native_date":"","use_native_time":"","previous_button":"","next_button":""}],"button_align":"center","step_next_label":"Next","step_previous_label":"Previous","button_text":"Click For the Win!","email_content":"[all-fields]","email_content_2":"[all-fields]","success_message":"The form was sent successfully.","error_message":"An error occured.","required_field_message":"This field is required.","invalid_message":"There's something wrong. The form is invalid.","row_gap":{"unit":"px","size":"40","sizes":[]},"label_color":"#8E8E8E","label_typography_typography":"custom","label_typography_font_family":"Work Sans","label_typography_font_size":{"unit":"px","size":"12","sizes":[]},"label_typography_font_weight":"400","label_typography_text_transform":"none","label_typography_font_style":"normal","label_typography_text_decoration":"none","label_typography_letter_spacing":{"unit":"px","size":"0","sizes":[]},"html_color":"#011624","html_typography_typography":"custom","html_typography_font_family":"Work Sans","html_typography_font_size":{"unit":"px","size":"24","sizes":[]},"html_typography_font_weight":"400","html_typography_text_transform":"none","html_typography_font_style":"normal","html_typography_text_decoration":"none","html_typography_line_height":{"unit":"em","size":"1.2","sizes":[]},"html_typography_letter_spacing":{"unit":"px","size":"0","sizes":[]},"field_text_color":"#011624","field_typography_typography":"custom","field_typography_font_family":"Work Sans","field_typography_font_size":{"unit":"px","size":"14","sizes":[]},"field_typography_font_weight":"400","field_typography_text_transform":"none","field_typography_font_style":"normal","field_typography_text_decoration":"none","field_typography_letter_spacing":{"unit":"px","size":"0","sizes":[]},"field_background_color":"","field_border_color":"#011624","field_border_width":{"unit":"px","top":"0","right":"0","bottom":"1","left":"0","isLinked":""},"field_border_radius":{"unit":"px","top":"0","right":"0","bottom":"0","left":"0","isLinked":""},"button_background_color":"#59DCE0","button_text_color":"#011624","button_background_hover_color":"#011624","button_hover_color":"#59DCE0","button_border_radius":{"unit":"px","top":"0","right":"0","bottom":"0","left":"0","isLinked":""},"button_text_padding":{"unit":"px","top":"15","right":"25","bottom":"15","left":"25","isLinked":""},"_margin":{"unit":"%","top":"5","right":"0","bottom":"0","left":"0","isLinked":""},"_padding":{"unit":"%","top":"","right":"","bottom":"","left":"","isLinked":"1"},"_background_color":"#FFFFFF","_element_custom_width":{"unit":"%","size":"39","sizes":[]},"button_typography_typography":"custom","button_typography_font_family":"Work Sans","button_typography_font_size":{"unit":"px","size":"16","sizes":[]},"button_typography_font_weight":"500","button_typography_text_transform":"none","button_typography_font_style":"normal","button_typography_text_decoration":"none","button_typography_line_height":{"unit":"em","size":"1","sizes":[]},"button_typography_letter_spacing":{"unit":"px","size":"0","sizes":[]},"column_gap":{"unit":"px","size":"40","sizes":[]},"_z_index":"1","_box_shadow_box_shadow":{"horizontal":"-20","vertical":"22","blur":"34","spread":"0","color":"rgba(0,0,0,0.5)"},"field_typography_font_size_mobile":{"unit":"px","size":"12","sizes":[]},"_margin_mobile":{"unit":"%","top":"15","right":"0","bottom":"0","left":"0","isLinked":""},"message_typography_typography":"custom","message_typography_font_family":"Work Sans","message_typography_font_size":{"unit":"px","size":"14","sizes":[]},"message_typography_font_size_mobile":{"unit":"px","size":"12","sizes":[]},"message_typography_font_weight":"400","message_typography_text_transform":"none","message_typography_font_style":"normal","message_typography_text_decoration":"none","message_typography_line_height":{"unit":"em","size":"1.2","sizes":[]},"message_typography_letter_spacing":{"unit":"px","size":"0","sizes":[]},"success_message_color":"#011624","error_message_color":"#011624","inline_message_color":"#011624"},"elements":[],"isInner":false,"widgetType":"form","elType":"widget"}],"isInner":"","elType":"column"}],"isInner":"","elType":"section"},{"id":"1ad0e2f0","settings":{"layout":"full_width","gap":"no","content_position":"middle","structure":"20","margin":{"unit":"%","top":"4","right":"0","bottom":"4","left":"0","isLinked":""},"margin_tablet":{"unit":"%","top":"6","right":"0","bottom":"6","left":"0","isLinked":""},"padding":{"unit":"%","top":"0","right":"5","bottom":"0","left":"5","isLinked":""},"_title":"Footer","margin_mobile":{"unit":"%","top":"15","right":"0","bottom":"15","left":"0","isLinked":""},"_timestamp_":"v1b1BCenZXN2gxUTBqb0JJSWxJTVlPZz09"},"elements":[{"id":"719ba5c9","settings":{"_column_size":"50"},"elements":[{"id":"5cd2891b","settings":{"image":{"id":17242,"url":"http:\/\/library.elementor.com\/lp\/wp-content\/uploads\/2021\/01\/7_Gym-Logo.png"},"image_size":"full","align":"left","_element_width":"auto","_element_vertical_align":"center"},"elements":[],"isInner":false,"widgetType":"image","elType":"widget"},{"id":"876e716","settings":{"title":"Gym and fitness club located in New York","header_size":"p","title_color":"#CCDAE4","typography_typography":"custom","typography_font_family":"Work Sans","typography_font_size":{"unit":"px","size":"14","sizes":[]},"typography_font_weight":"300","typography_text_transform":"none","typography_font_style":"normal","typography_text_decoration":"none","typography_letter_spacing":{"unit":"px","size":"0","sizes":[]},"_margin":{"unit":"px","top":"0","right":"0","bottom":"0","left":"20","isLinked":""},"_margin_tablet":{"unit":"%","top":"3","right":"0","bottom":"0","left":"0","isLinked":""},"_element_width":"auto","_element_width_tablet":"inherit","_element_vertical_align":"center"},"elements":[],"isInner":false,"widgetType":"heading","elType":"widget"}],"isInner":"","elType":"column"},{"id":"22b380d5","settings":{"_column_size":"50","margin_mobile":{"unit":"%","top":"5","right":"0","bottom":"0","left":"0","isLinked":""}},"elements":[{"id":"32079bcb","settings":{"view":"inline","icon_list":[{"text":"P: 718-716-4859","selected_icon":{"value":"","library":""},"_id":"ae12477"},{"text":"E: info@altusgym.com","selected_icon":{"value":"","library":""},"_id":"944d9d8"},{"text":"294 West Ridge Court New York, NY 10016","selected_icon":{"value":"","library":""},"_id":"1d04baf"}],"space_between":{"unit":"px","size":"30","sizes":[]},"icon_align":"right","divider":"yes","divider_height":{"unit":"%","size":"50","sizes":[]},"divider_color":"#59DCE0","text_color":"#CCDAE4","icon_typography_typography":"custom","icon_typography_font_family":"Work Sans","icon_typography_font_size":{"unit":"px","size":"14","sizes":[]},"icon_typography_font_weight":"300","icon_typography_text_transform":"none","icon_typography_font_style":"normal","icon_typography_text_decoration":"none","icon_typography_letter_spacing":{"unit":"px","size":"0","sizes":[]},"icon_align_mobile":"left"},"elements":[],"isInner":false,"widgetType":"icon-list","elType":"widget"}],"isInner":"","elType":"column"}],"isInner":"","elType":"section"}]}