{"version":"0.4","title":"16812","type":"page","content":[{"id":"508af410","settings":{"content_width":{"unit":"px","size":"1400","sizes":[]},"gap":"no","height":"min-height","custom_height":{"unit":"px","size":"787","sizes":[]},"custom_height_mobile":{"unit":"vh","size":"","sizes":[]},"column_position":"top","background_background":"classic","background_image":{"id":16993,"url":"http:\/\/library.elementor.com\/lp\/wp-content\/uploads\/2021\/01\/Building-hero-img.jpg"},"background_position":"center center","background_position_tablet":"initial","background_position_mobile":"initial","background_xpos_tablet":{"unit":"%","size":"40","sizes":[]},"background_xpos_mobile":{"unit":"%","size":"44","sizes":[]},"background_ypos_tablet":{"unit":"%","size":"8","sizes":[]},"background_ypos_mobile":{"unit":"%","size":"0","sizes":[]},"background_repeat":"no-repeat","background_size":"cover","background_motion_fx_translateY_speed":{"unit":"px","size":"0.5","sizes":[]},"padding_tablet":{"unit":"%","top":"0","right":"4","bottom":"0","left":"4","isLinked":""},"padding_mobile":{"unit":"%","top":"8","right":"6","bottom":"0","left":"6","isLinked":""},"motion_fx_translateY_speed":{"unit":"px","size":"0.1","sizes":[]},"_title":"Hero","_element_id":"top","_timestamp_":"v1b1BCenZXN2gxUTBqb0JJSWxJTVlPZz09"},"elements":[{"id":"305e4337","settings":{"_column_size":"100","space_between_widgets":"0","padding":{"unit":"%","top":"3","right":"56","bottom":"0","left":"0","isLinked":""},"padding_tablet":{"unit":"%","top":"6","right":"31","bottom":"0","left":"0","isLinked":""},"padding_mobile":{"unit":"%","top":"0","right":"0","bottom":"0","left":"0","isLinked":""}},"elements":[{"id":"5c52edf1","settings":{"image":{"id":16991,"url":"http:\/\/library.elementor.com\/lp\/wp-content\/uploads\/2021\/01\/Sabay.Towers.Logo_.png"},"align":"left","width":{"unit":"px","size":"183","sizes":[]},"width_mobile":{"unit":"px","size":"155","sizes":[]},"_padding":{"unit":"%","top":"0","right":"0","bottom":"24","left":"0","isLinked":""}},"elements":[],"isInner":false,"widgetType":"image","elType":"widget"},{"id":"7cb64bc9","settings":{"title":"River North, Chicago","header_size":"h5","title_color":"#000000","typography_typography":"custom","typography_font_family":"Montserrat","typography_font_size":{"unit":"px","size":"20","sizes":[]},"typography_font_size_tablet":{"unit":"px","size":"18","sizes":[]},"typography_font_size_mobile":{"unit":"px","size":"17","sizes":[]},"typography_font_weight":"300","typography_text_transform":"none","typography_font_style":"normal","typography_text_decoration":"none","typography_line_height":{"unit":"em","size":"1","sizes":[]},"_padding":{"unit":"%","top":"0","right":"0","bottom":"4","left":"0","isLinked":""},"_animation":"fadeIn","animation_duration":"slow"},"elements":[],"isInner":false,"widgetType":"heading","elType":"widget"},{"id":"107cfd68","settings":{"title":"A Luxurious Way of Living","header_size":"h1","title_color":"#001F68","typography_typography":"custom","typography_font_family":"Libre Baskerville","typography_font_size":{"unit":"px","size":"75","sizes":[]},"typography_font_size_tablet":{"unit":"px","size":"60","sizes":[]},"typography_font_size_mobile":{"unit":"px","size":"46","sizes":[]},"typography_font_weight":"normal","typography_font_style":"normal","typography_text_decoration":"none","typography_line_height":{"unit":"px","size":"85","sizes":[]},"typography_line_height_tablet":{"unit":"em","size":"1.2","sizes":[]},"typography_line_height_mobile":{"unit":"em","size":"1.3","sizes":[]},"_padding":{"unit":"%","top":"0","right":"0","bottom":"6","left":"0","isLinked":""},"_animation":"fadeIn","_animation_delay":"200","typography_letter_spacing":{"unit":"px","size":"1","sizes":[]}},"elements":[],"isInner":false,"widgetType":"heading","elType":"widget"},{"id":"1c7b9db3","settings":{"editor":"2-6 bedroom apartments and penthouses available in the most beautiful building, located in a popular area of the city.","typography_typography":"custom","typography_font_family":"Montserrat","typography_font_size":{"unit":"px","size":"16","sizes":[]},"typography_font_size_tablet":{"unit":"px","size":"15","sizes":[]},"typography_font_size_mobile":{"unit":"px","size":"14","sizes":[]},"typography_font_weight":"300","typography_text_transform":"none","typography_font_style":"normal","typography_text_decoration":"none","typography_line_height":{"unit":"px","size":"25","sizes":[]},"_padding":{"unit":"%","top":"0","right":"20","bottom":"0","left":"0","isLinked":""},"text_color":"#000000","_animation":"fadeIn","animation_duration":"slow","_animation_delay":"400"},"elements":[],"isInner":false,"widgetType":"text-editor","elType":"widget"}],"isInner":"","elType":"column"}],"isInner":"","elType":"section"},{"id":"11cd8cd6","settings":{"content_width":{"unit":"px","size":"1400","sizes":[]},"gap":"no","margin":{"unit":"px","top":"-201","right":"0","bottom":"0","left":"0","isLinked":""},"padding_tablet":{"unit":"%","top":"0","right":"4","bottom":"0","left":"4","isLinked":""},"padding_mobile":{"unit":"%","top":"0","right":"6","bottom":"0","left":"6","isLinked":""},"_title":"Developer logo","animation":"fadeIn","animation_mobile":"none","animation_delay":"1250","margin_mobile":{"unit":"px","top":"","right":"0","bottom":"","left":"0","isLinked":"1"},"_element_id":"requestform","_timestamp_":"v1b1BCenZXN2gxUTBqb0JJSWxJTVlPZz09"},"elements":[{"id":"71729ab0","settings":{"_column_size":"100"},"elements":[{"id":"bf9cbed","settings":{"image":{"id":16995,"url":"http:\/\/library.elementor.com\/lp\/wp-content\/uploads\/2021\/01\/Development-Logo-big.jpg"},"align":"right","width":{"unit":"px","size":"171","sizes":[]},"width_tablet":{"unit":"px","size":"160","sizes":[]},"width_mobile":{"unit":"px","size":"130","sizes":[]},"_animation":"none","_animation_mobile":"none"},"elements":[],"isInner":false,"widgetType":"image","elType":"widget"}],"isInner":"","elType":"column"}],"isInner":"","elType":"section"},{"id":"7afd62c5","settings":{"content_width":{"unit":"px","size":"1400","sizes":[]},"gap":"no","height":"min-height","custom_height":{"unit":"px","size":"250","sizes":[]},"custom_height_tablet":{"unit":"px","size":"220","sizes":[]},"column_position":"stretch","content_position":"middle","background_background":"classic","margin":{"unit":"px","top":"0","right":"0","bottom":"0","left":"0","isLinked":""},"padding_tablet":{"unit":"%","top":"0","right":"4","bottom":"0","left":"4","isLinked":""},"padding_mobile":{"unit":"%","top":"0","right":"6","bottom":"0","left":"6","isLinked":""},"_title":"Signup Form","animation":"fadeInUp","animation_tablet":"fadeIn","animation_mobile":"none","animation_duration":"fast","animation_delay":"600","_timestamp_":"v1b1BCenZXN2gxUTBqb0JJSWxJTVlPZz09"},"elements":[{"id":"5dec17fa","settings":{"_column_size":"100","space_between_widgets":"0","background_background":"classic","background_color":"#FFFFFF","box_shadow_box_shadow_type":"yes","box_shadow_box_shadow":{"horizontal":"0","vertical":"-5","blur":"60","spread":"0","color":"rgba(0, 0, 0, 0.08)"},"padding":{"unit":"%","top":"0","right":"6","bottom":"0","left":"6","isLinked":""},"padding_tablet":{"unit":"%","top":"2","right":"4","bottom":"2","left":"4","isLinked":""},"padding_mobile":{"unit":"%","top":"10","right":"6","bottom":"10","left":"6","isLinked":""}},"elements":[{"id":"1185124","settings":{"title":"Prices Start at  $749,900","header_size":"h5","align":"center","title_color":"#000000","typography_typography":"custom","typography_font_family":"Montserrat","typography_font_size":{"unit":"px","size":"20","sizes":[]},"typography_font_size_tablet":{"unit":"px","size":"18","sizes":[]},"typography_font_size_mobile":{"unit":"px","size":"17","sizes":[]},"typography_font_weight":"300","typography_text_transform":"none","typography_font_style":"normal","typography_text_decoration":"none","typography_line_height":{"unit":"em","size":"1","sizes":[]},"_padding":{"unit":"%","top":"0","right":"0","bottom":"1","left":"0","isLinked":""},"_padding_tablet":{"unit":"%","top":"0","right":"0","bottom":"2","left":"0","isLinked":""},"_padding_mobile":{"unit":"%","top":"0","right":"0","bottom":"6","left":"0","isLinked":""}},"elements":[],"isInner":false,"widgetType":"heading","elType":"widget"},{"id":"f17d3a6","settings":{"title":"Only 20 Apartments Left!","header_size":"h3","align":"center","title_color":"#001F68","typography_typography":"custom","typography_font_family":"Montserrat","typography_font_size":{"unit":"px","size":"35","sizes":[]},"typography_font_size_tablet":{"unit":"px","size":"32","sizes":[]},"typography_font_size_mobile":{"unit":"px","size":"26","sizes":[]},"typography_font_weight":"300","typography_text_transform":"none","typography_font_style":"normal","typography_text_decoration":"none","typography_line_height":{"unit":"em","size":"1","sizes":[]},"typography_line_height_tablet":{"unit":"em","size":"1.3","sizes":[]},"_padding":{"unit":"%","top":"0","right":"0","bottom":"3","left":"0","isLinked":""},"_padding_tablet":{"unit":"%","top":"0","right":"0","bottom":"6","left":"0","isLinked":""},"_padding_mobile":{"unit":"%","top":"0","right":"0","bottom":"10","left":"0","isLinked":""}},"elements":[],"isInner":false,"widgetType":"heading","elType":"widget"},{"id":"6bf7680b","settings":{"form_name":"Request Form","form_fields":[{"custom_id":"name","field_label":"Full Name","placeholder":"Full Name","width":"25","_id":"01a770b","required":"true","rows":"4","file_sizes":"","file_types":"","allow_multiple_upload":"","max_files":"","acceptance_text":"","checked_by_default":"","field_min":"","field_max":"","min_date":"","max_date":"","use_native_date":"","use_native_time":"","previous_button":"","next_button":""},{"custom_id":"email","field_type":"email","required":"true","field_label":"Email Address","placeholder":"Email Address","width":"25","_id":"ea511bb","rows":"4","file_sizes":"","file_types":"","allow_multiple_upload":"","max_files":"","acceptance_text":"","checked_by_default":"","field_min":"","field_max":"","min_date":"","max_date":"","use_native_date":"","use_native_time":"","previous_button":"","next_button":""},{"custom_id":"field_05180bf","field_type":"tel","required":"true","field_label":"Phone Number","placeholder":"Phone Number","width":"25","rows":"4","_id":"05180bf","file_sizes":"","file_types":"","allow_multiple_upload":"","max_files":"","acceptance_text":"","checked_by_default":"","field_min":"","field_max":"","min_date":"","max_date":"","use_native_date":"","use_native_time":"","previous_button":"","next_button":""}],"input_size":"md","show_labels":"","button_width":"25","step_next_label":"Next","step_previous_label":"Previous","button_text":"Request Showing","email_content":"[all-fields]","email_content_2":"[all-fields]","success_message":"The form was sent successfully.","error_message":"An error occured.","required_field_message":"This field is required.","invalid_message":"There's something wrong. The form is invalid.","column_gap":{"unit":"px","size":"20","sizes":[]},"row_gap":{"unit":"px","size":"15","sizes":[]},"field_text_color":"#001F68","field_typography_typography":"custom","field_typography_font_family":"Montserrat","field_typography_font_size":{"unit":"px","size":"15","sizes":[]},"field_typography_font_size_tablet":{"unit":"px","size":"13","sizes":[]},"field_typography_font_weight":"300","field_typography_text_transform":"capitalize","field_typography_font_style":"normal","field_typography_text_decoration":"none","field_typography_line_height":{"unit":"em","size":"1","sizes":[]},"field_background_color":"#F5F5F5","field_border_width":{"unit":"px","top":"0","right":"0","bottom":"0","left":"0","isLinked":""},"field_border_radius":{"unit":"px","top":"0","right":"0","bottom":"0","left":"0","isLinked":"1"},"button_typography_typography":"custom","button_typography_font_family":"Montserrat","button_typography_font_size":{"unit":"px","size":"15","sizes":[]},"button_typography_font_size_tablet":{"unit":"px","size":"13","sizes":[]},"button_typography_font_weight":"300","button_typography_text_transform":"capitalize","button_typography_font_style":"normal","button_typography_text_decoration":"none","button_border_border":"solid","button_border_width":{"unit":"px","top":"1","right":"1","bottom":"1","left":"1","isLinked":"1"},"button_border_width_tablet":{"unit":"px","top":"2","right":"2","bottom":"2","left":"2","isLinked":"1"},"button_background_color":"#001F68","button_border_color":"#001F68","previous_button_background_color":"#001F68","previous_button_border_color":"#001F68","button_background_hover_color":"#FFFFFF","button_hover_color":"#001F68","button_hover_border_color":"#001F68","previous_button_background_color_hover":"#FFFFFF","previous_button_text_color_hover":"#001F68","previous_button_border_color_hover":"#001F68","button_border_radius":{"unit":"px","top":"0","right":"0","bottom":"0","left":"0","isLinked":"1"},"button_text_padding":{"unit":"px","top":"15","right":"0","bottom":"15","left":"0","isLinked":""},"message_typography_typography":"custom","message_typography_font_family":"Montserrat","message_typography_font_size":{"unit":"px","size":"16","sizes":[]},"message_typography_font_size_tablet":{"unit":"px","size":"15","sizes":[]},"message_typography_font_size_mobile":{"unit":"px","size":"14","sizes":[]},"message_typography_font_weight":"normal","message_typography_text_transform":"none","message_typography_font_style":"normal","message_typography_text_decoration":"none","message_typography_line_height":{"unit":"em","size":"1.3","sizes":[]},"success_message_color":"#001F68","error_message_color":"#000000","inline_message_color":"#001F68"},"elements":[],"isInner":false,"widgetType":"form","elType":"widget"}],"isInner":"","elType":"column"}],"isInner":"","elType":"section"},{"id":"7570c0fe","settings":{"content_width":{"unit":"px","size":"1400","sizes":[]},"gap":"no","content_position":"middle","structure":"20","padding":{"unit":"%","top":"15","right":"4","bottom":"15","left":"4","isLinked":""},"padding_tablet":{"unit":"%","top":"22","right":"4","bottom":"22","left":"4","isLinked":""},"padding_mobile":{"unit":"%","top":"36","right":"6","bottom":"36","left":"6","isLinked":""},"_title":"Welcome To Sabay Towers","_timestamp_":"v1b1BCenZXN2gxUTBqb0JJSWxJTVlPZz09"},"elements":[{"id":"357d7933","settings":{"_column_size":"50","content_position":"bottom","content_position_tablet":"space-between","space_between_widgets":"0","padding":{"unit":"%","top":"0","right":"10","bottom":"0","left":"0","isLinked":""},"padding_tablet":{"unit":"%","top":"0","right":"10","bottom":"0","left":"0","isLinked":""},"padding_mobile":{"unit":"%","top":"0","right":"2","bottom":"0","left":"2","isLinked":""}},"elements":[{"id":"588a8a06","settings":{"title":"Different kind of lifestyle","header_size":"h5","title_color":"#000000","typography_typography":"custom","typography_font_family":"Montserrat","typography_font_size":{"unit":"px","size":"20","sizes":[]},"typography_font_size_tablet":{"unit":"px","size":"18","sizes":[]},"typography_font_size_mobile":{"unit":"px","size":"17","sizes":[]},"typography_font_weight":"300","typography_text_transform":"none","typography_font_style":"normal","typography_text_decoration":"none","typography_line_height":{"unit":"em","size":"1","sizes":[]},"_padding":{"unit":"%","top":"0","right":"0","bottom":"4","left":"0","isLinked":""},"align_mobile":"center","_animation":"fadeIn","animation_duration":"fast"},"elements":[],"isInner":false,"widgetType":"heading","elType":"widget"},{"id":"7e4763ce","settings":{"title":"Welcome to Sabay Towers","title_color":"#001F68","typography_typography":"custom","typography_font_family":"Libre Baskerville","typography_font_size":{"unit":"px","size":"70","sizes":[]},"typography_font_size_tablet":{"unit":"px","size":"60","sizes":[]},"typography_font_size_mobile":{"unit":"px","size":"46","sizes":[]},"typography_font_weight":"normal","typography_font_style":"normal","typography_text_decoration":"none","typography_line_height":{"unit":"px","size":"85","sizes":[]},"typography_line_height_tablet":{"unit":"em","size":"1.2","sizes":[]},"typography_line_height_mobile":{"unit":"em","size":"1.3","sizes":[]},"_padding":{"unit":"%","top":"0","right":"0","bottom":"6","left":"0","isLinked":""},"align_mobile":"center","_animation":"fadeIn","_animation_delay":"200"},"elements":[],"isInner":false,"widgetType":"heading","elType":"widget"},{"id":"6d5607c0","settings":{"editor":"The Sabay Towers is a new residential complex by Richardson Development located at 949 Farland Street, River North, one of the most sought after neighborhoods in Chicago.","typography_typography":"custom","typography_font_family":"Montserrat","typography_font_size":{"unit":"px","size":"16","sizes":[]},"typography_font_size_tablet":{"unit":"px","size":"15","sizes":[]},"typography_font_size_mobile":{"unit":"px","size":"14","sizes":[]},"typography_font_weight":"300","typography_text_transform":"none","typography_font_style":"normal","typography_text_decoration":"none","typography_line_height":{"unit":"px","size":"25","sizes":[]},"_padding":{"unit":"%","top":"0","right":"20","bottom":"0","left":"0","isLinked":""},"_padding_tablet":{"unit":"px","top":"0","right":"0","bottom":"0","left":"0","isLinked":""},"align_mobile":"center","text_color":"#000000","_animation":"fadeIn","animation_duration":"slow","_animation_delay":"400"},"elements":[],"isInner":false,"widgetType":"text-editor","elType":"widget"}],"isInner":"","elType":"column"},{"id":"25cdfc33","settings":{"_column_size":"50","content_position":"bottom","space_between_widgets":"0","padding":{"unit":"%","top":"0","right":"0","bottom":"0","left":"5","isLinked":""},"padding_tablet":{"unit":"%","top":"0","right":"0","bottom":"0","left":"10","isLinked":""},"padding_mobile":{"unit":"%","top":"6","right":"2","bottom":"0","left":"2","isLinked":""}},"elements":[{"id":"59df689b","settings":{"editor":"The two luxurious 28-story towers present uncompromising construction standards and sophisticated modern design, which provides the highest quality of living that feels like a 5-star hotel.\n<br>\n<br>\nThe buildings, that were successfully occupied this summer contain 160 apartments and 4 stunning penthouses with breathtaking views of the city. There are very few apartments left and it's your last chance to invest or live in one of the most desirable buildings in Chicago.","typography_typography":"custom","typography_font_family":"Montserrat","typography_font_size":{"unit":"px","size":"16","sizes":[]},"typography_font_size_tablet":{"unit":"px","size":"15","sizes":[]},"typography_font_size_mobile":{"unit":"px","size":"14","sizes":[]},"typography_font_weight":"300","typography_text_transform":"none","typography_font_style":"normal","typography_text_decoration":"none","typography_line_height":{"unit":"px","size":"25","sizes":[]},"_padding":{"unit":"%","top":"0","right":"0","bottom":"10","left":"0","isLinked":""},"align_mobile":"center","text_color":"#000000","_animation":"fadeIn","animation_duration":"slow","_animation_delay":"400"},"elements":[],"isInner":false,"widgetType":"text-editor","elType":"widget"},{"id":"7e9bf0a8","settings":{"text":"Request Showing","typography_typography":"custom","typography_font_family":"Montserrat","typography_font_size":{"unit":"px","size":"16","sizes":[]},"typography_font_size_tablet":{"unit":"px","size":"15","sizes":[]},"typography_font_size_mobile":{"unit":"px","size":"14","sizes":[]},"typography_font_weight":"300","typography_text_transform":"capitalize","typography_font_style":"normal","typography_text_decoration":"none","typography_line_height":{"unit":"em","size":"1","sizes":[]},"button_text_color":"#FFFFFF","background_color":"#001F68","border_border":"solid","border_width":{"unit":"px","top":"1","right":"1","bottom":"1","left":"1","isLinked":"1"},"border_color":"#001F68","border_radius":{"unit":"px","top":"0","right":"0","bottom":"0","left":"0","isLinked":""},"text_padding":{"unit":"px","top":"16","right":"70","bottom":"16","left":"70","isLinked":""},"hover_color":"#001F68","button_background_hover_color":"#FFFFFF","button_hover_border_color":"#001F68","align_mobile":"center","_animation":"fadeIn","animation_duration":"slow","_animation_delay":"400","link":{"url":"#requestform","is_external":"","nofollow":"","custom_attributes":""}},"elements":[],"isInner":false,"widgetType":"button","elType":"widget"}],"isInner":"","elType":"column"}],"isInner":"","elType":"section"},{"id":"453b49b3","settings":{"content_width":{"unit":"px","size":"1400","sizes":[]},"gap":"no","height":"min-height","custom_height":{"unit":"px","size":"180","sizes":[]},"column_position":"stretch","content_position":"middle","margin":{"unit":"px","top":"0","right":"0","bottom":"-180","left":"0","isLinked":""},"padding":{"unit":"%","top":"0","right":"0","bottom":"0","left":"0","isLinked":""},"z_index":"10","_title":"Video Overlay Text","custom_height_tablet":{"unit":"px","size":"85","sizes":[]},"custom_height_mobile":{"unit":"px","size":"76","sizes":[]},"margin_tablet":{"unit":"px","top":"0","right":"0","bottom":"-85","left":"0","isLinked":""},"margin_mobile":{"unit":"px","top":"0","right":"0","bottom":"0","left":"0","isLinked":""},"overflow":"hidden","motion_fx_opacity_range":{"unit":"%","size":"","sizes":{"start":"0","end":"100"}},"_timestamp_":"v1b1BCenZXN2gxUTBqb0JJSWxJTVlPZz09"},"elements":[{"id":"50fc372e","settings":{"_column_size":"100","background_background":"classic","background_color":"#FFFFFF","box_shadow_box_shadow_type":"yes","box_shadow_box_shadow":{"horizontal":"0","vertical":"-5","blur":"60","spread":"0","color":"rgba(0, 0, 0, 0.1)"},"margin":{"unit":"%","top":"0","right":"0","bottom":"0","left":"80","isLinked":""},"padding":{"unit":"%","top":"0","right":"4","bottom":"0","left":"4","isLinked":""},"margin_tablet":{"unit":"%","top":"0","right":"0","bottom":"0","left":"70","isLinked":""},"margin_mobile":{"unit":"%","top":"0","right":"0","bottom":"0","left":"59","isLinked":""},"motion_fx_translateX_direction":"negative","motion_fx_translateX_speed":{"unit":"px","size":"0.5","sizes":[]},"motion_fx_translateX_affectedRange":{"unit":"%","size":"","sizes":{"start":"10","end":"90"}},"motion_fx_devices":["desktop","tablet"]},"elements":[{"id":"17a746ac","settings":{"title":"Watch The Live 360 Tour","header_size":"p","align":"center","title_color":"#001F68","typography_typography":"custom","typography_font_family":"Montserrat","typography_font_size":{"unit":"px","size":"20","sizes":[]},"typography_font_size_tablet":{"unit":"px","size":"18","sizes":[]},"typography_font_size_mobile":{"unit":"px","size":"14","sizes":[]},"typography_font_weight":"300","typography_text_transform":"none","typography_font_style":"normal","typography_text_decoration":"none","typography_line_height":{"unit":"px","size":"35","sizes":[]},"_padding":{"unit":"%","top":"","right":"","bottom":"","left":"","isLinked":"1"},"_padding_tablet":{"unit":"%","top":"","right":"","bottom":"","left":"","isLinked":"1"},"_padding_mobile":{"unit":"%","top":"","right":"","bottom":"","left":"","isLinked":"1"},"typography_line_height_tablet":{"unit":"em","size":"1.4","sizes":[]},"typography_line_height_mobile":{"unit":"em","size":"1.3","sizes":[]}},"elements":[],"isInner":false,"widgetType":"heading","elType":"widget"}],"isInner":"","elType":"column"}],"isInner":"","elType":"section"},{"id":"44ea8900","settings":{"layout":"full_width","gap":"no","z_index":"0","_title":"360 Video","_timestamp_":"v1b1BCenZXN2gxUTBqb0JJSWxJTVlPZz09"},"elements":[{"id":"75f3471c","settings":{"_column_size":"100"},"elements":[{"id":"14bbf987","settings":{"youtube_url":"https:\/\/www.youtube.com\/watch?v=XHOmBV4js_E","vimeo_url":"https:\/\/vimeo.com\/235215203","dailymotion_url":"https:\/\/www.dailymotion.com\/video\/x6tqhqb","show_image_overlay":"yes","image_overlay":{"id":16997,"url":"http:\/\/library.elementor.com\/lp\/wp-content\/uploads\/2021\/01\/Watch-The-Live-360-Tour.jpg"}},"elements":[],"isInner":false,"widgetType":"video","elType":"widget"}],"isInner":"","elType":"column"}],"isInner":"","elType":"section"},{"id":"7875c1ca","settings":{"layout":"full_width","content_width":{"unit":"px","size":"1400","sizes":[]},"gap":"no","height":"min-height","custom_height":{"unit":"px","size":"606","sizes":[]},"column_position":"stretch","content_position":"bottom","margin":{"unit":"px","top":"-75","right":"0","bottom":"0","left":"0","isLinked":""},"z_index":"10","margin_tablet":{"unit":"px","top":"0","right":"0","bottom":"0","left":"0","isLinked":"1"},"padding_tablet":{"unit":"%","top":"8","right":"4","bottom":"20","left":"4","isLinked":""},"padding_mobile":{"unit":"%","top":"14","right":"6","bottom":"0","left":"6","isLinked":""},"_title":"Compound Amenities","structure":"20","_timestamp_":"v1b1BCenZXN2gxUTBqb0JJSWxJTVlPZz09"},"elements":[{"id":"1a94e59b","settings":{"_column_size":"50","_inline_size_tablet":"100","space_between_widgets_tablet":"0","margin_tablet":{"unit":"%","top":"0","right":"0","bottom":"0","left":"0","isLinked":""},"padding":{"unit":"%","top":"18","right":"21","bottom":"1","left":"26","isLinked":""},"padding_tablet":{"unit":"%","top":"0","right":"6","bottom":"10","left":"6","isLinked":""},"padding_mobile":{"unit":"%","top":"0","right":"0","bottom":"10","left":"0","isLinked":""},"content_position_mobile":"top"},"elements":[{"id":"4e64453f","settings":{"title":"Quality Life for You and Your Family","header_size":"h5","title_color":"#000000","typography_typography":"custom","typography_font_family":"Montserrat","typography_font_size":{"unit":"px","size":"20","sizes":[]},"typography_font_size_tablet":{"unit":"px","size":"18","sizes":[]},"typography_font_size_mobile":{"unit":"px","size":"17","sizes":[]},"typography_font_weight":"300","typography_text_transform":"none","typography_font_style":"normal","typography_text_decoration":"none","typography_line_height":{"unit":"em","size":"1.3","sizes":[]},"_padding":{"unit":"%","top":"0","right":"0","bottom":"4","left":"0","isLinked":""},"align_tablet":"center","typography_line_height_mobile":{"unit":"em","size":"1.4","sizes":[]},"_padding_mobile":{"unit":"%","top":"0","right":"12","bottom":"8","left":"12","isLinked":""}},"elements":[],"isInner":false,"widgetType":"heading","elType":"widget"},{"id":"6e6f9d60","settings":{"title":"Compound<br>Amenities","title_color":"#001F68","typography_typography":"custom","typography_font_family":"Libre Baskerville","typography_font_size":{"unit":"px","size":"70","sizes":[]},"typography_font_size_tablet":{"unit":"px","size":"60","sizes":[]},"typography_font_size_mobile":{"unit":"px","size":"46","sizes":[]},"typography_font_weight":"normal","typography_text_transform":"capitalize","typography_font_style":"normal","typography_text_decoration":"none","typography_line_height":{"unit":"px","size":"85","sizes":[]},"typography_line_height_tablet":{"unit":"em","size":"1.2","sizes":[]},"typography_line_height_mobile":{"unit":"em","size":"1.3","sizes":[]},"_padding":{"unit":"%","top":"0","right":"0","bottom":"6","left":"0","isLinked":""},"align_tablet":"center","_padding_mobile":{"unit":"%","top":"0","right":"0","bottom":"14","left":"0","isLinked":""}},"elements":[],"isInner":false,"widgetType":"heading","elType":"widget"},{"id":"56ff3dda","settings":{"editor":"<p>The luxurious residential apartment block is designed to suit a modern lifestyle, and provides a spacious complex environment with everything you need. Stunning lobby with modern elevators, featuring security cameras for maximum safety.<\/p><p>Brilliant architectural design with breathtaking views of the city. A large, gorgeous fitness facility, indoor and outdoor pools, private underground parking, and an impressive green park that stretches over an area of 200 square meters.<\/p>","typography_typography":"custom","typography_font_family":"Montserrat","typography_font_size":{"unit":"px","size":"16","sizes":[]},"typography_font_size_tablet":{"unit":"px","size":"15","sizes":[]},"typography_font_size_mobile":{"unit":"px","size":"14","sizes":[]},"typography_font_weight":"300","typography_text_transform":"none","typography_font_style":"normal","typography_text_decoration":"none","typography_line_height":{"unit":"px","size":"25","sizes":[]},"_margin":{"unit":"px","top":"0","right":"0","bottom":"-20","left":"0","isLinked":""},"_padding":{"unit":"%","top":"","right":"","bottom":"","left":"","isLinked":"1"},"align_tablet":"center","text_color":"#000000"},"elements":[],"isInner":false,"widgetType":"text-editor","elType":"widget"}],"isInner":"","elType":"column"},{"id":"32ca5aa0","settings":{"_column_size":"50","_inline_size_tablet":"100","content_position":"center","background_background":"classic","background_color":"#FFFFFF","box_shadow_box_shadow_type":"yes","box_shadow_box_shadow":{"horizontal":"0","vertical":"-5","blur":"60","spread":"0","color":"rgba(0, 0, 0, 0.1)"},"padding":{"unit":"%","top":"8","right":"18","bottom":"8","left":"2","isLinked":""},"padding_tablet":{"unit":"px","top":"0","right":"0","bottom":"0","left":"0","isLinked":""},"padding_mobile":{"unit":"px","top":"0","right":"0","bottom":"0","left":"0","isLinked":""}},"elements":[{"id":"2d35641f","settings":{"content_width":{"unit":"px","size":"1400","sizes":[]},"gap":"no","custom_height_inner":{"unit":"px","size":"0","sizes":[]},"structure":"20","z_index":"10","padding_tablet":{"unit":"%","top":"10","right":"0","bottom":"11","left":"0","isLinked":""},"padding_mobile":{"unit":"%","top":"24","right":"0","bottom":"24","left":"0","isLinked":""},"margin":{"unit":"px","top":"0","right":"0","bottom":"0","left":"0","isLinked":""},"padding":{"unit":"%","top":"0","right":"0","bottom":"0","left":"0","isLinked":""}},"elements":[{"id":"4fe70324","settings":{"_column_size":"50","padding":{"unit":"%","top":"0","right":"0","bottom":"0","left":"20","isLinked":""},"_inline_size_tablet":"50","space_between_widgets":"0","padding_tablet":{"unit":"%","top":"0","right":"6","bottom":"0","left":"14","isLinked":""},"padding_mobile":{"unit":"%","top":"0","right":"6","bottom":"0","left":"6","isLinked":""}},"elements":[{"id":"4ff0ab82","settings":{"selected_icon":{"value":"fas fa-check","library":"fa-solid"},"title_text":"Private Parking","description_text":"Lorem ipsum smith dlor elor tolos the aloma off shalom.","position":"left","primary_color":"#E4F2FA","icon_size":{"unit":"px","size":"12","sizes":[]},"title_bottom_space":{"unit":"px","size":"20","sizes":[]},"title_color":"#001F68","title_typography_typography":"custom","title_typography_font_family":"Montserrat","title_typography_font_size":{"unit":"px","size":"18","sizes":[]},"title_typography_font_weight":"500","title_typography_line_height":{"unit":"em","size":"1.1","sizes":[]},"description_color":"#000000","description_typography_typography":"custom","description_typography_font_family":"Montserrat","description_typography_font_size":{"unit":"px","size":"16","sizes":[]},"description_typography_font_weight":"300","_padding":{"unit":"%","top":"0","right":"0","bottom":"16","left":"0","isLinked":""},"title_size":"h4","view":"stacked","shape":"square","secondary_color":"#001F68"},"elements":[],"isInner":false,"widgetType":"icon-box","elType":"widget"},{"id":"1977dcc9","settings":{"selected_icon":{"value":"fas fa-check","library":"fa-solid"},"title_text":"Fitness Club","description_text":"Lorem ipsum smith dlor elor tolos the aloma off shalom.","position":"left","primary_color":"#E4F2FA","icon_size":{"unit":"px","size":"12","sizes":[]},"title_bottom_space":{"unit":"px","size":"20","sizes":[]},"title_color":"#001F68","title_typography_typography":"custom","title_typography_font_family":"Montserrat","title_typography_font_size":{"unit":"px","size":"18","sizes":[]},"title_typography_font_weight":"500","title_typography_line_height":{"unit":"em","size":"1.1","sizes":[]},"description_color":"#000000","description_typography_typography":"custom","description_typography_font_family":"Montserrat","description_typography_font_size":{"unit":"px","size":"16","sizes":[]},"description_typography_font_weight":"300","_padding":{"unit":"%","top":"0","right":"0","bottom":"16","left":"0","isLinked":""},"title_size":"h4","view":"stacked","shape":"square","secondary_color":"#001F68"},"elements":[],"isInner":false,"widgetType":"icon-box","elType":"widget"},{"id":"177c8919","settings":{"selected_icon":{"value":"fas fa-check","library":"fa-solid"},"title_text":"Spectacular Views","description_text":"Lorem ipsum smith dlor elor tolos the aloma off shalom.","position":"left","primary_color":"#E4F2FA","icon_size":{"unit":"px","size":"12","sizes":[]},"title_bottom_space":{"unit":"px","size":"20","sizes":[]},"title_color":"#001F68","title_typography_typography":"custom","title_typography_font_family":"Montserrat","title_typography_font_size":{"unit":"px","size":"18","sizes":[]},"title_typography_font_weight":"500","title_typography_line_height":{"unit":"em","size":"1.1","sizes":[]},"description_color":"#000000","description_typography_typography":"custom","description_typography_font_family":"Montserrat","description_typography_font_size":{"unit":"px","size":"16","sizes":[]},"description_typography_font_weight":"300","_padding":{"unit":"%","top":"0","right":"0","bottom":"16","left":"0","isLinked":""},"title_size":"h4","view":"stacked","shape":"square","secondary_color":"#001F68"},"elements":[],"isInner":false,"widgetType":"icon-box","elType":"widget"},{"id":"33955cfc","settings":{"selected_icon":{"value":"fas fa-check","library":"fa-solid"},"title_text":"Magnificent Park","description_text":"Lorem ipsum smith dlor elor tolos the aloma off shalom.","position":"left","primary_color":"#E4F2FA","icon_size":{"unit":"px","size":"12","sizes":[]},"title_bottom_space":{"unit":"px","size":"20","sizes":[]},"title_color":"#001F68","title_typography_typography":"custom","title_typography_font_family":"Montserrat","title_typography_font_size":{"unit":"px","size":"18","sizes":[]},"title_typography_font_weight":"500","title_typography_line_height":{"unit":"em","size":"1.1","sizes":[]},"description_color":"#000000","description_typography_typography":"custom","description_typography_font_family":"Montserrat","description_typography_font_size":{"unit":"px","size":"16","sizes":[]},"description_typography_font_weight":"300","_padding":{"unit":"%","top":"0","right":"0","bottom":"0","left":"0","isLinked":""},"title_size":"h4","view":"stacked","shape":"square","secondary_color":"#001F68","_padding_mobile":{"unit":"%","top":"0","right":"0","bottom":"16","left":"0","isLinked":""}},"elements":[],"isInner":false,"widgetType":"icon-box","elType":"widget"}],"isInner":"1","elType":"column"},{"id":"7166c488","settings":{"_column_size":"50","padding":{"unit":"%","top":"0","right":"0","bottom":"0","left":"20","isLinked":""},"_inline_size_tablet":"50","space_between_widgets":"0","padding_tablet":{"unit":"%","top":"0","right":"14","bottom":"0","left":"6","isLinked":""},"padding_mobile":{"unit":"%","top":"0","right":"6","bottom":"0","left":"6","isLinked":""}},"elements":[{"id":"66bca2dc","settings":{"selected_icon":{"value":"fas fa-check","library":"fa-solid"},"title_text":"Indoor\/Outdoor Pool","description_text":"Lorem ipsum smith dlor elor tolos the aloma off shalom.","position":"left","primary_color":"#E4F2FA","icon_size":{"unit":"px","size":"12","sizes":[]},"title_bottom_space":{"unit":"px","size":"20","sizes":[]},"title_color":"#001F68","title_typography_typography":"custom","title_typography_font_family":"Montserrat","title_typography_font_size":{"unit":"px","size":"18","sizes":[]},"title_typography_font_weight":"500","title_typography_line_height":{"unit":"em","size":"1.1","sizes":[]},"description_color":"#000000","description_typography_typography":"custom","description_typography_font_family":"Montserrat","description_typography_font_size":{"unit":"px","size":"16","sizes":[]},"description_typography_font_weight":"300","_padding":{"unit":"%","top":"0","right":"0","bottom":"16","left":"0","isLinked":""},"title_size":"h4","view":"stacked","shape":"square","secondary_color":"#001F68"},"elements":[],"isInner":false,"widgetType":"icon-box","elType":"widget"},{"id":"64d59e28","settings":{"selected_icon":{"value":"fas fa-check","library":"fa-solid"},"title_text":"Lobby and Lounge","description_text":"Lorem ipsum smith dlor elor tolos the aloma off shalom.","position":"left","primary_color":"#E4F2FA","icon_size":{"unit":"px","size":"12","sizes":[]},"title_bottom_space":{"unit":"px","size":"20","sizes":[]},"title_color":"#001F68","title_typography_typography":"custom","title_typography_font_family":"Montserrat","title_typography_font_size":{"unit":"px","size":"18","sizes":[]},"title_typography_font_weight":"500","title_typography_line_height":{"unit":"em","size":"1.1","sizes":[]},"description_color":"#000000","description_typography_typography":"custom","description_typography_font_family":"Montserrat","description_typography_font_size":{"unit":"px","size":"16","sizes":[]},"description_typography_font_weight":"300","_padding":{"unit":"%","top":"0","right":"0","bottom":"16","left":"0","isLinked":""},"title_size":"h4","view":"stacked","shape":"square","secondary_color":"#001F68"},"elements":[],"isInner":false,"widgetType":"icon-box","elType":"widget"},{"id":"2c2c582b","settings":{"selected_icon":{"value":"fas fa-check","library":"fa-solid"},"title_text":"24\/7 Security","description_text":"Lorem ipsum smith dlor elor tolos the aloma off shalom.","position":"left","primary_color":"#E4F2FA","icon_size":{"unit":"px","size":"12","sizes":[]},"title_bottom_space":{"unit":"px","size":"20","sizes":[]},"title_color":"#001F68","title_typography_typography":"custom","title_typography_font_family":"Montserrat","title_typography_font_size":{"unit":"px","size":"18","sizes":[]},"title_typography_font_weight":"500","title_typography_line_height":{"unit":"em","size":"1.1","sizes":[]},"description_color":"#000000","description_typography_typography":"custom","description_typography_font_family":"Montserrat","description_typography_font_size":{"unit":"px","size":"16","sizes":[]},"description_typography_font_weight":"300","_padding":{"unit":"%","top":"0","right":"0","bottom":"16","left":"0","isLinked":""},"title_size":"h4","view":"stacked","shape":"square","secondary_color":"#001F68"},"elements":[],"isInner":false,"widgetType":"icon-box","elType":"widget"},{"id":"5a998af5","settings":{"selected_icon":{"value":"fas fa-check","library":"fa-solid"},"title_text":"Tenants' Club","description_text":"Lorem ipsum smith dlor elor tolos the aloma off shalom.","position":"left","primary_color":"#E4F2FA","icon_size":{"unit":"px","size":"12","sizes":[]},"title_bottom_space":{"unit":"px","size":"20","sizes":[]},"title_color":"#001F68","title_typography_typography":"custom","title_typography_font_family":"Montserrat","title_typography_font_size":{"unit":"px","size":"18","sizes":[]},"title_typography_font_weight":"500","title_typography_line_height":{"unit":"em","size":"1.1","sizes":[]},"description_color":"#000000","description_typography_typography":"custom","description_typography_font_family":"Montserrat","description_typography_font_size":{"unit":"px","size":"16","sizes":[]},"description_typography_font_weight":"300","_padding":{"unit":"%","top":"0","right":"0","bottom":"0","left":"0","isLinked":""},"title_size":"h4","view":"stacked","shape":"square","secondary_color":"#001F68"},"elements":[],"isInner":false,"widgetType":"icon-box","elType":"widget"}],"isInner":"1","elType":"column"}],"isInner":"1","elType":"section"}],"isInner":"","elType":"column"}],"isInner":"","elType":"section"},{"id":"421b48f8","settings":{"content_width":{"unit":"px","size":"1400","sizes":[]},"gap":"no","content_position":"middle","structure":"20","padding":{"unit":"%","top":"0","right":"4","bottom":"0","left":"4","isLinked":""},"padding_tablet":{"unit":"%","top":"0","right":"4","bottom":"20","left":"4","isLinked":""},"padding_mobile":{"unit":"%","top":"36","right":"6","bottom":"36","left":"6","isLinked":""},"_title":"Your Dream Home Awaits You","height":"min-height","custom_height":{"unit":"px","size":"900","sizes":[]},"column_position":"stretch","margin":{"unit":"%","top":"15","right":"0","bottom":"15","left":"0","isLinked":""},"margin_tablet":{"unit":"%","top":"0","right":"0","bottom":"0","left":"0","isLinked":""},"reverse_order_tablet":"reverse-tablet","reverse_order_mobile":"reverse-mobile","_timestamp_":"v1b1BCenZXN2gxUTBqb0JJSWxJTVlPZz09"},"elements":[{"id":"41ac6ce6","settings":{"_column_size":"50","content_position":"space-between","content_position_tablet":"space-between","space_between_widgets":"0","padding":{"unit":"%","top":"0","right":"10","bottom":"0","left":"0","isLinked":""},"padding_tablet":{"unit":"%","top":"0","right":"0","bottom":"0","left":"0","isLinked":""},"padding_mobile":{"unit":"%","top":"0","right":"0","bottom":"0","left":"0","isLinked":""},"_inline_size_tablet":"100"},"elements":[{"id":"20f84a2e","settings":{"image":{"id":16999,"url":"http:\/\/library.elementor.com\/lp\/wp-content\/uploads\/2021\/01\/Your-Dream-Home-Awaits-You2.jpg"},"width":{"unit":"%","size":"100","sizes":[]},"_padding_tablet":{"unit":"%","top":"0","right":"0","bottom":"6","left":"0","isLinked":""},"_padding_mobile":{"unit":"%","top":"0","right":"0","bottom":"10","left":"0","isLinked":""},"motion_fx_motion_fx_scrolling":"yes","motion_fx_translateY_effect":"yes","motion_fx_translateY_direction":"negative","motion_fx_translateY_speed":{"unit":"px","size":"1","sizes":[]},"motion_fx_translateY_affectedRange":{"unit":"%","size":"","sizes":{"start":"0","end":"50"}},"motion_fx_devices":["desktop"]},"elements":[],"isInner":false,"widgetType":"image","elType":"widget"},{"id":"3ad90f13","settings":{"editor":"<p>Join other discerning property owners and choose from a variety of luxury apartments and penthouses made to the highest standards of construction and design.<\/p><p>All apartments incorporate sun balconies with breathtaking views of the city. They have porcelain granite flooring, modern kitchens, central air conditioners, solar water systems, private storage units, and ample parking. To receive a full specifications of available apartments and floor plans contact us today to schedule an appointment and tour.<\/p>","typography_typography":"custom","typography_font_family":"Montserrat","typography_font_size":{"unit":"px","size":"16","sizes":[]},"typography_font_size_tablet":{"unit":"px","size":"15","sizes":[]},"typography_font_size_mobile":{"unit":"px","size":"14","sizes":[]},"typography_font_weight":"300","typography_text_transform":"none","typography_font_style":"normal","typography_text_decoration":"none","typography_line_height":{"unit":"px","size":"25","sizes":[]},"_padding":{"unit":"%","top":"","right":"","bottom":"","left":"","isLinked":"1"},"_padding_tablet":{"unit":"%","top":"0","right":"0","bottom":"6","left":"0","isLinked":""},"align_tablet":"center","text_color":"#000000"},"elements":[],"isInner":false,"widgetType":"text-editor","elType":"widget"},{"id":"48d12162","settings":{"text":"Request Showing","typography_typography":"custom","typography_font_family":"Montserrat","typography_font_size":{"unit":"px","size":"16","sizes":[]},"typography_font_size_tablet":{"unit":"px","size":"15","sizes":[]},"typography_font_size_mobile":{"unit":"px","size":"14","sizes":[]},"typography_font_weight":"300","typography_text_transform":"capitalize","typography_font_style":"normal","typography_text_decoration":"none","typography_line_height":{"unit":"em","size":"1","sizes":[]},"button_text_color":"#FFFFFF","background_color":"#001F68","border_border":"solid","border_width":{"unit":"px","top":"1","right":"1","bottom":"1","left":"1","isLinked":"1"},"border_color":"#001F68","border_radius":{"unit":"px","top":"0","right":"0","bottom":"0","left":"0","isLinked":""},"text_padding":{"unit":"px","top":"16","right":"70","bottom":"16","left":"70","isLinked":""},"align_tablet":"center","hover_color":"#001F68","button_background_hover_color":"#FFFFFF","button_hover_border_color":"#001F68","link":{"url":"#requestform","is_external":"","nofollow":"","custom_attributes":""}},"elements":[],"isInner":false,"widgetType":"button","elType":"widget"}],"isInner":"","elType":"column"},{"id":"141e6096","settings":{"_column_size":"50","content_position":"space-between","space_between_widgets":"0","padding":{"unit":"%","top":"0","right":"0","bottom":"0","left":"0","isLinked":""},"padding_tablet":{"unit":"%","top":"0","right":"0","bottom":"8","left":"0","isLinked":""},"padding_mobile":{"unit":"%","top":"6","right":"0","bottom":"6","left":"0","isLinked":""},"_inline_size_tablet":"100"},"elements":[{"id":"1a5dd031","settings":{"title":"Quality Life for You and Your Family","header_size":"h5","title_color":"#000000","typography_typography":"custom","typography_font_family":"Montserrat","typography_font_size":{"unit":"px","size":"20","sizes":[]},"typography_font_size_tablet":{"unit":"px","size":"18","sizes":[]},"typography_font_size_mobile":{"unit":"px","size":"17","sizes":[]},"typography_font_weight":"300","typography_text_transform":"none","typography_font_style":"normal","typography_text_decoration":"none","typography_line_height":{"unit":"em","size":"1","sizes":[]},"_padding":{"unit":"%","top":"0","right":"0","bottom":"4","left":"0","isLinked":""},"align_tablet":"center","typography_line_height_mobile":{"unit":"em","size":"1.4","sizes":[]}},"elements":[],"isInner":false,"widgetType":"heading","elType":"widget"},{"id":"160d24bb","settings":{"title":"Your Dream Home Awaits You","title_color":"#001F68","typography_typography":"custom","typography_font_family":"Libre Baskerville","typography_font_size":{"unit":"px","size":"70","sizes":[]},"typography_font_size_tablet":{"unit":"px","size":"60","sizes":[]},"typography_font_size_mobile":{"unit":"px","size":"46","sizes":[]},"typography_font_weight":"normal","typography_text_transform":"capitalize","typography_font_style":"normal","typography_text_decoration":"none","typography_line_height":{"unit":"px","size":"85","sizes":[]},"typography_line_height_tablet":{"unit":"em","size":"1.2","sizes":[]},"typography_line_height_mobile":{"unit":"em","size":"1.3","sizes":[]},"_padding":{"unit":"%","top":"0","right":"0","bottom":"6","left":"0","isLinked":""},"align_tablet":"center","_padding_mobile":{"unit":"%","top":"0","right":"0","bottom":"12","left":"0","isLinked":""}},"elements":[],"isInner":false,"widgetType":"heading","elType":"widget"},{"id":"648004f4","settings":{"image":{"id":17001,"url":"http:\/\/library.elementor.com\/lp\/wp-content\/uploads\/2021\/01\/Your-Dream-Home-Awaits-You1.jpg"},"width":{"unit":"%","size":"100","sizes":[]},"_element_width_tablet":"initial","_element_custom_width_tablet":{"unit":"%","size":"","sizes":[]},"motion_fx_motion_fx_scrolling":"yes","motion_fx_translateY_effect":"yes","motion_fx_translateY_speed":{"unit":"px","size":"1","sizes":[]},"motion_fx_translateY_affectedRange":{"unit":"%","size":"","sizes":{"start":"0","end":"50"}},"motion_fx_devices":["desktop"]},"elements":[],"isInner":false,"widgetType":"image","elType":"widget"}],"isInner":"","elType":"column"}],"isInner":"","elType":"section"},{"id":"37d9d248","settings":{"layout":"full_width","gap":"no","height":"min-height","custom_height":{"unit":"px","size":"850","sizes":[]},"custom_height_tablet":{"unit":"px","size":"650","sizes":[]},"custom_height_mobile":{"unit":"px","size":"311","sizes":[]},"background_background":"classic","background_image":{"id":17003,"url":"http:\/\/library.elementor.com\/lp\/wp-content\/uploads\/2021\/01\/cityscape-pic.jpg"},"background_position":"center left","background_motion_fx_motion_fx_scrolling":"yes","background_motion_fx_translateX_effect":"yes","background_motion_fx_translateX_speed":{"unit":"px","size":"1.5","sizes":[]},"_title":"CityScape Picture","_timestamp_":"v1b1BCenZXN2gxUTBqb0JJSWxJTVlPZz09"},"elements":[{"id":"2b42ce39","settings":{"_column_size":"100"},"elements":[{"id":"5704c0ca","settings":[],"elements":[],"isInner":false,"widgetType":"spacer","elType":"widget"}],"isInner":"","elType":"column"}],"isInner":"","elType":"section"},{"id":"1de8aca1","settings":{"layout":"full_width","gap":"no","height":"min-height","custom_height":{"unit":"px","size":"370","sizes":[]},"column_position":"stretch","content_position":"middle","background_background":"classic","margin":{"unit":"px","top":"-250","right":"0","bottom":"0","left":"0","isLinked":""},"margin_mobile":{"unit":"px","top":"0","right":"0","bottom":"0","left":"0","isLinked":""},"padding_mobile":{"unit":"%","top":"0","right":"0","bottom":"0","left":"0","isLinked":""},"z_index":"10","_title":"The Location","_timestamp_":"v1b1BCenZXN2gxUTBqb0JJSWxJTVlPZz09"},"elements":[{"id":"5a79db04","settings":{"_column_size":"100","space_between_widgets":"0","background_background":"classic","background_color":"#FFFFFF","box_shadow_box_shadow_type":"yes","box_shadow_box_shadow":{"horizontal":"0","vertical":"-5","blur":"60","spread":"0","color":"rgba(0, 0, 0, 0.1)"},"margin":{"unit":"%","top":"0","right":"0","bottom":"0","left":"39.5","isLinked":""},"margin_tablet":{"unit":"%","top":"0","right":"0","bottom":"0","left":"24","isLinked":""},"margin_mobile":{"unit":"%","top":"0","right":"0","bottom":"0","left":"0","isLinked":"1"},"padding":{"unit":"%","top":"0","right":"10","bottom":"0","left":"4","isLinked":""},"padding_tablet":{"unit":"%","top":"0","right":"8","bottom":"0","left":"8","isLinked":""},"padding_mobile":{"unit":"%","top":"14","right":"6","bottom":"14","left":"6","isLinked":""}},"elements":[{"id":"5270332","settings":{"title":"Living in the Best Neighborhood in the City","header_size":"h5","title_color":"#000000","typography_typography":"custom","typography_font_family":"Montserrat","typography_font_size":{"unit":"px","size":"20","sizes":[]},"typography_font_size_tablet":{"unit":"px","size":"18","sizes":[]},"typography_font_size_mobile":{"unit":"px","size":"17","sizes":[]},"typography_font_weight":"300","typography_text_transform":"none","typography_font_style":"normal","typography_text_decoration":"none","typography_line_height":{"unit":"em","size":"1.3","sizes":[]},"_padding":{"unit":"%","top":"0","right":"0","bottom":"1","left":"0","isLinked":""},"align_tablet":"left","typography_line_height_mobile":{"unit":"em","size":"1.4","sizes":[]},"_padding_mobile":{"unit":"%","top":"0","right":"12","bottom":"8","left":"12","isLinked":""},"align_mobile":"center"},"elements":[],"isInner":false,"widgetType":"heading","elType":"widget"},{"id":"4ea3c8fb","settings":{"title":"The Location","title_color":"#001F68","typography_typography":"custom","typography_font_family":"Libre Baskerville","typography_font_size":{"unit":"px","size":"70","sizes":[]},"typography_font_size_tablet":{"unit":"px","size":"60","sizes":[]},"typography_font_size_mobile":{"unit":"px","size":"46","sizes":[]},"typography_font_weight":"normal","typography_text_transform":"capitalize","typography_font_style":"normal","typography_text_decoration":"none","typography_line_height":{"unit":"px","size":"85","sizes":[]},"typography_line_height_tablet":{"unit":"em","size":"1.2","sizes":[]},"typography_line_height_mobile":{"unit":"em","size":"1.3","sizes":[]},"_padding":{"unit":"%","top":"2","right":"0","bottom":"2","left":"0","isLinked":""},"align_tablet":"left","_padding_mobile":{"unit":"%","top":"0","right":"0","bottom":"12","left":"0","isLinked":""},"align_mobile":"center"},"elements":[],"isInner":false,"widgetType":"heading","elType":"widget"},{"id":"4782c3c1","settings":{"editor":"The apartments are strategically located in the center of River North neighborhood, which is accessible to all main roads as well as shopping, sport, and leisure centers. The complex is within walking distance of the best schools and kindergartens. Join a quality community and upgrade your life so you can enjoy a prestigious, unapologetic, comfortable lifestyle.","typography_typography":"custom","typography_font_family":"Montserrat","typography_font_size":{"unit":"px","size":"16","sizes":[]},"typography_font_size_tablet":{"unit":"px","size":"15","sizes":[]},"typography_font_size_mobile":{"unit":"px","size":"14","sizes":[]},"typography_font_weight":"300","typography_text_transform":"none","typography_font_style":"normal","typography_text_decoration":"none","typography_line_height":{"unit":"px","size":"25","sizes":[]},"_padding":{"unit":"%","top":"0","right":"20","bottom":"0","left":"0","isLinked":""},"_padding_tablet":{"unit":"%","top":"0","right":"0","bottom":"0","left":"0","isLinked":""},"align_tablet":"left","align_mobile":"center","text_color":"#000000"},"elements":[],"isInner":false,"widgetType":"text-editor","elType":"widget"}],"isInner":"","elType":"column"}],"isInner":"","elType":"section"},{"id":"61c06b17","settings":{"content_width":{"unit":"px","size":"1400","sizes":[]},"gap":"no","margin":{"unit":"px","top":"-120","right":"0","bottom":"0","left":"0","isLinked":""},"margin_mobile":{"unit":"px","top":"0","right":"0","bottom":"0","left":"0","isLinked":""},"padding":{"unit":"%","top":"0","right":"4","bottom":"0","left":"4","isLinked":""},"padding_tablet":{"unit":"px","top":"0","right":"0","bottom":"0","left":"0","isLinked":""},"padding_mobile":{"unit":"%","top":"0","right":"0","bottom":"0","left":"0","isLinked":""},"_title":"Map","_timestamp_":"v1b1BCenZXN2gxUTBqb0JJSWxJTVlPZz09"},"elements":[{"id":"7ab94c6a","settings":{"_column_size":"100"},"elements":[{"id":"2187a187","settings":{"address":"361 W 47th St, Chicago, IL 60609","zoom":{"unit":"px","size":"15","sizes":[]},"height":{"unit":"px","size":"500","sizes":[]},"css_filters_css_filter":"custom","css_filters_saturate":{"unit":"px","size":"0","sizes":[]}},"elements":[],"isInner":false,"widgetType":"google_maps","elType":"widget"}],"isInner":"","elType":"column"}],"isInner":"","elType":"section"},{"id":"2465eaae","settings":{"content_width":{"unit":"px","size":"977","sizes":[]},"gap":"no","height":"min-height","custom_height":{"unit":"px","size":"155","sizes":[]},"structure":"20","padding":{"unit":"%","top":"14","right":"4","bottom":"14","left":"4","isLinked":""},"padding_tablet":{"unit":"%","top":"20","right":"10","bottom":"20","left":"10","isLinked":""},"padding_mobile":{"unit":"%","top":"34","right":"6","bottom":"34","left":"6","isLinked":""},"_title":"Real Estate You Can Trust","_timestamp_":"v1b1BCenZXN2gxUTBqb0JJSWxJTVlPZz09"},"elements":[{"id":"6cc2ef02","settings":{"_column_size":"50","_inline_size":"35.312","_inline_size_tablet":"100","space_between_widgets":"0","padding_tablet":{"unit":"%","top":"0","right":"0","bottom":"6","left":"0","isLinked":""},"padding_mobile":{"unit":"%","top":"0","right":"0","bottom":"12","left":"0","isLinked":""}},"elements":[{"id":"56b6cb57","settings":{"image":{"id":16995,"url":"http:\/\/library.elementor.com\/lp\/wp-content\/uploads\/2021\/01\/Development-Logo-big.jpg"},"align":"left","align_tablet":"center","width":{"unit":"px","size":"344","sizes":[]},"width_tablet":{"unit":"px","size":"285","sizes":[]},"motion_fx_translateX_direction":"negative","motion_fx_translateX_speed":{"unit":"px","size":"1","sizes":[]},"motion_fx_translateX_affectedRange":{"unit":"%","size":"","sizes":{"start":"0","end":"50"}},"motion_fx_devices":["desktop"]},"elements":[],"isInner":false,"widgetType":"image","elType":"widget"}],"isInner":"","elType":"column"},{"id":"43a7ca25","settings":{"_column_size":"50","_inline_size":"64.688","_inline_size_tablet":"100","content_position":"space-between","space_between_widgets":"0","padding":{"unit":"%","top":"2","right":"0","bottom":"0","left":"8","isLinked":""},"padding_tablet":{"unit":"px","top":"0","right":"0","bottom":"0","left":"0","isLinked":""},"motion_fx_translateX_speed":{"unit":"px","size":"1","sizes":[]},"motion_fx_translateX_affectedRange":{"unit":"%","size":"","sizes":{"start":"0","end":"50"}},"motion_fx_devices":["desktop"]},"elements":[{"id":"40a3a65a","settings":{"title":"Real Estate You Can Trust","header_size":"h3","align":"left","title_color":"#001F68","typography_typography":"custom","typography_font_family":"Montserrat","typography_font_size":{"unit":"px","size":"35","sizes":[]},"typography_font_size_tablet":{"unit":"px","size":"32","sizes":[]},"typography_font_size_mobile":{"unit":"px","size":"26","sizes":[]},"typography_font_weight":"300","typography_text_transform":"none","typography_font_style":"normal","typography_text_decoration":"none","typography_line_height":{"unit":"em","size":"1","sizes":[]},"typography_line_height_tablet":{"unit":"em","size":"1.3","sizes":[]},"_padding":{"unit":"%","top":"0","right":"0","bottom":"3","left":"0","isLinked":""},"_padding_tablet":{"unit":"%","top":"0","right":"0","bottom":"2","left":"0","isLinked":""},"_padding_mobile":{"unit":"%","top":"0","right":"12","bottom":"6","left":"12","isLinked":""},"align_tablet":"center"},"elements":[],"isInner":false,"widgetType":"heading","elType":"widget"},{"id":"4429296f","settings":{"editor":"<p class=\"p1\"><span class=\"s1\">Lorem ipsum dolor sit amet, consectet adipiscing elit,sed do eiusm por incididunt ut labore et dolore magna aliqua. Ut enim ad minim veniam, quis nostrud exercitation ullamco laboris nisi ut aliquip ex ea sint occae.<\/span><\/p>","typography_typography":"custom","typography_font_family":"Montserrat","typography_font_size":{"unit":"px","size":"16","sizes":[]},"typography_font_size_tablet":{"unit":"px","size":"15","sizes":[]},"typography_font_size_mobile":{"unit":"px","size":"14","sizes":[]},"typography_font_weight":"300","typography_text_transform":"none","typography_font_style":"normal","typography_text_decoration":"none","typography_line_height":{"unit":"px","size":"25","sizes":[]},"_padding":{"unit":"%","top":"0","right":"0","bottom":"0","left":"0","isLinked":"1"},"_padding_tablet":{"unit":"%","top":"0","right":"0","bottom":"0","left":"0","isLinked":""},"align_tablet":"center","text_color":"#2C4362"},"elements":[],"isInner":false,"widgetType":"text-editor","elType":"widget"}],"isInner":"","elType":"column"}],"isInner":"","elType":"section"},{"id":"6c626bc1","settings":{"content_width":{"unit":"px","size":"1400","sizes":[]},"gap":"no","height":"min-height","custom_height":{"unit":"px","size":"630","sizes":[]},"custom_height_mobile":{"unit":"px","size":"424","sizes":[]},"column_position":"stretch","_title":"Apartment Picture","_timestamp_":"v1b1BCenZXN2gxUTBqb0JJSWxJTVlPZz09"},"elements":[{"id":"4ccaeb6","settings":{"_column_size":"100","background_background":"classic","background_image":{"id":17005,"url":"http:\/\/library.elementor.com\/lp\/wp-content\/uploads\/2021\/01\/call2action-pic.jpg"},"background_position":"center center","background_repeat":"no-repeat","background_size":"cover"},"elements":[{"id":"6d163b3a","settings":[],"elements":[],"isInner":false,"widgetType":"spacer","elType":"widget"}],"isInner":"","elType":"column"}],"isInner":"","elType":"section"},{"id":"4290938d","settings":{"content_width":{"unit":"px","size":"1400","sizes":[]},"gap":"no","height":"min-height","custom_height":{"unit":"px","size":"162","sizes":[]},"custom_height_tablet":{"unit":"px","size":"270","sizes":[]},"column_position":"stretch","content_position":"middle","background_background":"classic","margin":{"unit":"px","top":"-81","right":"0","bottom":"0","left":"0","isLinked":""},"padding_tablet":{"unit":"%","top":"0","right":"8","bottom":"0","left":"8","isLinked":""},"padding_mobile":{"unit":"%","top":"0","right":"6","bottom":"0","left":"6","isLinked":""},"_title":"Call To Action","custom_height_mobile":{"unit":"px","size":"400","sizes":[]},"margin_tablet":{"unit":"px","top":"-135","right":"0","bottom":"0","left":"0","isLinked":""},"margin_mobile":{"unit":"px","top":"-200","right":"0","bottom":"0","left":"0","isLinked":""},"padding":{"unit":"%","top":"0","right":"4","bottom":"0","left":"4","isLinked":""},"z_index":"10","_timestamp_":"v1b1BCenZXN2gxUTBqb0JJSWxJTVlPZz09"},"elements":[{"id":"2e914b8","settings":{"_column_size":"100","space_between_widgets":"0","background_background":"classic","background_color":"#FFFFFF","box_shadow_box_shadow_type":"yes","box_shadow_box_shadow":{"horizontal":"0","vertical":"-5","blur":"60","spread":"0","color":"rgba(0, 0, 0, 0.08)"},"padding":{"unit":"%","top":"0","right":"0","bottom":"0","left":"0","isLinked":""},"padding_tablet":{"unit":"%","top":"5","right":"4","bottom":"6","left":"4","isLinked":""},"padding_mobile":{"unit":"%","top":"10","right":"6","bottom":"10","left":"6","isLinked":""},"margin_tablet":{"unit":"%","top":"0","right":"0","bottom":"0","left":"0","isLinked":""}},"elements":[{"id":"5b325341","settings":{"layout":"full_width","gap":"no","height_inner":"min-height","custom_height_inner":{"unit":"px","size":"162","sizes":[]},"content_position":"middle","structure":"30","margin":{"unit":"px","top":"0","right":"0","bottom":"0","left":"0","isLinked":""},"padding":{"unit":"%","top":"0","right":"4","bottom":"0","left":"4","isLinked":""}},"elements":[{"id":"ebb3c20","settings":{"_column_size":"33","_inline_size":"46.048","_inline_size_tablet":"100","padding":{"unit":"%","top":"0","right":"4","bottom":"0","left":"0","isLinked":""},"padding_tablet":{"unit":"%","top":"0","right":"0","bottom":"1","left":"0","isLinked":""}},"elements":[{"id":"54058e7","settings":{"title":"Last 20 Apartments Left!","title_color":"#001F68","typography_typography":"custom","typography_font_family":"Libre Baskerville","typography_font_size":{"unit":"px","size":"40","sizes":[]},"typography_font_size_tablet":{"unit":"px","size":"44","sizes":[]},"typography_font_size_mobile":{"unit":"px","size":"36","sizes":[]},"typography_font_weight":"normal","typography_text_transform":"capitalize","typography_font_style":"normal","typography_text_decoration":"none","typography_line_height":{"unit":"px","size":"50","sizes":[]},"typography_line_height_tablet":{"unit":"em","size":"1.4","sizes":[]},"typography_line_height_mobile":{"unit":"em","size":"1.4","sizes":[]},"_padding":{"unit":"%","top":"0","right":"0","bottom":"1","left":"0","isLinked":""},"align_tablet":"center","_padding_mobile":{"unit":"%","top":"0","right":"0","bottom":"14","left":"0","isLinked":""}},"elements":[],"isInner":false,"widgetType":"heading","elType":"widget"}],"isInner":"1","elType":"column"},{"id":"1ff3bd29","settings":{"_column_size":"33","_inline_size":"29.56","_inline_size_tablet":"100","padding":{"unit":"%","top":"0","right":"4","bottom":"0","left":"4","isLinked":""},"padding_tablet":{"unit":"%","top":"0","right":"0","bottom":"6","left":"0","isLinked":""},"padding_mobile":{"unit":"%","top":"0","right":"0","bottom":"12","left":"0","isLinked":""}},"elements":[{"id":"7b5b6eb9","settings":{"editor":"Don\u2019t miss your last chance to invest or live in the most desired buildings in Chicago","typography_typography":"custom","typography_font_family":"Montserrat","typography_font_size":{"unit":"px","size":"16","sizes":[]},"typography_font_size_tablet":{"unit":"px","size":"15","sizes":[]},"typography_font_size_mobile":{"unit":"px","size":"14","sizes":[]},"typography_font_weight":"300","typography_text_transform":"none","typography_font_style":"normal","typography_text_decoration":"none","typography_line_height":{"unit":"px","size":"25","sizes":[]},"_padding":{"unit":"%","top":"0","right":"0","bottom":"0","left":"0","isLinked":"1"},"_padding_tablet":{"unit":"%","top":"0","right":"12","bottom":"0","left":"12","isLinked":""},"align_tablet":"center","text_color":"#000000","_padding_mobile":{"unit":"px","top":"0","right":"0","bottom":"0","left":"0","isLinked":""}},"elements":[],"isInner":false,"widgetType":"text-editor","elType":"widget"}],"isInner":"1","elType":"column"},{"id":"627a67a8","settings":{"_column_size":"33","_inline_size":"24.021","_inline_size_tablet":"100","padding":{"unit":"%","top":"0","right":"0","bottom":"0","left":"4","isLinked":""},"padding_mobile":{"unit":"px","top":"0","right":"0","bottom":"0","left":"0","isLinked":""}},"elements":[{"id":"2d812b5c","settings":{"text":"Request Showing","typography_typography":"custom","typography_font_family":"Montserrat","typography_font_size":{"unit":"px","size":"16","sizes":[]},"typography_font_size_tablet":{"unit":"px","size":"15","sizes":[]},"typography_font_size_mobile":{"unit":"px","size":"14","sizes":[]},"typography_font_weight":"300","typography_text_transform":"capitalize","typography_font_style":"normal","typography_text_decoration":"none","typography_line_height":{"unit":"em","size":"1","sizes":[]},"button_text_color":"#FFFFFF","background_color":"#001F68","border_border":"solid","border_width":{"unit":"px","top":"1","right":"1","bottom":"1","left":"1","isLinked":"1"},"border_color":"#001F68","border_radius":{"unit":"px","top":"0","right":"0","bottom":"0","left":"0","isLinked":""},"text_padding":{"unit":"px","top":"16","right":"70","bottom":"16","left":"70","isLinked":""},"align_tablet":"center","hover_color":"#001F68","button_background_hover_color":"#FFFFFF","button_hover_border_color":"#001F68","align":"right","align_mobile":"justify","text_padding_mobile":{"unit":"px","top":"15","right":"40","bottom":"15","left":"40","isLinked":""},"link":{"url":"#requestform","is_external":"","nofollow":"","custom_attributes":""}},"elements":[],"isInner":false,"widgetType":"button","elType":"widget"}],"isInner":"1","elType":"column"}],"isInner":"1","elType":"section"}],"isInner":"","elType":"column"}],"isInner":"","elType":"section"},{"id":"37ed1f7","settings":{"content_width":{"unit":"px","size":"1400","sizes":[]},"gap":"no","height":"min-height","custom_height":{"unit":"px","size":"100","sizes":[]},"column_position":"stretch","content_position":"top","padding":{"unit":"%","top":"0","right":"4","bottom":"0","left":"4","isLinked":""},"padding_tablet":{"unit":"%","top":"0","right":"8","bottom":"0","left":"8","isLinked":""},"padding_mobile":{"unit":"%","top":"0","right":"6","bottom":"0","left":"6","isLinked":""},"z_index":"10","_title":"Scroll Up Icon","_timestamp_":"v1b1BCenZXN2gxUTBqb0JJSWxJTVlPZz09"},"elements":[{"id":"b7e46e1","settings":{"_column_size":"100"},"elements":[{"id":"5dfeb1b6","settings":{"selected_icon":{"value":{"id":17007,"url":"http:\/\/library.elementor.com\/lp\/wp-content\/uploads\/2021\/01\/scroll-up-arrow.svg"},"library":"svg"},"view":"stacked","shape":"square","link":{"url":"#top","is_external":"","nofollow":"","custom_attributes":""},"align":"right","primary_color":"#F9F9F9","secondary_color":"#001F68","hover_primary_color":"#001F68","hover_secondary_color":"#F9F9F9","size":{"unit":"px","size":"30","sizes":[]},"size_tablet":{"unit":"px","size":"22","sizes":[]},"icon_padding":{"unit":"px","size":"26","sizes":[]}},"elements":[],"isInner":false,"widgetType":"icon","elType":"widget"}],"isInner":"","elType":"column"}],"isInner":"","elType":"section"},{"id":"4033f817","settings":{"layout":"full_width","gap":"no","height":"min-height","custom_height":{"unit":"px","size":"455","sizes":[]},"custom_height_mobile":{"unit":"px","size":"560","sizes":[]},"column_position":"bottom","content_position":"middle","background_background":"classic","background_color":"#E4F2FA","background_image":{"id":17009,"url":"http:\/\/library.elementor.com\/lp\/wp-content\/uploads\/2021\/01\/footer-bg-img.jpg"},"background_position":"bottom center","background_position_mobile":"initial","background_xpos_mobile":{"unit":"%","size":"31","sizes":[]},"background_ypos_mobile":{"unit":"%","size":"100","sizes":[]},"background_attachment":"fixed","background_repeat":"no-repeat","background_size":"cover","background_size_tablet":"cover","background_size_mobile":"initial","background_bg_width_mobile":{"unit":"%","size":"500","sizes":[]},"margin":{"unit":"px","top":"-187","right":"0","bottom":"0","left":"0","isLinked":""},"margin_tablet":{"unit":"px","top":"-245","right":"0","bottom":"0","left":"0","isLinked":""},"margin_mobile":{"unit":"px","top":"-305","right":"0","bottom":"0","left":"0","isLinked":""},"padding":{"unit":"%","top":"0","right":"4","bottom":"0","left":"4","isLinked":""},"padding_mobile":{"unit":"%","top":"0","right":"6","bottom":"60","left":"6","isLinked":""},"_title":"Footer","html_tag":"footer","_timestamp_":"v1b1BCenZXN2gxUTBqb0JJSWxJTVlPZz09"},"elements":[{"id":"66b11283","settings":{"_column_size":"100","space_between_widgets":"0","padding":{"unit":"%","top":"0","right":"0","bottom":"2.5","left":"0","isLinked":""},"padding_tablet":{"unit":"%","top":"0","right":"0","bottom":"8","left":"0","isLinked":""},"padding_mobile":{"unit":"%","top":"16","right":"0","bottom":"0","left":"0","isLinked":""}},"elements":[{"id":"67a58473","settings":{"image":{"id":16991,"url":"http:\/\/library.elementor.com\/lp\/wp-content\/uploads\/2021\/01\/Sabay.Towers.Logo_.png"},"align":"center","width":{"unit":"px","size":"170","sizes":[]},"width_mobile":{"unit":"px","size":"155","sizes":[]},"_padding":{"unit":"%","top":"0","right":"0","bottom":"3","left":"0","isLinked":""},"_padding_tablet":{"unit":"%","top":"0","right":"0","bottom":"4","left":"0","isLinked":""},"_padding_mobile":{"unit":"%","top":"0","right":"0","bottom":"10","left":"0","isLinked":""}},"elements":[],"isInner":false,"widgetType":"image","elType":"widget"},{"id":"1750e54c","settings":{"icon_list":[{"text":"949 Farland Street Chicago, IL 60605","selected_icon":{"value":"","library":""},"_id":"c46887c"},{"text":"sabaytowers@richardson.com","selected_icon":{"value":"","library":""},"_id":"4f85571"},{"text":"773-697-1637","selected_icon":{"value":"","library":""},"_id":"1d51a7c"}],"space_between":{"unit":"px","size":"6","sizes":[]},"icon_align":"center","text_color":"#000000","icon_typography_typography":"custom","icon_typography_font_family":"Montserrat","icon_typography_font_size":{"unit":"px","size":"16","sizes":[]},"icon_typography_font_weight":"300","_padding":{"unit":"%","top":"0","right":"0","bottom":"3","left":"0","isLinked":""},"_padding_tablet":{"unit":"%","top":"0","right":"0","bottom":"4","left":"0","isLinked":""},"_padding_mobile":{"unit":"%","top":"0","right":"0","bottom":"10","left":"0","isLinked":""}},"elements":[],"isInner":false,"widgetType":"icon-list","elType":"widget"},{"id":"121b8bc","settings":{"editor":"<p>\u00a9 2021 Richardson Development Sabay Towers<\/p>","typography_typography":"custom","typography_font_family":"Montserrat","typography_font_size":{"unit":"px","size":"16","sizes":[]},"typography_font_size_tablet":{"unit":"px","size":"15","sizes":[]},"typography_font_size_mobile":{"unit":"px","size":"14","sizes":[]},"typography_font_weight":"300","typography_text_transform":"none","typography_font_style":"normal","typography_text_decoration":"none","typography_line_height":{"unit":"px","size":"25","sizes":[]},"_padding":{"unit":"%","top":"0","right":"0","bottom":"0","left":"0","isLinked":""},"_padding_tablet":{"unit":"%","top":"0","right":"0","bottom":"0","left":"0","isLinked":""},"align_tablet":"center","align":"center","text_color":"rgba(0, 0, 0, 0.5)"},"elements":[],"isInner":false,"widgetType":"text-editor","elType":"widget"}],"isInner":"","elType":"column"}],"isInner":"","elType":"section"}]}