{"version":"0.4","title":"16836","type":"page","content":[{"id":"725cee7e","settings":{"layout":"full_width","gap":"no","content_position":"middle","padding":{"unit":"%","top":"","right":"","bottom":"","left":"","isLinked":"1"},"_title":"Top Bar","_timestamp_":"v1b1BCenZXN2gxUTBqb0JJSWxJTVlPZz09"},"elements":[{"id":"7443a563","settings":{"_column_size":"100"},"elements":[{"id":"30802b6a","settings":{"layout":"full_width","gap":"no","content_position":"middle","structure":"20","margin":{"unit":"%","top":"3","right":"0","bottom":"0","left":"0","isLinked":""},"padding":{"unit":"%","top":"0","right":"8","bottom":"0","left":"8","isLinked":""},"margin_mobile":{"unit":"%","top":"6","right":"0","bottom":"0","left":"0","isLinked":""}},"elements":[{"id":"57d1f85b","settings":{"_column_size":"50","_inline_size_mobile":"50"},"elements":[{"id":"19f4797c","settings":{"image":{"id":17185,"url":"http:\/\/library.elementor.com\/lp\/wp-content\/uploads\/2021\/01\/6_Marketing_Agency-Logo.png"},"image_size":"full","align":"left","width":{"unit":"px","size":"","sizes":[]}},"elements":[],"isInner":false,"widgetType":"image","elType":"widget"}],"isInner":"1","elType":"column"},{"id":"3d4af569","settings":{"_column_size":"50","align":"flex-end","_inline_size_mobile":"50"},"elements":[{"id":"13b4164c","settings":{"title":"Call","header_size":"p","title_color":"#212121","typography_typography":"custom","typography_font_family":"Work Sans","typography_font_size":{"unit":"px","size":"16","sizes":[]},"typography_font_weight":"500","typography_text_transform":"capitalize","typography_font_style":"normal","typography_text_decoration":"none","typography_letter_spacing":{"unit":"px","size":"0","sizes":[]},"_element_width":"auto","typography_font_size_mobile":{"unit":"px","size":"14","sizes":[]}},"elements":[],"isInner":false,"widgetType":"heading","elType":"widget"},{"id":"56658f56","settings":{"text":"646-572-8793","typography_typography":"custom","typography_font_family":"Work Sans","typography_font_size":{"unit":"px","size":"16","sizes":[]},"typography_font_weight":"500","typography_font_style":"normal","typography_text_decoration":"none","typography_line_height":{"unit":"em","size":"1","sizes":[]},"typography_letter_spacing":{"unit":"px","size":"0","sizes":[]},"button_text_color":"#212121","background_color":"rgba(2, 1, 1, 0)","hover_color":"#1764FF","border_border":"solid","border_width":{"unit":"px","top":"0","right":"0","bottom":"1","left":"0","isLinked":""},"border_color":"#1764FF","border_radius":{"unit":"px","top":"0","right":"0","bottom":"0","left":"0","isLinked":""},"text_padding":{"unit":"px","top":"0","right":"0","bottom":"2","left":"0","isLinked":""},"_margin":{"unit":"px","top":"0","right":"0","bottom":"0","left":"15","isLinked":""},"_element_width":"auto","__dynamic__":{"link":"[elementor-tag id=\"614f10e\" name=\"contact-url\" settings=\"%7B%22link_type%22%3A%22tel%22%2C%22tel_number%22%3A%22646-572-8793%22%7D\"]"},"typography_font_size_mobile":{"unit":"px","size":"14","sizes":[]},"_margin_mobile":{"unit":"px","top":"0","right":"0","bottom":"0","left":"8","isLinked":""}},"elements":[],"isInner":false,"widgetType":"button","elType":"widget"}],"isInner":"1","elType":"column"}],"isInner":"1","elType":"section"},{"id":"44da42f8","settings":{"selected_icon":{"value":{"id":17187,"url":"http:\/\/library.elementor.com\/lp\/wp-content\/uploads\/2021\/01\/6_Marketing_Agency-Path_Hero.svg"},"library":"svg"},"align":"left","primary_color":"#C0C0C0","size":{"unit":"px","size":"642","sizes":[]},"_margin":{"unit":"px","top":"-232","right":"0","bottom":"-200","left":"0","isLinked":""},"_element_width":"auto","_position":"absolute","size_tablet":{"unit":"px","size":"440","sizes":[]},"size_mobile":{"unit":"px","size":"200","sizes":[]},"_margin_tablet":{"unit":"px","top":"-138","right":"0","bottom":"-130","left":"0","isLinked":""},"_margin_mobile":{"unit":"px","top":"-62","right":"0","bottom":"-68","left":"0","isLinked":""},"_animation":"fadeInLeft","animation_duration":"slow"},"elements":[],"isInner":false,"widgetType":"icon","elType":"widget"}],"isInner":"","elType":"column"}],"isInner":"","elType":"section"},{"id":"24edd6b4","settings":{"layout":"full_width","gap":"no","margin":{"unit":"%","top":"4","right":"0","bottom":"0","left":"0","isLinked":""},"padding":{"unit":"%","top":"0","right":"45","bottom":"0","left":"8","isLinked":""},"z_index":"1","margin_tablet":{"unit":"%","top":"8","right":"0","bottom":"0","left":"0","isLinked":""},"padding_tablet":{"unit":"%","top":"0","right":"30","bottom":"0","left":"8","isLinked":""},"padding_mobile":{"unit":"%","top":"0","right":"8","bottom":"0","left":"8","isLinked":""},"_title":"Hero Title","margin_mobile":{"unit":"%","top":"","right":"0","bottom":"","left":"0","isLinked":"1"},"_timestamp_":"v1b1BCenZXN2gxUTBqb0JJSWxJTVlPZz09"},"elements":[{"id":"42e9bc4d","settings":{"_column_size":"100"},"elements":[{"id":"453fa6a6","settings":{"title":"Boost Your Business With Unique Marketing Campaigns ","header_size":"h1","title_color":"#212121","typography_typography":"custom","typography_font_family":"Asar","typography_font_size":{"unit":"px","size":"64","sizes":[]},"typography_font_weight":"400","typography_text_transform":"capitalize","typography_font_style":"normal","typography_text_decoration":"none","typography_line_height":{"unit":"em","size":"1.1","sizes":[]},"typography_letter_spacing":{"unit":"px","size":"-1.07","sizes":[]},"typography_font_size_tablet":{"unit":"px","size":"44","sizes":[]},"typography_font_size_mobile":{"unit":"px","size":"32","sizes":[]}},"elements":[],"isInner":false,"widgetType":"heading","elType":"widget"},{"id":"6c034bca","settings":{"title":"Marketing agency specializing in creative monetization and business growth","header_size":"h3","title_color":"#424242","typography_typography":"custom","typography_font_family":"Work Sans","typography_font_size":{"unit":"px","size":"20","sizes":[]},"typography_font_weight":"400","typography_text_transform":"none","typography_font_style":"normal","typography_text_decoration":"none","typography_line_height":{"unit":"em","size":"1.2","sizes":[]},"typography_letter_spacing":{"unit":"px","size":"-0.5","sizes":[]},"typography_font_size_tablet":{"unit":"px","size":"18","sizes":[]},"typography_font_size_mobile":{"unit":"px","size":"16","sizes":[]}},"elements":[],"isInner":false,"widgetType":"heading","elType":"widget"}],"isInner":"","elType":"column"}],"isInner":"","elType":"section"},{"id":"5c34acd8","settings":{"layout":"full_width","gap":"no","structure":"20","margin":{"unit":"%","top":"6","right":"0","bottom":"0","left":"0","isLinked":""},"padding":{"unit":"%","top":"0","right":"0","bottom":"0","left":"8","isLinked":""},"padding_tablet":{"unit":"%","top":"","right":"","bottom":"","left":"","isLinked":"1"},"_title":"Form","overflow":"hidden","_timestamp_":"v1b1BCenZXN2gxUTBqb0JJSWxJTVlPZz09"},"elements":[{"id":"272d0871","settings":{"_column_size":"50","_inline_size":"39.983","padding":{"unit":"%","top":"0","right":"25","bottom":"0","left":"0","isLinked":""},"_inline_size_tablet":"100","margin_tablet":{"unit":"%","top":"","right":"","bottom":"","left":"","isLinked":"1"},"padding_mobile":{"unit":"%","top":"0","right":"8","bottom":"0","left":"0","isLinked":""}},"elements":[{"id":"7e79294a","settings":{"editor":"Please fill in the form, and we'll get back to\nyou with the information you need","text_color":"#212121","typography_typography":"custom","typography_font_family":"Work Sans","typography_font_size":{"unit":"px","size":"18","sizes":[]},"typography_font_weight":"400","typography_text_transform":"none","typography_font_style":"normal","typography_text_decoration":"none","typography_line_height":{"unit":"em","size":"1.4","sizes":[]},"typography_letter_spacing":{"unit":"px","size":"-0.5","sizes":[]},"typography_font_size_tablet":{"unit":"px","size":"16","sizes":[]},"typography_font_size_mobile":{"unit":"px","size":"14","sizes":[]}},"elements":[],"isInner":false,"widgetType":"text-editor","elType":"widget"},{"id":"3b99a28b","settings":{"form_name":"Contact Form","form_fields":[{"custom_id":"name","field_label":"Company","_id":"7ad1e37","rows":"4","file_sizes":"","file_types":"","allow_multiple_upload":"","max_files":"","acceptance_text":"","checked_by_default":"","field_min":"","field_max":"","min_date":"","max_date":"","use_native_date":"","use_native_time":"","previous_button":"","next_button":""},{"custom_id":"field_7a1e490","field_label":"Full Name","rows":"4","_id":"7a1e490","file_sizes":"","file_types":"","allow_multiple_upload":"","max_files":"","acceptance_text":"","checked_by_default":"","field_min":"","field_max":"","min_date":"","max_date":"","use_native_date":"","use_native_time":"","previous_button":"","next_button":""},{"custom_id":"field_db39b02","field_type":"tel","field_label":"Phone","rows":"4","_id":"db39b02","file_sizes":"","file_types":"","allow_multiple_upload":"","max_files":"","acceptance_text":"","checked_by_default":"","field_min":"","field_max":"","min_date":"","max_date":"","use_native_date":"","use_native_time":"","previous_button":"","next_button":""},{"custom_id":"email","field_type":"email","required":"true","field_label":"Email","_id":"4df885f","rows":"4","file_sizes":"","file_types":"","allow_multiple_upload":"","max_files":"","acceptance_text":"","checked_by_default":"","field_min":"","field_max":"","min_date":"","max_date":"","use_native_date":"","use_native_time":"","previous_button":"","next_button":""}],"button_align":"start","step_next_label":"Next","step_previous_label":"Previous","button_text":"Send","email_content":"[all-fields]","email_content_2":"[all-fields]","success_message":"The form was sent successfully.","error_message":"An error occured.","required_field_message":"This field is required.","invalid_message":"There's something wrong. The form is invalid.","column_gap":{"unit":"px","size":"30","sizes":[]},"row_gap":{"unit":"px","size":"30","sizes":[]},"label_color":"#212121","label_typography_typography":"custom","label_typography_font_family":"Work Sans","label_typography_font_size":{"unit":"px","size":"14","sizes":[]},"label_typography_font_weight":"400","label_typography_text_transform":"capitalize","label_typography_font_style":"normal","label_typography_text_decoration":"none","label_typography_letter_spacing":{"unit":"px","size":"-0.5","sizes":[]},"field_background_color":"","field_border_color":"#666666","field_border_width":{"unit":"px","top":"0","right":"0","bottom":"1","left":"0","isLinked":""},"field_border_radius":{"unit":"px","top":"0","right":"0","bottom":"0","left":"0","isLinked":""},"button_typography_typography":"custom","button_typography_font_family":"Asar","button_typography_font_size":{"unit":"px","size":"16","sizes":[]},"button_typography_font_weight":"400","button_typography_text_transform":"capitalize","button_typography_font_style":"normal","button_typography_text_decoration":"none","button_typography_line_height":{"unit":"em","size":"1","sizes":[]},"button_typography_letter_spacing":{"unit":"px","size":"0","sizes":[]},"button_border_border":"solid","button_border_width":{"unit":"px","top":"1","right":"1","bottom":"1","left":"1","isLinked":"1"},"button_background_color":"#1764FF","button_border_color":"#1764FF","button_background_hover_color":"rgba(2, 1, 1, 0)","button_hover_color":"#212121","button_border_radius":{"unit":"px","top":"0","right":"0","bottom":"0","left":"0","isLinked":""},"button_text_padding":{"unit":"px","top":"15","right":"50","bottom":"15","left":"50","isLinked":""},"message_typography_typography":"custom","message_typography_font_family":"Work Sans","message_typography_font_size":{"unit":"px","size":"18","sizes":[]},"message_typography_font_size_tablet":{"unit":"px","size":"16","sizes":[]},"message_typography_font_weight":"400","message_typography_text_transform":"none","message_typography_font_style":"normal","message_typography_text_decoration":"none","message_typography_line_height":{"unit":"em","size":"1.4","sizes":[]},"message_typography_letter_spacing":{"unit":"px","size":"-0.5","sizes":[]},"success_message_color":"#212121","error_message_color":"#212121","inline_message_color":"#212121","message_typography_font_size_mobile":{"unit":"px","size":"14","sizes":[]}},"elements":[],"isInner":false,"widgetType":"form","elType":"widget"}],"isInner":"","elType":"column"},{"id":"67fdefd8","settings":{"_column_size":"50","_inline_size":"60.026","space_between_widgets":"0","_inline_size_tablet":"100","margin_tablet":{"unit":"%","top":"10","right":"0","bottom":"0","left":"0","isLinked":""}},"elements":[{"id":"6bcab0db","settings":{"bg_image":{"id":17189,"url":"http:\/\/library.elementor.com\/lp\/wp-content\/uploads\/2021\/01\/6_Marketing_Agency-Hero.jpg"},"bg_image_size":"full","title":"","description":"","button":"","min-height":{"unit":"vh","size":"","sizes":[]},"image_min_height":{"unit":"vh","size":"70","sizes":[]},"_margin":{"unit":"%","top":"0","right":"16","bottom":"0","left":"0","isLinked":""},"image_min_height_tablet":{"unit":"vh","size":"45","sizes":[]},"image_min_height_mobile":{"unit":"vh","size":"30","sizes":[]},"transformation":"","overlay_color_hover":"rgba(23, 100, 255, 0)","bg_filters_hover_saturate":{"unit":"px","size":"0","sizes":[]},"_margin_tablet":{"unit":"%","top":"0","right":"8","bottom":"0","left":"0","isLinked":""},"graphic_image":{"id":"17143","url":"http:\/\/library.elementor.com\/lp\/wp-content\/uploads\/2021\/01\/placeholder-2.png"}},"elements":[],"isInner":false,"widgetType":"call-to-action","elType":"widget"},{"id":"23437799","settings":{"selected_icon":{"value":{"id":17191,"url":"http:\/\/library.elementor.com\/lp\/wp-content\/uploads\/2021\/01\/6_Marketing_Agency-Path_Hero-2.svg"},"library":"svg"},"align":"right","primary_color":"#1764FF","size":{"unit":"px","size":"452","sizes":[]},"_z_index":"1","_element_width":"auto","_position":"absolute","_offset_orientation_h":"end","_offset_orientation_v":"end","_offset_y":{"unit":"px","size":"100","sizes":[]},"_offset_y_end":{"unit":"%","size":"0","sizes":[]},"size_tablet":{"unit":"px","size":"300","sizes":[]},"size_mobile":{"unit":"px","size":"128","sizes":[]},"motion_fx_blur_effect":"yes","motion_fx_blur_range":{"unit":"%","size":"","sizes":{"start":"20","end":"35"}},"_animation":"fadeInRight","animation_duration":"slow","_animation_delay":"200"},"elements":[],"isInner":false,"widgetType":"icon","elType":"widget"}],"isInner":"","elType":"column"}],"isInner":"","elType":"section"},{"id":"117c6826","settings":{"layout":"full_width","gap":"no","content_position":"middle","structure":"20","margin":{"unit":"%","top":"15","right":"0","bottom":"0","left":"0","isLinked":""},"padding":{"unit":"%","top":"0","right":"8","bottom":"0","left":"0","isLinked":""},"margin_tablet":{"unit":"%","top":"25","right":"0","bottom":"0","left":"0","isLinked":""},"margin_mobile":{"unit":"%","top":"35","right":"0","bottom":"0","left":"0","isLinked":""},"_title":"Quotation","reverse_order_tablet":"reverse-tablet","reverse_order_mobile":"reverse-mobile","_timestamp_":"v1b1BCenZXN2gxUTBqb0JJSWxJTVlPZz09"},"elements":[{"id":"28254f81","settings":{"_column_size":"50","_inline_size":"59.953","_inline_size_tablet":"100","space_between_widgets":"0","margin_tablet":{"unit":"%","top":"10","right":"0","bottom":"0","left":"0","isLinked":""}},"elements":[{"id":"7d2e860c","settings":{"bg_image":{"id":17193,"url":"http:\/\/library.elementor.com\/lp\/wp-content\/uploads\/2021\/01\/6_Marketing_Agency-Quotation.jpg"},"bg_image_size":"full","title":"","description":"","button":"","min-height":{"unit":"vh","size":"","sizes":[]},"image_min_height":{"unit":"vh","size":"50","sizes":[]},"_margin":{"unit":"%","top":"0","right":"0","bottom":"0","left":"16","isLinked":""},"image_min_height_tablet":{"unit":"vh","size":"35","sizes":[]},"image_min_height_mobile":{"unit":"vh","size":"25","sizes":[]},"transformation":"","overlay_color_hover":"rgba(23, 100, 255, 0)","bg_filters_hover_saturate":{"unit":"px","size":"0","sizes":[]},"_margin_tablet":{"unit":"%","top":"0","right":"0","bottom":"0","left":"8","isLinked":""},"graphic_image":{"id":"17143","url":"http:\/\/library.elementor.com\/lp\/wp-content\/uploads\/2021\/01\/placeholder-2.png"}},"elements":[],"isInner":false,"widgetType":"call-to-action","elType":"widget"},{"id":"66ab8eb3","settings":{"selected_icon":{"value":{"id":17195,"url":"http:\/\/library.elementor.com\/lp\/wp-content\/uploads\/2021\/01\/6_Marketing_Agency-Path_Quotation.svg"},"library":"svg"},"align":"left","primary_color":"#212121","size":{"unit":"px","size":"355","sizes":[]},"_margin":{"unit":"px","top":"-138","right":"0","bottom":"-143","left":"0","isLinked":""},"_z_index":"1","_element_width":"auto","_position":"absolute","_offset_y":{"unit":"px","size":"-20","sizes":[]},"size_mobile":{"unit":"px","size":"176","sizes":[]},"_margin_mobile":{"unit":"px","top":"-68","right":"0","bottom":"-74","left":"0","isLinked":""},"motion_fx_blur_effect":"yes","motion_fx_blur_range":{"unit":"%","size":"","sizes":{"start":"20","end":"35"}},"_offset_y_mobile":{"unit":"px","size":"-20","sizes":[]}},"elements":[],"isInner":false,"widgetType":"icon","elType":"widget"}],"isInner":"","elType":"column"},{"id":"4d4c1037","settings":{"_column_size":"50","padding":{"unit":"%","top":"0","right":"0","bottom":"0","left":"20","isLinked":""},"_inline_size":"40.049","_inline_size_tablet":"100","margin_tablet":{"unit":"%","top":"","right":"","bottom":"","left":"","isLinked":"1"},"padding_mobile":{"unit":"%","top":"","right":"","bottom":"","left":"","isLinked":"1"},"padding_tablet":{"unit":"%","top":"0","right":"0","bottom":"0","left":"8","isLinked":""}},"elements":[{"id":"6b37510","settings":{"slides":[{"content":"EXTRA marketing agency is a top-notch digital marketing agency specializing in business growth and monetization in the B2C sector. \u2028We believe that each company should have a tailored marketing strategy that includes a marketing roadmap with a creative and bold campaign. Let us do all the hard work and increase your sales and connection to your clients throughout all media.","name":"\u201cLet us take your business to new heights\u201d","title":"Ella Mitchel, Co-Founder","_id":"b368269"}],"alignment":"left","width":{"unit":"%","size":"100","sizes":[]},"show_arrows":"","pagination":"","autoplay":"","loop":"","space_between":{"unit":"px","size":"0","sizes":[]},"slide_padding":{"unit":"px","top":"0","right":"0","bottom":"0","left":"0","isLinked":""},"content_gap":{"unit":"px","size":"35","sizes":[]},"content_color":"#212121","content_typography_typography":"custom","content_typography_font_family":"Work Sans","content_typography_font_size":{"unit":"px","size":"18","sizes":[]},"content_typography_font_weight":"400","content_typography_text_transform":"none","content_typography_font_style":"normal","content_typography_text_decoration":"none","content_typography_line_height":{"unit":"em","size":"1.3","sizes":[]},"content_typography_letter_spacing":{"unit":"px","size":"-0.5","sizes":[]},"name_color":"#1764FF","name_typography_typography":"custom","name_typography_font_family":"Work Sans","name_typography_font_size":{"unit":"px","size":"20","sizes":[]},"name_typography_font_weight":"400","name_typography_text_transform":"none","name_typography_font_style":"normal","name_typography_text_decoration":"none","name_typography_line_height":{"unit":"em","size":"2","sizes":[]},"name_typography_letter_spacing":{"unit":"px","size":"-0.33","sizes":[]},"title_color":"#424242","title_typography_typography":"custom","title_typography_font_family":"Work Sans","title_typography_font_size":{"unit":"px","size":"14","sizes":[]},"title_typography_font_weight":"400","title_typography_text_transform":"capitalize","title_typography_font_style":"normal","title_typography_text_decoration":"none","title_typography_letter_spacing":{"unit":"px","size":"0","sizes":[]},"image_size":{"unit":"px","size":"0","sizes":[]},"image_gap":{"unit":"px","size":"0","sizes":[]},"arrows_size":{"unit":"px","size":"0","sizes":[]},"pagination_size":{"unit":"px","size":"0","sizes":[]},"content_gap_mobile":{"unit":"px","size":"15","sizes":[]},"content_typography_font_size_tablet":{"unit":"px","size":"16","sizes":[]},"content_typography_font_size_mobile":{"unit":"px","size":"14","sizes":[]},"name_typography_font_size_tablet":{"unit":"px","size":"18","sizes":[]},"name_typography_font_size_mobile":{"unit":"px","size":"16","sizes":[]},"title_typography_font_size_mobile":{"unit":"px","size":"12","sizes":[]}},"elements":[],"isInner":false,"widgetType":"testimonial-carousel","elType":"widget"}],"isInner":"","elType":"column"}],"isInner":"","elType":"section"},{"id":"277d01ab","settings":{"gap":"no","content_position":"middle","structure":"20","margin":{"unit":"%","top":"15","right":"0","bottom":"0","left":"0","isLinked":""},"padding":{"unit":"%","top":"0","right":"12","bottom":"0","left":"12","isLinked":""},"layout":"full_width","margin_tablet":{"unit":"%","top":"25","right":"0","bottom":"0","left":"0","isLinked":""},"margin_mobile":{"unit":"%","top":"35","right":"0","bottom":"0","left":"0","isLinked":""},"reverse_order_tablet":"reverse-tablet","reverse_order_mobile":"reverse-mobile","_title":"Services","padding_tablet":{"unit":"%","top":"0","right":"8","bottom":"0","left":"8","isLinked":""},"_timestamp_":"v1b1BCenZXN2gxUTBqb0JJSWxJTVlPZz09"},"elements":[{"id":"791be7f9","settings":{"_column_size":"50","_inline_size":"59.962","_inline_size_tablet":"100","margin_tablet":{"unit":"%","top":"10","right":"0","bottom":"0","left":"0","isLinked":""}},"elements":[{"id":"540eaa40","settings":{"layout":"full_width","structure":"30","margin":{"unit":"px","top":"0","right":"0","bottom":"0","left":"0","isLinked":""},"gap":"no"},"elements":[{"id":"4a589e37","settings":{"_column_size":"33","_inline_size_mobile":"50","animation":"fadeIn"},"elements":[{"id":"5be34211","settings":{"selected_icon":{"value":{"id":17197,"url":"http:\/\/library.elementor.com\/lp\/wp-content\/uploads\/2021\/01\/6_Marketing_Agency-Social_Digital_Media.svg"},"library":"svg"},"title_text":"social &amp; digital<br>media","description_text":"","title_size":"h4","primary_color":"#1764FF","icon_space":{"unit":"px","size":"28","sizes":[]},"icon_size":{"unit":"px","size":"100","sizes":[]},"title_color":"#212121","title_typography_typography":"custom","title_typography_font_family":"Asar","title_typography_font_size":{"unit":"px","size":"22","sizes":[]},"title_typography_font_weight":"400","title_typography_text_transform":"capitalize","title_typography_font_style":"normal","title_typography_text_decoration":"none","title_typography_line_height":{"unit":"em","size":"1.2","sizes":[]},"title_typography_letter_spacing":{"unit":"px","size":"0","sizes":[]},"hover_primary_color":"#212121","hover_animation":"sink","icon_space_mobile":{"unit":"px","size":"15","sizes":[]},"icon_size_mobile":{"unit":"px","size":"70","sizes":[]},"title_typography_font_size_tablet":{"unit":"px","size":"20","sizes":[]},"title_typography_font_size_mobile":{"unit":"px","size":"18","sizes":[]}},"elements":[],"isInner":false,"widgetType":"icon-box","elType":"widget"}],"isInner":"1","elType":"column"},{"id":"4c68c8a0","settings":{"_column_size":"33","_inline_size_mobile":"50","margin_mobile":{"unit":"%","top":"","right":"","bottom":"","left":"","isLinked":"1"},"animation":"fadeIn","animation_delay":"200"},"elements":[{"id":"1c7302d","settings":{"selected_icon":{"value":{"id":17199,"url":"http:\/\/library.elementor.com\/lp\/wp-content\/uploads\/2021\/01\/6_Marketing_Agency-BrandStrategy.svg"},"library":"svg"},"title_text":"Brand &amp;<br>Strategy","description_text":"","title_size":"h4","primary_color":"#1764FF","icon_space":{"unit":"px","size":"28","sizes":[]},"icon_size":{"unit":"px","size":"100","sizes":[]},"title_color":"#212121","title_typography_typography":"custom","title_typography_font_family":"Asar","title_typography_font_size":{"unit":"px","size":"22","sizes":[]},"title_typography_font_weight":"400","title_typography_text_transform":"capitalize","title_typography_font_style":"normal","title_typography_text_decoration":"none","title_typography_line_height":{"unit":"em","size":"1.2","sizes":[]},"title_typography_letter_spacing":{"unit":"px","size":"0","sizes":[]},"hover_primary_color":"#212121","hover_animation":"sink","icon_space_mobile":{"unit":"px","size":"15","sizes":[]},"icon_size_mobile":{"unit":"px","size":"70","sizes":[]},"title_typography_font_size_tablet":{"unit":"px","size":"20","sizes":[]},"title_typography_font_size_mobile":{"unit":"px","size":"18","sizes":[]}},"elements":[],"isInner":false,"widgetType":"icon-box","elType":"widget"}],"isInner":"1","elType":"column"},{"id":"758a3809","settings":{"_column_size":"33","margin_mobile":{"unit":"%","top":"15","right":"0","bottom":"0","left":"0","isLinked":""},"animation":"fadeIn","animation_delay":"300"},"elements":[{"id":"158700ef","settings":{"selected_icon":{"value":{"id":17201,"url":"http:\/\/library.elementor.com\/lp\/wp-content\/uploads\/2021\/01\/6_Marketing_Agency-Marketing_Automation.svg"},"library":"svg"},"title_text":"Marketing<br> Automation","description_text":"","title_size":"h4","primary_color":"#1764FF","icon_space":{"unit":"px","size":"28","sizes":[]},"icon_size":{"unit":"px","size":"100","sizes":[]},"title_color":"#212121","title_typography_typography":"custom","title_typography_font_family":"Asar","title_typography_font_size":{"unit":"px","size":"22","sizes":[]},"title_typography_font_weight":"400","title_typography_text_transform":"capitalize","title_typography_font_style":"normal","title_typography_text_decoration":"none","title_typography_line_height":{"unit":"em","size":"1.2","sizes":[]},"title_typography_letter_spacing":{"unit":"px","size":"0","sizes":[]},"hover_primary_color":"#212121","hover_animation":"sink","icon_space_mobile":{"unit":"px","size":"15","sizes":[]},"icon_size_mobile":{"unit":"px","size":"70","sizes":[]},"title_typography_font_size_tablet":{"unit":"px","size":"20","sizes":[]},"title_typography_font_size_mobile":{"unit":"px","size":"18","sizes":[]}},"elements":[],"isInner":false,"widgetType":"icon-box","elType":"widget"}],"isInner":"1","elType":"column"}],"isInner":"1","elType":"section"},{"id":"6bd6a53b","settings":{"layout":"full_width","structure":"30","margin":{"unit":"%","top":"8","right":"0","bottom":"0","left":"0","isLinked":""},"gap":"no","margin_mobile":{"unit":"%","top":"15","right":"0","bottom":"0","left":"0","isLinked":""}},"elements":[{"id":"363f167b","settings":{"_column_size":"33","_inline_size_mobile":"50","animation":"fadeIn","animation_delay":"400"},"elements":[{"id":"739c2444","settings":{"selected_icon":{"value":{"id":17203,"url":"http:\/\/library.elementor.com\/lp\/wp-content\/uploads\/2021\/01\/6_Marketing_Agency-WebsitsLandingPages.svg"},"library":"svg"},"title_text":"Website &amp;<br> Landing Pages","description_text":"","title_size":"h4","primary_color":"#1764FF","icon_space":{"unit":"px","size":"28","sizes":[]},"icon_size":{"unit":"px","size":"100","sizes":[]},"title_color":"#212121","title_typography_typography":"custom","title_typography_font_family":"Asar","title_typography_font_size":{"unit":"px","size":"22","sizes":[]},"title_typography_font_weight":"400","title_typography_text_transform":"capitalize","title_typography_font_style":"normal","title_typography_text_decoration":"none","title_typography_line_height":{"unit":"em","size":"1.2","sizes":[]},"title_typography_letter_spacing":{"unit":"px","size":"0","sizes":[]},"hover_primary_color":"#212121","hover_animation":"sink","icon_space_mobile":{"unit":"px","size":"15","sizes":[]},"icon_size_mobile":{"unit":"px","size":"70","sizes":[]},"title_typography_font_size_tablet":{"unit":"px","size":"20","sizes":[]},"title_typography_font_size_mobile":{"unit":"px","size":"18","sizes":[]}},"elements":[],"isInner":false,"widgetType":"icon-box","elType":"widget"}],"isInner":"1","elType":"column"},{"id":"7e35b962","settings":{"_column_size":"33","_inline_size_mobile":"50","margin_mobile":{"unit":"%","top":"","right":"","bottom":"","left":"","isLinked":"1"},"animation":"fadeIn","animation_delay":"500"},"elements":[{"id":"130059f2","settings":{"selected_icon":{"value":{"id":17205,"url":"http:\/\/library.elementor.com\/lp\/wp-content\/uploads\/2021\/01\/6_Marketing_Agency-Email_Marketing.svg"},"library":"svg"},"title_text":"Email <br>Marketing","description_text":"","title_size":"h4","primary_color":"#1764FF","icon_space":{"unit":"px","size":"28","sizes":[]},"icon_size":{"unit":"px","size":"100","sizes":[]},"title_color":"#212121","title_typography_typography":"custom","title_typography_font_family":"Asar","title_typography_font_size":{"unit":"px","size":"22","sizes":[]},"title_typography_font_weight":"400","title_typography_text_transform":"capitalize","title_typography_font_style":"normal","title_typography_text_decoration":"none","title_typography_line_height":{"unit":"em","size":"1.2","sizes":[]},"title_typography_letter_spacing":{"unit":"px","size":"0","sizes":[]},"hover_primary_color":"#212121","hover_animation":"sink","icon_space_mobile":{"unit":"px","size":"15","sizes":[]},"icon_size_mobile":{"unit":"px","size":"70","sizes":[]},"title_typography_font_size_tablet":{"unit":"px","size":"20","sizes":[]},"title_typography_font_size_mobile":{"unit":"px","size":"18","sizes":[]}},"elements":[],"isInner":false,"widgetType":"icon-box","elType":"widget"}],"isInner":"1","elType":"column"},{"id":"7735afa5","settings":{"_column_size":"33","margin_mobile":{"unit":"%","top":"15","right":"0","bottom":"0","left":"0","isLinked":""},"animation":"fadeIn","animation_delay":"600"},"elements":[{"id":"1248c256","settings":{"selected_icon":{"value":{"id":17207,"url":"http:\/\/library.elementor.com\/lp\/wp-content\/uploads\/2021\/01\/6_Marketing_Agency-Community_Strategy.svg"},"library":"svg"},"title_text":"Community <br>Strategy","description_text":"","title_size":"h4","primary_color":"#1764FF","icon_space":{"unit":"px","size":"28","sizes":[]},"icon_size":{"unit":"px","size":"100","sizes":[]},"title_color":"#212121","title_typography_typography":"custom","title_typography_font_family":"Asar","title_typography_font_size":{"unit":"px","size":"22","sizes":[]},"title_typography_font_weight":"400","title_typography_text_transform":"capitalize","title_typography_font_style":"normal","title_typography_text_decoration":"none","title_typography_line_height":{"unit":"em","size":"1.2","sizes":[]},"title_typography_letter_spacing":{"unit":"px","size":"0","sizes":[]},"hover_primary_color":"#212121","hover_animation":"sink","icon_space_mobile":{"unit":"px","size":"15","sizes":[]},"icon_size_mobile":{"unit":"px","size":"70","sizes":[]},"title_typography_font_size_tablet":{"unit":"px","size":"20","sizes":[]},"title_typography_font_size_mobile":{"unit":"px","size":"18","sizes":[]}},"elements":[],"isInner":false,"widgetType":"icon-box","elType":"widget"}],"isInner":"1","elType":"column"}],"isInner":"1","elType":"section"}],"isInner":"","elType":"column"},{"id":"67ca5ca8","settings":{"_column_size":"50","padding":{"unit":"%","top":"0","right":"20","bottom":"0","left":"20","isLinked":""},"_inline_size":"40.044","_inline_size_tablet":"100","margin_tablet":{"unit":"%","top":"","right":"","bottom":"","left":"","isLinked":"1"},"padding_tablet":{"unit":"%","top":"0","right":"20","bottom":"0","left":"20","isLinked":""},"padding_mobile":{"unit":"px","top":"0","right":"0","bottom":"0","left":"0","isLinked":""}},"elements":[{"id":"1487e83d","settings":{"title":"What EXTRA Can Do for You","title_color":"#212121","typography_typography":"custom","typography_font_family":"Asar","typography_font_size":{"unit":"px","size":"48","sizes":[]},"typography_font_weight":"400","typography_text_transform":"capitalize","typography_font_style":"normal","typography_text_decoration":"none","typography_line_height":{"unit":"em","size":"1.1","sizes":[]},"typography_letter_spacing":{"unit":"px","size":"-0.8","sizes":[]},"align_tablet":"center","typography_font_size_tablet":{"unit":"px","size":"38","sizes":[]},"typography_font_size_mobile":{"unit":"px","size":"28","sizes":[]}},"elements":[],"isInner":false,"widgetType":"heading","elType":"widget"},{"id":"1f0f51fc","settings":{"title":"We offer a complete set of tools for your marketing and brand strategy on the road to success","header_size":"p","title_color":"#424242","typography_typography":"custom","typography_font_family":"Work Sans","typography_font_size":{"unit":"px","size":"18","sizes":[]},"typography_font_weight":"400","typography_text_transform":"none","typography_font_style":"normal","typography_text_decoration":"none","typography_line_height":{"unit":"em","size":"1.4","sizes":[]},"typography_letter_spacing":{"unit":"px","size":"-0.5","sizes":[]},"align_tablet":"center","typography_font_size_tablet":{"unit":"px","size":"16","sizes":[]},"typography_font_size_mobile":{"unit":"px","size":"14","sizes":[]}},"elements":[],"isInner":false,"widgetType":"heading","elType":"widget"}],"isInner":"","elType":"column"}],"isInner":"","elType":"section"},{"id":"725ae470","settings":{"gap":"no","content_position":"middle","structure":"20","margin":{"unit":"%","top":"15","right":"0","bottom":"0","left":"0","isLinked":""},"padding":{"unit":"%","top":"0","right":"15","bottom":"0","left":"15","isLinked":""},"layout":"full_width","margin_tablet":{"unit":"%","top":"25","right":"0","bottom":"0","left":"0","isLinked":""},"margin_mobile":{"unit":"%","top":"35","right":"0","bottom":"0","left":"0","isLinked":""},"_title":"Clients","padding_tablet":{"unit":"%","top":"0","right":"8","bottom":"0","left":"8","isLinked":""},"_timestamp_":"v1b1BCenZXN2gxUTBqb0JJSWxJTVlPZz09"},"elements":[{"id":"3aa5648b","settings":{"_column_size":"50","padding":{"unit":"%","top":"0","right":"30","bottom":"0","left":"0","isLinked":""},"_inline_size_tablet":"100","padding_mobile":{"unit":"px","top":"0","right":"0","bottom":"0","left":"0","isLinked":""}},"elements":[{"id":"27c8b8f5","settings":{"title":"Our Customers Are Part of Our Success","title_color":"#212121","typography_typography":"custom","typography_font_family":"Asar","typography_font_size":{"unit":"px","size":"48","sizes":[]},"typography_font_weight":"400","typography_font_style":"normal","typography_text_decoration":"none","typography_line_height":{"unit":"em","size":"1.1","sizes":[]},"typography_letter_spacing":{"unit":"px","size":"-0.8","sizes":[]},"typography_font_size_tablet":{"unit":"px","size":"38","sizes":[]},"typography_font_size_mobile":{"unit":"px","size":"28","sizes":[]}},"elements":[],"isInner":false,"widgetType":"heading","elType":"widget"},{"id":"174826ab","settings":{"title":"Our clients are at the top and are the best in their fields thanks to a complete strategy we have created to increase their sales and company profits.","header_size":"p","title_color":"#424242","typography_typography":"custom","typography_font_family":"Work Sans","typography_font_size":{"unit":"px","size":"18","sizes":[]},"typography_font_weight":"400","typography_text_transform":"none","typography_font_style":"normal","typography_text_decoration":"none","typography_line_height":{"unit":"em","size":"1.4","sizes":[]},"typography_letter_spacing":{"unit":"px","size":"-0.5","sizes":[]},"typography_font_size_tablet":{"unit":"px","size":"16","sizes":[]},"typography_font_size_mobile":{"unit":"px","size":"14","sizes":[]}},"elements":[],"isInner":false,"widgetType":"heading","elType":"widget"}],"isInner":"","elType":"column"},{"id":"55db239","settings":{"_column_size":"50","padding":{"unit":"%","top":"0","right":"0","bottom":"0","left":"15","isLinked":""},"_inline_size_tablet":"100","margin_tablet":{"unit":"%","top":"10","right":"0","bottom":"0","left":"0","isLinked":""},"padding_tablet":{"unit":"px","top":"0","right":"0","bottom":"0","left":"0","isLinked":""}},"elements":[{"id":"40d9b2a0","settings":{"gallery":[{"id":17209,"url":"http:\/\/library.elementor.com\/lp\/wp-content\/uploads\/2021\/01\/6_Marketing_Agency-ClientsSection-Logo_1-28122020.png"},{"id":17211,"url":"http:\/\/library.elementor.com\/lp\/wp-content\/uploads\/2021\/01\/6_Marketing_Agency-ClientsSection-Logo_2-28122020.png"},{"id":17213,"url":"http:\/\/library.elementor.com\/lp\/wp-content\/uploads\/2021\/01\/6_Marketing_Agency-ClientsSection-Logo_3-28122020.png"},{"id":17215,"url":"http:\/\/library.elementor.com\/lp\/wp-content\/uploads\/2021\/01\/6_Marketing_Agency-ClientsSection-Logo_4-28122020.png"},{"id":17217,"url":"http:\/\/library.elementor.com\/lp\/wp-content\/uploads\/2021\/01\/6_Marketing_Agency-ClientsSection-Logo_5-28122020.png"},{"id":17219,"url":"http:\/\/library.elementor.com\/lp\/wp-content\/uploads\/2021\/01\/6_Marketing_Agency-ClientsSection-Logo_6-28122020.png"},{"id":17221,"url":"http:\/\/library.elementor.com\/lp\/wp-content\/uploads\/2021\/01\/6_Marketing_Agency-ClientsSection-Logo_7.png"},{"id":17223,"url":"http:\/\/library.elementor.com\/lp\/wp-content\/uploads\/2021\/01\/6_Marketing_Agency-ClientsSection-Logo_8.png"},{"id":17225,"url":"http:\/\/library.elementor.com\/lp\/wp-content\/uploads\/2021\/01\/6_Marketing_Agency-ClientsSection-Logo_9.png"}],"galleries":[{"gallery_title":"New Gallery","_id":"5d10c1e"}],"gallery_layout":"justified","columns":"3","link_to":"","aspect_ratio":"21:9","thumbnail_image_size":"full","show_all_galleries_label":"All","ideal_row_height":{"unit":"px","size":"50","sizes":[]},"gap":{"unit":"px","size":"70","sizes":[]},"thumbnail_image_custom_dimension":{"width":"","height":"25"},"overlay_background":"","content_padding":{"unit":"px","size":"10","sizes":[]},"lazyload":"","ideal_row_height_tablet":{"unit":"px","size":"40","sizes":[]},"ideal_row_height_mobile":{"unit":"px","size":"33","sizes":[]},"gap_tablet":{"unit":"px","size":"20","sizes":[]},"gap_mobile":{"unit":"px","size":"20","sizes":[]}},"elements":[],"isInner":false,"widgetType":"gallery","elType":"widget"}],"isInner":"","elType":"column"}],"isInner":"","elType":"section"},{"id":"1683bb5","settings":{"layout":"full_width","gap":"no","structure":"20","margin":{"unit":"%","top":"15","right":"0","bottom":"0","left":"0","isLinked":""},"padding":{"unit":"%","top":"0","right":"0","bottom":"0","left":"8","isLinked":""},"content_position":"middle","margin_tablet":{"unit":"%","top":"25","right":"0","bottom":"0","left":"0","isLinked":""},"margin_mobile":{"unit":"%","top":"35","right":"0","bottom":"0","left":"0","isLinked":""},"_title":"Testimonials","_timestamp_":"v1b1BCenZXN2gxUTBqb0JJSWxJTVlPZz09"},"elements":[{"id":"15d69bfc","settings":{"_column_size":"50","_inline_size":"39.983","padding":{"unit":"%","top":"0","right":"15","bottom":"0","left":"0","isLinked":""},"space_between_widgets":"35","_inline_size_tablet":"40","space_between_widgets_tablet":"10"},"elements":[{"id":"74e348e6","settings":{"selected_icon":{"value":{"id":17227,"url":"http:\/\/library.elementor.com\/lp\/wp-content\/uploads\/2021\/01\/6_Marketing_Agency-Quotation.svg"},"library":"svg"},"align":"left","primary_color":"#212121","size":{"unit":"px","size":"50","sizes":[]},"size_mobile":{"unit":"px","size":"40","sizes":[]}},"elements":[],"isInner":false,"widgetType":"icon","elType":"widget"},{"id":"139e4663","settings":{"blockquote_skin":"clean","alignment":"left","blockquote_content":"EXTRA came to help us at the right time and optimized our marketing and brand strategy. We truly believe we are a success because of EXTRA's guidance.","author_name":"Gary Torres, VP CYBERG ","tweet_button":"","tweet_button_label":"Tweet","content_text_color":"#212121","content_typography_typography":"custom","content_typography_font_family":"Work Sans","content_typography_font_size":{"unit":"px","size":"28","sizes":[]},"content_typography_font_weight":"400","content_typography_text_transform":"none","content_typography_font_style":"normal","content_typography_text_decoration":"none","content_typography_line_height":{"unit":"em","size":"1.3","sizes":[]},"content_typography_letter_spacing":{"unit":"px","size":"-0.5","sizes":[]},"content_gap":{"unit":"px","size":"35","sizes":[]},"author_typography_typography":"custom","author_typography_font_family":"Work Sans","author_typography_font_size":{"unit":"px","size":"20","sizes":[]},"author_typography_font_weight":"400","author_typography_text_transform":"none","author_typography_font_style":"normal","author_typography_text_decoration":"none","author_typography_letter_spacing":{"unit":"px","size":"-0.5","sizes":[]},"border_color":"#000","content_typography_font_size_tablet":{"unit":"px","size":"22","sizes":[]},"content_typography_font_size_mobile":{"unit":"px","size":"20","sizes":[]},"content_gap_tablet":{"unit":"px","size":"20","sizes":[]},"author_typography_font_size_tablet":{"unit":"px","size":"18","sizes":[]},"author_typography_font_size_mobile":{"unit":"px","size":"16","sizes":[]}},"elements":[],"isInner":false,"widgetType":"blockquote","elType":"widget"}],"isInner":"","elType":"column"},{"id":"ad48f88","settings":{"_column_size":"50","_inline_size":"60.026","space_between_widgets":"0","_inline_size_tablet":"60","margin_mobile":{"unit":"%","top":"10","right":"0","bottom":"0","left":"0","isLinked":""}},"elements":[{"id":"57ef1d40","settings":{"bg_image":{"id":17229,"url":"http:\/\/library.elementor.com\/lp\/wp-content\/uploads\/2021\/01\/6_Marketing_Agency-Testimonials.jpg"},"bg_image_size":"full","title":"","description":"","button":"","min-height":{"unit":"vh","size":"","sizes":[]},"image_min_height":{"unit":"vh","size":"50","sizes":[]},"_margin":{"unit":"%","top":"0","right":"16","bottom":"0","left":"0","isLinked":""},"image_min_height_tablet":{"unit":"vh","size":"35","sizes":[]},"image_min_height_mobile":{"unit":"vh","size":"","sizes":[]},"graphic_image":{"id":"17143","url":"http:\/\/library.elementor.com\/lp\/wp-content\/uploads\/2021\/01\/placeholder-2.png"}},"elements":[],"isInner":false,"widgetType":"call-to-action","elType":"widget"},{"id":"1a1e7279","settings":{"selected_icon":{"value":{"id":17231,"url":"http:\/\/library.elementor.com\/lp\/wp-content\/uploads\/2021\/01\/6_Marketing_Agency-Path_Testimonials.svg"},"library":"svg"},"align":"right","primary_color":"#212121","size":{"unit":"px","size":"397","sizes":[]},"_margin":{"unit":"px","top":"0","right":"0","bottom":"0","left":"0","isLinked":""},"_element_width":"auto","_position":"absolute","_offset_orientation_h":"end","_offset_orientation_v":"end","size_tablet":{"unit":"px","size":"180","sizes":[]},"size_mobile":{"unit":"px","size":"133","sizes":[]},"motion_fx_blur_effect":"yes","motion_fx_blur_range":{"unit":"%","size":"","sizes":{"start":"20","end":"35"}}},"elements":[],"isInner":false,"widgetType":"icon","elType":"widget"}],"isInner":"","elType":"column"}],"isInner":"","elType":"section"},{"id":"3ba66c04","settings":{"gap":"no","structure":"20","margin":{"unit":"%","top":"15","right":"0","bottom":"0","left":"0","isLinked":""},"padding":{"unit":"%","top":"0","right":"15","bottom":"0","left":"0","isLinked":""},"layout":"full_width","margin_tablet":{"unit":"%","top":"25","right":"0","bottom":"0","left":"0","isLinked":""},"margin_mobile":{"unit":"%","top":"35","right":"0","bottom":"0","left":"0","isLinked":""},"padding_tablet":{"unit":"%","top":"0","right":"8","bottom":"0","left":"0","isLinked":""},"_title":"CTA","_timestamp_":"v1b1BCenZXN2gxUTBqb0JJSWxJTVlPZz09"},"elements":[{"id":"32f58333","settings":{"_column_size":"50","padding":{"unit":"%","top":"","right":"","bottom":"","left":"","isLinked":"1"},"_inline_size":"60.017","_inline_size_tablet":"100"},"elements":[{"id":"5eec4e09","settings":{"selected_icon":{"value":{"id":17233,"url":"http:\/\/library.elementor.com\/lp\/wp-content\/uploads\/2021\/01\/6_Marketing_Agency-Path_CTAFooter.svg"},"library":"svg"},"align":"left","primary_color":"#C0C0C0","size":{"unit":"px","size":"600","sizes":[]},"_margin":{"unit":"px","top":"-247","right":"0","bottom":"-252","left":"0","isLinked":""},"_element_width":"auto","_position":"absolute","_offset_y":{"unit":"px","size":"-20","sizes":[]},"size_tablet":{"unit":"px","size":"300","sizes":[]},"_margin_tablet":{"unit":"px","top":"-123","right":"0","bottom":"-129","left":"0","isLinked":""},"_offset_y_tablet":{"unit":"px","size":"0","sizes":[]}},"elements":[],"isInner":false,"widgetType":"icon","elType":"widget"},{"id":"485b480a","settings":{"layout":"full_width","gap":"no","margin":{"unit":"px","top":"0","right":"0","bottom":"0","left":"0","isLinked":""},"padding":{"unit":"%","top":"0","right":"0","bottom":"0","left":"30","isLinked":""},"z_index":"1","padding_tablet":{"unit":"%","top":"0","right":"0","bottom":"0","left":"8","isLinked":""}},"elements":[{"id":"23a0d8d7","settings":{"_column_size":"100"},"elements":[{"id":"799f2ca8","settings":{"title":"Let\u2019s Make a Splash Together and Create a Winning Marketing Strategy for You","title_color":"#212121","typography_typography":"custom","typography_font_family":"Asar","typography_font_size":{"unit":"px","size":"48","sizes":[]},"typography_font_weight":"400","typography_font_style":"normal","typography_text_decoration":"none","typography_line_height":{"unit":"em","size":"1.1","sizes":[]},"typography_letter_spacing":{"unit":"px","size":"-0.8","sizes":[]},"typography_font_size_tablet":{"unit":"px","size":"38","sizes":[]},"typography_font_size_mobile":{"unit":"px","size":"28","sizes":[]}},"elements":[],"isInner":false,"widgetType":"heading","elType":"widget"},{"id":"738c427","settings":{"title":"Get a free consultation on how to grow your marketing presence","header_size":"p","title_color":"#424242","typography_typography":"custom","typography_font_family":"Work Sans","typography_font_size":{"unit":"px","size":"18","sizes":[]},"typography_font_weight":"400","typography_text_transform":"none","typography_font_style":"normal","typography_text_decoration":"none","typography_line_height":{"unit":"em","size":"1.4","sizes":[]},"typography_letter_spacing":{"unit":"px","size":"-0.5","sizes":[]},"typography_font_size_tablet":{"unit":"px","size":"16","sizes":[]},"typography_font_size_mobile":{"unit":"px","size":"14","sizes":[]}},"elements":[],"isInner":false,"widgetType":"heading","elType":"widget"}],"isInner":"1","elType":"column"}],"isInner":"1","elType":"section"}],"isInner":"","elType":"column"},{"id":"17b192bf","settings":{"_column_size":"50","padding":{"unit":"%","top":"0","right":"20","bottom":"0","left":"20","isLinked":""},"_inline_size":"39.976","_inline_size_tablet":"100","margin_tablet":{"unit":"%","top":"10","right":"0","bottom":"0","left":"0","isLinked":""},"padding_tablet":{"unit":"%","top":"0","right":"40","bottom":"0","left":"8","isLinked":""},"padding_mobile":{"unit":"%","top":"0","right":"0","bottom":"0","left":"8","isLinked":""}},"elements":[{"id":"31c790dc","settings":{"form_name":"Contact Form","form_fields":[{"custom_id":"name","field_label":"Company","_id":"7ad1e37","rows":"4","file_sizes":"","file_types":"","allow_multiple_upload":"","max_files":"","acceptance_text":"","checked_by_default":"","field_min":"","field_max":"","min_date":"","max_date":"","use_native_date":"","use_native_time":"","previous_button":"","next_button":""},{"custom_id":"field_7a1e490","field_label":"Full Name","rows":"4","_id":"7a1e490","file_sizes":"","file_types":"","allow_multiple_upload":"","max_files":"","acceptance_text":"","checked_by_default":"","field_min":"","field_max":"","min_date":"","max_date":"","use_native_date":"","use_native_time":"","previous_button":"","next_button":""},{"custom_id":"field_db39b02","field_type":"tel","field_label":"Phone","rows":"4","_id":"db39b02","file_sizes":"","file_types":"","allow_multiple_upload":"","max_files":"","acceptance_text":"","checked_by_default":"","field_min":"","field_max":"","min_date":"","max_date":"","use_native_date":"","use_native_time":"","previous_button":"","next_button":""},{"custom_id":"email","field_type":"email","required":"true","field_label":"Email","_id":"4df885f","rows":"4","file_sizes":"","file_types":"","allow_multiple_upload":"","max_files":"","acceptance_text":"","checked_by_default":"","field_min":"","field_max":"","min_date":"","max_date":"","use_native_date":"","use_native_time":"","previous_button":"","next_button":""}],"button_align":"start","step_next_label":"Next","step_previous_label":"Previous","button_text":"Send","email_content":"[all-fields]","email_content_2":"[all-fields]","success_message":"The form was sent successfully.","error_message":"An error occured.","required_field_message":"This field is required.","invalid_message":"There's something wrong. The form is invalid.","column_gap":{"unit":"px","size":"30","sizes":[]},"row_gap":{"unit":"px","size":"30","sizes":[]},"label_color":"#212121","label_typography_typography":"custom","label_typography_font_family":"Work Sans","label_typography_font_size":{"unit":"px","size":"14","sizes":[]},"label_typography_font_weight":"400","label_typography_text_transform":"capitalize","label_typography_font_style":"normal","label_typography_text_decoration":"none","label_typography_letter_spacing":{"unit":"px","size":"-0.5","sizes":[]},"field_background_color":"","field_border_color":"#666666","field_border_width":{"unit":"px","top":"0","right":"0","bottom":"1","left":"0","isLinked":""},"field_border_radius":{"unit":"px","top":"0","right":"0","bottom":"0","left":"0","isLinked":""},"button_typography_typography":"custom","button_typography_font_family":"Asar","button_typography_font_size":{"unit":"px","size":"16","sizes":[]},"button_typography_font_weight":"400","button_typography_text_transform":"capitalize","button_typography_font_style":"normal","button_typography_text_decoration":"none","button_typography_line_height":{"unit":"em","size":"1","sizes":[]},"button_typography_letter_spacing":{"unit":"px","size":"0","sizes":[]},"button_border_border":"solid","button_border_width":{"unit":"px","top":"1","right":"1","bottom":"1","left":"1","isLinked":"1"},"button_background_color":"#1764FF","button_border_color":"#1764FF","button_background_hover_color":"rgba(2, 1, 1, 0)","button_hover_color":"#212121","button_border_radius":{"unit":"px","top":"0","right":"0","bottom":"0","left":"0","isLinked":""},"button_text_padding":{"unit":"px","top":"15","right":"50","bottom":"15","left":"50","isLinked":""},"message_typography_typography":"custom","message_typography_font_family":"Work Sans","message_typography_font_size":{"unit":"px","size":"18","sizes":[]},"message_typography_font_size_tablet":{"unit":"px","size":"16","sizes":[]},"message_typography_font_weight":"400","message_typography_text_transform":"none","message_typography_font_style":"normal","message_typography_text_decoration":"none","message_typography_line_height":{"unit":"em","size":"1.4","sizes":[]},"message_typography_letter_spacing":{"unit":"px","size":"-0.5","sizes":[]},"success_message_color":"#212121","error_message_color":"#212121","inline_message_color":"#212121","message_typography_font_size_mobile":{"unit":"px","size":"14","sizes":[]}},"elements":[],"isInner":false,"widgetType":"form","elType":"widget"}],"isInner":"","elType":"column"}],"isInner":"","elType":"section"},{"id":"7aff6c5b","settings":{"layout":"full_width","gap":"no","content_position":"middle","structure":"20","padding":{"unit":"%","top":"0","right":"8","bottom":"0","left":"8","isLinked":""},"margin":{"unit":"%","top":"12","right":"0","bottom":"2","left":"0","isLinked":""},"margin_mobile":{"unit":"%","top":"25","right":"0","bottom":"4","left":"0","isLinked":""},"_title":"Footer","_timestamp_":"v1b1BCenZXN2gxUTBqb0JJSWxJTVlPZz09"},"elements":[{"id":"7c1c330","settings":{"_column_size":"50","border_border":"solid","border_width":{"unit":"px","top":"1","right":"0","bottom":"0","left":"0","isLinked":""},"border_color":"#212121","padding":{"unit":"%","top":"3","right":"0","bottom":"0","left":"0","isLinked":""},"_inline_size_mobile":"50"},"elements":[{"id":"32f7639e","settings":{"title":"Find Us","header_size":"p","title_color":"#212121","typography_typography":"custom","typography_font_family":"Work Sans","typography_font_size":{"unit":"px","size":"16","sizes":[]},"typography_font_weight":"500","typography_text_transform":"capitalize","typography_font_style":"normal","typography_text_decoration":"none","typography_letter_spacing":{"unit":"px","size":"0","sizes":[]},"_element_width":"auto","typography_font_size_tablet":{"unit":"px","size":"14","sizes":[]}},"elements":[],"isInner":false,"widgetType":"heading","elType":"widget"},{"id":"414e4691","settings":{"social_icon_list":[{"social_icon":{"value":"fab fa-facebook-f","library":"fa-brands"},"_id":"3c15a3e"},{"social_icon":{"value":"fab fa-twitter","library":"fa-brands"},"_id":"386cbf5"}],"align":"left","icon_color":"custom","icon_primary_color":"rgba(255, 255, 255, 0)","icon_secondary_color":"#1764FF","icon_size":{"unit":"px","size":"20","sizes":[]},"icon_padding":{"unit":"em","size":"0","sizes":[]},"icon_spacing":{"unit":"px","size":"20","sizes":[]},"hover_secondary_color":"#212121","_margin":{"unit":"px","top":"0","right":"0","bottom":"0","left":"15","isLinked":""},"_element_width":"auto","icon_size_tablet":{"unit":"px","size":"15","sizes":[]},"icon_spacing_tablet":{"unit":"px","size":"15","sizes":[]},"_margin_mobile":{"unit":"px","top":"0","right":"0","bottom":"0","left":"8","isLinked":""}},"elements":[],"isInner":false,"widgetType":"social-icons","elType":"widget"}],"isInner":"","elType":"column"},{"id":"59587b38","settings":{"_column_size":"50","align":"flex-end","border_border":"solid","border_width":{"unit":"px","top":"1","right":"0","bottom":"0","left":"0","isLinked":""},"border_color":"#212121","padding":{"unit":"%","top":"3","right":"0","bottom":"0","left":"0","isLinked":""},"_inline_size_mobile":"50"},"elements":[{"id":"5656701a","settings":{"title":"Call","header_size":"p","title_color":"#212121","typography_typography":"custom","typography_font_family":"Work Sans","typography_font_size":{"unit":"px","size":"16","sizes":[]},"typography_font_weight":"500","typography_text_transform":"capitalize","typography_font_style":"normal","typography_text_decoration":"none","typography_letter_spacing":{"unit":"px","size":"0","sizes":[]},"_element_width":"auto","typography_font_size_tablet":{"unit":"px","size":"14","sizes":[]}},"elements":[],"isInner":false,"widgetType":"heading","elType":"widget"},{"id":"7d5edf51","settings":{"text":"646-572-8793","typography_typography":"custom","typography_font_family":"Work Sans","typography_font_size":{"unit":"px","size":"16","sizes":[]},"typography_font_weight":"500","typography_font_style":"normal","typography_text_decoration":"none","typography_line_height":{"unit":"em","size":"1","sizes":[]},"typography_letter_spacing":{"unit":"px","size":"0","sizes":[]},"button_text_color":"#212121","background_color":"rgba(2, 1, 1, 0)","hover_color":"#1764FF","border_width":{"unit":"px","top":"0","right":"0","bottom":"1","left":"0","isLinked":""},"border_color":"#1764FF","border_radius":{"unit":"px","top":"0","right":"0","bottom":"0","left":"0","isLinked":""},"text_padding":{"unit":"px","top":"0","right":"0","bottom":"2","left":"0","isLinked":""},"_margin":{"unit":"px","top":"0","right":"0","bottom":"0","left":"15","isLinked":""},"_element_width":"auto","__dynamic__":{"link":"[elementor-tag id=\"614f10e\" name=\"contact-url\" settings=\"%7B%22link_type%22%3A%22tel%22%2C%22tel_number%22%3A%22646-572-8793%22%7D\"]"},"typography_font_size_tablet":{"unit":"px","size":"14","sizes":[]},"_margin_mobile":{"unit":"px","top":"0","right":"0","bottom":"0","left":"8","isLinked":""},"border_border":"solid"},"elements":[],"isInner":false,"widgetType":"button","elType":"widget"}],"isInner":"","elType":"column"}],"isInner":"","elType":"section"}]}