{"version":"0.4","title":"16868","type":"page","content":[{"id":"4b118f14","settings":{"layout":"full_width","gap":"no","height":"min-height","custom_height":{"unit":"vh","size":"100","sizes":[]},"column_position":"stretch","content_position":"top","_title":"Hero Section","custom_height_tablet":{"unit":"vh","size":"85","sizes":[]},"overflow":"hidden","custom_height_mobile":{"unit":"vh","size":"100","sizes":[]},"_timestamp_":"v1b1BCenZXN2gxUTBqb0JJSWxJTVlPZz09"},"elements":[{"id":"1c337838","settings":{"_column_size":"100"},"elements":[{"id":"73d2211c","settings":{"content_width":{"unit":"px","size":"1700","sizes":[]},"gap":"no","custom_height_inner":{"unit":"px","size":"643","sizes":[]},"content_position":"middle","structure":"20","margin":{"unit":"px","top":"","right":"0","bottom":"","left":"0","isLinked":"1"},"padding":{"unit":"%","top":"3.5","right":"4","bottom":"0","left":"4","isLinked":""},"z_index":"10","padding_tablet":{"unit":"%","top":"10","right":"4","bottom":"0","left":"4","isLinked":""},"padding_mobile":{"unit":"%","top":"17","right":"6","bottom":"0","left":"6","isLinked":""},"html_tag":"header"},"elements":[{"id":"8c03879","settings":{"_column_size":"50","_inline_size":"41.824","border_border":"solid","border_width":{"unit":"px","top":"0","right":"2","bottom":"0","left":"0","isLinked":""},"border_color":"#7EC7D6","padding":{"unit":"px","top":"0","right":"18","bottom":"0","left":"0","isLinked":""},"_inline_size_tablet":"100","border_width_tablet":{"unit":"px","top":"0","right":"0","bottom":"0","left":"0","isLinked":""},"padding_tablet":{"unit":"%","top":"0","right":"0","bottom":"2","left":"0","isLinked":""},"padding_mobile":{"unit":"%","top":"0","right":"0","bottom":"4","left":"0","isLinked":""}},"elements":[{"id":"5193f0c2","settings":{"image":{"id":16940,"url":"http:\/\/library.elementor.com\/lp\/wp-content\/uploads\/2021\/01\/optive-logo.png"},"align":"right","width":{"unit":"px","size":"150","sizes":[]},"_margin":{"unit":"px","top":"-2","right":"0","bottom":"0","left":"0","isLinked":""},"align_tablet":"center","width_tablet":{"unit":"px","size":"130","sizes":[]}},"elements":[],"isInner":false,"widgetType":"image","elType":"widget"}],"isInner":"1","elType":"column"},{"id":"52d62626","settings":{"_column_size":"50","_inline_size":"58.176","padding":{"unit":"px","top":"0","right":"0","bottom":"0","left":"18","isLinked":""},"_inline_size_tablet":"100","padding_tablet":{"unit":"px","top":"0","right":"0","bottom":"0","left":"0","isLinked":""}},"elements":[{"id":"1ca8c3fd","settings":{"title":"Virtual Assistant Providers","header_size":"h5","title_color":"#3B5A78","typography_typography":"custom","typography_font_family":"Montserrat","typography_font_size":{"unit":"px","size":"20","sizes":[]},"typography_font_weight":"300","typography_text_transform":"uppercase","typography_font_style":"normal","typography_text_decoration":"none","typography_line_height":{"unit":"em","size":"1","sizes":[]},"typography_letter_spacing":{"unit":"px","size":"3","sizes":[]},"align_tablet":"center","typography_font_size_tablet":{"unit":"px","size":"18","sizes":[]},"typography_font_size_mobile":{"unit":"px","size":"16","sizes":[]},"typography_line_height_tablet":{"unit":"em","size":"1.4","sizes":[]}},"elements":[],"isInner":false,"widgetType":"heading","elType":"widget"}],"isInner":"1","elType":"column"}],"isInner":"1","elType":"section"},{"id":"6e2f1e11","settings":{"content_width":{"unit":"px","size":"1160","sizes":[]},"gap":"no","custom_height_inner":{"unit":"px","size":"643","sizes":[]},"content_position":"middle","margin":{"unit":"px","top":"","right":"0","bottom":"","left":"0","isLinked":"1"},"padding":{"unit":"%","top":"8","right":"4","bottom":"0","left":"4","isLinked":""},"z_index":"10","padding_tablet":{"unit":"%","top":"20","right":"4","bottom":"0","left":"4","isLinked":""},"padding_mobile":{"unit":"%","top":"22","right":"6","bottom":"0","left":"6","isLinked":""}},"elements":[{"id":"3198f3ca","settings":{"_column_size":"100","align":"center","space_between_widgets":"0","padding":{"unit":"px","top":"0","right":"0","bottom":"0","left":"0","isLinked":""}},"elements":[{"id":"44d61f6e","settings":{"title":"OPTIVE will do the job for you","header_size":"h4","align":"center","title_color":"#66E5FF","typography_typography":"custom","typography_font_family":"Montserrat","typography_font_size":{"unit":"px","size":"20","sizes":[]},"typography_font_weight":"normal","typography_font_style":"normal","typography_text_decoration":"none","typography_line_height":{"unit":"px","size":"24","sizes":[]},"typography_letter_spacing":{"unit":"px","size":"3","sizes":[]},"_padding":{"unit":"%","top":"0","right":"0","bottom":"3","left":"0","isLinked":""},"_padding_tablet":{"unit":"%","top":"0","right":"0","bottom":"4","left":"0","isLinked":""},"_padding_mobile":{"unit":"%","top":"0","right":"0","bottom":"6","left":"0","isLinked":""}},"elements":[],"isInner":false,"widgetType":"heading","elType":"widget"},{"id":"38fee1bc","settings":{"title":"We can do virtually anything for your business!","header_size":"h1","align":"center","title_color":"#FFFFFF","typography_typography":"custom","typography_font_family":"Montserrat","typography_font_size":{"unit":"px","size":"120","sizes":[]},"typography_font_weight":"300","typography_font_style":"normal","typography_text_decoration":"none","typography_line_height":{"unit":"px","size":"110","sizes":[]},"typography_letter_spacing":{"unit":"px","size":"0","sizes":[]},"_padding":{"unit":"%","top":"0","right":"0","bottom":"6","left":"0","isLinked":""},"typography_font_size_tablet":{"unit":"px","size":"60","sizes":[]},"typography_line_height_tablet":{"unit":"em","size":"1.1","sizes":[]},"text_shadow_text_shadow_type":"yes","text_shadow_text_shadow":{"horizontal":"0","vertical":"0","blur":"11","color":"#0A1C2E"},"typography_font_size_mobile":{"unit":"px","size":"34","sizes":[]},"typography_text_transform":"none","typography_line_height_mobile":{"unit":"em","size":"1.2","sizes":[]},"_padding_tablet":{"unit":"%","top":"0","right":"0","bottom":"8","left":"0","isLinked":""},"_padding_mobile":{"unit":"%","top":"0","right":"0","bottom":"12","left":"0","isLinked":""},"_animation":"fadeIn","animation_duration":"slow"},"elements":[],"isInner":false,"widgetType":"heading","elType":"widget"},{"id":"eeab689","settings":{"text":"Let\u2019s work together","align":"center","icon_indent":{"unit":"px","size":"0","sizes":[]},"typography_typography":"custom","typography_font_family":"Montserrat","typography_font_size":{"unit":"px","size":"20","sizes":[]},"typography_font_weight":"600","typography_text_transform":"none","typography_font_style":"normal","typography_text_decoration":"none","typography_line_height":{"unit":"em","size":"1","sizes":[]},"button_text_color":"#0A1C2E","background_color":"#66E5FF","hover_color":"#66E5FF","button_background_hover_color":"rgba(255, 255, 255, 0)","button_hover_border_color":"#66E5FF","border_border":"solid","border_width":{"unit":"px","top":"2","right":"2","bottom":"2","left":"2","isLinked":"1"},"border_color":"#66E5FF","border_radius":{"unit":"px","top":"31","right":"31","bottom":"31","left":"31","isLinked":"1"},"text_padding":{"unit":"px","top":"19","right":"37","bottom":"19","left":"37","isLinked":""},"typography_font_size_tablet":{"unit":"px","size":"18","sizes":[]},"typography_font_size_mobile":{"unit":"px","size":"16","sizes":[]},"typography_letter_spacing_mobile":{"unit":"px","size":"0.5","sizes":[]}},"elements":[],"isInner":false,"widgetType":"button","elType":"widget"}],"isInner":"1","elType":"column"}],"isInner":"1","elType":"section"},{"id":"78a8fea6","settings":{"selected_icon":{"value":{"id":16942,"url":"http:\/\/library.elementor.com\/lp\/wp-content\/uploads\/2021\/01\/hero-Oval-small.svg"},"library":"svg"},"align":"","primary_color":"#202E40","size":{"unit":"px","size":"320","sizes":[]},"border_width":{"unit":"px","top":"1","right":"1","bottom":"1","left":"1","isLinked":"1"},"_element_width":"auto","_position":"absolute","_offset_y_end":{"unit":"%","size":"-10.5","sizes":[]},"size_tablet":{"unit":"px","size":"150","sizes":[]},"_offset_x":{"unit":"%","size":"20","sizes":[]},"_offset_x_tablet":{"unit":"%","size":"10","sizes":[]},"_offset_x_end":{"unit":"%","size":"61.5","sizes":[]},"_offset_x_end_tablet":{"unit":"%","size":"69","sizes":[]},"_offset_y":{"unit":"%","size":"-13","sizes":[]},"_offset_y_tablet":{"unit":"%","size":"-5","sizes":[]},"size_mobile":{"unit":"px","size":"100","sizes":[]},"motion_fx_translateX_direction":"negative","motion_fx_translateX_speed":{"unit":"px","size":"1","sizes":[]},"_animation":"slideInLeft","animation_duration":"fast","_animation_delay":"100"},"elements":[],"isInner":false,"widgetType":"icon","elType":"widget"},{"id":"29c9db48","settings":{"selected_icon":{"value":{"id":16944,"url":"http:\/\/library.elementor.com\/lp\/wp-content\/uploads\/2021\/01\/hero-Oval-Right.svg"},"library":"svg"},"primary_color":"#66E5FF","size":{"unit":"px","size":"550","sizes":[]},"border_width":{"unit":"px","top":"1","right":"1","bottom":"1","left":"1","isLinked":"1"},"_element_width":"auto","_position":"absolute","_offset_orientation_h":"end","_offset_y_end":{"unit":"%","size":"6","sizes":[]},"size_tablet":{"unit":"px","size":"190","sizes":[]},"size_mobile":{"unit":"px","size":"110","sizes":[]}},"elements":[],"isInner":false,"widgetType":"icon","elType":"widget"},{"id":"1318fdb9","settings":{"selected_icon":{"value":{"id":16946,"url":"http:\/\/library.elementor.com\/lp\/wp-content\/uploads\/2021\/01\/hero-Oval-left.svg"},"library":"svg"},"align":"","primary_color":"#66E5FF","size":{"unit":"px","size":"550","sizes":[]},"border_width":{"unit":"px","top":"1","right":"1","bottom":"1","left":"1","isLinked":"1"},"_element_width":"auto","_position":"absolute","_offset_orientation_v":"end","_offset_y_end":{"unit":"%","size":"6","sizes":[]},"size_tablet":{"unit":"px","size":"250","sizes":[]},"_element_custom_width":{"unit":"%","size":"12","sizes":[]},"size_mobile":{"unit":"px","size":"110","sizes":[]},"_offset_y_end_mobile":{"unit":"%","size":"2","sizes":[]}},"elements":[],"isInner":false,"widgetType":"icon","elType":"widget"},{"id":"25be88ee","settings":{"selected_icon":{"value":{"id":16942,"url":"http:\/\/library.elementor.com\/lp\/wp-content\/uploads\/2021\/01\/hero-Oval-small.svg"},"library":"svg"},"align":"","primary_color":"#202E40","size":{"unit":"px","size":"320","sizes":[]},"border_width":{"unit":"px","top":"1","right":"1","bottom":"1","left":"1","isLinked":"1"},"_element_width":"auto","_position":"absolute","_offset_orientation_v":"end","_offset_y_end":{"unit":"%","size":"-10.5","sizes":[]},"size_tablet":{"unit":"px","size":"150","sizes":[]},"_offset_orientation_h":"end","_offset_x_end":{"unit":"%","size":"14","sizes":[]},"_offset_x_end_tablet":{"unit":"%","size":"","sizes":[]},"_offset_y_end_tablet":{"unit":"%","size":"-5","sizes":[]},"size_mobile":{"unit":"px","size":"100","sizes":[]},"_animation":"slideInRight","_offset_y_end_mobile":{"unit":"%","size":"-5","sizes":[]},"animation_duration":"slow","_animation_delay":"200"},"elements":[],"isInner":false,"widgetType":"icon","elType":"widget"}],"isInner":"","elType":"column"}],"isInner":"","elType":"section"},{"id":"792874b7","settings":{"content_width":{"unit":"px","size":"1700","sizes":[]},"gap":"no","background_background":"classic","background_color":"#1A2636","padding":{"unit":"%","top":"12","right":"4","bottom":"14","left":"4","isLinked":""},"padding_tablet":{"unit":"%","top":"14","right":"4","bottom":"16","left":"4","isLinked":""},"padding_mobile":{"unit":"%","top":"26","right":"6","bottom":"26","left":"6","isLinked":""},"z_index":"10","_title":"What Will You Get from Optive","_timestamp_":"v1b1BCenZXN2gxUTBqb0JJSWxJTVlPZz09"},"elements":[{"id":"3e181736","settings":{"_column_size":"100"},"elements":[{"id":"740386fb","settings":{"content_width":{"unit":"px","size":"886","sizes":[]},"gap":"no","margin":{"unit":"%","top":"0","right":"0","bottom":"10","left":"0","isLinked":""},"margin_tablet":{"unit":"%","top":"0","right":"0","bottom":"14","left":"0","isLinked":""},"margin_mobile":{"unit":"%","top":"0","right":"0","bottom":"30","left":"0","isLinked":""},"padding_tablet":{"unit":"%","top":"0","right":"4","bottom":"0","left":"4","isLinked":""},"padding_mobile":{"unit":"px","top":"0","right":"0","bottom":"0","left":"0","isLinked":""}},"elements":[{"id":"534b6301","settings":{"_column_size":"100","space_between_widgets":"0"},"elements":[{"id":"66c00d5b","settings":{"title":"What will you get from OPTIVE's professional virtual assistants?","align":"center","title_color":"#FFFFFF","typography_typography":"custom","typography_font_family":"Montserrat","typography_font_size":{"unit":"px","size":"40","sizes":[]},"typography_font_weight":"300","typography_font_style":"normal","typography_text_decoration":"none","typography_line_height":{"unit":"px","size":"49","sizes":[]},"typography_letter_spacing":{"unit":"px","size":"0","sizes":[]},"_padding":{"unit":"%","top":"0","right":"0","bottom":"0","left":"0","isLinked":""},"typography_font_size_tablet":{"unit":"px","size":"30","sizes":[]},"typography_line_height_tablet":{"unit":"em","size":"1.3","sizes":[]},"text_shadow_text_shadow":{"horizontal":"0","vertical":"0","blur":"11","color":"#0A1C2E"},"typography_font_size_mobile":{"unit":"px","size":"20","sizes":[]},"typography_text_transform":"none","typography_line_height_mobile":{"unit":"em","size":"1.3","sizes":[]},"_padding_tablet":{"unit":"%","top":"0","right":"0","bottom":"0","left":"0","isLinked":""},"_padding_mobile":{"unit":"%","top":"0","right":"0","bottom":"0","left":"0","isLinked":""},"_animation":"fadeIn","_animation_tablet":"none","animation_duration":"fast"},"elements":[],"isInner":false,"widgetType":"heading","elType":"widget"},{"id":"ff39304","settings":{"width":{"unit":"px","size":"68","sizes":[]},"align":"center","text":"Divider","color":"#66E5FF","weight":{"unit":"px","size":"3.5","sizes":[]},"gap":{"unit":"px","size":"25","sizes":[]},"gap_tablet":{"unit":"px","size":"30","sizes":[]},"_animation":"fadeIn","_animation_tablet":"none","_animation_delay":"200"},"elements":[],"isInner":false,"widgetType":"divider","elType":"widget"},{"id":"2e0bd9d9","settings":{"editor":"<p>We are here to help you grow your business without any worries. We will deal with all your office assignments and provide you with complete support for all your business needs.<\/p>","align":"center","text_color":"#FFFFFF","typography_typography":"custom","typography_font_family":"Montserrat","typography_font_size":{"unit":"px","size":"16","sizes":[]},"typography_font_size_tablet":{"unit":"px","size":"15","sizes":[]},"typography_font_size_mobile":{"unit":"px","size":"14","sizes":[]},"typography_font_weight":"300","typography_text_transform":"none","typography_font_style":"normal","typography_text_decoration":"none","typography_line_height":{"unit":"px","size":"22","sizes":[]},"typography_line_height_tablet":{"unit":"em","size":"1.4","sizes":[]},"_animation":"fadeIn","_animation_tablet":"none","animation_duration":"slow","_animation_delay":"400"},"elements":[],"isInner":false,"widgetType":"text-editor","elType":"widget"}],"isInner":"1","elType":"column"}],"isInner":"1","elType":"section"},{"id":"14cb03c4","settings":{"content_width":{"unit":"px","size":"1700","sizes":[]},"gap":"no","structure":"30","margin":{"unit":"%","top":"0","right":"0","bottom":"6","left":"0","isLinked":""},"margin_tablet":{"unit":"%","top":"0","right":"0","bottom":"12","left":"0","isLinked":""},"margin_mobile":{"unit":"px","top":"0","right":"0","bottom":"0","left":"0","isLinked":""},"padding_tablet":{"unit":"%","top":"","right":"","bottom":"","left":"","isLinked":"1"},"padding_mobile":{"unit":"px","top":"0","right":"0","bottom":"0","left":"0","isLinked":""}},"elements":[{"id":"60bc622e","settings":{"_column_size":"33","space_between_widgets":"68","padding":{"unit":"%","top":"0","right":"44","bottom":"0","left":"0","isLinked":""},"padding_tablet":{"unit":"%","top":"0","right":"20","bottom":"0","left":"0","isLinked":""},"padding_mobile":{"unit":"%","top":"0","right":"0","bottom":"18","left":"0","isLinked":""}},"elements":[{"id":"1dd75f9b","settings":{"selected_icon":{"value":{"id":16948,"url":"http:\/\/library.elementor.com\/lp\/wp-content\/uploads\/2021\/01\/service-icon2.svg"},"library":"svg"},"title_text":"office organization","description_text":"Lorem ipsum dolor sit amet, consectetur adipiscing elit, ","primary_color":"#66E5FF","icon_space":{"unit":"px","size":"40","sizes":[]},"icon_space_tablet":{"unit":"px","size":"36","sizes":[]},"icon_size":{"unit":"px","size":"55","sizes":[]},"icon_size_tablet":{"unit":"px","size":"48","sizes":[]},"text_align":"center","title_bottom_space":{"unit":"px","size":"24","sizes":[]},"title_color":"#66E5FF","title_typography_typography":"custom","title_typography_font_family":"Montserrat","title_typography_font_size":{"unit":"px","size":"20","sizes":[]},"title_typography_font_size_tablet":{"unit":"px","size":"18","sizes":[]},"title_typography_font_weight":"300","title_typography_text_transform":"uppercase","title_typography_font_style":"normal","title_typography_text_decoration":"none","description_color":"#FFFFFF","description_typography_typography":"custom","description_typography_font_family":"Montserrat","description_typography_font_size":{"unit":"px","size":"16","sizes":[]},"description_typography_font_size_tablet":{"unit":"px","size":"14","sizes":[]},"description_typography_font_weight":"300","description_typography_text_transform":"none","description_typography_font_style":"normal","description_typography_text_decoration":"none","description_typography_line_height":{"unit":"px","size":"22","sizes":[]},"description_typography_line_height_tablet":{"unit":"em","size":"1.4","sizes":[]},"_margin":{"unit":"px","top":"0","right":"0","bottom":"0","left":"0","isLinked":""}},"elements":[],"isInner":false,"widgetType":"icon-box","elType":"widget"}],"isInner":"1","elType":"column"},{"id":"28b4f3c1","settings":{"_column_size":"33","space_between_widgets":"68","padding":{"unit":"%","top":"0","right":"22","bottom":"0","left":"22","isLinked":""},"padding_tablet":{"unit":"%","top":"0","right":"10","bottom":"0","left":"10","isLinked":""},"padding_mobile":{"unit":"%","top":"0","right":"0","bottom":"18","left":"0","isLinked":""}},"elements":[{"id":"6bb76997","settings":{"selected_icon":{"value":{"id":16950,"url":"http:\/\/library.elementor.com\/lp\/wp-content\/uploads\/2021\/01\/service-icon.svg"},"library":"svg"},"title_text":"scheduling meetings","description_text":"Lorem ipsum dolor sit amet, consectetur adipiscing elit, ","primary_color":"#66E5FF","icon_space":{"unit":"px","size":"40","sizes":[]},"icon_space_tablet":{"unit":"px","size":"36","sizes":[]},"icon_size":{"unit":"px","size":"55","sizes":[]},"icon_size_tablet":{"unit":"px","size":"48","sizes":[]},"text_align":"center","title_bottom_space":{"unit":"px","size":"24","sizes":[]},"title_color":"#66E5FF","title_typography_typography":"custom","title_typography_font_family":"Montserrat","title_typography_font_size":{"unit":"px","size":"20","sizes":[]},"title_typography_font_size_tablet":{"unit":"px","size":"18","sizes":[]},"title_typography_font_weight":"300","title_typography_text_transform":"uppercase","title_typography_font_style":"normal","title_typography_text_decoration":"none","description_color":"#FFFFFF","description_typography_typography":"custom","description_typography_font_family":"Montserrat","description_typography_font_size":{"unit":"px","size":"16","sizes":[]},"description_typography_font_size_tablet":{"unit":"px","size":"14","sizes":[]},"description_typography_font_weight":"300","description_typography_text_transform":"none","description_typography_font_style":"normal","description_typography_text_decoration":"none","description_typography_line_height":{"unit":"px","size":"22","sizes":[]},"description_typography_line_height_tablet":{"unit":"em","size":"1.4","sizes":[]},"_margin":{"unit":"px","top":"0","right":"0","bottom":"0","left":"0","isLinked":""}},"elements":[],"isInner":false,"widgetType":"icon-box","elType":"widget"}],"isInner":"1","elType":"column"},{"id":"42735893","settings":{"_column_size":"33","space_between_widgets":"68","padding":{"unit":"%","top":"0","right":"0","bottom":"0","left":"44","isLinked":""},"padding_tablet":{"unit":"%","top":"0","right":"0","bottom":"0","left":"20","isLinked":""},"padding_mobile":{"unit":"%","top":"0","right":"0","bottom":"18","left":"0","isLinked":""}},"elements":[{"id":"7ac0581a","settings":{"selected_icon":{"value":{"id":16952,"url":"http:\/\/library.elementor.com\/lp\/wp-content\/uploads\/2021\/01\/service-icon5.svg"},"library":"svg"},"title_text":"OFFICE COMMUNICATION","description_text":"Lorem ipsum dolor sit amet, consectetur adipiscing elit, ","primary_color":"#66E5FF","icon_space":{"unit":"px","size":"40","sizes":[]},"icon_space_tablet":{"unit":"px","size":"36","sizes":[]},"icon_size":{"unit":"px","size":"55","sizes":[]},"icon_size_tablet":{"unit":"px","size":"48","sizes":[]},"text_align":"center","title_bottom_space":{"unit":"px","size":"24","sizes":[]},"title_color":"#66E5FF","title_typography_typography":"custom","title_typography_font_family":"Montserrat","title_typography_font_size":{"unit":"px","size":"20","sizes":[]},"title_typography_font_size_tablet":{"unit":"px","size":"18","sizes":[]},"title_typography_font_weight":"300","title_typography_text_transform":"uppercase","title_typography_font_style":"normal","title_typography_text_decoration":"none","description_color":"#FFFFFF","description_typography_typography":"custom","description_typography_font_family":"Montserrat","description_typography_font_size":{"unit":"px","size":"16","sizes":[]},"description_typography_font_size_tablet":{"unit":"px","size":"14","sizes":[]},"description_typography_font_weight":"300","description_typography_text_transform":"none","description_typography_font_style":"normal","description_typography_text_decoration":"none","description_typography_line_height":{"unit":"px","size":"22","sizes":[]},"description_typography_line_height_tablet":{"unit":"em","size":"1.4","sizes":[]},"_margin":{"unit":"px","top":"0","right":"0","bottom":"0","left":"0","isLinked":""}},"elements":[],"isInner":false,"widgetType":"icon-box","elType":"widget"}],"isInner":"1","elType":"column"}],"isInner":"1","elType":"section"},{"id":"b6f802e","settings":{"content_width":{"unit":"px","size":"1700","sizes":[]},"gap":"no","structure":"30","margin":{"unit":"%","top":"0","right":"0","bottom":"0","left":"0","isLinked":""},"padding_tablet":{"unit":"%","top":"","right":"","bottom":"","left":"","isLinked":"1"},"padding_mobile":{"unit":"px","top":"0","right":"0","bottom":"0","left":"0","isLinked":""}},"elements":[{"id":"c9beec2","settings":{"_column_size":"33","space_between_widgets":"68","padding":{"unit":"%","top":"0","right":"44","bottom":"0","left":"0","isLinked":""},"padding_tablet":{"unit":"%","top":"0","right":"20","bottom":"0","left":"0","isLinked":""},"padding_mobile":{"unit":"%","top":"0","right":"0","bottom":"18","left":"0","isLinked":""}},"elements":[{"id":"6065e307","settings":{"selected_icon":{"value":{"id":16954,"url":"http:\/\/library.elementor.com\/lp\/wp-content\/uploads\/2021\/01\/service-icon4.svg"},"library":"svg"},"title_text":"Social Media","description_text":"Lorem ipsum dolor sit amet, consectetur adipiscing elit, ","primary_color":"#66E5FF","icon_space":{"unit":"px","size":"40","sizes":[]},"icon_space_tablet":{"unit":"px","size":"36","sizes":[]},"icon_size":{"unit":"px","size":"55","sizes":[]},"icon_size_tablet":{"unit":"px","size":"48","sizes":[]},"text_align":"center","title_bottom_space":{"unit":"px","size":"24","sizes":[]},"title_color":"#66E5FF","title_typography_typography":"custom","title_typography_font_family":"Montserrat","title_typography_font_size":{"unit":"px","size":"20","sizes":[]},"title_typography_font_size_tablet":{"unit":"px","size":"18","sizes":[]},"title_typography_font_weight":"300","title_typography_text_transform":"uppercase","title_typography_font_style":"normal","title_typography_text_decoration":"none","description_color":"#FFFFFF","description_typography_typography":"custom","description_typography_font_family":"Montserrat","description_typography_font_size":{"unit":"px","size":"16","sizes":[]},"description_typography_font_size_tablet":{"unit":"px","size":"14","sizes":[]},"description_typography_font_weight":"300","description_typography_text_transform":"none","description_typography_font_style":"normal","description_typography_text_decoration":"none","description_typography_line_height":{"unit":"px","size":"22","sizes":[]},"description_typography_line_height_tablet":{"unit":"em","size":"1.4","sizes":[]},"_margin":{"unit":"px","top":"0","right":"0","bottom":"0","left":"0","isLinked":""}},"elements":[],"isInner":false,"widgetType":"icon-box","elType":"widget"}],"isInner":"1","elType":"column"},{"id":"373125f2","settings":{"_column_size":"33","space_between_widgets":"68","padding":{"unit":"%","top":"0","right":"22","bottom":"0","left":"22","isLinked":""},"padding_tablet":{"unit":"%","top":"0","right":"10","bottom":"0","left":"10","isLinked":""},"padding_mobile":{"unit":"%","top":"0","right":"0","bottom":"18","left":"0","isLinked":""}},"elements":[{"id":"17e86134","settings":{"selected_icon":{"value":{"id":16956,"url":"http:\/\/library.elementor.com\/lp\/wp-content\/uploads\/2021\/01\/service-icon3.svg"},"library":"svg"},"title_text":"Recruiting","description_text":"Lorem ipsum dolor sit amet, consectetur adipiscing elit, ","primary_color":"#66E5FF","icon_space":{"unit":"px","size":"40","sizes":[]},"icon_space_tablet":{"unit":"px","size":"36","sizes":[]},"icon_size":{"unit":"px","size":"55","sizes":[]},"icon_size_tablet":{"unit":"px","size":"48","sizes":[]},"text_align":"center","title_bottom_space":{"unit":"px","size":"24","sizes":[]},"title_color":"#66E5FF","title_typography_typography":"custom","title_typography_font_family":"Montserrat","title_typography_font_size":{"unit":"px","size":"20","sizes":[]},"title_typography_font_size_tablet":{"unit":"px","size":"18","sizes":[]},"title_typography_font_weight":"300","title_typography_text_transform":"uppercase","title_typography_font_style":"normal","title_typography_text_decoration":"none","description_color":"#FFFFFF","description_typography_typography":"custom","description_typography_font_family":"Montserrat","description_typography_font_size":{"unit":"px","size":"16","sizes":[]},"description_typography_font_size_tablet":{"unit":"px","size":"14","sizes":[]},"description_typography_font_weight":"300","description_typography_text_transform":"none","description_typography_font_style":"normal","description_typography_text_decoration":"none","description_typography_line_height":{"unit":"px","size":"22","sizes":[]},"description_typography_line_height_tablet":{"unit":"em","size":"1.4","sizes":[]},"_margin":{"unit":"px","top":"0","right":"0","bottom":"0","left":"0","isLinked":""}},"elements":[],"isInner":false,"widgetType":"icon-box","elType":"widget"}],"isInner":"1","elType":"column"},{"id":"7ae4b14f","settings":{"_column_size":"33","space_between_widgets":"68","padding":{"unit":"%","top":"0","right":"0","bottom":"0","left":"44","isLinked":""},"padding_tablet":{"unit":"%","top":"0","right":"0","bottom":"0","left":"20","isLinked":""},"padding_mobile":{"unit":"px","top":"0","right":"0","bottom":"0","left":"0","isLinked":""}},"elements":[{"id":"2e179a2f","settings":{"selected_icon":{"value":{"id":16958,"url":"http:\/\/library.elementor.com\/lp\/wp-content\/uploads\/2021\/01\/service-icon6.svg"},"library":"svg"},"title_text":"Event planning","description_text":"Lorem ipsum dolor sit amet, consectetur adipiscing elit, ","primary_color":"#66E5FF","icon_space":{"unit":"px","size":"40","sizes":[]},"icon_space_tablet":{"unit":"px","size":"36","sizes":[]},"icon_size":{"unit":"px","size":"55","sizes":[]},"icon_size_tablet":{"unit":"px","size":"48","sizes":[]},"text_align":"center","title_bottom_space":{"unit":"px","size":"24","sizes":[]},"title_color":"#66E5FF","title_typography_typography":"custom","title_typography_font_family":"Montserrat","title_typography_font_size":{"unit":"px","size":"20","sizes":[]},"title_typography_font_size_tablet":{"unit":"px","size":"18","sizes":[]},"title_typography_font_weight":"300","title_typography_text_transform":"uppercase","title_typography_font_style":"normal","title_typography_text_decoration":"none","description_color":"#FFFFFF","description_typography_typography":"custom","description_typography_font_family":"Montserrat","description_typography_font_size":{"unit":"px","size":"16","sizes":[]},"description_typography_font_size_tablet":{"unit":"px","size":"14","sizes":[]},"description_typography_font_weight":"300","description_typography_text_transform":"none","description_typography_font_style":"normal","description_typography_text_decoration":"none","description_typography_line_height":{"unit":"px","size":"22","sizes":[]},"description_typography_line_height_tablet":{"unit":"em","size":"1.4","sizes":[]},"_margin":{"unit":"px","top":"0","right":"0","bottom":"0","left":"0","isLinked":""}},"elements":[],"isInner":false,"widgetType":"icon-box","elType":"widget"}],"isInner":"1","elType":"column"}],"isInner":"1","elType":"section"}],"isInner":"","elType":"column"}],"isInner":"","elType":"section"},{"id":"177c58eb","settings":{"layout":"full_width","gap":"no","height":"min-height","custom_height":{"unit":"vh","size":"70","sizes":[]},"column_position":"stretch","content_position":"middle","_title":"CEO quate","custom_height_tablet":{"unit":"vh","size":"65","sizes":[]},"overflow":"hidden","custom_height_mobile":{"unit":"vh","size":"100","sizes":[]},"_timestamp_":"v1b1BCenZXN2gxUTBqb0JJSWxJTVlPZz09"},"elements":[{"id":"571cc8c9","settings":{"_column_size":"100"},"elements":[{"id":"2e558702","settings":{"content_width":{"unit":"px","size":"1060","sizes":[]},"gap":"no","custom_height_inner":{"unit":"px","size":"643","sizes":[]},"content_position":"middle","margin":{"unit":"px","top":"","right":"0","bottom":"","left":"0","isLinked":"1"},"padding":{"unit":"%","top":"0","right":"4","bottom":"0","left":"4","isLinked":""},"z_index":"10","padding_tablet":{"unit":"%","top":"0","right":"4","bottom":"0","left":"4","isLinked":""},"padding_mobile":{"unit":"%","top":"0","right":"6","bottom":"0","left":"6","isLinked":""}},"elements":[{"id":"5c204382","settings":{"_column_size":"100","align":"center","space_between_widgets":"0","padding":{"unit":"px","top":"0","right":"0","bottom":"0","left":"0","isLinked":""}},"elements":[{"id":"394f97f7","settings":{"selected_icon":{"value":{"id":16960,"url":"http:\/\/library.elementor.com\/lp\/wp-content\/uploads\/2021\/01\/quate-icon.svg"},"library":"svg"},"primary_color":"#FFFFFF","size":{"unit":"px","size":"44","sizes":[]},"size_tablet":{"unit":"px","size":"40","sizes":[]},"_padding":{"unit":"%","top":"0","right":"0","bottom":"3","left":"0","isLinked":""}},"elements":[],"isInner":false,"widgetType":"icon","elType":"widget"},{"id":"e699707","settings":{"testimonial_content":"\u201cHelping business to grow is our main business mission. We aim to reduce the discords and friction of day-to-day office problems and solve them quickly and efficiently.\u201d","testimonial_image":{"id":16962,"url":"http:\/\/library.elementor.com\/lp\/wp-content\/uploads\/2021\/01\/CEO-pic.jpg"},"testimonial_name":" Alex Moore - CEO OPTIVE","testimonial_job":"","content_content_color":"#66E5FF","content_typography_typography":"custom","content_typography_font_family":"Montserrat","content_typography_font_size":{"unit":"px","size":"40","sizes":[]},"content_typography_font_size_tablet":{"unit":"px","size":"30","sizes":[]},"content_typography_font_size_mobile":{"unit":"px","size":"26","sizes":[]},"content_typography_font_weight":"300","content_typography_text_transform":"none","content_typography_font_style":"normal","content_typography_text_decoration":"none","content_typography_line_height":{"unit":"px","size":"49","sizes":[]},"content_typography_line_height_tablet":{"unit":"em","size":"1.4","sizes":[]},"content_typography_line_height_mobile":{"unit":"em","size":"1.2","sizes":[]},"image_size":{"unit":"px","size":"91","sizes":[]},"image_border_width":{"unit":"px","top":"16","right":"16","bottom":"16","left":"16","isLinked":"1"},"name_text_color":"#FFFFFF","name_typography_typography":"custom","name_typography_font_family":"Montserrat","name_typography_font_size":{"unit":"px","size":"16","sizes":[]},"name_typography_font_size_tablet":{"unit":"px","size":"15","sizes":[]},"name_typography_font_weight":"300","name_typography_text_transform":"capitalize","name_typography_font_style":"normal","name_typography_text_decoration":"none","name_typography_line_height":{"unit":"em","size":"8","sizes":[]}},"elements":[],"isInner":false,"widgetType":"testimonial","elType":"widget"}],"isInner":"1","elType":"column"}],"isInner":"1","elType":"section"},{"id":"404845e8","settings":{"selected_icon":{"value":{"id":16942,"url":"http:\/\/library.elementor.com\/lp\/wp-content\/uploads\/2021\/01\/hero-Oval-small.svg"},"library":"svg"},"align":"","primary_color":"#202E40","size":{"unit":"px","size":"320","sizes":[]},"border_width":{"unit":"px","top":"1","right":"1","bottom":"1","left":"1","isLinked":"1"},"_element_width":"auto","_position":"absolute","_offset_y_end":{"unit":"%","size":"-10.5","sizes":[]},"size_tablet":{"unit":"px","size":"150","sizes":[]},"_offset_x":{"unit":"%","size":"-5","sizes":[]},"_offset_x_tablet":{"unit":"%","size":"10","sizes":[]},"_offset_x_end":{"unit":"%","size":"61.5","sizes":[]},"_offset_x_end_tablet":{"unit":"%","size":"69","sizes":[]},"_offset_y":{"unit":"%","size":"-13","sizes":[]},"_offset_y_tablet":{"unit":"%","size":"-5","sizes":[]},"size_mobile":{"unit":"px","size":"100","sizes":[]},"motion_fx_translateX_direction":"negative","motion_fx_translateX_speed":{"unit":"px","size":"1","sizes":[]},"_animation":"slideInLeft","animation_duration":"fast"},"elements":[],"isInner":false,"widgetType":"icon","elType":"widget"},{"id":"26f25220","settings":{"selected_icon":{"value":{"id":16964,"url":"http:\/\/library.elementor.com\/lp\/wp-content\/uploads\/2021\/01\/small_Oval.svg"},"library":"svg"},"primary_color":"#202E40","size":{"unit":"px","size":"91","sizes":[]},"border_width":{"unit":"px","top":"1","right":"1","bottom":"1","left":"1","isLinked":"1"},"_element_width":"auto","_position":"absolute","_offset_orientation_h":"end","_offset_y_end":{"unit":"%","size":"6","sizes":[]},"size_tablet":{"unit":"px","size":"80","sizes":[]},"size_mobile":{"unit":"px","size":"70","sizes":[]},"_offset_x_end":{"unit":"%","size":"22","sizes":[]},"_offset_x_end_mobile":{"unit":"%","size":"6","sizes":[]},"_offset_y":{"unit":"%","size":"12","sizes":[]},"_offset_y_mobile":{"unit":"%","size":"6","sizes":[]},"motion_fx_motion_fx_scrolling":"yes","motion_fx_translateY_effect":"yes","motion_fx_translateY_speed":{"unit":"px","size":"1.5","sizes":[]}},"elements":[],"isInner":false,"widgetType":"icon","elType":"widget"},{"id":"2f21567d","settings":{"selected_icon":{"value":{"id":16964,"url":"http:\/\/library.elementor.com\/lp\/wp-content\/uploads\/2021\/01\/small_Oval.svg"},"library":"svg"},"align":"","primary_color":"#202E40","size":{"unit":"px","size":"91","sizes":[]},"border_width":{"unit":"px","top":"1","right":"1","bottom":"1","left":"1","isLinked":"1"},"_element_width":"auto","_position":"absolute","_offset_orientation_v":"end","_offset_y_end":{"unit":"%","size":"9","sizes":[]},"size_tablet":{"unit":"px","size":"80","sizes":[]},"_element_custom_width":{"unit":"%","size":"12","sizes":[]},"size_mobile":{"unit":"px","size":"70","sizes":[]},"_offset_x":{"unit":"%","size":"9","sizes":[]},"_offset_x_mobile":{"unit":"%","size":"-8","sizes":[]},"_offset_y_end_mobile":{"unit":"%","size":"2","sizes":[]},"motion_fx_motion_fx_scrolling":"yes","motion_fx_translateY_effect":"yes","motion_fx_translateY_direction":"negative","motion_fx_translateY_speed":{"unit":"px","size":"2.5","sizes":[]}},"elements":[],"isInner":false,"widgetType":"icon","elType":"widget"},{"id":"6029b64b","settings":{"selected_icon":{"value":{"id":16942,"url":"http:\/\/library.elementor.com\/lp\/wp-content\/uploads\/2021\/01\/hero-Oval-small.svg"},"library":"svg"},"align":"","primary_color":"#202E40","size":{"unit":"px","size":"320","sizes":[]},"border_width":{"unit":"px","top":"1","right":"1","bottom":"1","left":"1","isLinked":"1"},"_element_width":"auto","_position":"absolute","_offset_orientation_v":"end","_offset_y_end":{"unit":"%","size":"-10.5","sizes":[]},"size_tablet":{"unit":"px","size":"150","sizes":[]},"_offset_orientation_h":"end","_offset_x_end":{"unit":"%","size":"-6","sizes":[]},"_offset_x_end_tablet":{"unit":"%","size":"","sizes":[]},"_offset_y_end_tablet":{"unit":"%","size":"-5","sizes":[]},"size_mobile":{"unit":"px","size":"100","sizes":[]},"_animation":"slideInRight","_offset_y_end_mobile":{"unit":"%","size":"-5","sizes":[]},"animation_duration":"slow","_animation_delay":"200"},"elements":[],"isInner":false,"widgetType":"icon","elType":"widget"}],"isInner":"","elType":"column"}],"isInner":"","elType":"section"},{"id":"750bc34f","settings":{"content_width":{"unit":"px","size":"1700","sizes":[]},"gap":"no","background_background":"classic","background_color":"#1A2636","padding":{"unit":"%","top":"6","right":"4","bottom":"14","left":"4","isLinked":""},"padding_tablet":{"unit":"%","top":"14","right":"4","bottom":"16","left":"4","isLinked":""},"padding_mobile":{"unit":"%","top":"26","right":"6","bottom":"26","left":"6","isLinked":""},"z_index":"10","_title":"Optive Trusted Clients","_timestamp_":"v1b1BCenZXN2gxUTBqb0JJSWxJTVlPZz09"},"elements":[{"id":"6dedeeb9","settings":{"_column_size":"100"},"elements":[{"id":"25e67b1f","settings":{"content_width":{"unit":"px","size":"590","sizes":[]},"gap":"no","margin":{"unit":"%","top":"0","right":"0","bottom":"10","left":"0","isLinked":""},"margin_tablet":{"unit":"%","top":"0","right":"0","bottom":"14","left":"0","isLinked":""},"margin_mobile":{"unit":"%","top":"0","right":"0","bottom":"20","left":"0","isLinked":""},"padding_tablet":{"unit":"%","top":"0","right":"4","bottom":"0","left":"4","isLinked":""},"padding_mobile":{"unit":"px","top":"0","right":"0","bottom":"0","left":"0","isLinked":""}},"elements":[{"id":"54dd94e7","settings":{"_column_size":"100","space_between_widgets":"0"},"elements":[{"id":"495f5a37","settings":{"title":"Learn from OPTIVE's trusted clients and loyal partners","align":"center","title_color":"#FFFFFF","typography_typography":"custom","typography_font_family":"Montserrat","typography_font_size":{"unit":"px","size":"40","sizes":[]},"typography_font_weight":"300","typography_font_style":"normal","typography_text_decoration":"none","typography_line_height":{"unit":"px","size":"49","sizes":[]},"typography_letter_spacing":{"unit":"px","size":"0","sizes":[]},"_padding":{"unit":"%","top":"0","right":"0","bottom":"0","left":"0","isLinked":""},"typography_font_size_tablet":{"unit":"px","size":"30","sizes":[]},"typography_line_height_tablet":{"unit":"em","size":"1.3","sizes":[]},"text_shadow_text_shadow":{"horizontal":"0","vertical":"0","blur":"11","color":"#0A1C2E"},"align_mobile":"left","typography_font_size_mobile":{"unit":"px","size":"20","sizes":[]},"typography_text_transform":"none","typography_line_height_mobile":{"unit":"em","size":"1.3","sizes":[]},"_padding_tablet":{"unit":"%","top":"0","right":"0","bottom":"0","left":"0","isLinked":""},"_padding_mobile":{"unit":"%","top":"0","right":"0","bottom":"0","left":"0","isLinked":""},"_animation":"fadeIn","_animation_tablet":"none","_animation_delay":"200"},"elements":[],"isInner":false,"widgetType":"heading","elType":"widget"}],"isInner":"1","elType":"column"}],"isInner":"1","elType":"section"},{"id":"69203945","settings":{"layout":"full_width","content_width":{"unit":"px","size":"1700","sizes":[]},"gap":"no","structure":"30","border_border":"solid","border_width":{"unit":"px","top":"0","right":"0","bottom":"1","left":"0","isLinked":""},"border_color":"#66E5FF","margin":{"unit":"%","top":"0","right":"0","bottom":"10","left":"0","isLinked":""},"margin_tablet":{"unit":"%","top":"0","right":"0","bottom":"12","left":"0","isLinked":""},"margin_mobile":{"unit":"px","top":"0","right":"0","bottom":"0","left":"0","isLinked":""},"padding":{"unit":"%","top":"0","right":"0","bottom":"4","left":"0","isLinked":""},"padding_tablet":{"unit":"%","top":"","right":"","bottom":"","left":"","isLinked":"1"},"padding_mobile":{"unit":"px","top":"0","right":"0","bottom":"0","left":"0","isLinked":""}},"elements":[{"id":"1113fc24","settings":{"_column_size":"33","align_mobile":"center","space_between_widgets":"68","padding":{"unit":"%","top":"0","right":"20","bottom":"0","left":"0","isLinked":""},"padding_tablet":{"unit":"%","top":"0","right":"18","bottom":"0","left":"0","isLinked":""},"padding_mobile":{"unit":"%","top":"0","right":"0","bottom":"18","left":"0","isLinked":""}},"elements":[{"id":"464ce01b","settings":{"testimonial_content":"\u201cWhat an amazing job we get from OPTIVE. Professional company with a group of incredible personal assistants. A strong recommendation.\u201d","testimonial_image":{"id":16966,"url":"http:\/\/library.elementor.com\/lp\/wp-content\/uploads\/2021\/01\/client_pic1.jpg"},"testimonial_name":"Donna Range, STRIC","testimonial_job":"","testimonial_alignment":"left","content_content_color":"#FFFFFF","content_typography_typography":"custom","content_typography_font_family":"Montserrat","content_typography_font_size":{"unit":"px","size":"16","sizes":[]},"content_typography_font_size_tablet":{"unit":"px","size":"15","sizes":[]},"content_typography_font_weight":"300","content_typography_text_transform":"none","content_typography_font_style":"normal","content_typography_text_decoration":"none","content_typography_line_height":{"unit":"px","size":"22","sizes":[]},"content_typography_line_height_tablet":{"unit":"em","size":"1.4","sizes":[]},"image_size":{"unit":"px","size":"53","sizes":[]},"image_border_width":{"unit":"px","top":"16","right":"16","bottom":"16","left":"16","isLinked":"1"},"name_text_color":"#66E5FF","name_typography_typography":"custom","name_typography_font_family":"Montserrat","name_typography_font_size":{"unit":"px","size":"16","sizes":[]},"name_typography_font_size_tablet":{"unit":"px","size":"15","sizes":[]},"name_typography_font_weight":"300","name_typography_text_transform":"capitalize","name_typography_font_style":"normal","name_typography_text_decoration":"none","name_typography_line_height":{"unit":"em","size":"5","sizes":[]},"name_typography_line_height_tablet":{"unit":"em","size":"1.4","sizes":[]}},"elements":[],"isInner":false,"widgetType":"testimonial","elType":"widget"}],"isInner":"1","elType":"column"},{"id":"1b2e89fa","settings":{"_column_size":"33","align":"center","align_mobile":"center","space_between_widgets":"68","padding":{"unit":"%","top":"0","right":"10","bottom":"0","left":"10","isLinked":""},"padding_tablet":{"unit":"%","top":"0","right":"9","bottom":"0","left":"9","isLinked":""},"padding_mobile":{"unit":"%","top":"0","right":"0","bottom":"18","left":"0","isLinked":""}},"elements":[{"id":"7ac252d","settings":{"testimonial_content":"\"I don't know what I did before starting work with OPTIVE. They saved my business and gave me freedom from day-to-day office assignments.\"","testimonial_image":{"id":16968,"url":"http:\/\/library.elementor.com\/lp\/wp-content\/uploads\/2021\/01\/client_pic2.jpg"},"testimonial_name":"Barbara Foulks, STREAL","testimonial_job":"","testimonial_alignment":"left","content_content_color":"#FFFFFF","content_typography_typography":"custom","content_typography_font_family":"Montserrat","content_typography_font_size":{"unit":"px","size":"16","sizes":[]},"content_typography_font_size_tablet":{"unit":"px","size":"15","sizes":[]},"content_typography_font_weight":"300","content_typography_text_transform":"none","content_typography_font_style":"normal","content_typography_text_decoration":"none","content_typography_line_height":{"unit":"px","size":"22","sizes":[]},"content_typography_line_height_tablet":{"unit":"em","size":"1.4","sizes":[]},"image_size":{"unit":"px","size":"53","sizes":[]},"image_border_width":{"unit":"px","top":"16","right":"16","bottom":"16","left":"16","isLinked":"1"},"name_text_color":"#66E5FF","name_typography_typography":"custom","name_typography_font_family":"Montserrat","name_typography_font_size":{"unit":"px","size":"16","sizes":[]},"name_typography_font_size_tablet":{"unit":"px","size":"15","sizes":[]},"name_typography_font_weight":"300","name_typography_text_transform":"capitalize","name_typography_font_style":"normal","name_typography_text_decoration":"none","name_typography_line_height":{"unit":"em","size":"5","sizes":[]},"name_typography_line_height_tablet":{"unit":"em","size":"1.4","sizes":[]}},"elements":[],"isInner":false,"widgetType":"testimonial","elType":"widget"}],"isInner":"1","elType":"column"},{"id":"4f8b031d","settings":{"_column_size":"33","align":"flex-end","align_mobile":"center","space_between_widgets":"68","padding":{"unit":"%","top":"0","right":"0","bottom":"0","left":"20","isLinked":""},"padding_tablet":{"unit":"%","top":"0","right":"0","bottom":"0","left":"18","isLinked":""},"padding_mobile":{"unit":"%","top":"0","right":"0","bottom":"30","left":"0","isLinked":""}},"elements":[{"id":"58dacb17","settings":{"testimonial_content":"\u201cOur life has become easier, and we couldn't be happier about switching to a virtual assistant provider. Thank you OPTIVE.\u201d","testimonial_image":{"id":16970,"url":"http:\/\/library.elementor.com\/lp\/wp-content\/uploads\/2021\/01\/client_pic3c.jpg"},"testimonial_name":"Clara Perez, BENTIC","testimonial_job":"","testimonial_alignment":"left","content_content_color":"#FFFFFF","content_typography_typography":"custom","content_typography_font_family":"Montserrat","content_typography_font_size":{"unit":"px","size":"16","sizes":[]},"content_typography_font_size_tablet":{"unit":"px","size":"15","sizes":[]},"content_typography_font_weight":"300","content_typography_text_transform":"none","content_typography_font_style":"normal","content_typography_text_decoration":"none","content_typography_line_height":{"unit":"px","size":"22","sizes":[]},"content_typography_line_height_tablet":{"unit":"em","size":"1.4","sizes":[]},"image_size":{"unit":"px","size":"53","sizes":[]},"image_border_width":{"unit":"px","top":"16","right":"16","bottom":"16","left":"16","isLinked":"1"},"name_text_color":"#66E5FF","name_typography_typography":"custom","name_typography_font_family":"Montserrat","name_typography_font_size":{"unit":"px","size":"16","sizes":[]},"name_typography_font_size_tablet":{"unit":"px","size":"15","sizes":[]},"name_typography_font_weight":"300","name_typography_text_transform":"capitalize","name_typography_font_style":"normal","name_typography_text_decoration":"none","name_typography_line_height":{"unit":"em","size":"5","sizes":[]},"name_typography_line_height_tablet":{"unit":"em","size":"1.4","sizes":[]}},"elements":[],"isInner":false,"widgetType":"testimonial","elType":"widget"}],"isInner":"1","elType":"column"}],"isInner":"1","elType":"section"},{"id":"50ac4856","settings":{"content_width":{"unit":"px","size":"540","sizes":[]},"gap":"no","margin":{"unit":"%","top":"0","right":"0","bottom":"8","left":"0","isLinked":""},"margin_tablet":{"unit":"%","top":"0","right":"0","bottom":"7","left":"0","isLinked":""},"margin_mobile":{"unit":"%","top":"30","right":"0","bottom":"20","left":"0","isLinked":""},"padding_tablet":{"unit":"%","top":"0","right":"4","bottom":"0","left":"4","isLinked":""},"padding_mobile":{"unit":"px","top":"0","right":"0","bottom":"0","left":"0","isLinked":""}},"elements":[{"id":"2b2797d0","settings":{"_column_size":"100","space_between_widgets":"0"},"elements":[{"id":"22fd8207","settings":{"title":"We work with a group\u2028 of amazing companies","align":"center","title_color":"#FFFFFF","typography_typography":"custom","typography_font_family":"Montserrat","typography_font_size":{"unit":"px","size":"40","sizes":[]},"typography_font_weight":"300","typography_font_style":"normal","typography_text_decoration":"none","typography_line_height":{"unit":"px","size":"49","sizes":[]},"typography_letter_spacing":{"unit":"px","size":"0","sizes":[]},"_padding":{"unit":"%","top":"0","right":"0","bottom":"0","left":"0","isLinked":""},"typography_font_size_tablet":{"unit":"px","size":"30","sizes":[]},"typography_line_height_tablet":{"unit":"em","size":"1.3","sizes":[]},"text_shadow_text_shadow":{"horizontal":"0","vertical":"0","blur":"11","color":"#0A1C2E"},"typography_font_size_mobile":{"unit":"px","size":"20","sizes":[]},"typography_text_transform":"none","typography_line_height_mobile":{"unit":"em","size":"1.3","sizes":[]},"_padding_tablet":{"unit":"%","top":"0","right":"0","bottom":"0","left":"0","isLinked":""},"_padding_mobile":{"unit":"%","top":"0","right":"0","bottom":"0","left":"0","isLinked":""},"_animation":"fadeIn","_animation_tablet":"none","_animation_delay":"100"},"elements":[],"isInner":false,"widgetType":"heading","elType":"widget"}],"isInner":"1","elType":"column"}],"isInner":"1","elType":"section"},{"id":"1a5a39fc","settings":{"gallery":[{"id":16972,"url":"http:\/\/library.elementor.com\/lp\/wp-content\/uploads\/2021\/01\/client-logo1.png"},{"id":16974,"url":"http:\/\/library.elementor.com\/lp\/wp-content\/uploads\/2021\/01\/client-logo2.png"},{"id":16976,"url":"http:\/\/library.elementor.com\/lp\/wp-content\/uploads\/2021\/01\/client-logo3.png"},{"id":16978,"url":"http:\/\/library.elementor.com\/lp\/wp-content\/uploads\/2021\/01\/client-logo4.png"},{"id":16980,"url":"http:\/\/library.elementor.com\/lp\/wp-content\/uploads\/2021\/01\/client-logo5.png"},{"id":16982,"url":"http:\/\/library.elementor.com\/lp\/wp-content\/uploads\/2021\/01\/client-logo6.png"}],"galleries":[{"gallery_title":"New Gallery","_id":"4d1fc38"}],"gallery_layout":"justified","columns":"6","ideal_row_height":{"unit":"px","size":"50","sizes":[]},"ideal_row_height_tablet":{"unit":"px","size":"30","sizes":[]},"ideal_row_height_mobile":{"unit":"px","size":"50","sizes":[]},"gap":{"unit":"px","size":"120","sizes":[]},"gap_tablet":{"unit":"px","size":"30","sizes":[]},"gap_mobile":{"unit":"px","size":"50","sizes":[]},"link_to":"","thumbnail_image_size":"large","show_all_galleries_label":"All","overlay_background":""},"elements":[],"isInner":false,"widgetType":"gallery","elType":"widget"}],"isInner":"","elType":"column"}],"isInner":"","elType":"section"},{"id":"79d60bc8","settings":{"content_width":{"unit":"px","size":"1700","sizes":[]},"gap":"no","height":"min-height","custom_height":{"unit":"px","size":"640","sizes":[]},"structure":"20","padding":{"unit":"%","top":"0","right":"4","bottom":"0","left":"4","isLinked":""},"custom_height_tablet":{"unit":"vh","size":"66","sizes":[]},"custom_height_mobile":{"unit":"px","size":"765","sizes":[]},"padding_mobile":{"unit":"%","top":"0","right":"6","bottom":"0","left":"6","isLinked":""},"_title":"Contact Form","_timestamp_":"v1b1BCenZXN2gxUTBqb0JJSWxJTVlPZz09"},"elements":[{"id":"7db7d271","settings":{"_column_size":"50","_inline_size":"42.308","content_position":"space-between","space_between_widgets":"0","padding":{"unit":"%","top":"0","right":"44","bottom":"0","left":"0","isLinked":""},"_inline_size_tablet":"100","padding_tablet":{"unit":"%","top":"0","right":"13","bottom":"8","left":"13","isLinked":""},"padding_mobile":{"unit":"px","top":"0","right":"0","bottom":"0","left":"0","isLinked":""}},"elements":[{"id":"72330c3","settings":{"title":"Time to change\u2028 your habits and hire\u2028 a virtual assistant","align":"left","title_color":"#FFFFFF","typography_typography":"custom","typography_font_family":"Montserrat","typography_font_size":{"unit":"px","size":"40","sizes":[]},"typography_font_weight":"300","typography_font_style":"normal","typography_text_decoration":"none","typography_line_height":{"unit":"px","size":"49","sizes":[]},"typography_letter_spacing":{"unit":"px","size":"0","sizes":[]},"_padding":{"unit":"%","top":"0","right":"0","bottom":"6","left":"0","isLinked":""},"typography_font_size_tablet":{"unit":"px","size":"30","sizes":[]},"typography_line_height_tablet":{"unit":"em","size":"1.3","sizes":[]},"text_shadow_text_shadow":{"horizontal":"0","vertical":"0","blur":"11","color":"#0A1C2E"},"align_mobile":"center","typography_font_size_mobile":{"unit":"px","size":"22","sizes":[]},"typography_text_transform":"none","typography_line_height_mobile":{"unit":"em","size":"1.3","sizes":[]},"_padding_tablet":{"unit":"%","top":"","right":"","bottom":"","left":"","isLinked":"1"},"_padding_mobile":{"unit":"%","top":"0","right":"0","bottom":"8","left":"0","isLinked":""},"align_tablet":"center","_animation":"fadeIn","_animation_tablet":"none"},"elements":[],"isInner":false,"widgetType":"heading","elType":"widget"},{"id":"14c4fe4b","settings":{"editor":"Please fill in the details, and we will get back to you asap and start our journey together.","align":"left","text_color":"#FFFFFF","typography_typography":"custom","typography_font_family":"Montserrat","typography_font_size":{"unit":"px","size":"16","sizes":[]},"typography_font_size_tablet":{"unit":"px","size":"15","sizes":[]},"typography_font_size_mobile":{"unit":"px","size":"14","sizes":[]},"typography_font_weight":"300","typography_text_transform":"none","typography_font_style":"normal","typography_text_decoration":"none","typography_line_height":{"unit":"px","size":"22","sizes":[]},"typography_line_height_tablet":{"unit":"em","size":"1.4","sizes":[]},"align_tablet":"center","_padding_mobile":{"unit":"%","top":"0","right":"0","bottom":"14","left":"0","isLinked":""}},"elements":[],"isInner":false,"widgetType":"text-editor","elType":"widget"}],"isInner":"","elType":"column"},{"id":"3762bd47","settings":{"_column_size":"50","_inline_size":"57.696","_inline_size_tablet":"100"},"elements":[{"id":"7ee267af","settings":{"form_name":"Contact Form","form_fields":[{"custom_id":"name","field_label":"Full Name","placeholder":"Full Name","width":"50","_id":"971d734","required":"true","rows":"4","file_sizes":"","file_types":"","allow_multiple_upload":"","max_files":"","acceptance_text":"","checked_by_default":"","field_min":"","field_max":"","min_date":"","max_date":"","use_native_date":"","use_native_time":"","previous_button":"","next_button":""},{"field_type":"tel","field_label":"Phone","placeholder":"Phone","width":"50","rows":"4","custom_id":"field_d119469","_id":"d119469","file_sizes":"","file_types":"","allow_multiple_upload":"","max_files":"","acceptance_text":"","checked_by_default":"","field_min":"","field_max":"","min_date":"","max_date":"","use_native_date":"","use_native_time":"","previous_button":"","next_button":""},{"field_label":"Company","placeholder":"Company","width":"50","rows":"4","custom_id":"field_d98354c","_id":"d98354c","file_sizes":"","file_types":"","allow_multiple_upload":"","max_files":"","acceptance_text":"","checked_by_default":"","field_min":"","field_max":"","min_date":"","max_date":"","use_native_date":"","use_native_time":"","previous_button":"","next_button":""},{"custom_id":"email","field_type":"email","required":"true","field_label":"Email","placeholder":"Email","width":"50","_id":"f70e26f","rows":"4","file_sizes":"","file_types":"","allow_multiple_upload":"","max_files":"","acceptance_text":"","checked_by_default":"","field_min":"","field_max":"","min_date":"","max_date":"","use_native_date":"","use_native_time":"","previous_button":"","next_button":""}],"input_size":"lg","show_labels":"","button_size":"lg","button_align":"start","step_next_label":"Next","step_previous_label":"Previous","button_text":"Let\u2019s work together","email_content":"[all-fields]","email_content_2":"[all-fields]","success_message":"The form was sent successfully.","error_message":"An error occured.","required_field_message":"This field is required.","invalid_message":"There's something wrong. The form is invalid.","column_gap":{"unit":"px","size":"54","sizes":[]},"row_gap":{"unit":"px","size":"28","sizes":[]},"field_text_color":"#FFFFFF","field_typography_typography":"custom","field_typography_font_family":"Montserrat","field_typography_font_size":{"unit":"px","size":"16","sizes":[]},"field_typography_font_weight":"300","field_typography_text_transform":"capitalize","field_typography_font_style":"normal","field_typography_text_decoration":"none","field_typography_line_height":{"unit":"px","size":"22","sizes":[]},"field_background_color":"rgba(255, 255, 255, 0)","field_border_color":"#66E5FF","field_border_width":{"unit":"px","top":"1","right":"1","bottom":"1","left":"1","isLinked":"1"},"field_border_radius":{"unit":"px","top":"0","right":"0","bottom":"0","left":"0","isLinked":"1"},"button_typography_typography":"custom","button_typography_font_family":"Montserrat","button_typography_font_size":{"unit":"px","size":"20","sizes":[]},"button_typography_font_weight":"600","button_typography_text_transform":"none","button_typography_font_style":"normal","button_typography_text_decoration":"none","button_typography_line_height":{"unit":"em","size":"1","sizes":[]},"button_typography_letter_spacing":{"unit":"px","size":"0","sizes":[]},"button_background_color":"#66E5FF","button_text_color":"#0A1C2E","previous_button_background_color":"#66E5FF","previous_button_text_color":"#0A1C2E","button_background_hover_color":"rgba(255, 255, 255, 0)","button_hover_border_color":"#66E5FF","button_border_radius":{"unit":"px","top":"31","right":"31","bottom":"31","left":"31","isLinked":"1"},"button_text_padding":{"unit":"px","top":"0","right":"37","bottom":"0","left":"37","isLinked":""},"button_align_tablet":"center","button_typography_font_size_tablet":{"unit":"px","size":"18","sizes":[]},"message_typography_typography":"custom","message_typography_font_family":"Montserrat","message_typography_font_size":{"unit":"px","size":"16","sizes":[]},"message_typography_font_size_tablet":{"unit":"px","size":"15","sizes":[]},"message_typography_line_height":{"unit":"em","size":"1.3","sizes":[]},"success_message_color":"#66E5FF","error_message_color":"#FFFFFF","inline_message_color":"#7EC7D6","button_border_border":"solid","button_border_width":{"unit":"px","top":"2","right":"2","bottom":"2","left":"2","isLinked":"1"},"button_border_color":"#66E5FF","button_hover_color":"#66E5FF","previous_button_background_color_hover":"rgba(255, 255, 255, 0)","previous_button_text_color_hover":"#66E5FF","previous_button_border_color_hover":"#66E5FF"},"elements":[],"isInner":false,"widgetType":"form","elType":"widget"}],"isInner":"","elType":"column"}],"isInner":"","elType":"section"},{"id":"3d25d528","settings":{"layout":"full_width","height":"min-height","custom_height":{"unit":"px","size":"56","sizes":[]},"custom_height_mobile":{"unit":"vh","size":"10","sizes":[]},"content_position":"middle","background_background":"classic","background_color":"#1A2636","html_tag":"footer","_title":"Footer","_timestamp_":"v1b1BCenZXN2gxUTBqb0JJSWxJTVlPZz09"},"elements":[{"id":"609f0792","settings":{"_column_size":"100"},"elements":[{"id":"4ef44303","settings":{"editor":"\u00a9 copyright OPTIVE 2021 ","align":"center","text_color":"#FFFFFF","typography_typography":"custom","typography_font_family":"Montserrat","typography_font_size":{"unit":"px","size":"16","sizes":[]},"typography_font_size_tablet":{"unit":"px","size":"15","sizes":[]},"typography_font_size_mobile":{"unit":"px","size":"14","sizes":[]},"typography_font_weight":"300","typography_text_transform":"none","typography_font_style":"normal","typography_text_decoration":"none","typography_line_height":{"unit":"px","size":"22","sizes":[]},"typography_line_height_tablet":{"unit":"em","size":"1.4","sizes":[]},"align_tablet":"center","_padding_mobile":{"unit":"%","top":"0","right":"0","bottom":"0","left":"0","isLinked":""}},"elements":[],"isInner":false,"widgetType":"text-editor","elType":"widget"}],"isInner":"","elType":"column"}],"isInner":"","elType":"section"}]}