{"version":"0.4","title":"16897","type":"page","content":[{"id":"410e23c6","settings":{"content_width":{"unit":"px","size":"1720","sizes":[]},"gap":"no","height":"min-height","custom_height":{"unit":"vh","size":"12","sizes":[]},"structure":"20","background_background":"classic","background_color":"#252734","padding":{"unit":"%","top":"0","right":"4","bottom":"0","left":"4","isLinked":""},"custom_height_tablet":{"unit":"vh","size":"","sizes":[]},"custom_height_mobile":{"unit":"vh","size":"","sizes":[]},"content_position":"middle","padding_mobile":{"unit":"%","top":"0","right":"6","bottom":"0","left":"6","isLinked":""},"_title":"Header","html_tag":"header","_timestamp_":"v1b1BCenZXN2gxUTBqb0JJSWxJTVlPZz09"},"elements":[{"id":"cdd33bd","settings":{"_column_size":"50","_inline_size_mobile":"50"},"elements":[{"id":"ed6865a","settings":{"image":{"id":16878,"url":"http:\/\/library.elementor.com\/lp\/wp-content\/uploads\/2021\/01\/Chef_logo.png"},"align":"left","width":{"unit":"px","size":"213","sizes":[]},"align_mobile":"left","width_mobile":{"unit":"px","size":"140","sizes":[]}},"elements":[],"isInner":false,"widgetType":"image","elType":"widget"}],"isInner":"","elType":"column"},{"id":"6d1a8961","settings":{"_column_size":"50","_inline_size_mobile":"50"},"elements":[{"id":"34a801eb","settings":{"text":"Call 077-895-8787","align":"right","typography_typography":"custom","typography_font_family":"Raleway","typography_font_size":{"unit":"px","size":"16","sizes":[]},"typography_line_height":{"unit":"em","size":"1","sizes":[]},"button_text_color":"#FFFFFF","background_color":"rgba(255, 255, 255, 0)","hover_color":"#252734","button_background_hover_color":"#FFAF29","button_hover_border_color":"#FFAF29","border_border":"solid","border_width":{"unit":"px","top":"1","right":"1","bottom":"1","left":"1","isLinked":"1"},"border_color":"#FFAF29","border_radius":{"unit":"px","top":"0","right":"0","bottom":"0","left":"0","isLinked":"1"},"text_padding":{"unit":"px","top":"18","right":"39","bottom":"18","left":"39","isLinked":""},"icon_indent":{"unit":"px","size":"0","sizes":[]},"typography_font_size_tablet":{"unit":"px","size":"15","sizes":[]},"typography_font_size_mobile":{"unit":"px","size":"14","sizes":[]},"text_padding_mobile":{"unit":"px","top":"10","right":"10","bottom":"10","left":"10","isLinked":"1"},"typography_font_weight":"300","typography_text_transform":"none","typography_font_style":"normal","typography_text_decoration":"none"},"elements":[],"isInner":false,"widgetType":"button","elType":"widget"}],"isInner":"","elType":"column"}],"isInner":"","elType":"section"},{"id":"521189f9","settings":{"content_width":{"unit":"px","size":"1720","sizes":[]},"gap":"no","height":"min-height","custom_height":{"unit":"px","size":"568","sizes":[]},"column_position":"stretch","structure":"20","background_background":"classic","padding":{"unit":"%","top":"0","right":"4","bottom":"0","left":"4","isLinked":""},"custom_height_tablet":{"unit":"px","size":"405","sizes":[]},"custom_height_mobile":{"unit":"px","size":"0","sizes":[]},"margin":{"unit":"%","top":"0","right":"0","bottom":"0","left":"0","isLinked":""},"margin_tablet":{"unit":"%","top":"2","right":"0","bottom":"0","left":"0","isLinked":""},"padding_mobile":{"unit":"%","top":"0","right":"6","bottom":"0","left":"6","isLinked":""},"_title":"Hero Picture","_timestamp_":"v1b1BCenZXN2gxUTBqb0JJSWxJTVlPZz09"},"elements":[{"id":"6c3d8d08","settings":{"_column_size":"50","_inline_size":"85","background_background":"classic","background_image":{"id":16880,"url":"http:\/\/library.elementor.com\/lp\/wp-content\/uploads\/2021\/01\/Chef_hero_pic.jpg"},"background_position":"center center","background_position_tablet":"initial","background_xpos_tablet":{"unit":"%","size":"70","sizes":[]},"background_repeat":"no-repeat","background_size":"cover","background_motion_fx_translateY_direction":"negative","background_motion_fx_translateY_speed":{"unit":"px","size":"1.5","sizes":[]},"_inline_size_tablet":"82"},"elements":[{"id":"1fbb3862","settings":{"space_mobile":{"unit":"vh","size":"48","sizes":[]}},"elements":[],"isInner":false,"widgetType":"spacer","elType":"widget"}],"isInner":"","elType":"column"},{"id":"280ae9fe","settings":{"_column_size":"50","_inline_size":"14.972","background_background":"classic","background_position":"center left","background_repeat":"no-repeat","background_size":"contain","background_motion_fx_translateY_direction":"negative","background_motion_fx_translateY_speed":{"unit":"px","size":"1.5","sizes":[]},"_inline_size_tablet":"18"},"elements":[{"id":"5ad2e39f","settings":{"space_mobile":{"unit":"vh","size":"5","sizes":[]}},"elements":[],"isInner":false,"widgetType":"spacer","elType":"widget"}],"isInner":"","elType":"column"}],"isInner":"","elType":"section"},{"id":"6cdcd52c","settings":{"content_width":{"unit":"px","size":"1720","sizes":[]},"gap":"no","height":"min-height","custom_height":{"unit":"px","size":"610","sizes":[]},"column_position":"stretch","content_position":"middle","structure":"22","background_background":"classic","margin":{"unit":"px","top":"-390","right":"0","bottom":"0","left":"0","isLinked":""},"padding":{"unit":"%","top":"0","right":"4","bottom":"0","left":"4","isLinked":""},"custom_height_tablet":{"unit":"px","size":"525","sizes":[]},"margin_tablet":{"unit":"px","top":"-250","right":"0","bottom":"0","left":"0","isLinked":""},"margin_mobile":{"unit":"px","top":"0","right":"0","bottom":"0","left":"0","isLinked":""},"padding_mobile":{"unit":"%","top":"0","right":"6","bottom":"0","left":"6","isLinked":""},"_title":"Title &amp; Booking Form","_timestamp_":"v1b1BCenZXN2gxUTBqb0JJSWxJTVlPZz09"},"elements":[{"id":"5b679691","settings":{"_column_size":"66","_inline_size":"69.231","content_position":"bottom","space_between_widgets":"0","padding":{"unit":"%","top":"4","right":"25","bottom":"0","left":"0","isLinked":""},"_inline_size_tablet":"60","padding_tablet":{"unit":"%","top":"0","right":"6","bottom":"0","left":"0","isLinked":""},"padding_mobile":{"unit":"%","top":"0","right":"0","bottom":"16","left":"0","isLinked":""}},"elements":[{"id":"6964aaf1","settings":{"title":"Host your next dinner party with a","header_size":"h4","title_color":"#FFFFFF","typography_typography":"custom","typography_font_family":"Raleway","typography_font_size":{"unit":"px","size":"30","sizes":[]},"typography_font_weight":"100","typography_text_transform":"none","typography_font_style":"normal","typography_text_decoration":"none","typography_line_height":{"unit":"px","size":"30","sizes":[]},"_padding":{"unit":"%","top":"0","right":"0","bottom":"2","left":"0","isLinked":""},"align_mobile":"center","typography_font_size_tablet":{"unit":"px","size":"24","sizes":[]},"typography_font_size_mobile":{"unit":"px","size":"20","sizes":[]},"_padding_mobile":{"unit":"%","top":"0","right":"0","bottom":"6","left":"0","isLinked":""},"_animation":"fadeInUp","animation_duration":"fast"},"elements":[],"isInner":false,"widgetType":"heading","elType":"widget"},{"id":"388efd3f","settings":{"title":"PERSONAL CHEF IN THE COMFORT OF YOUR HOME","header_size":"h1","title_color":"#FFFFFF","typography_typography":"custom","typography_font_family":"Raleway","typography_font_size":{"unit":"px","size":"55","sizes":[]},"typography_font_weight":"200","typography_text_transform":"uppercase","typography_font_style":"normal","typography_text_decoration":"none","typography_line_height":{"unit":"px","size":"65","sizes":[]},"align_mobile":"center","typography_font_size_tablet":{"unit":"px","size":"42","sizes":[]},"typography_font_size_mobile":{"unit":"px","size":"34","sizes":[]},"typography_line_height_tablet":{"unit":"em","size":"1.3","sizes":[]},"_margin":{"unit":"px","top":"0","right":"0","bottom":"-5","left":"0","isLinked":""},"_animation":"fadeInUp","animation_duration":"slow","_animation_delay":"200"},"elements":[],"isInner":false,"widgetType":"heading","elType":"widget"}],"isInner":"","elType":"column"},{"id":"4b15d83a","settings":{"_column_size":"33","_inline_size":"30.104","content_position":"center","background_background":"classic","background_color":"#434657","box_shadow_box_shadow_type":"yes","box_shadow_box_shadow":{"horizontal":"0","vertical":"0","blur":"50","spread":"0","color":"rgba(0, 0, 0, 0.1)"},"padding":{"unit":"%","top":"4","right":"13","bottom":"4","left":"13","isLinked":""},"_inline_size_tablet":"40","space_between_widgets":"0","padding_tablet":{"unit":"%","top":"0","right":"10","bottom":"0","left":"10","isLinked":""},"padding_mobile":{"unit":"%","top":"12","right":"10","bottom":"10","left":"10","isLinked":""},"_element_id":"bookform"},"elements":[{"id":"39dc47b2","settings":{"editor":"Fill out the form below and Chef Henry will be in touch within 24 hours to discuss your event.","align":"center","text_color":"#FFFFFF","typography_typography":"custom","typography_font_family":"Raleway","typography_font_size":{"unit":"px","size":"22","sizes":[]},"typography_font_weight":"300","typography_text_transform":"none","typography_font_style":"normal","typography_text_decoration":"none","typography_line_height":{"unit":"px","size":"30","sizes":[]},"_padding":{"unit":"%","top":"0","right":"5","bottom":"12","left":"5","isLinked":""},"typography_font_size_tablet":{"unit":"px","size":"20","sizes":[]},"typography_line_height_tablet":{"unit":"em","size":"1.3","sizes":[]},"_padding_tablet":{"unit":"%","top":"0","right":"0","bottom":"14","left":"0","isLinked":""}},"elements":[],"isInner":false,"widgetType":"text-editor","elType":"widget"},{"id":"6b8b1cdb","settings":{"form_name":"Booking Form","form_fields":[{"custom_id":"name","field_label":"Full Name","placeholder":"Full Name","_id":"e99e9b3","rows":"4","file_sizes":"","file_types":"","allow_multiple_upload":"","max_files":"","acceptance_text":"","checked_by_default":"","field_min":"","field_max":"","min_date":"","max_date":"","use_native_date":"","use_native_time":"","previous_button":"","next_button":""},{"custom_id":"email","field_type":"email","required":"true","field_label":"Email Address","placeholder":"Email Address","_id":"882f89b","rows":"4","file_sizes":"","file_types":"","allow_multiple_upload":"","max_files":"","acceptance_text":"","checked_by_default":"","field_min":"","field_max":"","min_date":"","max_date":"","use_native_date":"","use_native_time":"","previous_button":"","next_button":""},{"field_type":"tel","field_label":"Phone Number","placeholder":"Phone Number","rows":"4","custom_id":"field_1f3565c","_id":"1f3565c","file_sizes":"","file_types":"","allow_multiple_upload":"","max_files":"","acceptance_text":"","checked_by_default":"","field_min":"","field_max":"","min_date":"","max_date":"","use_native_date":"","use_native_time":"","previous_button":"","next_button":""},{"field_type":"date","field_label":"Date of Service","placeholder":"Date of Service","rows":"4","custom_id":"field_d14b375","_id":"d14b375","file_sizes":"","file_types":"","allow_multiple_upload":"","max_files":"","acceptance_text":"","checked_by_default":"","field_min":"","field_max":"","min_date":"","max_date":"","use_native_date":"","use_native_time":"","previous_button":"","next_button":""}],"input_size":"md","show_labels":"","button_size":"md","step_next_label":"Next","step_previous_label":"Previous","button_text":"Book Chef Henry","email_content":"[all-fields]","email_content_2":"[all-fields]","success_message":"The form was sent successfully.","error_message":"An error occured.","required_field_message":"This field is required.","invalid_message":"There's something wrong. The form is invalid.","column_gap":{"unit":"px","size":"25","sizes":[]},"row_gap":{"unit":"px","size":"25","sizes":[]},"field_text_color":"#FFFFFF","field_typography_typography":"custom","field_typography_font_family":"Montserrat","field_typography_font_size":{"unit":"px","size":"14","sizes":[]},"field_typography_font_size_tablet":{"unit":"px","size":"13","sizes":[]},"field_typography_font_weight":"300","field_background_color":"#333646","field_border_color":"rgba(255, 255, 255, 0)","field_border_width":{"unit":"px","top":"0","right":"0","bottom":"0","left":"0","isLinked":"1"},"button_typography_typography":"custom","button_typography_font_family":"Raleway","button_typography_font_size":{"unit":"px","size":"18","sizes":[]},"button_typography_font_size_tablet":{"unit":"px","size":"16","sizes":[]},"button_typography_font_weight":"500","button_typography_text_transform":"uppercase","button_typography_font_style":"normal","button_typography_text_decoration":"none","button_typography_line_height":{"unit":"em","size":"1","sizes":[]},"button_background_color":"#FFAF29","previous_button_background_color":"#FFAF29","button_background_hover_color":"rgba(255, 255, 255, 0)","previous_button_background_color_hover":"rgba(255, 255, 255, 0)","button_typography_letter_spacing":{"unit":"px","size":"0","sizes":[]},"message_typography_typography":"custom","message_typography_font_family":"Montserrat","message_typography_font_size":{"unit":"px","size":"15","sizes":[]},"message_typography_font_size_tablet":{"unit":"px","size":"14","sizes":[]},"message_typography_font_weight":"500","success_message_color":"#FFAF29","error_message_color":"#FFFFFF","inline_message_color":"#FFFFFF","field_border_radius":{"unit":"px","top":"0","right":"0","bottom":"0","left":"0","isLinked":"1"},"button_border_border":"solid","button_border_width":{"unit":"px","top":"1","right":"1","bottom":"1","left":"1","isLinked":"1"},"button_text_color":"#252734","button_border_color":"#FFAF29","previous_button_text_color":"#252734","previous_button_border_color":"#FFAF29","button_hover_border_color":"#FFAF29","previous_button_border_color_hover":"#FFAF29","button_border_radius":{"unit":"px","top":"0","right":"0","bottom":"0","left":"0","isLinked":"1"},"button_text_padding":{"unit":"px","top":"0","right":"0","bottom":"0","left":"0","isLinked":"1"}},"elements":[],"isInner":false,"widgetType":"form","elType":"widget"}],"isInner":"","elType":"column"}],"isInner":"","elType":"section"},{"id":"674c4be1","settings":{"content_width":{"unit":"px","size":"600","sizes":[]},"gap":"no","padding":{"unit":"%","top":"16","right":"4","bottom":"6","left":"4","isLinked":""},"padding_tablet":{"unit":"%","top":"30","right":"22","bottom":"10","left":"22","isLinked":""},"padding_mobile":{"unit":"%","top":"40","right":"6","bottom":"14","left":"6","isLinked":""},"_title":"Let Chef Henry Do the Cooking for You","_timestamp_":"v1b1BCenZXN2gxUTBqb0JJSWxJTVlPZz09"},"elements":[{"id":"402f02bf","settings":{"_column_size":"100","space_between_widgets":"0"},"elements":[{"id":"42842c9e","settings":{"title":"Let Chef Henry do the cooking for you","title_color":"#FFFFFF","typography_typography":"custom","typography_font_family":"Raleway","typography_font_size":{"unit":"px","size":"45","sizes":[]},"typography_font_weight":"200","typography_text_transform":"none","typography_font_style":"normal","typography_text_decoration":"none","typography_line_height":{"unit":"px","size":"50","sizes":[]},"align":"center","align_mobile":"center","typography_font_size_tablet":{"unit":"px","size":"34","sizes":[]},"typography_font_size_mobile":{"unit":"px","size":"34","sizes":[]},"typography_line_height_tablet":{"unit":"em","size":"1.3","sizes":[]},"_margin":{"unit":"px","top":"0","right":"0","bottom":"0","left":"0","isLinked":""},"_padding":{"unit":"%","top":"0","right":"0","bottom":"8","left":"0","isLinked":""},"_animation":"fadeIn","_animation_tablet":"none","_animation_delay":"200"},"elements":[],"isInner":false,"widgetType":"heading","elType":"widget"},{"id":"781ff85","settings":{"editor":"Treat yourself and your friends to a personalized culinary experience. Just relax and enjoy while Chef Henry and his team shop, prepare, cook, serve, clean, and take care of everything you need.","align":"center","text_color":"#FFFFFF","typography_typography":"custom","typography_font_family":"Raleway","typography_font_size":{"unit":"px","size":"16","sizes":[]},"typography_font_size_tablet":{"unit":"px","size":"15","sizes":[]},"typography_font_weight":"200","typography_text_transform":"none","typography_font_style":"normal","typography_text_decoration":"none","typography_line_height":{"unit":"px","size":"30","sizes":[]},"typography_line_height_tablet":{"unit":"em","size":"1.6","sizes":[]},"_animation":"fadeIn","_animation_tablet":"none","_animation_delay":"400"},"elements":[],"isInner":false,"widgetType":"text-editor","elType":"widget"}],"isInner":"","elType":"column"}],"isInner":"","elType":"section"},{"id":"43fbc491","settings":{"content_width":{"unit":"px","size":"1720","sizes":[]},"gap":"no","height":"min-height","custom_height":{"unit":"px","size":"390","sizes":[]},"column_position":"stretch","structure":"40","background_background":"classic","padding":{"unit":"%","top":"0","right":"4","bottom":"0","left":"4","isLinked":""},"custom_height_tablet":{"unit":"px","size":"405","sizes":[]},"custom_height_mobile":{"unit":"px","size":"0","sizes":[]},"margin":{"unit":"px","top":"0","right":"0","bottom":"-194","left":"0","isLinked":""},"margin_tablet":{"unit":"px","top":"0","right":"0","bottom":"-150","left":"0","isLinked":""},"padding_mobile":{"unit":"%","top":"0","right":"6","bottom":"0","left":"6","isLinked":""},"z_index":"5","_title":"Services","motion_fx_motion_fx_scrolling":"yes","motion_fx_translateY_effect":"yes","motion_fx_translateY_speed":{"unit":"px","size":"1.5","sizes":[]},"motion_fx_devices":["desktop"],"_timestamp_":"v1b1BCenZXN2gxUTBqb0JJSWxJTVlPZz09"},"elements":[{"id":"4aaec420","settings":{"_column_size":"25","content_position":"center","background_background":"classic","background_color":"#434657","box_shadow_box_shadow":{"horizontal":"0","vertical":"0","blur":"50","spread":"0","color":"rgba(0, 0, 0, 0.1)"},"padding":{"unit":"%","top":"12","right":"12","bottom":"12","left":"12","isLinked":"1"},"_inline_size_tablet":"50","space_between_widgets":"0","margin":{"unit":"%","top":"0","right":"7.5","bottom":"0","left":"0","isLinked":""},"margin_tablet":{"unit":"%","top":"0","right":"6","bottom":"12","left":"0","isLinked":""},"margin_mobile":{"unit":"%","top":"0","right":"0","bottom":"14","left":"0","isLinked":""},"padding_tablet":{"unit":"%","top":"","right":"","bottom":"","left":"","isLinked":"1"},"padding_mobile":{"unit":"%","top":"10","right":"10","bottom":"10","left":"10","isLinked":"1"}},"elements":[{"id":"283e9773","settings":{"selected_icon":{"value":{"id":16882,"url":"http:\/\/library.elementor.com\/lp\/wp-content\/uploads\/2021\/01\/service_icon1.svg"},"library":"svg"},"title_text":"Tailored Menus","description_text":"Lorem ipsum dolor sloit amet cons ctet adipiscing\u00a0elit seed dlao eiusmr ncidunt labore et dolore magna. ","primary_color":"#FFAF29","icon_space":{"unit":"px","size":"33","sizes":[]},"icon_size":{"unit":"px","size":"60","sizes":[]},"text_align":"left","title_bottom_space":{"unit":"px","size":"15","sizes":[]},"title_color":"#FFFFFF","title_typography_typography":"custom","title_typography_font_family":"Raleway","title_typography_font_size":{"unit":"px","size":"22","sizes":[]},"title_typography_font_weight":"normal","title_typography_text_transform":"capitalize","title_typography_font_style":"normal","title_typography_text_decoration":"none","title_typography_line_height":{"unit":"em","size":"1","sizes":[]},"description_color":"#FFFFFF","description_typography_typography":"custom","description_typography_font_family":"Raleway","description_typography_font_size":{"unit":"px","size":"16","sizes":[]},"description_typography_font_weight":"200","description_typography_text_transform":"none","description_typography_font_style":"normal","description_typography_text_decoration":"none","description_typography_line_height":{"unit":"px","size":"25","sizes":[]},"text_align_mobile":"center"},"elements":[],"isInner":false,"widgetType":"icon-box","elType":"widget"}],"isInner":"","elType":"column"},{"id":"4c78016b","settings":{"_column_size":"25","content_position":"center","background_background":"classic","background_color":"#434657","box_shadow_box_shadow":{"horizontal":"0","vertical":"0","blur":"50","spread":"0","color":"rgba(0, 0, 0, 0.1)"},"padding":{"unit":"%","top":"12","right":"12","bottom":"12","left":"12","isLinked":"1"},"_inline_size_tablet":"50","space_between_widgets":"0","margin":{"unit":"%","top":"0","right":"5","bottom":"0","left":"2.5","isLinked":""},"margin_tablet":{"unit":"%","top":"0","right":"0","bottom":"12","left":"6","isLinked":""},"margin_mobile":{"unit":"%","top":"0","right":"0","bottom":"14","left":"0","isLinked":""},"padding_tablet":{"unit":"%","top":"","right":"","bottom":"","left":"","isLinked":"1"},"padding_mobile":{"unit":"%","top":"10","right":"10","bottom":"10","left":"10","isLinked":"1"}},"elements":[{"id":"6cde4976","settings":{"selected_icon":{"value":{"id":16884,"url":"http:\/\/library.elementor.com\/lp\/wp-content\/uploads\/2021\/01\/service_icon2.svg"},"library":"svg"},"title_text":"Grocery Shopping","description_text":"Lorem ipsum dolor sloit amet cons ctet adipiscing\u00a0elit seed dlao eiusmr ncidunt labore et dolore magna. ","primary_color":"#FFAF29","icon_space":{"unit":"px","size":"33","sizes":[]},"icon_size":{"unit":"px","size":"60","sizes":[]},"text_align":"left","title_bottom_space":{"unit":"px","size":"15","sizes":[]},"title_color":"#FFFFFF","title_typography_typography":"custom","title_typography_font_family":"Raleway","title_typography_font_size":{"unit":"px","size":"22","sizes":[]},"title_typography_font_weight":"normal","title_typography_text_transform":"capitalize","title_typography_font_style":"normal","title_typography_text_decoration":"none","title_typography_line_height":{"unit":"em","size":"1","sizes":[]},"description_color":"#FFFFFF","description_typography_typography":"custom","description_typography_font_family":"Raleway","description_typography_font_size":{"unit":"px","size":"16","sizes":[]},"description_typography_font_weight":"200","description_typography_text_transform":"none","description_typography_font_style":"normal","description_typography_text_decoration":"none","description_typography_line_height":{"unit":"px","size":"25","sizes":[]},"text_align_mobile":"center"},"elements":[],"isInner":false,"widgetType":"icon-box","elType":"widget"}],"isInner":"","elType":"column"},{"id":"23dde635","settings":{"_column_size":"25","content_position":"center","background_background":"classic","background_color":"#434657","box_shadow_box_shadow_type":"yes","box_shadow_box_shadow":{"horizontal":"0","vertical":"0","blur":"50","spread":"0","color":"rgba(0, 0, 0, 0.1)"},"padding":{"unit":"%","top":"12","right":"12","bottom":"12","left":"12","isLinked":"1"},"_inline_size_tablet":"50","space_between_widgets":"0","margin":{"unit":"%","top":"0","right":"2.5","bottom":"0","left":"5","isLinked":""},"margin_tablet":{"unit":"%","top":"0","right":"6","bottom":"0","left":"0","isLinked":""},"margin_mobile":{"unit":"%","top":"0","right":"0","bottom":"14","left":"0","isLinked":""},"padding_tablet":{"unit":"%","top":"0","right":"10","bottom":"0","left":"10","isLinked":""},"padding_mobile":{"unit":"%","top":"10","right":"10","bottom":"10","left":"10","isLinked":"1"}},"elements":[{"id":"6785bd9","settings":{"selected_icon":{"value":{"id":16886,"url":"http:\/\/library.elementor.com\/lp\/wp-content\/uploads\/2021\/01\/service_icon3.svg"},"library":"svg"},"title_text":"Prep &amp; Cooking","description_text":"Lorem ipsum dolor sloit amet cons ctet adipiscing\u00a0elit seed dlao eiusmr ncidunt labore et dolore magna. ","primary_color":"#FFAF29","icon_space":{"unit":"px","size":"33","sizes":[]},"icon_size":{"unit":"px","size":"60","sizes":[]},"text_align":"left","title_bottom_space":{"unit":"px","size":"15","sizes":[]},"title_color":"#FFFFFF","title_typography_typography":"custom","title_typography_font_family":"Raleway","title_typography_font_size":{"unit":"px","size":"22","sizes":[]},"title_typography_font_weight":"normal","title_typography_text_transform":"capitalize","title_typography_font_style":"normal","title_typography_text_decoration":"none","title_typography_line_height":{"unit":"em","size":"1","sizes":[]},"description_color":"#FFFFFF","description_typography_typography":"custom","description_typography_font_family":"Raleway","description_typography_font_size":{"unit":"px","size":"16","sizes":[]},"description_typography_font_weight":"200","description_typography_text_transform":"none","description_typography_font_style":"normal","description_typography_text_decoration":"none","description_typography_line_height":{"unit":"px","size":"25","sizes":[]},"text_align_mobile":"center"},"elements":[],"isInner":false,"widgetType":"icon-box","elType":"widget"}],"isInner":"","elType":"column"},{"id":"21fc462","settings":{"_column_size":"25","background_background":"classic","_inline_size_tablet":"50","content_position":"center","space_between_widgets":"0","background_color":"#434657","box_shadow_box_shadow":{"horizontal":"0","vertical":"0","blur":"50","spread":"0","color":"rgba(0, 0, 0, 0.1)"},"margin":{"unit":"%","top":"0","right":"0","bottom":"0","left":"7.5","isLinked":""},"margin_tablet":{"unit":"%","top":"0","right":"0","bottom":"0","left":"6","isLinked":""},"margin_mobile":{"unit":"px","top":"0","right":"0","bottom":"0","left":"0","isLinked":""},"padding":{"unit":"%","top":"12","right":"12","bottom":"12","left":"12","isLinked":"1"},"padding_tablet":{"unit":"%","top":"","right":"","bottom":"","left":"","isLinked":"1"},"padding_mobile":{"unit":"%","top":"10","right":"10","bottom":"10","left":"10","isLinked":"1"}},"elements":[{"id":"770ae781","settings":{"selected_icon":{"value":{"id":16888,"url":"http:\/\/library.elementor.com\/lp\/wp-content\/uploads\/2021\/01\/service_icon4.svg"},"library":"svg"},"title_text":"Serving &amp; Cleaning","description_text":"Lorem ipsum dolor sloit amet cons ctet adipiscing\u00a0elit seed dlao eiusmr ncidunt labore et dolore magna. ","primary_color":"#FFAF29","icon_space":{"unit":"px","size":"33","sizes":[]},"icon_size":{"unit":"px","size":"60","sizes":[]},"text_align":"left","title_bottom_space":{"unit":"px","size":"15","sizes":[]},"title_color":"#FFFFFF","title_typography_typography":"custom","title_typography_font_family":"Raleway","title_typography_font_size":{"unit":"px","size":"22","sizes":[]},"title_typography_font_weight":"normal","title_typography_text_transform":"capitalize","title_typography_font_style":"normal","title_typography_text_decoration":"none","title_typography_line_height":{"unit":"em","size":"1","sizes":[]},"description_color":"#FFFFFF","description_typography_typography":"custom","description_typography_font_family":"Raleway","description_typography_font_size":{"unit":"px","size":"16","sizes":[]},"description_typography_font_weight":"200","description_typography_text_transform":"none","description_typography_font_style":"normal","description_typography_text_decoration":"none","description_typography_line_height":{"unit":"px","size":"25","sizes":[]},"text_align_mobile":"center"},"elements":[],"isInner":false,"widgetType":"icon-box","elType":"widget"}],"isInner":"","elType":"column"}],"isInner":"","elType":"section"},{"id":"66db8b0e","settings":{"content_width":{"unit":"px","size":"1720","sizes":[]},"gap":"no","height":"min-height","custom_height":{"unit":"px","size":"860","sizes":[]},"column_position":"stretch","structure":"20","background_background":"classic","padding":{"unit":"%","top":"26","right":"4","bottom":"0","left":"4","isLinked":""},"custom_height_tablet":{"unit":"px","size":"405","sizes":[]},"custom_height_mobile":{"unit":"px","size":"0","sizes":[]},"content_position":"top","background_color":"#333646","margin":{"unit":"px","top":"0","right":"0","bottom":"0","left":"0","isLinked":""},"margin_tablet":{"unit":"%","top":"","right":"0","bottom":"","left":"0","isLinked":"1"},"padding_tablet":{"unit":"%","top":"40","right":"6","bottom":"0","left":"6","isLinked":""},"padding_mobile":{"unit":"%","top":"90","right":"6","bottom":"0","left":"6","isLinked":""},"_title":"About Chef Henry","_timestamp_":"v1b1BCenZXN2gxUTBqb0JJSWxJTVlPZz09"},"elements":[{"id":"45da0907","settings":{"_column_size":"50","content_position":"top","background_background":"classic","box_shadow_box_shadow":{"horizontal":"0","vertical":"0","blur":"50","spread":"0","color":"rgba(0, 0, 0, 0.1)"},"padding":{"unit":"%","top":"13","right":"10","bottom":"0","left":"0","isLinked":""},"_inline_size_tablet":"50","space_between_widgets":"0","margin":{"unit":"%","top":"","right":"","bottom":"","left":"","isLinked":"1"},"margin_tablet":{"unit":"%","top":"","right":"","bottom":"","left":"","isLinked":"1"},"margin_mobile":{"unit":"%","top":"0","right":"0","bottom":"0","left":"0","isLinked":"1"},"padding_tablet":{"unit":"%","top":"0","right":"10","bottom":"0","left":"0","isLinked":""},"padding_mobile":{"unit":"%","top":"0","right":"0","bottom":"20","left":"0","isLinked":""}},"elements":[{"id":"5fee4677","settings":{"layout":"full_width","gap":"no","margin_tablet":{"unit":"%","top":"0","right":"0","bottom":"0","left":"0","isLinked":""},"padding":{"unit":"%","top":"0","right":"0","bottom":"20","left":"16","isLinked":""},"padding_tablet":{"unit":"%","top":"22","right":"0","bottom":"22","left":"0","isLinked":""},"padding_mobile":{"unit":"%","top":"0","right":"0","bottom":"30","left":"0","isLinked":""}},"elements":[{"id":"6d55c035","settings":{"_column_size":"100","space_between_widgets":"0","padding_mobile":{"unit":"%","top":"0","right":"0","bottom":"0","left":"0","isLinked":""}},"elements":[{"id":"7d9d68a2","settings":{"title":"Chef","header_size":"h4","title_color":"#FFFFFF","typography_typography":"custom","typography_font_family":"Raleway","typography_font_size":{"unit":"px","size":"30","sizes":[]},"typography_font_weight":"100","typography_text_transform":"none","typography_font_style":"normal","typography_text_decoration":"none","typography_line_height":{"unit":"px","size":"30","sizes":[]},"_padding":{"unit":"%","top":"0","right":"0","bottom":"2","left":"0","isLinked":""},"align_mobile":"center","typography_font_size_tablet":{"unit":"px","size":"24","sizes":[]},"typography_font_size_mobile":{"unit":"px","size":"20","sizes":[]},"_padding_mobile":{"unit":"%","top":"0","right":"0","bottom":"6","left":"0","isLinked":""}},"elements":[],"isInner":false,"widgetType":"heading","elType":"widget"},{"id":"364abf0b","settings":{"title":"Henry Simmons","title_color":"#FFFFFF","typography_typography":"custom","typography_font_family":"Raleway","typography_font_size":{"unit":"px","size":"50","sizes":[]},"typography_font_weight":"200","typography_text_transform":"uppercase","typography_font_style":"normal","typography_text_decoration":"none","typography_line_height":{"unit":"px","size":"50","sizes":[]},"align":"left","align_mobile":"center","typography_font_size_tablet":{"unit":"px","size":"34","sizes":[]},"typography_font_size_mobile":{"unit":"px","size":"34","sizes":[]},"typography_line_height_tablet":{"unit":"em","size":"1.3","sizes":[]},"_margin":{"unit":"px","top":"0","right":"0","bottom":"0","left":"0","isLinked":""},"_padding":{"unit":"%","top":"0","right":"0","bottom":"8","left":"0","isLinked":""},"_padding_tablet":{"unit":"%","top":"0","right":"0","bottom":"10","left":"0","isLinked":""}},"elements":[],"isInner":false,"widgetType":"heading","elType":"widget"},{"id":"45189784","settings":{"editor":"Lorem ipsum dolor sit amet, consectet adipiscing\u00a0elit,sed do eiusm por incunt ullat labore et dolore magna aliqua enim alld minm venim quis nostrud ercitaion ullamco labris nisio aliqup exea sint ocae cupidatat nonu old proident sunt iton culpalla officia mollit natoque massa quis enim dnec pede justo, fringilla semper nacish aene vulpte eleifend tellu noyam quam nunc tolos the old fouture.","align":"left","align_mobile":"center","text_color":"#FFFFFF","typography_typography":"custom","typography_font_family":"Raleway","typography_font_size":{"unit":"px","size":"16","sizes":[]},"typography_font_size_tablet":{"unit":"px","size":"15","sizes":[]},"typography_font_weight":"200","typography_text_transform":"none","typography_font_style":"normal","typography_text_decoration":"none","typography_line_height":{"unit":"px","size":"30","sizes":[]},"typography_line_height_tablet":{"unit":"em","size":"1.6","sizes":[]},"_padding":{"unit":"%","top":"0","right":"0","bottom":"8","left":"0","isLinked":""},"_padding_tablet":{"unit":"%","top":"0","right":"0","bottom":"14","left":"0","isLinked":""}},"elements":[],"isInner":false,"widgetType":"text-editor","elType":"widget"},{"id":"a074dad","settings":{"text":"Book Chef Henry","align":"left","typography_typography":"custom","typography_font_family":"Raleway","typography_font_size":{"unit":"px","size":"16","sizes":[]},"typography_line_height":{"unit":"em","size":"1","sizes":[]},"button_text_color":"#252734","background_color":"#FFAF29","hover_color":"#FFFFFF","button_background_hover_color":"rgba(255, 255, 255, 0)","button_hover_border_color":"#FFAF29","border_border":"solid","border_width":{"unit":"px","top":"1","right":"1","bottom":"1","left":"1","isLinked":"1"},"border_color":"#FFAF29","border_radius":{"unit":"px","top":"0","right":"0","bottom":"0","left":"0","isLinked":"1"},"text_padding":{"unit":"px","top":"18","right":"109","bottom":"18","left":"109","isLinked":""},"link":{"url":"#bookform","is_external":"","nofollow":"","custom_attributes":""},"align_tablet":"justify","icon_indent":{"unit":"px","size":"0","sizes":[]},"typography_font_size_tablet":{"unit":"px","size":"15","sizes":[]},"typography_font_size_mobile":{"unit":"px","size":"14","sizes":[]},"typography_text_transform":"uppercase","text_padding_tablet":{"unit":"px","top":"18","right":"0","bottom":"18","left":"0","isLinked":""},"text_padding_mobile":{"unit":"px","top":"18","right":"25","bottom":"18","left":"25","isLinked":""}},"elements":[],"isInner":false,"widgetType":"button","elType":"widget"}],"isInner":"1","elType":"column"}],"isInner":"1","elType":"section"},{"id":"e0f65ae","settings":{"image":{"id":16890,"url":"http:\/\/library.elementor.com\/lp\/wp-content\/uploads\/2021\/01\/working_chef_pic2.jpg"},"align":"left","width":{"unit":"%","size":"100","sizes":[]},"_padding":{"unit":"%","top":"","right":"","bottom":"","left":"","isLinked":""},"_padding_mobile":{"unit":"%","top":"0","right":"0","bottom":"0","left":"0","isLinked":""},"_z_index":"5","motion_fx_motion_fx_scrolling":"yes","motion_fx_translateY_effect":"yes","motion_fx_translateY_speed":{"unit":"px","size":"1","sizes":[]},"motion_fx_devices":["desktop"]},"elements":[],"isInner":false,"widgetType":"image","elType":"widget"}],"isInner":"","elType":"column"},{"id":"1ef159d4","settings":{"_column_size":"50","background_background":"classic","_inline_size_tablet":"50","content_position":"top","space_between_widgets":"0","box_shadow_box_shadow":{"horizontal":"0","vertical":"0","blur":"50","spread":"0","color":"rgba(0, 0, 0, 0.1)"},"margin":{"unit":"%","top":"0","right":"0","bottom":"0","left":"0","isLinked":"1"},"margin_tablet":{"unit":"%","top":"0","right":"0","bottom":"0","left":"0","isLinked":""},"margin_mobile":{"unit":"px","top":"0","right":"0","bottom":"0","left":"0","isLinked":""},"padding":{"unit":"%","top":"0","right":"0","bottom":"0","left":"10","isLinked":""},"padding_tablet":{"unit":"%","top":"0","right":"0","bottom":"0","left":"10","isLinked":""},"padding_mobile":{"unit":"%","top":"0","right":"0","bottom":"0","left":"0","isLinked":"1"}},"elements":[{"id":"13209d67","settings":{"image":{"id":16892,"url":"http:\/\/library.elementor.com\/lp\/wp-content\/uploads\/2021\/01\/working_chef_pic3.jpg"},"width":{"unit":"%","size":"100","sizes":[]},"_padding":{"unit":"%","top":"0","right":"0","bottom":"20","left":"0","isLinked":""},"_z_index":"5","_element_custom_width_mobile":{"unit":"%","size":"","sizes":[]},"motion_fx_motion_fx_scrolling":"yes","motion_fx_translateY_effect":"yes","motion_fx_translateY_direction":"negative","motion_fx_translateY_speed":{"unit":"px","size":"1","sizes":[]},"motion_fx_devices":["desktop"]},"elements":[],"isInner":false,"widgetType":"image","elType":"widget"},{"id":"660f0fc2","settings":{"image":{"id":16894,"url":"http:\/\/library.elementor.com\/lp\/wp-content\/uploads\/2021\/01\/working_chef_pic1.jpg"},"align":"left","width":{"unit":"%","size":"100","sizes":[]},"_padding":{"unit":"%","top":"","right":"","bottom":"","left":"","isLinked":""},"_z_index":"5"},"elements":[],"isInner":false,"widgetType":"image","elType":"widget"}],"isInner":"","elType":"column"}],"isInner":"","elType":"section"},{"id":"51f3dd1d","settings":{"content_width":{"unit":"px","size":"410","sizes":[]},"gap":"no","custom_height":{"unit":"px","size":"0","sizes":[]},"column_position":"stretch","background_background":"classic","padding":{"unit":"%","top":"20","right":"4","bottom":"6","left":"4","isLinked":""},"custom_height_tablet":{"unit":"px","size":"405","sizes":[]},"custom_height_mobile":{"unit":"px","size":"0","sizes":[]},"background_color":"#252734","margin":{"unit":"px","top":"-118","right":"0","bottom":"0","left":"0","isLinked":""},"margin_tablet":{"unit":"px","top":"-90","right":"0","bottom":"0","left":"0","isLinked":""},"padding_tablet":{"unit":"%","top":"40","right":"4","bottom":"10","left":"4","isLinked":""},"padding_mobile":{"unit":"%","top":"60","right":"6","bottom":"14","left":"6","isLinked":""},"z_index":"0","_title":"Reviews From My Satisfied Clients","_timestamp_":"v1b1BCenZXN2gxUTBqb0JJSWxJTVlPZz09"},"elements":[{"id":"6eb1fbcb","settings":{"_column_size":"100","content_position":"center","background_background":"classic","box_shadow_box_shadow":{"horizontal":"0","vertical":"0","blur":"50","spread":"0","color":"rgba(0, 0, 0, 0.1)"},"padding":{"unit":"%","top":"","right":"","bottom":"","left":"","isLinked":"1"},"_inline_size_tablet":"100","space_between_widgets":"0","margin":{"unit":"%","top":"","right":"","bottom":"","left":"","isLinked":"1"},"margin_tablet":{"unit":"%","top":"","right":"","bottom":"","left":"","isLinked":"1"},"margin_mobile":{"unit":"%","top":"","right":"","bottom":"","left":"","isLinked":"1"},"padding_tablet":{"unit":"%","top":"0","right":"4","bottom":"0","left":"4","isLinked":""},"padding_mobile":{"unit":"%","top":"0","right":"0","bottom":"0","left":"0","isLinked":""}},"elements":[{"id":"214dd4a0","settings":{"title":"Reviews From My Satisfied Clients","title_color":"#FFFFFF","typography_typography":"custom","typography_font_family":"Raleway","typography_font_size":{"unit":"px","size":"50","sizes":[]},"typography_font_weight":"200","typography_text_transform":"capitalize","typography_font_style":"normal","typography_text_decoration":"none","typography_line_height":{"unit":"px","size":"65","sizes":[]},"align":"center","align_mobile":"left","typography_font_size_tablet":{"unit":"px","size":"34","sizes":[]},"typography_font_size_mobile":{"unit":"px","size":"34","sizes":[]},"typography_line_height_tablet":{"unit":"em","size":"1.3","sizes":[]},"_margin":{"unit":"px","top":"0","right":"0","bottom":"0","left":"0","isLinked":""},"_padding":{"unit":"%","top":"","right":"","bottom":"","left":"","isLinked":"1"},"_animation":"fadeIn","_animation_tablet":"none","_animation_delay":"200"},"elements":[],"isInner":false,"widgetType":"heading","elType":"widget"}],"isInner":"","elType":"column"}],"isInner":"","elType":"section"},{"id":"246287f3","settings":{"content_width":{"unit":"px","size":"1720","sizes":[]},"gap":"no","structure":"30","padding":{"unit":"%","top":"0","right":"4","bottom":"16","left":"4","isLinked":""},"padding_mobile":{"unit":"%","top":"0","right":"6","bottom":"44","left":"6","isLinked":""},"_title":"Testimonials","padding_tablet":{"unit":"%","top":"0","right":"8","bottom":"30","left":"8","isLinked":""},"margin":{"unit":"%","top":"","right":"0","bottom":"","left":"0","isLinked":"1"},"_timestamp_":"v1b1BCenZXN2gxUTBqb0JJSWxJTVlPZz09"},"elements":[{"id":"638683dd","settings":{"_column_size":"33","_inline_size_tablet":"100","space_between_widgets":"0","padding":{"unit":"%","top":"0","right":"18","bottom":"0","left":"0","isLinked":""},"padding_tablet":{"unit":"%","top":"0","right":"0","bottom":"10","left":"0","isLinked":""},"padding_mobile":{"unit":"%","top":"0","right":"0","bottom":"20","left":"0","isLinked":""}},"elements":[{"id":"4e29afd0","settings":{"selected_icon":{"value":{"id":16896,"url":"http:\/\/library.elementor.com\/lp\/wp-content\/uploads\/2021\/01\/quote-mark.svg"},"library":"svg"},"align":"left","align_tablet":"left","primary_color":"#FFAF29","size":{"unit":"px","size":"34","sizes":[]},"_padding":{"unit":"%","top":"0","right":"0","bottom":"6","left":"0","isLinked":""}},"elements":[],"isInner":false,"widgetType":"icon","elType":"widget"},{"id":"5cdc55b2","settings":{"blockquote_skin":"clean","alignment":"left","blockquote_content":"\u201cChef Henry prepared an exceptional birthday dinner for my wife. The food was amazing and our guests were all very impressed by his talent. We had the best time and will definitely book him again for our next dinner party.\"","author_name":"Steve Anderson","tweet_button":"","tweet_button_label":"Tweet","content_text_color":"#FFFFFF","content_typography_typography":"custom","content_typography_font_family":"Raleway","content_typography_font_size":{"unit":"px","size":"22","sizes":[]},"content_typography_font_size_tablet":{"unit":"px","size":"18","sizes":[]},"content_typography_font_weight":"300","content_typography_text_transform":"none","content_typography_font_style":"normal","content_typography_text_decoration":"none","content_typography_line_height":{"unit":"px","size":"30","sizes":[]},"content_typography_line_height_tablet":{"unit":"em","size":"1.5","sizes":[]},"content_gap":{"unit":"px","size":"30","sizes":[]},"author_text_color":"#FFFFFF","author_typography_typography":"custom","author_typography_font_family":"Raleway","author_typography_font_size":{"unit":"px","size":"16","sizes":[]},"author_typography_font_size_tablet":{"unit":"px","size":"14","sizes":[]},"author_typography_font_weight":"200","author_typography_text_transform":"capitalize","author_typography_font_style":"normal","author_typography_text_decoration":"none","author_typography_line_height":{"unit":"px","size":"30","sizes":[]},"author_typography_line_height_tablet":{"unit":"em","size":"1.4","sizes":[]}},"elements":[],"isInner":false,"widgetType":"blockquote","elType":"widget"}],"isInner":"","elType":"column"},{"id":"36901121","settings":{"_column_size":"33","_inline_size_tablet":"50","space_between_widgets":"0","padding":{"unit":"%","top":"0","right":"8","bottom":"0","left":"8","isLinked":""},"padding_tablet":{"unit":"%","top":"0","right":"10","bottom":"0","left":"0","isLinked":""},"padding_mobile":{"unit":"%","top":"0","right":"0","bottom":"20","left":"0","isLinked":""}},"elements":[{"id":"76ccc8ba","settings":{"selected_icon":{"value":{"id":16896,"url":"http:\/\/library.elementor.com\/lp\/wp-content\/uploads\/2021\/01\/quote-mark.svg"},"library":"svg"},"align":"left","align_tablet":"left","primary_color":"#FFAF29","size":{"unit":"px","size":"34","sizes":[]},"_padding":{"unit":"%","top":"0","right":"0","bottom":"6","left":"0","isLinked":""}},"elements":[],"isInner":false,"widgetType":"icon","elType":"widget"},{"id":"6e33083b","settings":{"blockquote_skin":"clean","alignment":"left","blockquote_content":"\u201cThank you Henry for a wonderful and unforgettable dining experience! Everything was delicious. You are  Incredibly talented and a wonderful person to work with. I will definitely hire you again for all my future events.\"","author_name":"Nick Broughton","tweet_button":"","tweet_button_label":"Tweet","content_text_color":"#FFFFFF","content_typography_typography":"custom","content_typography_font_family":"Raleway","content_typography_font_size":{"unit":"px","size":"22","sizes":[]},"content_typography_font_size_tablet":{"unit":"px","size":"18","sizes":[]},"content_typography_font_weight":"300","content_typography_text_transform":"none","content_typography_font_style":"normal","content_typography_text_decoration":"none","content_typography_line_height":{"unit":"px","size":"30","sizes":[]},"content_typography_line_height_tablet":{"unit":"em","size":"1.5","sizes":[]},"content_gap":{"unit":"px","size":"30","sizes":[]},"author_text_color":"#FFFFFF","author_typography_typography":"custom","author_typography_font_family":"Raleway","author_typography_font_size":{"unit":"px","size":"16","sizes":[]},"author_typography_font_size_tablet":{"unit":"px","size":"14","sizes":[]},"author_typography_font_weight":"200","author_typography_text_transform":"capitalize","author_typography_font_style":"normal","author_typography_text_decoration":"none","author_typography_line_height":{"unit":"px","size":"30","sizes":[]},"author_typography_line_height_tablet":{"unit":"em","size":"1.4","sizes":[]}},"elements":[],"isInner":false,"widgetType":"blockquote","elType":"widget"}],"isInner":"","elType":"column"},{"id":"58937174","settings":{"_column_size":"33","_inline_size_tablet":"50","space_between_widgets":"0","padding":{"unit":"%","top":"0","right":"0","bottom":"0","left":"18","isLinked":""},"padding_tablet":{"unit":"%","top":"0","right":"0","bottom":"0","left":"10","isLinked":""},"padding_mobile":{"unit":"px","top":"0","right":"0","bottom":"0","left":"0","isLinked":""}},"elements":[{"id":"697d12a7","settings":{"selected_icon":{"value":{"id":16896,"url":"http:\/\/library.elementor.com\/lp\/wp-content\/uploads\/2021\/01\/quote-mark.svg"},"library":"svg"},"align":"left","align_tablet":"left","primary_color":"#FFAF29","size":{"unit":"px","size":"34","sizes":[]},"_padding":{"unit":"%","top":"0","right":"0","bottom":"6","left":"0","isLinked":""}},"elements":[],"isInner":false,"widgetType":"icon","elType":"widget"},{"id":"6647e071","settings":{"blockquote_skin":"clean","alignment":"left","blockquote_content":"\u201cChef Henry Is amazing. We hired him to cook for an 8-person work event, and it was a great success. The variety of dishes and courses he prepared were excellent and the service was impeccable!\"","author_name":"Aleesha Watkins","tweet_button":"","tweet_button_label":"Tweet","content_text_color":"#FFFFFF","content_typography_typography":"custom","content_typography_font_family":"Raleway","content_typography_font_size":{"unit":"px","size":"22","sizes":[]},"content_typography_font_size_tablet":{"unit":"px","size":"18","sizes":[]},"content_typography_font_weight":"300","content_typography_text_transform":"none","content_typography_font_style":"normal","content_typography_text_decoration":"none","content_typography_line_height":{"unit":"px","size":"30","sizes":[]},"content_typography_line_height_tablet":{"unit":"em","size":"1.5","sizes":[]},"content_gap":{"unit":"px","size":"30","sizes":[]},"author_text_color":"#FFFFFF","author_typography_typography":"custom","author_typography_font_family":"Raleway","author_typography_font_size":{"unit":"px","size":"16","sizes":[]},"author_typography_font_size_tablet":{"unit":"px","size":"14","sizes":[]},"author_typography_font_weight":"200","author_typography_text_transform":"capitalize","author_typography_font_style":"normal","author_typography_text_decoration":"none","author_typography_line_height":{"unit":"px","size":"30","sizes":[]},"author_typography_line_height_tablet":{"unit":"em","size":"1.4","sizes":[]}},"elements":[],"isInner":false,"widgetType":"blockquote","elType":"widget"}],"isInner":"","elType":"column"}],"isInner":"","elType":"section"},{"id":"3c79d137","settings":{"content_width":{"unit":"px","size":"1720","sizes":[]},"gap":"no","custom_height":{"unit":"px","size":"690","sizes":[]},"custom_height_tablet":{"unit":"px","size":"777","sizes":[]},"custom_height_mobile":{"unit":"px","size":"546","sizes":[]},"overflow":"hidden","margin":{"unit":"px","top":"0","right":"0","bottom":"0","left":"0","isLinked":""},"padding":{"unit":"%","top":"0","right":"4","bottom":"0","left":"4","isLinked":""},"padding_mobile":{"unit":"%","top":"0","right":"6","bottom":"0","left":"6","isLinked":""},"_title":"Call To Action","_timestamp_":"v1b1BCenZXN2gxUTBqb0JJSWxJTVlPZz09"},"elements":[{"id":"1c590786","settings":{"_column_size":"100"},"elements":[{"id":"2e89010","settings":{"image":{"id":16898,"url":"http:\/\/library.elementor.com\/lp\/wp-content\/uploads\/2021\/01\/call-to-action-pic1.jpg"},"align_tablet":"right","width_tablet":{"unit":"%","size":"100","sizes":[]},"width_mobile":{"unit":"%","size":"100","sizes":[]},"motion_fx_motion_fx_scrolling":"yes","motion_fx_translateY_effect":"yes","motion_fx_translateY_direction":"negative","motion_fx_translateY_speed":{"unit":"px","size":"1","sizes":[]},"motion_fx_devices":["desktop","tablet"],"_element_width":"initial","_element_width_tablet":"initial","_element_width_mobile":"inherit","_element_custom_width":{"unit":"%","size":"18","sizes":[]},"_element_custom_width_tablet":{"unit":"%","size":"26","sizes":[]},"_position":"absolute","_offset_orientation_h":"end","_offset_x_end":{"unit":"%","size":"0","sizes":[]},"_offset_y":{"unit":"%","size":"0","sizes":[]}},"elements":[],"isInner":false,"widgetType":"image","elType":"widget"},{"id":"228e0635","settings":{"image":{"id":16900,"url":"http:\/\/library.elementor.com\/lp\/wp-content\/uploads\/2021\/01\/call-to-action-pic2.jpg"},"align":"left","align_tablet":"left","width_tablet":{"unit":"%","size":"100","sizes":[]},"width_mobile":{"unit":"%","size":"100","sizes":[]},"motion_fx_motion_fx_scrolling":"yes","motion_fx_translateY_effect":"yes","motion_fx_translateY_speed":{"unit":"px","size":"1","sizes":[]},"motion_fx_devices":["desktop","tablet"],"_element_width":"initial","_element_width_tablet":"initial","_element_width_mobile":"inherit","_element_custom_width":{"unit":"%","size":"21","sizes":[]},"_element_custom_width_tablet":{"unit":"%","size":"32","sizes":[]},"_position":"absolute","_offset_x_end":{"unit":"%","size":"0","sizes":[]},"_offset_orientation_v":"end","_offset_y":{"unit":"%","size":"0","sizes":[]}},"elements":[],"isInner":false,"widgetType":"image","elType":"widget"},{"id":"4dd35181","settings":{"content_width":{"unit":"px","size":"1548","sizes":[]},"gap":"no","height_inner":"min-height","custom_height_inner":{"unit":"px","size":"495","sizes":[]},"custom_height_inner_tablet":{"unit":"px","size":"470","sizes":[]},"custom_height_inner_mobile":{"unit":"px","size":"310","sizes":[]},"content_position":"middle","background_background":"classic","margin":{"unit":"px","top":"0","right":"0","bottom":"0","left":"0","isLinked":""},"padding":{"unit":"px","top":"112","right":"0","bottom":"83","left":"0","isLinked":""},"padding_tablet":{"unit":"%","top":"20","right":"0","bottom":"20","left":"0","isLinked":""},"padding_mobile":{"unit":"%","top":"130","right":"0","bottom":"105","left":"0","isLinked":""}},"elements":[{"id":"248c1919","settings":{"_column_size":"100","space_between_widgets":"0","background_background":"classic","background_color":"#333646","margin_tablet":{"unit":"%","top":"0","right":"8","bottom":"0","left":"8","isLinked":""},"margin_mobile":{"unit":"px","top":"0","right":"0","bottom":"0","left":"0","isLinked":""},"padding":{"unit":"%","top":"0","right":"20","bottom":"0","left":"20","isLinked":""},"padding_tablet":{"unit":"%","top":"0","right":"14","bottom":"0","left":"14","isLinked":""},"padding_mobile":{"unit":"%","top":"0","right":"8","bottom":"0","left":"8","isLinked":""}},"elements":[{"id":"666564db","settings":{"title":"Book a personal chef for an unforgettable private dining experience","title_color":"#FFFFFF","typography_typography":"custom","typography_font_family":"Raleway","typography_font_size":{"unit":"px","size":"50","sizes":[]},"typography_font_weight":"200","typography_font_style":"normal","typography_text_decoration":"none","typography_line_height":{"unit":"px","size":"65","sizes":[]},"align":"center","align_mobile":"center","typography_font_size_tablet":{"unit":"px","size":"34","sizes":[]},"typography_font_size_mobile":{"unit":"px","size":"24","sizes":[]},"typography_line_height_tablet":{"unit":"em","size":"1.3","sizes":[]},"_margin":{"unit":"px","top":"0","right":"0","bottom":"0","left":"0","isLinked":""},"_padding":{"unit":"%","top":"0","right":"0","bottom":"6","left":"0","isLinked":""},"typography_line_height_mobile":{"unit":"em","size":"1.4","sizes":[]},"typography_letter_spacing_mobile":{"unit":"px","size":"0.4","sizes":[]},"_padding_tablet":{"unit":"%","top":"0","right":"0","bottom":"8","left":"0","isLinked":""},"_padding_mobile":{"unit":"%","top":"0","right":"0","bottom":"12","left":"0","isLinked":""},"_z_index":"30"},"elements":[],"isInner":false,"widgetType":"heading","elType":"widget"},{"id":"5668e87d","settings":{"text":"Book Chef Henry","align":"center","typography_typography":"custom","typography_font_family":"Raleway","typography_font_size":{"unit":"px","size":"16","sizes":[]},"typography_line_height":{"unit":"em","size":"1","sizes":[]},"button_text_color":"#252734","background_color":"#FFAF29","hover_color":"#FFFFFF","button_background_hover_color":"rgba(255, 255, 255, 0)","button_hover_border_color":"#FFAF29","border_border":"solid","border_width":{"unit":"px","top":"1","right":"1","bottom":"1","left":"1","isLinked":"1"},"border_color":"#FFAF29","border_radius":{"unit":"px","top":"0","right":"0","bottom":"0","left":"0","isLinked":"1"},"text_padding":{"unit":"px","top":"18","right":"109","bottom":"18","left":"109","isLinked":""},"link":{"url":"#bookform","is_external":"","nofollow":"","custom_attributes":""},"icon_indent":{"unit":"px","size":"0","sizes":[]},"typography_font_size_tablet":{"unit":"px","size":"15","sizes":[]},"typography_font_size_mobile":{"unit":"px","size":"14","sizes":[]},"typography_text_transform":"uppercase","text_padding_tablet":{"unit":"px","top":"18","right":"70","bottom":"18","left":"70","isLinked":""},"text_padding_mobile":{"unit":"px","top":"18","right":"25","bottom":"18","left":"25","isLinked":""},"align_mobile":"justify"},"elements":[],"isInner":false,"widgetType":"button","elType":"widget"}],"isInner":"1","elType":"column"}],"isInner":"1","elType":"section"}],"isInner":"","elType":"column"}],"isInner":"","elType":"section"},{"id":"54a31173","settings":{"content_width":{"unit":"px","size":"1720","sizes":[]},"gap":"no","height":"min-height","custom_height":{"unit":"px","size":"370","sizes":[]},"html_tag":"footer","padding":{"unit":"%","top":"0","right":"4","bottom":"0","left":"4","isLinked":""},"padding_tablet":{"unit":"%","top":"14","right":"4","bottom":"0","left":"4","isLinked":""},"padding_mobile":{"unit":"%","top":"20","right":"10","bottom":"0","left":"10","isLinked":""},"_title":"Footer","_timestamp_":"v1b1BCenZXN2gxUTBqb0JJSWxJTVlPZz09"},"elements":[{"id":"6525e602","settings":{"_column_size":"100","space_between_widgets":"50","space_between_widgets_mobile":"60"},"elements":[{"id":"9cbfa4f","settings":{"image":{"id":16878,"url":"http:\/\/library.elementor.com\/lp\/wp-content\/uploads\/2021\/01\/Chef_logo.png"},"align":"center","width":{"unit":"px","size":"260","sizes":[]},"align_mobile":"center","width_mobile":{"unit":"px","size":"200","sizes":[]}},"elements":[],"isInner":false,"widgetType":"image","elType":"widget"},{"id":"6d21145e","settings":{"editor":"\u24b8  Henry Simmons Personal Chef. All rights reserved","align":"center","text_color":"#FFFFFF","typography_typography":"custom","typography_font_family":"Raleway","typography_font_size":{"unit":"px","size":"15","sizes":[]},"typography_font_size_tablet":{"unit":"px","size":"15","sizes":[]},"typography_font_weight":"200","typography_text_transform":"none","typography_font_style":"normal","typography_text_decoration":"none","typography_line_height":{"unit":"px","size":"30","sizes":[]},"typography_line_height_tablet":{"unit":"em","size":"1.4","sizes":[]}},"elements":[],"isInner":false,"widgetType":"text-editor","elType":"widget"},{"id":"3bdab72b","settings":{"social_icon_list":[{"social_icon":{"value":{"id":16902,"url":"http:\/\/library.elementor.com\/lp\/wp-content\/uploads\/2021\/01\/insta-icon-1.svg"},"library":"svg"},"_id":"e4fd53e"},{"social_icon":{"value":"fab fa-facebook-f","library":"fa-brands"},"_id":"9f5badf"},{"social_icon":{"value":"fab fa-twitter","library":"fa-brands"},"_id":"8c814c1"}],"icon_color":"custom","icon_primary_color":"rgba(255, 255, 255, 0)","icon_secondary_color":"#FFFFFF","icon_size":{"unit":"px","size":"15","sizes":[]},"icon_padding":{"unit":"em","size":"0","sizes":[]},"icon_spacing":{"unit":"px","size":"20","sizes":[]},"hover_primary_color":"rgba(255, 255, 255, 0)","hover_secondary_color":"#FFAF29"},"elements":[],"isInner":false,"widgetType":"social-icons","elType":"widget"}],"isInner":"","elType":"column"}],"isInner":"","elType":"section"}]}