{"version":"0.4","title":"16932","type":"page","content":[{"id":"4e1340b1","settings":{"layout":"full_width","gap":"no","height":"min-height","custom_height":{"unit":"vh","size":"100","sizes":[]},"custom_height_tablet":{"unit":"px","size":"720","sizes":[]},"column_position":"stretch","content_position":"top","overflow":"hidden","background_background":"classic","background_color":"#273E9F","background_image":{"id":16591,"url":"http:\/\/library.elementor.com\/lp\/wp-content\/uploads\/2021\/01\/hero-pic.jpg"},"background_position":"top right","background_position_tablet":"initial","background_position_mobile":"bottom center","background_xpos_tablet":{"unit":"%","size":"150","sizes":[]},"background_repeat":"no-repeat","background_size":"contain","background_size_tablet":"initial","background_size_mobile":"contain","background_bg_width_tablet":{"unit":"%","size":"65","sizes":[]},"background_motion_fx_translateX_speed":{"unit":"px","size":"0.5","sizes":[]},"background_motion_fx_translateX_affectedRange":{"unit":"%","size":"","sizes":{"start":"50","end":"100"}},"padding_mobile":{"unit":"%","top":"0","right":"0","bottom":"26","left":"0","isLinked":""},"_title":"Hero section","custom_height_mobile":{"unit":"px","size":"1140","sizes":[]},"_timestamp_":"v1b1BCenZXN2gxUTBqb0JJSWxJTVlPZz09"},"elements":[{"id":"3484b2e7","settings":{"_column_size":"100","background_background":"classic","background_position":"top right","background_repeat":"no-repeat","background_size":"contain","z_index":"30"},"elements":[{"id":"1fa2a88","settings":{"content_width":{"unit":"px","size":"1400","sizes":[]},"gap":"no","content_position":"middle","margin":{"unit":"px","top":"0","right":"0","bottom":"0","left":"0","isLinked":""},"padding":{"unit":"%","top":"3","right":"4","bottom":"2","left":"4","isLinked":""},"padding_mobile":{"unit":"%","top":"8","right":"6","bottom":"8","left":"6","isLinked":""},"z_index":"50"},"elements":[{"id":"2e2bc7c8","settings":{"_column_size":"100","margin_mobile":{"unit":"px","top":"0","right":"0","bottom":"0","left":"0","isLinked":""},"padding_mobile":{"unit":"px","top":"0","right":"0","bottom":"0","left":"0","isLinked":""}},"elements":[{"id":"31fe96d1","settings":{"image":{"id":16587,"url":"http:\/\/library.elementor.com\/lp\/wp-content\/uploads\/2021\/01\/Finance_logo.png"},"align":"left","align_mobile":"center","width":{"unit":"px","size":"256","sizes":[]},"css_filters_hover_hue":{"unit":"px","size":"216","sizes":[]},"width_mobile":{"unit":"px","size":"220","sizes":[]},"_margin_mobile":{"unit":"px","top":"0","right":"0","bottom":"0","left":"0","isLinked":""},"_padding_mobile":{"unit":"px","top":"0","right":"0","bottom":"0","left":"0","isLinked":""}},"elements":[],"isInner":false,"widgetType":"image","elType":"widget"}],"isInner":"1","elType":"column"}],"isInner":"1","elType":"section"},{"id":"5177b3c3","settings":{"content_width":{"unit":"px","size":"1400","sizes":[]},"gap":"no","content_position":"middle","structure":"20","margin":{"unit":"px","top":"0","right":"0","bottom":"0","left":"0","isLinked":""},"padding":{"unit":"%","top":"6","right":"4","bottom":"2","left":"4","isLinked":""},"padding_tablet":{"unit":"%","top":"8","right":"4","bottom":"8","left":"4","isLinked":""},"padding_mobile":{"unit":"%","top":"8","right":"6","bottom":"8","left":"6","isLinked":""},"z_index":"50"},"elements":[{"id":"251b22e6","settings":{"_column_size":"50","_inline_size_tablet":"60","padding_tablet":{"unit":"%","top":"0","right":"6","bottom":"0","left":"0","isLinked":""},"padding_mobile":{"unit":"px","top":"0","right":"0","bottom":"0","left":"0","isLinked":""},"padding":{"unit":"%","top":"0","right":"10","bottom":"0","left":"0","isLinked":""}},"elements":[{"id":"43a459ad","settings":{"title":"Be in control of your financial future with our expert advice","header_size":"h1","align_mobile":"center","title_color":"#FFFFFF","typography_typography":"custom","typography_font_family":"Roboto Slab","typography_font_size":{"unit":"px","size":"55","sizes":[]},"typography_font_size_tablet":{"unit":"px","size":"40","sizes":[]},"typography_font_size_mobile":{"unit":"px","size":"30","sizes":[]},"typography_font_weight":"300","typography_line_height":{"unit":"px","size":"80","sizes":[]},"typography_line_height_tablet":{"unit":"em","size":"1.3","sizes":[]},"typography_letter_spacing":{"unit":"px","size":"1","sizes":[]},"_padding_mobile":{"unit":"%","top":"0","right":"0","bottom":"20","left":"0","isLinked":""},"_animation":"none","_z_index":"30"},"elements":[],"isInner":false,"widgetType":"heading","elType":"widget"}],"isInner":"1","elType":"column"},{"id":"37f776b4","settings":{"_column_size":"50","_inline_size_tablet":"40","space_between_widgets":"0","background_background":"classic","background_color":"#FFFFFF","border_radius":{"unit":"px","top":"10","right":"10","bottom":"10","left":"10","isLinked":"1"},"box_shadow_box_shadow_type":"yes","box_shadow_box_shadow":{"horizontal":"0","vertical":"0","blur":"30","spread":"0","color":"rgba(0, 0, 0, 0.15)"},"margin":{"unit":"%","top":"0","right":"22","bottom":"0","left":"8","isLinked":""},"margin_tablet":{"unit":"%","top":"0","right":"0","bottom":"0","left":"0","isLinked":""},"margin_mobile":{"unit":"%","top":"0","right":"4","bottom":"0","left":"4","isLinked":""},"padding":{"unit":"%","top":"9","right":"10","bottom":"9","left":"10","isLinked":""},"animation":"none","animation_delay":"30"},"elements":[{"id":"62fd9e15","settings":{"title":"Book Free Remote Consultation","header_size":"h4","align":"center","title_color":"#000000","typography_typography":"custom","typography_font_family":"Montserrat","typography_font_size":{"unit":"px","size":"20","sizes":[]},"typography_font_size_tablet":{"unit":"px","size":"18","sizes":[]},"typography_font_weight":"600","typography_text_transform":"capitalize","typography_line_height_tablet":{"unit":"em","size":"1.2","sizes":[]},"_padding":{"unit":"%","top":"0","right":"0","bottom":"8","left":"0","isLinked":""},"_padding_tablet":{"unit":"%","top":"0","right":"0","bottom":"10","left":"0","isLinked":""},"_padding_mobile":{"unit":"%","top":"0","right":"0","bottom":"10","left":"0","isLinked":""}},"elements":[],"isInner":false,"widgetType":"heading","elType":"widget"},{"id":"5739f5fa","settings":{"editor":"Please fill out the form below and we\u2019ll get back to you to schedule free 30-min initial consultation.","align":"center","text_color":"#000000","typography_typography":"custom","typography_font_family":"Montserrat","typography_font_size":{"unit":"px","size":"15","sizes":[]},"typography_font_size_tablet":{"unit":"px","size":"14","sizes":[]},"typography_font_weight":"normal","typography_text_transform":"none","typography_font_style":"normal","typography_text_decoration":"none","typography_line_height":{"unit":"px","size":"22","sizes":[]},"typography_line_height_tablet":{"unit":"em","size":"1.4","sizes":[]},"_padding":{"unit":"%","top":"0","right":"0","bottom":"6","left":"0","isLinked":""},"_padding_tablet":{"unit":"%","top":"0","right":"0","bottom":"8","left":"0","isLinked":""},"_padding_mobile":{"unit":"%","top":"0","right":"0","bottom":"12","left":"0","isLinked":""}},"elements":[],"isInner":false,"widgetType":"text-editor","elType":"widget"},{"id":"68df669d","settings":{"form_name":"New Form","form_fields":[{"custom_id":"name","field_label":"Name","placeholder":"Name","_id":"e99e9b3","rows":"4","file_sizes":"","file_types":"","allow_multiple_upload":"","max_files":"","acceptance_text":"","checked_by_default":"","field_min":"","field_max":"","min_date":"","max_date":"","use_native_date":"","use_native_time":"","previous_button":"","next_button":""},{"custom_id":"email","field_type":"email","required":"true","field_label":"Email Address","placeholder":"Email Address*","_id":"882f89b","rows":"4","file_sizes":"","file_types":"","allow_multiple_upload":"","max_files":"","acceptance_text":"","checked_by_default":"","field_min":"","field_max":"","min_date":"","max_date":"","use_native_date":"","use_native_time":"","previous_button":"","next_button":""},{"field_type":"tel","field_label":"Phone Number","placeholder":"Phone Number","rows":"4","custom_id":"field_1f3565c","_id":"1f3565c","file_sizes":"","file_types":"","allow_multiple_upload":"","max_files":"","acceptance_text":"","checked_by_default":"","field_min":"","field_max":"","min_date":"","max_date":"","use_native_date":"","use_native_time":"","previous_button":"","next_button":""}],"input_size":"md","show_labels":"","button_size":"md","step_next_label":"Next","step_previous_label":"Previous","button_text":"Send","email_content":"[all-fields]","email_content_2":"[all-fields]","success_message":"The form was sent successfully.","error_message":"An error occured.","required_field_message":"This field is required.","invalid_message":"There's something wrong. The form is invalid.","column_gap":{"unit":"px","size":"30","sizes":[]},"row_gap":{"unit":"px","size":"30","sizes":[]},"field_text_color":"#000000","field_typography_typography":"custom","field_typography_font_family":"Montserrat","field_typography_font_size":{"unit":"px","size":"14","sizes":[]},"field_typography_font_size_tablet":{"unit":"px","size":"13","sizes":[]},"field_typography_font_weight":"300","field_background_color":"#F3F3F3","field_border_color":"#F3F3F3","field_border_width":{"unit":"px","top":"0","right":"0","bottom":"0","left":"0","isLinked":"1"},"button_typography_typography":"custom","button_typography_font_family":"Roboto Slab","button_typography_font_size":{"unit":"px","size":"18","sizes":[]},"button_typography_font_size_tablet":{"unit":"px","size":"16","sizes":[]},"button_typography_font_weight":"400","button_typography_text_transform":"capitalize","button_typography_font_style":"normal","button_typography_text_decoration":"none","button_typography_line_height":{"unit":"em","size":"1","sizes":[]},"button_background_color":"#5DD0D1","previous_button_background_color":"#40E0E1","button_background_hover_color":"#FB6290","previous_button_background_color_hover":"#FB6290","button_typography_letter_spacing":{"unit":"px","size":"0.5","sizes":[]},"message_typography_typography":"custom","message_typography_font_family":"Montserrat","message_typography_font_size":{"unit":"px","size":"15","sizes":[]},"message_typography_font_size_tablet":{"unit":"px","size":"14","sizes":[]},"message_typography_font_weight":"500","success_message_color":"#5DD0D1","error_message_color":"#FB6290","inline_message_color":"#000000"},"elements":[],"isInner":false,"widgetType":"form","elType":"widget"}],"isInner":"1","elType":"column"}],"isInner":"1","elType":"section"},{"id":"754ba8be","settings":{"selected_icon":{"value":{"id":16589,"url":"http:\/\/library.elementor.com\/lp\/wp-content\/uploads\/2021\/01\/Rectangle-shape.svg"},"library":"svg"},"primary_color":"rgba(255, 255, 255, 0.03)","size":{"unit":"px","size":"276","sizes":[]},"_element_width":"auto","_position":"absolute","_offset_orientation_h":"end","_offset_x_end":{"unit":"%","size":"40","sizes":[]},"_offset_x_end_mobile":{"unit":"%","size":"46","sizes":[]},"_offset_orientation_v":"end","_offset_y_end":{"unit":"%","size":"6","sizes":[]},"_offset_y_end_mobile":{"unit":"%","size":"34","sizes":[]},"_animation":"fadeInRight","animation_duration":"slow"},"elements":[],"isInner":false,"widgetType":"icon","elType":"widget"},{"id":"6cdf1f94","settings":{"selected_icon":{"value":{"id":16589,"url":"http:\/\/library.elementor.com\/lp\/wp-content\/uploads\/2021\/01\/Rectangle-shape.svg"},"library":"svg"},"primary_color":"rgba(255, 255, 255, 0.05)","size":{"unit":"px","size":"721","sizes":[]},"size_mobile":{"unit":"px","size":"600","sizes":[]},"_element_width":"auto","_position":"absolute","_offset_x":{"size":"-10.061","unit":"%"},"_offset_x_mobile":{"unit":"%","size":"-80","sizes":[]},"_offset_x_end":{"unit":"%","size":"10","sizes":[]},"_offset_y":{"size":"-13.611","unit":"%"},"_offset_y_end":{"unit":"%","size":"4","sizes":[]},"_animation":"fadeInLeft","animation_duration":"slow","size_tablet":{"unit":"px","size":"600","sizes":[]},"_offset_x_tablet":{"unit":"%","size":"-36","sizes":[]},"_offset_y_tablet":{"unit":"%","size":"-36","sizes":[]}},"elements":[],"isInner":false,"widgetType":"icon","elType":"widget"}],"isInner":"","elType":"column"}],"isInner":"","elType":"section"},{"id":"65ea4fb1","settings":{"content_width":{"unit":"px","size":"1400","sizes":[]},"gap":"no","margin":{"unit":"px","top":"-56","right":"0","bottom":"0","left":"0","isLinked":""},"_title":"Scroll Arrow Icon","padding_mobile":{"unit":"%","top":"0","right":"6","bottom":"0","left":"6","isLinked":""},"padding":{"unit":"%","top":"0","right":"4","bottom":"0","left":"4","isLinked":""},"padding_tablet":{"unit":"%","top":"","right":"","bottom":"","left":"","isLinked":"1"},"_timestamp_":"v1b1BCenZXN2gxUTBqb0JJSWxJTVlPZz09"},"elements":[{"id":"219caec","settings":{"_column_size":"100","background_background":"classic","background_repeat":"no-repeat","background_hover_background":"classic","padding":{"unit":"px","top":"0","right":"0","bottom":"0","left":"0","isLinked":""},"align_mobile":"center"},"elements":[{"id":"29ce4ae2","settings":{"selected_icon":{"value":{"id":16593,"url":"http:\/\/library.elementor.com\/lp\/wp-content\/uploads\/2021\/01\/scroll-arrow-icon2.svg"},"library":"svg"},"link":{"url":"#wearehere","is_external":"","nofollow":"","custom_attributes":""},"align":"left","primary_color":"#FB6290","size":{"unit":"px","size":"119","sizes":[]},"_margin":{"unit":"px","top":"0","right":"0","bottom":"0","left":"0","isLinked":""},"_background_position":"center center","_background_repeat":"no-repeat","_background_size":"cover","_background_hover_position":"center center","_background_hover_repeat":"no-repeat","_background_hover_size":"cover","_background_hover_transition":{"unit":"px","size":"0","sizes":[]},"_element_width":"auto","align_mobile":"center","hover_primary_color":"#273E9F","_element_width_mobile":"inherit"},"elements":[],"isInner":false,"widgetType":"icon","elType":"widget"}],"isInner":"","elType":"column"}],"isInner":"","elType":"section"},{"id":"43a6a41c","settings":{"content_width":{"unit":"px","size":"1400","sizes":[]},"gap":"no","custom_height":{"unit":"px","size":"540","sizes":[]},"content_position":"top","structure":"20","margin":{"unit":"%","top":"0","right":"0","bottom":"0","left":"0","isLinked":""},"padding":{"unit":"%","top":"16","right":"4","bottom":"0","left":"4","isLinked":""},"padding_mobile":{"unit":"%","top":"34","right":"6","bottom":"0","left":"6","isLinked":""},"_element_id":"wearehere","_title":"Services 1","padding_tablet":{"unit":"%","top":"20","right":"4","bottom":"0","left":"4","isLinked":""},"_timestamp_":"v1b1BCenZXN2gxUTBqb0JJSWxJTVlPZz09"},"elements":[{"id":"627e47d3","settings":{"_column_size":"50","_inline_size":"46","_inline_size_tablet":"100","space_between_widgets":"0","padding":{"unit":"%","top":"0","right":"16","bottom":"0","left":"0","isLinked":""},"padding_tablet":{"unit":"%","top":"0","right":"10","bottom":"0","left":"10","isLinked":""},"padding_mobile":{"unit":"px","top":"0","right":"0","bottom":"0","left":"0","isLinked":""},"z_index":"3"},"elements":[{"id":"691dfaed","settings":{"title":"We are here to help you make the right decisions to achieve your financial goals ","align_tablet":"center","align_mobile":"center","title_color":"#000000","typography_typography":"custom","typography_font_family":"Roboto Slab","typography_font_size":{"unit":"px","size":"35","sizes":[]},"typography_font_size_tablet":{"unit":"px","size":"30","sizes":[]},"typography_font_size_mobile":{"unit":"px","size":"26","sizes":[]},"typography_font_weight":"300","typography_line_height":{"unit":"px","size":"50","sizes":[]},"typography_line_height_tablet":{"unit":"em","size":"1.3","sizes":[]},"typography_letter_spacing":{"unit":"px","size":"0.64","sizes":[]},"_padding":{"unit":"%","top":"0","right":"0","bottom":"6","left":"0","isLinked":""},"_padding_mobile":{"unit":"%","top":"0","right":"0","bottom":"10","left":"0","isLinked":""},"_z_index":"30"},"elements":[],"isInner":false,"widgetType":"heading","elType":"widget"},{"id":"755f349","settings":{"editor":"Lorem ipsum dolor sit amet, consectet adipiscing\u00a0elised do eiusm porla tolos incididunt ut labore et dolore magna aliqu minlom veniam the quis nostrud exercitation.","align":"left","align_tablet":"center","text_color":"#000000","typography_typography":"custom","typography_font_family":"Montserrat","typography_font_size":{"unit":"px","size":"15","sizes":[]},"typography_font_size_tablet":{"unit":"px","size":"14","sizes":[]},"typography_font_weight":"normal","typography_text_transform":"none","typography_font_style":"normal","typography_text_decoration":"none","typography_line_height":{"unit":"px","size":"22","sizes":[]},"typography_line_height_tablet":{"unit":"em","size":"1.4","sizes":[]},"_padding":{"unit":"%","top":"0","right":"18","bottom":"0","left":"0","isLinked":""},"_padding_tablet":{"unit":"%","top":"0","right":"0","bottom":"8","left":"0","isLinked":""},"_padding_mobile":{"unit":"%","top":"0","right":"0","bottom":"14","left":"0","isLinked":""},"_z_index":"30"},"elements":[],"isInner":false,"widgetType":"text-editor","elType":"widget"},{"id":"768afe1b","settings":{"selected_icon":{"value":"fas fa-square","library":"fa-solid"},"primary_color":"rgba(248, 205, 196, 0.1)","size":{"unit":"px","size":"640","sizes":[]},"size_tablet":{"unit":"px","size":"400","sizes":[]},"size_mobile":{"unit":"px","size":"205","sizes":[]},"rotate":{"unit":"deg","size":"45","sizes":[]},"_element_width":"auto","_position":"absolute","_offset_x":{"unit":"%","size":"38","sizes":[]},"_offset_x_tablet":{"unit":"%","size":"-5","sizes":[]},"_offset_x_mobile":{"unit":"%","size":"16","sizes":[]},"_offset_y":{"unit":"%","size":"","sizes":[]},"_offset_y_tablet":{"unit":"%","size":"","sizes":[]},"_offset_y_mobile":{"unit":"%","size":"46","sizes":[]},"motion_fx_motion_fx_scrolling":"yes","motion_fx_translateY_effect":"yes","motion_fx_translateY_direction":"negative","motion_fx_translateY_speed":{"unit":"px","size":"1","sizes":[]},"motion_fx_devices":["tablet","mobile"]},"elements":[],"isInner":false,"widgetType":"icon","elType":"widget"}],"isInner":"","elType":"column"},{"id":"1c5662fa","settings":{"_column_size":"50","_inline_size":"54","_inline_size_tablet":"100","margin":{"unit":"px","top":"0","right":"0","bottom":"0","left":"0","isLinked":""},"margin_mobile":{"unit":"%","top":"0","right":"0","bottom":"1","left":"0","isLinked":""}},"elements":[{"id":"c5a432","settings":{"gap":"no","structure":"20","margin":{"unit":"px","top":"0","right":"0","bottom":"0","left":"0","isLinked":""},"z_index":"10","motion_fx_motion_fx_scrolling":"yes","motion_fx_translateX_effect":"yes","motion_fx_translateX_speed":{"unit":"px","size":"0.5","sizes":[]},"motion_fx_translateX_affectedRange":{"unit":"%","size":"","sizes":{"start":"0","end":"50"}},"motion_fx_devices":["desktop"]},"elements":[{"id":"6e3e8cc","settings":{"_column_size":"50","margin":{"unit":"px","top":"0","right":"27","bottom":"0","left":"0","isLinked":""},"margin_mobile":{"unit":"px","top":"0","right":"0","bottom":"0","left":"0","isLinked":""}},"elements":[{"id":"3c89d84a","settings":{"selected_icon":{"value":{"id":16595,"url":"http:\/\/library.elementor.com\/lp\/wp-content\/uploads\/2021\/01\/services-icon.svg"},"library":"svg"},"title_text":"Financial Checkup","description_text":"Lorem ipsum dolor sit amet, consectet adipiscing\u00a0elied do usm pora tolos incididunt ut labore.","primary_color":"#FB6290","icon_space":{"unit":"px","size":"0","sizes":[]},"icon_size":{"unit":"px","size":"63","sizes":[]},"title_bottom_space":{"unit":"px","size":"22","sizes":[]},"title_color":"#000000","title_typography_typography":"custom","title_typography_font_family":"Roboto Slab","title_typography_font_size":{"unit":"px","size":"20","sizes":[]},"title_typography_font_weight":"300","title_typography_text_transform":"capitalize","title_typography_font_style":"normal","title_typography_text_decoration":"none","title_typography_line_height":{"unit":"px","size":"20","sizes":[]},"description_color":"#000000","description_typography_typography":"custom","description_typography_font_family":"Montserrat","description_typography_font_size":{"unit":"px","size":"15","sizes":[]},"description_typography_font_size_tablet":{"unit":"px","size":"14","sizes":[]},"description_typography_font_weight":"normal","description_typography_text_transform":"none","description_typography_font_style":"normal","description_typography_text_decoration":"none","description_typography_line_height":{"unit":"px","size":"22","sizes":[]},"description_typography_line_height_tablet":{"unit":"em","size":"1.4","sizes":[]},"_margin_mobile":{"unit":"%","top":"0","right":"0","bottom":"14","left":"0","isLinked":""},"_padding":{"unit":"%","top":"12","right":"10","bottom":"12","left":"10","isLinked":""},"_background_background":"classic","_background_color":"#FFFFFF","_border_radius":{"unit":"px","top":"10","right":"10","bottom":"10","left":"10","isLinked":"1"},"_box_shadow_box_shadow_type":"yes","_box_shadow_box_shadow":{"horizontal":"0","vertical":"0","blur":"40","spread":"0","color":"rgba(0, 0, 0, 0.1)"}},"elements":[],"isInner":false,"widgetType":"icon-box","elType":"widget"}],"isInner":"1","elType":"column"},{"id":"3b70c44","settings":{"_column_size":"50","margin":{"unit":"px","top":"0","right":"0","bottom":"0","left":"27","isLinked":""},"margin_mobile":{"unit":"%","top":"0","right":"0","bottom":"14","left":"0","isLinked":""}},"elements":[{"id":"2d2968ac","settings":{"selected_icon":{"value":{"id":16595,"url":"http:\/\/library.elementor.com\/lp\/wp-content\/uploads\/2021\/01\/services-icon.svg"},"library":"svg"},"title_text":"Financial Planning","description_text":"Lorem ipsum dolor sit amet, consectet adipiscing\u00a0elied do usm pora tolos incididunt ut labore.","primary_color":"#5DD0D1","icon_space":{"unit":"px","size":"0","sizes":[]},"icon_size":{"unit":"px","size":"63","sizes":[]},"title_bottom_space":{"unit":"px","size":"22","sizes":[]},"title_color":"#000000","title_typography_typography":"custom","title_typography_font_family":"Roboto Slab","title_typography_font_size":{"unit":"px","size":"20","sizes":[]},"title_typography_font_weight":"300","title_typography_text_transform":"capitalize","title_typography_font_style":"normal","title_typography_text_decoration":"none","title_typography_line_height":{"unit":"px","size":"20","sizes":[]},"description_color":"#000000","description_typography_typography":"custom","description_typography_font_family":"Montserrat","description_typography_font_size":{"unit":"px","size":"15","sizes":[]},"description_typography_font_size_tablet":{"unit":"px","size":"14","sizes":[]},"description_typography_font_weight":"normal","description_typography_text_transform":"none","description_typography_font_style":"normal","description_typography_text_decoration":"none","description_typography_line_height":{"unit":"px","size":"22","sizes":[]},"description_typography_line_height_tablet":{"unit":"em","size":"1.4","sizes":[]},"_padding":{"unit":"%","top":"12","right":"10","bottom":"12","left":"10","isLinked":""},"_background_background":"classic","_background_color":"#FFFFFF","_border_radius":{"unit":"px","top":"10","right":"10","bottom":"10","left":"10","isLinked":"1"},"_box_shadow_box_shadow_type":"yes","_box_shadow_box_shadow":{"horizontal":"0","vertical":"0","blur":"40","spread":"0","color":"rgba(0, 0, 0, 0.1)"}},"elements":[],"isInner":false,"widgetType":"icon-box","elType":"widget"}],"isInner":"1","elType":"column"}],"isInner":"1","elType":"section"}],"isInner":"","elType":"column"}],"isInner":"","elType":"section"},{"id":"33802023","settings":{"content_width":{"unit":"px","size":"1400","sizes":[]},"gap":"no","custom_height":{"unit":"px","size":"540","sizes":[]},"content_position":"top","margin":{"unit":"%","top":"0","right":"0","bottom":"0","left":"0","isLinked":""},"padding":{"unit":"%","top":"0","right":"4","bottom":"16","left":"4","isLinked":""},"padding_mobile":{"unit":"%","top":"0","right":"6","bottom":"34","left":"6","isLinked":""},"_title":"Services 2","padding_tablet":{"unit":"%","top":"0","right":"4","bottom":"20","left":"4","isLinked":""},"_timestamp_":"v1b1BCenZXN2gxUTBqb0JJSWxJTVlPZz09"},"elements":[{"id":"3381b2e3","settings":{"_column_size":"100","_inline_size":"100","_inline_size_tablet":"100","margin":{"unit":"px","top":"54","right":"0","bottom":"0","left":"-206","isLinked":""},"margin_tablet":{"unit":"px","top":"54","right":"0","bottom":"0","left":"0","isLinked":""},"margin_mobile":{"unit":"px","top":"0","right":"0","bottom":"0","left":"0","isLinked":""},"padding":{"unit":"%","top":"0","right":"0","bottom":"0","left":"46","isLinked":""},"padding_tablet":{"unit":"px","top":"0","right":"0","bottom":"0","left":"0","isLinked":""}},"elements":[{"id":"69985e81","settings":{"gap":"no","structure":"20","margin":{"unit":"px","top":"0","right":"0","bottom":"0","left":"0","isLinked":""},"z_index":"10","motion_fx_motion_fx_scrolling":"yes","motion_fx_translateX_effect":"yes","motion_fx_translateX_direction":"negative","motion_fx_translateX_speed":{"unit":"px","size":"0.5","sizes":[]},"motion_fx_translateX_affectedRange":{"unit":"%","size":"","sizes":{"start":"0","end":"50"}},"motion_fx_devices":["desktop"]},"elements":[{"id":"341730d7","settings":{"_column_size":"50","margin":{"unit":"px","top":"0","right":"27","bottom":"0","left":"0","isLinked":""},"margin_mobile":{"unit":"px","top":"0","right":"0","bottom":"0","left":"0","isLinked":""}},"elements":[{"id":"68486acc","settings":{"selected_icon":{"value":{"id":16595,"url":"http:\/\/library.elementor.com\/lp\/wp-content\/uploads\/2021\/01\/services-icon.svg"},"library":"svg"},"title_text":"Investment Consulting","description_text":"Lorem ipsum dolor sit amet, consectet adipiscing\u00a0elied do usm pora tolos incididunt ut labore.","primary_color":"#273E9F","icon_space":{"unit":"px","size":"0","sizes":[]},"icon_size":{"unit":"px","size":"63","sizes":[]},"title_bottom_space":{"unit":"px","size":"22","sizes":[]},"title_color":"#000000","title_typography_typography":"custom","title_typography_font_family":"Roboto Slab","title_typography_font_size":{"unit":"px","size":"20","sizes":[]},"title_typography_font_weight":"300","title_typography_text_transform":"capitalize","title_typography_font_style":"normal","title_typography_text_decoration":"none","title_typography_line_height":{"unit":"px","size":"20","sizes":[]},"description_color":"#000000","description_typography_typography":"custom","description_typography_font_family":"Montserrat","description_typography_font_size":{"unit":"px","size":"15","sizes":[]},"description_typography_font_size_tablet":{"unit":"px","size":"14","sizes":[]},"description_typography_font_weight":"normal","description_typography_text_transform":"none","description_typography_font_style":"normal","description_typography_text_decoration":"none","description_typography_line_height":{"unit":"px","size":"22","sizes":[]},"description_typography_line_height_tablet":{"unit":"em","size":"1.4","sizes":[]},"_margin_mobile":{"unit":"%","top":"0","right":"0","bottom":"14","left":"0","isLinked":""},"_padding":{"unit":"%","top":"12","right":"10","bottom":"12","left":"10","isLinked":""},"_background_background":"classic","_background_color":"#FFFFFF","_border_radius":{"unit":"px","top":"10","right":"10","bottom":"10","left":"10","isLinked":"1"},"_box_shadow_box_shadow_type":"yes","_box_shadow_box_shadow":{"horizontal":"0","vertical":"0","blur":"40","spread":"0","color":"rgba(0, 0, 0, 0.1)"}},"elements":[],"isInner":false,"widgetType":"icon-box","elType":"widget"}],"isInner":"1","elType":"column"},{"id":"79901edb","settings":{"_column_size":"50","margin":{"unit":"px","top":"0","right":"0","bottom":"0","left":"27","isLinked":""},"margin_mobile":{"unit":"px","top":"0","right":"0","bottom":"0","left":"0","isLinked":""}},"elements":[{"id":"7a4a87b3","settings":{"selected_icon":{"value":{"id":16595,"url":"http:\/\/library.elementor.com\/lp\/wp-content\/uploads\/2021\/01\/services-icon.svg"},"library":"svg"},"title_text":"Inheritance Tax Planning","description_text":"Lorem ipsum dolor sit amet, consectet adipiscing\u00a0elied do usm pora tolos incididunt ut labore.","primary_color":"#F8CDC4","icon_space":{"unit":"px","size":"0","sizes":[]},"icon_size":{"unit":"px","size":"63","sizes":[]},"title_bottom_space":{"unit":"px","size":"22","sizes":[]},"title_color":"#000000","title_typography_typography":"custom","title_typography_font_family":"Roboto Slab","title_typography_font_size":{"unit":"px","size":"20","sizes":[]},"title_typography_font_weight":"300","title_typography_text_transform":"capitalize","title_typography_font_style":"normal","title_typography_text_decoration":"none","title_typography_line_height":{"unit":"px","size":"20","sizes":[]},"description_color":"#000000","description_typography_typography":"custom","description_typography_font_family":"Montserrat","description_typography_font_size":{"unit":"px","size":"15","sizes":[]},"description_typography_font_size_tablet":{"unit":"px","size":"14","sizes":[]},"description_typography_font_weight":"normal","description_typography_text_transform":"none","description_typography_font_style":"normal","description_typography_text_decoration":"none","description_typography_line_height":{"unit":"px","size":"22","sizes":[]},"description_typography_line_height_tablet":{"unit":"em","size":"1.4","sizes":[]},"_padding":{"unit":"%","top":"12","right":"10","bottom":"12","left":"10","isLinked":""},"_background_background":"classic","_background_color":"#FFFFFF","_border_radius":{"unit":"px","top":"10","right":"10","bottom":"10","left":"10","isLinked":"1"},"_box_shadow_box_shadow_type":"yes","_box_shadow_box_shadow":{"horizontal":"0","vertical":"0","blur":"40","spread":"0","color":"rgba(0, 0, 0, 0.1)"}},"elements":[],"isInner":false,"widgetType":"icon-box","elType":"widget"}],"isInner":"1","elType":"column"}],"isInner":"1","elType":"section"}],"isInner":"","elType":"column"}],"isInner":"","elType":"section"},{"id":"75b7e4d0","settings":{"content_width":{"unit":"px","size":"1400","sizes":[]},"gap":"no","custom_height":{"unit":"px","size":"540","sizes":[]},"content_position":"top","overflow":"hidden","structure":"20","margin":{"unit":"%","top":"0","right":"0","bottom":"0","left":"0","isLinked":""},"padding":{"unit":"%","top":"0","right":"4","bottom":"5","left":"4","isLinked":""},"padding_mobile":{"unit":"%","top":"26","right":"6","bottom":"0","left":"6","isLinked":""},"_title":"Norman &amp; Turner Quate","padding_tablet":{"unit":"%","top":"0","right":"10","bottom":"12","left":"10","isLinked":""},"_timestamp_":"v1b1BCenZXN2gxUTBqb0JJSWxJTVlPZz09"},"elements":[{"id":"3b3130f7","settings":{"_column_size":"50","_inline_size":"52","_inline_size_tablet":"100","space_between_widgets":"0","padding":{"unit":"%","top":"0","right":"14","bottom":"0","left":"0","isLinked":""},"padding_tablet":{"unit":"%","top":"0","right":"0","bottom":"6","left":"0","isLinked":""},"padding_mobile":{"unit":"px","top":"0","right":"0","bottom":"0","left":"0","isLinked":""}},"elements":[{"id":"7ca697c0","settings":{"editor":"<p><b>Norman &amp; Turner,<br \/><\/b>Experienced Financial Planning &amp; Investment Advisors<\/p>","align_tablet":"center","align_mobile":"center","text_color":"#000000","typography_typography":"custom","typography_font_family":"Roboto Slab","typography_font_size":{"unit":"px","size":"35","sizes":[]},"typography_font_size_tablet":{"unit":"px","size":"30","sizes":[]},"typography_font_size_mobile":{"unit":"px","size":"26","sizes":[]},"typography_font_weight":"300","typography_line_height":{"unit":"px","size":"50","sizes":[]},"typography_line_height_tablet":{"unit":"em","size":"1.3","sizes":[]},"typography_letter_spacing":{"unit":"px","size":"0.64","sizes":[]},"_padding":{"unit":"%","top":"0","right":"0","bottom":"0","left":"0","isLinked":""},"_padding_mobile":{"unit":"%","top":"0","right":"0","bottom":"12","left":"0","isLinked":""},"_animation":"fadeIn","_animation_tablet":"none","_animation_delay":"300"},"elements":[],"isInner":false,"widgetType":"text-editor","elType":"widget"}],"isInner":"","elType":"column"},{"id":"4b43b1a6","settings":{"_column_size":"50","_inline_size":"48","_inline_size_tablet":"100","margin":{"unit":"px","top":"0","right":"0","bottom":"0","left":"0","isLinked":""},"margin_mobile":{"unit":"%","top":"0","right":"0","bottom":"1","left":"0","isLinked":""}},"elements":[{"id":"29774ea9","settings":{"selected_icon":{"value":{"id":16597,"url":"http:\/\/library.elementor.com\/lp\/wp-content\/uploads\/2021\/01\/quote-marks.svg"},"library":"svg"},"title_text":"","description_text":"Our mission is to guide clients through these uncertain times with professional financial advice. To help them make the right decisions to secure their financial future.","primary_color":"#273E9F","icon_size":{"unit":"px","size":"25","sizes":[]},"text_align":"left","description_color":"#000000","description_typography_typography":"custom","description_typography_font_family":"Montserrat","description_typography_font_size":{"unit":"px","size":"22","sizes":[]},"description_typography_font_weight":"500","description_typography_text_transform":"none","description_typography_font_style":"italic","description_typography_text_decoration":"none","description_typography_line_height":{"unit":"px","size":"35","sizes":[]},"text_align_tablet":"center","description_typography_font_size_tablet":{"unit":"px","size":"20","sizes":[]},"description_typography_font_size_mobile":{"unit":"px","size":"18","sizes":[]},"description_typography_line_height_tablet":{"unit":"em","size":"1.6","sizes":[]},"_animation":"fadeIn","_animation_tablet":"none","animation_duration":"slow","_animation_delay":"500"},"elements":[],"isInner":false,"widgetType":"icon-box","elType":"widget"}],"isInner":"","elType":"column"}],"isInner":"","elType":"section"},{"id":"6cd790a3","settings":{"content_width":{"unit":"px","size":"1400","sizes":[]},"gap":"no","custom_height":{"unit":"px","size":"422","sizes":[]},"content_position":"bottom","overflow":"hidden","structure":"40","margin":{"unit":"%","top":"0","right":"0","bottom":"0","left":"0","isLinked":""},"padding":{"unit":"%","top":"0","right":"4","bottom":"0","left":"4","isLinked":""},"padding_mobile":{"unit":"%","top":"26","right":"6","bottom":"0","left":"6","isLinked":""},"_title":"Norman &amp; Turner Pictures","height":"min-height","custom_height_tablet":{"unit":"px","size":"800","sizes":[]},"column_position":"stretch","padding_tablet":{"unit":"%","top":"0","right":"10","bottom":"0","left":"10","isLinked":""},"_timestamp_":"v1b1BCenZXN2gxUTBqb0JJSWxJTVlPZz09"},"elements":[{"id":"4774f61a","settings":{"_column_size":"25","_inline_size_tablet":"50","padding":{"unit":"%","top":"","right":"","bottom":"","left":"","isLinked":"1"},"padding_tablet":{"unit":"%","top":"","right":"","bottom":"","left":"","isLinked":"1"},"background_background":"classic","background_image":{"id":16599,"url":"http:\/\/library.elementor.com\/lp\/wp-content\/uploads\/2021\/01\/Norman_pic.jpg"},"background_position":"center center","background_position_mobile":"top center","background_repeat":"no-repeat","background_size":"cover","border_radius":{"unit":"px","top":"15","right":"15","bottom":"15","left":"15","isLinked":"1"},"margin":{"unit":"%","top":"0","right":"8","bottom":"0","left":"0","isLinked":""},"margin_tablet":{"unit":"%","top":"0","right":"10","bottom":"8","left":"0","isLinked":""},"margin_mobile":{"unit":"%","top":"0","right":"0","bottom":"0","left":"0","isLinked":"1"}},"elements":[{"id":"1b992aef","settings":{"space_mobile":{"unit":"vh","size":"39","sizes":[]}},"elements":[],"isInner":false,"widgetType":"spacer","elType":"widget"}],"isInner":"","elType":"column"},{"id":"6ea27747","settings":{"_column_size":"25","_inline_size_tablet":"50","space_between_widgets":"0","padding":{"unit":"%","top":"0","right":"12","bottom":"0","left":"0","isLinked":""},"padding_tablet":{"unit":"px","top":"0","right":"0","bottom":"0","left":"0","isLinked":""},"padding_mobile":{"unit":"%","top":"6","right":"0","bottom":"14","left":"0","isLinked":""},"content_position_mobile":"top","margin":{"unit":"px","top":"0","right":"0","bottom":"0","left":"0","isLinked":""},"margin_tablet":{"unit":"%","top":"0","right":"0","bottom":"8","left":"0","isLinked":""},"margin_mobile":{"unit":"%","top":"","right":"","bottom":"","left":"","isLinked":"1"}},"elements":[{"id":"de78237","settings":{"title":"Ruben Norman","header_size":"h3","align_tablet":"left","align_mobile":"center","title_color":"#000000","typography_typography":"custom","typography_font_family":"Roboto Slab","typography_font_size":{"unit":"px","size":"24","sizes":[]},"typography_font_size_tablet":{"unit":"px","size":"22","sizes":[]},"typography_font_weight":"normal","typography_line_height":{"unit":"px","size":"32","sizes":[]},"typography_line_height_tablet":{"unit":"em","size":"1.3","sizes":[]},"typography_letter_spacing":{"unit":"px","size":"0","sizes":[]},"_padding":{"unit":"%","top":"0","right":"0","bottom":"1","left":"0","isLinked":""},"_padding_mobile":{"unit":"%","top":"0","right":"0","bottom":"3","left":"0","isLinked":""}},"elements":[],"isInner":false,"widgetType":"heading","elType":"widget"},{"id":"2e54a8bb","settings":{"title":"Founder, CFP","header_size":"h6","align_tablet":"left","align_mobile":"center","title_color":"#000000","typography_typography":"custom","typography_font_family":"Roboto Slab","typography_font_size":{"unit":"px","size":"14","sizes":[]},"typography_font_weight":"normal","typography_line_height":{"unit":"px","size":"24","sizes":[]},"typography_line_height_tablet":{"unit":"em","size":"1.3","sizes":[]},"typography_letter_spacing":{"unit":"px","size":"0","sizes":[]},"_padding":{"unit":"%","top":"0","right":"0","bottom":"5","left":"0","isLinked":""},"_padding_mobile":{"unit":"%","top":"0","right":"0","bottom":"8","left":"0","isLinked":""}},"elements":[],"isInner":false,"widgetType":"heading","elType":"widget"},{"id":"30a82e6e","settings":{"editor":"Lorem ipsum dolor sikot amet the conec acing\u00a0elit sed eiusm pora off incdunt oldar labore dolore malgna veniam nostrud exeion ullam.","align":"left","align_tablet":"left","text_color":"#000000","typography_typography":"custom","typography_font_family":"Montserrat","typography_font_size":{"unit":"px","size":"14","sizes":[]},"typography_font_weight":"normal","typography_text_transform":"none","typography_font_style":"normal","typography_text_decoration":"none","typography_line_height":{"unit":"px","size":"22","sizes":[]},"_padding":{"unit":"%","top":"0","right":"0","bottom":"0","left":"0","isLinked":""},"_padding_tablet":{"unit":"%","top":"0","right":"0","bottom":"0","left":"0","isLinked":""},"_padding_mobile":{"unit":"%","top":"0","right":"0","bottom":"0","left":"0","isLinked":""},"align_mobile":"center"},"elements":[],"isInner":false,"widgetType":"text-editor","elType":"widget"}],"isInner":"","elType":"column"},{"id":"6ee4bc1b","settings":{"_column_size":"25","_inline_size_tablet":"50","margin":{"unit":"%","top":"0","right":"0","bottom":"0","left":"8","isLinked":""},"margin_mobile":{"unit":"%","top":"0","right":"0","bottom":"0","left":"0","isLinked":""},"background_background":"classic","background_image":{"id":16601,"url":"http:\/\/library.elementor.com\/lp\/wp-content\/uploads\/2021\/01\/Marvin_pic.jpg"},"background_position":"center center","background_position_mobile":"top center","background_repeat":"no-repeat","background_size":"cover","border_radius":{"unit":"px","top":"15","right":"15","bottom":"15","left":"15","isLinked":"1"},"margin_tablet":{"unit":"%","top":"8","right":"10","bottom":"0","left":"0","isLinked":""},"padding":{"unit":"%","top":"","right":"","bottom":"","left":"","isLinked":"1"}},"elements":[{"id":"6283ac3","settings":{"space_mobile":{"unit":"vh","size":"39","sizes":[]}},"elements":[],"isInner":false,"widgetType":"spacer","elType":"widget"}],"isInner":"","elType":"column"},{"id":"2a638057","settings":{"_column_size":"25","_inline_size_tablet":"50","margin":{"unit":"px","top":"0","right":"0","bottom":"0","left":"0","isLinked":""},"margin_mobile":{"unit":"%","top":"0","right":"0","bottom":"0","left":"0","isLinked":""},"space_between_widgets":"0","margin_tablet":{"unit":"%","top":"8","right":"0","bottom":"0","left":"0","isLinked":""},"padding":{"unit":"%","top":"0","right":"4","bottom":"0","left":"8","isLinked":""},"padding_tablet":{"unit":"%","top":"0","right":"0","bottom":"0","left":"0","isLinked":""},"padding_mobile":{"unit":"%","top":"6","right":"0","bottom":"0","left":"0","isLinked":""}},"elements":[{"id":"140a787c","settings":{"title":"Marvin Turner","header_size":"h3","align_tablet":"left","align_mobile":"center","title_color":"#000000","typography_typography":"custom","typography_font_family":"Roboto Slab","typography_font_size":{"unit":"px","size":"24","sizes":[]},"typography_font_size_tablet":{"unit":"px","size":"22","sizes":[]},"typography_font_weight":"normal","typography_line_height":{"unit":"px","size":"32","sizes":[]},"typography_line_height_tablet":{"unit":"em","size":"1.3","sizes":[]},"typography_letter_spacing":{"unit":"px","size":"0","sizes":[]},"_padding":{"unit":"%","top":"0","right":"0","bottom":"1","left":"0","isLinked":""},"_padding_mobile":{"unit":"%","top":"0","right":"0","bottom":"3","left":"0","isLinked":""}},"elements":[],"isInner":false,"widgetType":"heading","elType":"widget"},{"id":"46d17d67","settings":{"title":"Co-Founder, CFP","header_size":"h6","align_tablet":"left","align_mobile":"center","title_color":"#000000","typography_typography":"custom","typography_font_family":"Roboto Slab","typography_font_size":{"unit":"px","size":"14","sizes":[]},"typography_font_weight":"normal","typography_line_height":{"unit":"px","size":"24","sizes":[]},"typography_line_height_tablet":{"unit":"em","size":"1.3","sizes":[]},"typography_letter_spacing":{"unit":"px","size":"0","sizes":[]},"_padding":{"unit":"%","top":"0","right":"0","bottom":"5","left":"0","isLinked":""},"_padding_mobile":{"unit":"%","top":"0","right":"0","bottom":"8","left":"0","isLinked":""}},"elements":[],"isInner":false,"widgetType":"heading","elType":"widget"},{"id":"17abfd21","settings":{"editor":"Lorem ipsum dolor sikot amet the conec acing\u00a0elit sed eiusm pora off incdunt oldar labore dolore malgna veniam nostrud exeion ullam.","align":"left","align_tablet":"left","text_color":"#000000","typography_typography":"custom","typography_font_family":"Montserrat","typography_font_size":{"unit":"px","size":"14","sizes":[]},"typography_font_weight":"normal","typography_text_transform":"none","typography_font_style":"normal","typography_text_decoration":"none","typography_line_height":{"unit":"px","size":"22","sizes":[]},"_padding":{"unit":"%","top":"0","right":"0","bottom":"0","left":"0","isLinked":""},"_padding_tablet":{"unit":"%","top":"0","right":"0","bottom":"0","left":"0","isLinked":""},"_padding_mobile":{"unit":"%","top":"0","right":"0","bottom":"0","left":"0","isLinked":""},"align_mobile":"center"},"elements":[],"isInner":false,"widgetType":"text-editor","elType":"widget"}],"isInner":"","elType":"column"}],"isInner":"","elType":"section"},{"id":"367a6ed1","settings":{"content_width":{"unit":"px","size":"1400","sizes":[]},"gap":"no","custom_height":{"unit":"px","size":"694","sizes":[]},"content_position":"middle","margin":{"unit":"%","top":"18","right":"0","bottom":"18","left":"0","isLinked":""},"padding":{"unit":"%","top":"0","right":"0","bottom":"0","left":"0","isLinked":""},"padding_mobile":{"unit":"%","top":"0","right":"0","bottom":"0","left":"0","isLinked":""},"_title":"Client\nTestimonials","layout":"full_width","height":"min-height","custom_height_tablet":{"unit":"vh","size":"80","sizes":[]},"column_position":"stretch","overflow":"hidden","margin_tablet":{"unit":"%","top":"12","right":"0","bottom":"22","left":"0","isLinked":""},"margin_mobile":{"unit":"px","top":"0","right":"0","bottom":"0","left":"0","isLinked":""},"_timestamp_":"v1b1BCenZXN2gxUTBqb0JJSWxJTVlPZz09"},"elements":[{"id":"73395af5","settings":{"_column_size":"100","_inline_size_tablet":"100","margin":{"unit":"px","top":"0","right":"0","bottom":"0","left":"0","isLinked":""},"margin_mobile":{"unit":"%","top":"","right":"","bottom":"","left":"","isLinked":"1"},"background_background":"classic"},"elements":[{"id":"524bd14f","settings":{"selected_icon":{"value":"fas fa-square","library":"fa-solid"},"primary_color":"rgba(248, 205, 196, 0.1)","size":{"unit":"px","size":"464","sizes":[]},"size_tablet":{"unit":"px","size":"400","sizes":[]},"size_mobile":{"unit":"px","size":"205","sizes":[]},"rotate":{"unit":"deg","size":"45","sizes":[]},"_element_width":"auto","_position":"absolute","_offset_x":{"unit":"%","size":"-6","sizes":[]},"_offset_x_tablet":{"unit":"%","size":"-20","sizes":[]},"_offset_x_mobile":{"unit":"%","size":"20","sizes":[]},"_offset_y":{"unit":"%","size":"-14","sizes":[]},"_offset_y_tablet":{"unit":"%","size":"60","sizes":[]},"_offset_y_mobile":{"unit":"%","size":"46","sizes":[]},"_z_index":"5","motion_fx_motion_fx_scrolling":"yes","motion_fx_translateY_effect":"yes","motion_fx_translateY_direction":"negative"},"elements":[],"isInner":false,"widgetType":"icon","elType":"widget"},{"id":"2ccad69b","settings":{"space":{"unit":"px","size":"693","sizes":[]},"space_tablet":{"unit":"vh","size":"32","sizes":[]},"space_mobile":{"unit":"px","size":"1000","sizes":[]},"_background_background":"classic","_background_color":"#FEFAF9","_element_width":"initial","_element_width_tablet":"inherit","_element_custom_width":{"unit":"%","size":"41","sizes":[]},"_element_custom_width_tablet":{"unit":"%","size":"","sizes":[]},"_position":"absolute","_offset_orientation_v":"end"},"elements":[],"isInner":false,"widgetType":"spacer","elType":"widget"},{"id":"4cf172b5","settings":{"gap":"no","structure":"30","margin":{"unit":"px","top":"0","right":"0","bottom":"0","left":"0","isLinked":""},"z_index":"10","content_width":{"unit":"px","size":"1400","sizes":[]},"padding":{"unit":"%","top":"0","right":"4","bottom":"0","left":"4","isLinked":""},"padding_tablet":{"unit":"%","top":"20","right":"4","bottom":"20","left":"4","isLinked":""},"padding_mobile":{"unit":"%","top":"50","right":"6","bottom":"25","left":"6","isLinked":""},"reverse_order_tablet":"reverse-tablet","reverse_order_mobile":"reverse-mobile"},"elements":[{"id":"19859a2a","settings":{"_column_size":"33","margin":{"unit":"px","top":"0","right":"25","bottom":"0","left":"0","isLinked":""},"margin_mobile":{"unit":"%","top":"10","right":"0","bottom":"0","left":"0","isLinked":""},"_inline_size":"30","_inline_size_tablet":"50","space_between_widgets":"0","background_background":"classic","background_color":"#FFFFFF","border_radius":{"unit":"px","top":"10","right":"10","bottom":"10","left":"10","isLinked":"1"},"box_shadow_box_shadow_type":"yes","box_shadow_box_shadow":{"horizontal":"0","vertical":"0","blur":"40","spread":"0","color":"rgba(0, 0, 0, 0.1)"},"margin_tablet":{"unit":"%","top":"0","right":"0","bottom":"0","left":"8","isLinked":""},"padding":{"unit":"%","top":"10","right":"10","bottom":"10","left":"10","isLinked":"1"},"padding_mobile":{"unit":"%","top":"16","right":"10","bottom":"16","left":"10","isLinked":""}},"elements":[{"id":"28ed6e48","settings":{"selected_icon":{"value":{"id":16595,"url":"http:\/\/library.elementor.com\/lp\/wp-content\/uploads\/2021\/01\/services-icon.svg"},"library":"svg"},"title_text":"Brett Loremous","description_text":"Construction Manager at Ammigle","primary_color":"#F8CDC4","icon_space":{"unit":"px","size":"0","sizes":[]},"icon_size":{"unit":"px","size":"63","sizes":[]},"title_bottom_space":{"unit":"px","size":"13","sizes":[]},"title_color":"#000000","title_typography_typography":"custom","title_typography_font_family":"Roboto Slab","title_typography_font_size":{"unit":"px","size":"25","sizes":[]},"title_typography_font_weight":"300","title_typography_text_transform":"capitalize","title_typography_font_style":"normal","title_typography_text_decoration":"none","title_typography_line_height":{"unit":"px","size":"20","sizes":[]},"description_color":"#000000","description_typography_typography":"custom","description_typography_font_family":"Montserrat","description_typography_font_size":{"unit":"px","size":"14","sizes":[]},"description_typography_font_size_tablet":{"unit":"px","size":"14","sizes":[]},"description_typography_font_weight":"normal","description_typography_text_transform":"none","description_typography_font_style":"normal","description_typography_text_decoration":"none","description_typography_line_height":{"unit":"px","size":"22","sizes":[]},"description_typography_line_height_tablet":{"unit":"em","size":"1.4","sizes":[]},"_margin_mobile":{"unit":"%","top":"0","right":"0","bottom":"8","left":"0","isLinked":""},"_padding":{"unit":"%","top":"0","right":"0","bottom":"10","left":"0","isLinked":""},"_background_background":"classic","_border_radius":{"unit":"px","top":"0","right":"0","bottom":"0","left":"0","isLinked":"1"},"_box_shadow_box_shadow":{"horizontal":"0","vertical":"0","blur":"40","spread":"0","color":"rgba(0, 0, 0, 0.1)"}},"elements":[],"isInner":false,"widgetType":"icon-box","elType":"widget"},{"id":"966176e","settings":{"editor":"\u201cI can\u2019t say enough about the excellent consultation and advice I have received from Norman &amp; Turner through the years. They took the time to really understand my financial goals and never treated me like \u201cjust another Client\u201d. Their assistance with personal and corporate income tax, investments, and retirement has been invaluable. I\u2019v been able to achieve more then expected thanks to them.\u201d","align":"center","align_tablet":"center","text_color":"#000000","typography_typography":"custom","typography_font_family":"Montserrat","typography_font_size":{"unit":"px","size":"15","sizes":[]},"typography_font_weight":"normal","typography_text_transform":"none","typography_font_style":"normal","typography_text_decoration":"none","typography_line_height":{"unit":"px","size":"22","sizes":[]},"_padding":{"unit":"%","top":"0","right":"0","bottom":"0","left":"0","isLinked":""},"_padding_tablet":{"unit":"%","top":"0","right":"0","bottom":"0","left":"0","isLinked":""},"_padding_mobile":{"unit":"%","top":"0","right":"0","bottom":"0","left":"0","isLinked":""},"align_mobile":"center"},"elements":[],"isInner":false,"widgetType":"text-editor","elType":"widget"}],"isInner":"1","elType":"column"},{"id":"558f31c","settings":{"_column_size":"33","margin":{"unit":"px","top":"0","right":"0","bottom":"0","left":"25","isLinked":""},"margin_mobile":{"unit":"%","top":"0","right":"0","bottom":"10","left":"0","isLinked":""},"_inline_size":"30","_inline_size_tablet":"50","space_between_widgets":"0","background_background":"classic","background_color":"#FFFFFF","border_radius":{"unit":"px","top":"10","right":"10","bottom":"10","left":"10","isLinked":"1"},"box_shadow_box_shadow_type":"yes","box_shadow_box_shadow":{"horizontal":"0","vertical":"0","blur":"40","spread":"0","color":"rgba(0, 0, 0, 0.1)"},"margin_tablet":{"unit":"%","top":"0","right":"8","bottom":"0","left":"0","isLinked":""},"padding":{"unit":"%","top":"11","right":"11","bottom":"11","left":"11","isLinked":"1"},"padding_mobile":{"unit":"%","top":"16","right":"10","bottom":"16","left":"10","isLinked":""}},"elements":[{"id":"37c4f19c","settings":{"selected_icon":{"value":{"id":16595,"url":"http:\/\/library.elementor.com\/lp\/wp-content\/uploads\/2021\/01\/services-icon.svg"},"library":"svg"},"title_text":"Emily Reloupod","description_text":"Retired business owner ","primary_color":"#F8CDC4","icon_space":{"unit":"px","size":"0","sizes":[]},"icon_size":{"unit":"px","size":"63","sizes":[]},"title_bottom_space":{"unit":"px","size":"13","sizes":[]},"title_color":"#000000","title_typography_typography":"custom","title_typography_font_family":"Roboto Slab","title_typography_font_size":{"unit":"px","size":"25","sizes":[]},"title_typography_font_weight":"300","title_typography_text_transform":"capitalize","title_typography_font_style":"normal","title_typography_text_decoration":"none","title_typography_line_height":{"unit":"px","size":"20","sizes":[]},"description_color":"#000000","description_typography_typography":"custom","description_typography_font_family":"Montserrat","description_typography_font_size":{"unit":"px","size":"14","sizes":[]},"description_typography_font_size_tablet":{"unit":"px","size":"14","sizes":[]},"description_typography_font_weight":"normal","description_typography_text_transform":"none","description_typography_font_style":"normal","description_typography_text_decoration":"none","description_typography_line_height":{"unit":"px","size":"22","sizes":[]},"description_typography_line_height_tablet":{"unit":"em","size":"1.4","sizes":[]},"_padding":{"unit":"%","top":"0","right":"0","bottom":"10","left":"0","isLinked":""},"_background_background":"classic","_border_radius":{"unit":"px","top":"0","right":"0","bottom":"0","left":"0","isLinked":"1"},"_box_shadow_box_shadow":{"horizontal":"0","vertical":"0","blur":"40","spread":"0","color":"rgba(0, 0, 0, 0.1)"},"_margin_mobile":{"unit":"%","top":"0","right":"0","bottom":"8","left":"0","isLinked":""}},"elements":[],"isInner":false,"widgetType":"icon-box","elType":"widget"},{"id":"2a8a727e","settings":{"editor":"<p>\u201cNorman &amp; Turner has been excellent in their handling of our financial affairs. They were able to explain complex financial matters to us in an easy and understandable way. They explained all the options available to us, which helped us make better decisions. They are extremely knowledgable, friendly, and caring and we were very impressed by them. Highly recommended!\u201d<\/p>","align":"center","align_tablet":"center","text_color":"#000000","typography_typography":"custom","typography_font_family":"Montserrat","typography_font_size":{"unit":"px","size":"15","sizes":[]},"typography_font_weight":"normal","typography_text_transform":"none","typography_font_style":"normal","typography_text_decoration":"none","typography_line_height":{"unit":"px","size":"22","sizes":[]},"_padding":{"unit":"%","top":"0","right":"0","bottom":"0","left":"0","isLinked":""},"_padding_tablet":{"unit":"%","top":"0","right":"0","bottom":"0","left":"0","isLinked":""},"_padding_mobile":{"unit":"%","top":"0","right":"0","bottom":"0","left":"0","isLinked":""},"align_mobile":"center"},"elements":[],"isInner":false,"widgetType":"text-editor","elType":"widget"}],"isInner":"1","elType":"column"},{"id":"693fbb3d","settings":{"_column_size":"33","_inline_size":"39.666","_inline_size_tablet":"100","space_between_widgets":"0","padding":{"unit":"%","top":"0","right":"0","bottom":"0","left":"28","isLinked":""},"padding_tablet":{"unit":"%","top":"0","right":"10","bottom":"8","left":"10","isLinked":""},"padding_mobile":{"unit":"px","top":"0","right":"0","bottom":"0","left":"0","isLinked":""},"content_position":"center"},"elements":[{"id":"195d8a32","settings":{"title":"Client\nTestimonials","align_tablet":"center","align_mobile":"center","title_color":"#000000","typography_typography":"custom","typography_font_family":"Roboto Slab","typography_font_size":{"unit":"px","size":"55","sizes":[]},"typography_font_size_tablet":{"unit":"px","size":"40","sizes":[]},"typography_font_size_mobile":{"unit":"px","size":"30","sizes":[]},"typography_font_weight":"300","typography_line_height":{"unit":"px","size":"65","sizes":[]},"typography_line_height_tablet":{"unit":"em","size":"1.3","sizes":[]},"typography_letter_spacing":{"unit":"px","size":"1","sizes":[]},"_padding":{"unit":"%","top":"0","right":"0","bottom":"6","left":"0","isLinked":""},"_padding_mobile":{"unit":"%","top":"0","right":"0","bottom":"6","left":"0","isLinked":""},"_padding_tablet":{"unit":"%","top":"0","right":"0","bottom":"3","left":"0","isLinked":""},"_animation":"fadeIn","_animation_tablet":"none","_animation_delay":"100"},"elements":[],"isInner":false,"widgetType":"heading","elType":"widget"},{"id":"6a161fff","settings":{"editor":"Lorem ipsum dolor sikot amet the consec acing\u00a0elit sed dllo eiusm pora inciunt old labore dolore magna aliqua enim veniam quis nostrud extion. ","align":"left","align_tablet":"center","text_color":"#000000","typography_typography":"custom","typography_font_family":"Montserrat","typography_font_size":{"unit":"px","size":"15","sizes":[]},"typography_font_size_tablet":{"unit":"px","size":"14","sizes":[]},"typography_font_weight":"normal","typography_text_transform":"none","typography_font_style":"normal","typography_text_decoration":"none","typography_line_height":{"unit":"px","size":"22","sizes":[]},"typography_line_height_tablet":{"unit":"em","size":"1.4","sizes":[]},"_padding":{"unit":"%","top":"0","right":"0","bottom":"0","left":"0","isLinked":""},"_padding_tablet":{"unit":"%","top":"0","right":"0","bottom":"0","left":"0","isLinked":""},"_padding_mobile":{"unit":"%","top":"0","right":"0","bottom":"14","left":"0","isLinked":""},"_animation":"fadeIn","_animation_tablet":"none","_animation_mobile":"none","animation_duration":"slow","_animation_delay":"300"},"elements":[],"isInner":false,"widgetType":"text-editor","elType":"widget"}],"isInner":"1","elType":"column"}],"isInner":"1","elType":"section"}],"isInner":"","elType":"column"}],"isInner":"","elType":"section"},{"id":"4b948ce1","settings":{"content_width":{"unit":"px","size":"1400","sizes":[]},"gap":"no","custom_height":{"unit":"px","size":"444","sizes":[]},"content_position":"middle","margin":{"unit":"%","top":"0","right":"0","bottom":"0","left":"0","isLinked":""},"padding":{"unit":"%","top":"0","right":"4","bottom":"0","left":"4","isLinked":""},"padding_mobile":{"unit":"%","top":"25","right":"6","bottom":"0","left":"6","isLinked":""},"_title":"Call To Action","padding_tablet":{"unit":"%","top":"0","right":"6","bottom":"0","left":"6","isLinked":""},"height":"min-height","custom_height_mobile":{"unit":"vh","size":"60","sizes":[]},"column_position":"stretch","margin_tablet":{"unit":"%","top":"0","right":"0","bottom":"0","left":"0","isLinked":""},"z_index":"30","margin_mobile":{"unit":"px","top":"0","right":"0","bottom":"0","left":"0","isLinked":""},"_timestamp_":"v1b1BCenZXN2gxUTBqb0JJSWxJTVlPZz09"},"elements":[{"id":"1b998cb6","settings":{"_column_size":"100","_inline_size_tablet":"100","space_between_widgets":"0","padding":{"unit":"%","top":"0","right":"26","bottom":"0","left":"26","isLinked":""},"padding_tablet":{"unit":"%","top":"0","right":"8","bottom":"0","left":"8","isLinked":""},"padding_mobile":{"unit":"%","top":"0","right":"10","bottom":"0","left":"10","isLinked":""},"background_background":"classic","background_color":"#FFFFFF","border_radius":{"unit":"px","top":"10","right":"10","bottom":"10","left":"10","isLinked":"1"},"box_shadow_box_shadow_type":"yes","box_shadow_box_shadow":{"horizontal":"0","vertical":"0","blur":"40","spread":"0","color":"rgba(0, 0, 0, 0.1)"}},"elements":[{"id":"1253b631","settings":{"title":"Contact us today","header_size":"h3","align_tablet":"center","align_mobile":"center","title_color":"#000000","typography_typography":"custom","typography_font_family":"Roboto Slab","typography_font_size":{"unit":"px","size":"25","sizes":[]},"typography_font_size_tablet":{"unit":"px","size":"22","sizes":[]},"typography_font_weight":"300","typography_line_height":{"unit":"px","size":"32","sizes":[]},"typography_line_height_tablet":{"unit":"em","size":"1.3","sizes":[]},"typography_letter_spacing":{"unit":"px","size":"0","sizes":[]},"_padding":{"unit":"%","top":"0","right":"0","bottom":"3","left":"0","isLinked":""},"_padding_mobile":{"unit":"%","top":"0","right":"0","bottom":"14","left":"0","isLinked":""},"align":"center","_padding_tablet":{"unit":"%","top":"0","right":"0","bottom":"4","left":"0","isLinked":""},"_animation":"fadeIn","_animation_tablet":"none","animation_duration":"fast"},"elements":[],"isInner":false,"widgetType":"heading","elType":"widget"},{"id":"305a68a6","settings":{"title":"Get A free initial financial consultation","align_tablet":"center","align_mobile":"center","title_color":"#000000","typography_typography":"custom","typography_font_family":"Roboto Slab","typography_font_size":{"unit":"px","size":"55","sizes":[]},"typography_font_size_tablet":{"unit":"px","size":"40","sizes":[]},"typography_font_size_mobile":{"unit":"px","size":"30","sizes":[]},"typography_font_weight":"normal","typography_line_height":{"unit":"px","size":"65","sizes":[]},"typography_line_height_tablet":{"unit":"em","size":"1.3","sizes":[]},"typography_letter_spacing":{"unit":"px","size":"1","sizes":[]},"_padding":{"unit":"%","top":"0","right":"0","bottom":"6","left":"0","isLinked":""},"_padding_mobile":{"unit":"%","top":"0","right":"0","bottom":"14","left":"0","isLinked":""},"align":"center","_padding_tablet":{"unit":"%","top":"0","right":"0","bottom":"6","left":"0","isLinked":""},"_animation":"fadeIn","_animation_tablet":"none","_animation_delay":"200"},"elements":[],"isInner":false,"widgetType":"heading","elType":"widget"},{"id":"24342484","settings":{"text":"Book Free Consultation","align":"center","align_mobile":"justify","icon_indent":{"unit":"px","size":"0","sizes":[]},"typography_typography":"custom","typography_font_family":"Roboto Slab","typography_font_size":{"unit":"px","size":"18","sizes":[]},"typography_font_weight":"400","typography_text_transform":"capitalize","typography_font_style":"normal","typography_text_decoration":"none","typography_line_height":{"unit":"em","size":"1","sizes":[]},"button_text_color":"#FFFFFF","background_color":"#5DD0D1","hover_color":"#FFFFFF","button_background_hover_color":"#FB6290","border_radius":{"unit":"px","top":"5","right":"5","bottom":"5","left":"5","isLinked":"1"},"text_padding":{"unit":"px","top":"17","right":"70","bottom":"17","left":"70","isLinked":""},"text_padding_mobile":{"unit":"px","top":"16","right":"0","bottom":"16","left":"0","isLinked":""},"typography_letter_spacing":{"unit":"px","size":"0.5","sizes":[]},"_animation":"fadeIn","_animation_tablet":"none","animation_duration":"slow","_animation_delay":"400"},"elements":[],"isInner":false,"widgetType":"button","elType":"widget"}],"isInner":"","elType":"column"}],"isInner":"","elType":"section"},{"id":"23b63e71","settings":{"gap":"no","height":"min-height","custom_height":{"unit":"px","size":"377","sizes":[]},"custom_height_tablet":{"unit":"px","size":"390","sizes":[]},"column_position":"stretch","content_position":"middle","overflow":"hidden","background_background":"classic","background_color":"#273E9F","background_position":"top right","background_position_tablet":"initial","background_position_mobile":"bottom center","background_xpos_tablet":{"unit":"%","size":"150","sizes":[]},"background_repeat":"no-repeat","background_size":"contain","background_size_tablet":"initial","background_size_mobile":"contain","background_bg_width_tablet":{"unit":"%","size":"65","sizes":[]},"background_motion_fx_translateX_speed":{"unit":"px","size":"0.5","sizes":[]},"background_motion_fx_translateX_affectedRange":{"unit":"%","size":"","sizes":{"start":"50","end":"100"}},"padding_mobile":{"unit":"%","top":"0","right":"6","bottom":"6","left":"6","isLinked":""},"_title":"Footer","content_width":{"unit":"px","size":"1400","sizes":[]},"structure":"30","margin":{"unit":"px","top":"-132","right":"0","bottom":"0","left":"0","isLinked":""},"padding":{"unit":"%","top":"0","right":"4","bottom":"0","left":"4","isLinked":""},"padding_tablet":{"unit":"%","top":"0","right":"4","bottom":"4","left":"4","isLinked":""},"_timestamp_":"v1b1BCenZXN2gxUTBqb0JJSWxJTVlPZz09"},"elements":[{"id":"51028568","settings":{"_column_size":"33","background_background":"classic","background_position":"top right","background_repeat":"no-repeat","background_size":"contain","_inline_size_tablet":"100","padding":{"unit":"%","top":"26","right":"0","bottom":"0","left":"0","isLinked":""},"padding_tablet":{"unit":"%","top":"30","right":"0","bottom":"8","left":"0","isLinked":""},"padding_mobile":{"unit":"%","top":"65","right":"0","bottom":"0","left":"0","isLinked":""}},"elements":[{"id":"37f52fc3","settings":{"image":{"id":16587,"url":"http:\/\/library.elementor.com\/lp\/wp-content\/uploads\/2021\/01\/Finance_logo.png"},"align":"left","align_mobile":"center","width":{"unit":"px","size":"258","sizes":[]},"css_filters_hover_hue":{"unit":"px","size":"216","sizes":[]},"align_tablet":"center","width_mobile":{"unit":"px","size":"210","sizes":[]}},"elements":[],"isInner":false,"widgetType":"image","elType":"widget"}],"isInner":"","elType":"column"},{"id":"677df231","settings":{"_column_size":"33","background_background":"classic","background_position":"top right","background_repeat":"no-repeat","background_size":"contain","_inline_size_tablet":"50","content_position_tablet":"top","padding":{"unit":"%","top":"26","right":"0","bottom":"0","left":"0","isLinked":""},"padding_tablet":{"unit":"%","top":"0","right":"4","bottom":"0","left":"0","isLinked":""},"padding_mobile":{"unit":"%","top":"20","right":"0","bottom":"8","left":"0","isLinked":""}},"elements":[{"id":"5fe3e552","settings":{"icon_list":[{"text":"+1-416-555-0188","selected_icon":{"value":"","library":""},"_id":"1d51a7c"},{"text":"315 St Germain Ave, Toronto ON M5M 1W4","selected_icon":{"value":"","library":""},"_id":"c46887c"}],"space_between":{"unit":"px","size":"6","sizes":[]},"icon_align":"center","text_color":"#FFFFFF","icon_typography_typography":"custom","icon_typography_font_family":"Montserrat","icon_typography_font_size":{"unit":"px","size":"15","sizes":[]},"icon_typography_font_weight":"300","_padding":{"unit":"%","top":"0","right":"0","bottom":"3","left":"0","isLinked":""},"_padding_tablet":{"unit":"%","top":"0","right":"0","bottom":"4","left":"0","isLinked":""},"_padding_mobile":{"unit":"%","top":"0","right":"0","bottom":"10","left":"0","isLinked":""},"icon_align_tablet":"left","icon_align_mobile":"center","icon_typography_font_size_tablet":{"unit":"px","size":"14","sizes":[]}},"elements":[],"isInner":false,"widgetType":"icon-list","elType":"widget"}],"isInner":"","elType":"column"},{"id":"19710633","settings":{"_column_size":"33","background_background":"classic","background_position":"top right","background_repeat":"no-repeat","background_size":"contain","_inline_size_tablet":"50","content_position_tablet":"top","space_between_widgets":"0","padding":{"unit":"%","top":"26","right":"0","bottom":"0","left":"0","isLinked":""},"padding_tablet":{"unit":"%","top":"0","right":"0","bottom":"0","left":"4","isLinked":""},"padding_mobile":{"unit":"%","top":"0","right":"0","bottom":"14","left":"0","isLinked":""}},"elements":[{"id":"5515fead","settings":{"social_icon_list":[{"social_icon":{"value":"fab fa-facebook-f","library":"fa-brands"},"_id":"6e688e7"},{"social_icon":{"value":"fab fa-twitter","library":"fa-brands"},"_id":"b8326fb"},{"social_icon":{"value":"fab fa-linkedin-in","library":"fa-brands"},"_id":"449bdb2"}],"align":"right","icon_color":"custom","icon_primary_color":"rgba(255, 255, 255, 0)","icon_secondary_color":"#F8CDC4","icon_size":{"unit":"px","size":"20","sizes":[]},"icon_padding":{"unit":"em","size":"0","sizes":[]},"icon_spacing":{"unit":"px","size":"20","sizes":[]},"hover_primary_color":"rgba(255, 255, 255, 0)","hover_secondary_color":"#FFFFFF","_element_width":"inherit","align_mobile":"center","_element_width_mobile":"inherit","_padding":{"unit":"%","top":"0","right":"0","bottom":"3","left":"0","isLinked":""}},"elements":[],"isInner":false,"widgetType":"social-icons","elType":"widget"},{"id":"38f7e2ef","settings":{"editor":" Norman &amp; Turner Financial Advisers","align":"right","align_tablet":"right","align_mobile":"center","text_color":"#FFFFFF","typography_typography":"custom","typography_font_family":"Montserrat","typography_font_size":{"unit":"px","size":"12","sizes":[]},"typography_font_size_tablet":{"unit":"px","size":"14","sizes":[]},"typography_font_size_mobile":{"unit":"px","size":"12","sizes":[]},"typography_font_weight":"normal","typography_text_transform":"none","typography_font_style":"normal","typography_text_decoration":"none","typography_line_height":{"unit":"px","size":"22","sizes":[]},"typography_line_height_tablet":{"unit":"em","size":"1.4","sizes":[]},"_padding":{"unit":"%","top":"0","right":"0","bottom":"0","left":"0","isLinked":""},"_padding_tablet":{"unit":"%","top":"0","right":"0","bottom":"0","left":"0","isLinked":""},"_padding_mobile":{"unit":"%","top":"0","right":"0","bottom":"0","left":"0","isLinked":""}},"elements":[],"isInner":false,"widgetType":"text-editor","elType":"widget"}],"isInner":"","elType":"column"}],"isInner":"","elType":"section"}]}