{"version":"0.4","title":"16946","type":"page","content":[{"id":"542ce966","settings":{"background_background":"gradient","background_color":"#2D4175","layout":"full_width","gap":"no","height":"min-height","column_position":"stretch","background_color_b":"#303344","background_gradient_angle":{"unit":"deg","size":"90","sizes":[]},"background_image":{"id":16915,"url":"http:\/\/library.elementor.com\/lp\/wp-content\/uploads\/2021\/01\/placeholder-2.png"},"background_position":"center center","background_repeat":"repeat-x","background_size":"auto","background_overlay_background":"classic","background_overlay_image":{"id":16917,"url":"http:\/\/library.elementor.com\/lp\/wp-content\/uploads\/2021\/01\/13_Dev_Course-Hero_Lines-1.png"},"background_overlay_position":"center center","background_overlay_repeat":"repeat-x","background_overlay_size":"auto","background_overlay_opacity":{"unit":"px","size":"0.05","sizes":[]},"custom_height":{"unit":"vh","size":"100","sizes":[]},"content_position":"space-between","_title":"Hero","custom_height_tablet":{"unit":"vh","size":"","sizes":[]},"background_overlay_size_tablet":"cover","_timestamp_":"v1b1BCenZXN2gxUTBqb0JJSWxJTVlPZz09"},"elements":[{"id":"5e90a220","settings":{"_column_size":"100","background_background":"classic","background_image":{"id":16913,"url":"http:\/\/library.elementor.com\/lp\/wp-content\/uploads\/2021\/01\/13_Dev_Course-Hero_Dots-1.png"},"background_position":"center center","background_repeat":"no-repeat","background_size":"contain","background_motion_fx_motion_fx_scrolling":"yes","background_motion_fx_blur_direction":"in-out-in","background_motion_fx_blur_range":{"unit":"%","size":"","sizes":{"start":"53","end":"100"}},"background_motion_fx_scale_effect":"yes","background_motion_fx_scale_speed":{"unit":"px","size":"10","sizes":[]},"background_motion_fx_scale_range":{"unit":"%","size":"","sizes":{"start":"50","end":"100"}}},"elements":[{"id":"16302c3e","settings":{"layout":"full_width","gap":"no","margin":{"unit":"%","top":"4","right":"0","bottom":"0","left":"0","isLinked":""},"padding":{"unit":"%","top":"0","right":"12","bottom":"0","left":"12","isLinked":""},"padding_tablet":{"unit":"%","top":"0","right":"8","bottom":"0","left":"8","isLinked":""}},"elements":[{"id":"4517ab70","settings":{"_column_size":"100"},"elements":[{"id":"72653b0a","settings":{"image":{"id":16911,"url":"http:\/\/library.elementor.com\/lp\/wp-content\/uploads\/2021\/01\/13_Dev_Course-Logo@2x.png"},"image_size":"full","align":"left","width_mobile":{"unit":"px","size":"140","sizes":[]},"width":{"unit":"px","size":"176","sizes":[]}},"elements":[],"isInner":false,"widgetType":"image","elType":"widget"}],"isInner":"1","elType":"column"}],"isInner":"1","elType":"section"},{"id":"4d633884","settings":{"layout":"full_width","content_width":{"unit":"px","size":"1140","sizes":[]},"gap":"no","content_position":"middle","structure":"20","margin":{"unit":"%","top":"0","right":"0","bottom":"0","left":"0","isLinked":""},"padding":{"unit":"%","top":"0","right":"12","bottom":"0","left":"12","isLinked":""},"margin_tablet":{"unit":"%","top":"8","right":"0","bottom":"0","left":"0","isLinked":""},"padding_tablet":{"unit":"%","top":"0","right":"8","bottom":"0","left":"8","isLinked":""},"margin_mobile":{"unit":"%","top":"","right":"0","bottom":"","left":"0","isLinked":"1"}},"elements":[{"id":"72738d1d","settings":{"_column_size":"50","_inline_size":"56.03","space_between_widgets":"40","margin":{"unit":"px","top":"0","right":"0","bottom":"0","left":"50","isLinked":""},"padding":{"unit":"%","top":"0","right":"10","bottom":"0","left":"0","isLinked":""},"_inline_size_tablet":"100","space_between_widgets_tablet":"20","margin_mobile":{"unit":"px","top":"0","right":"0","bottom":"0","left":"30","isLinked":""},"space_between_widgets_mobile":"10"},"elements":[{"id":"52adb141","settings":{"title":"Path to success in high tech","header_size":"h4","title_color":"#81A7F0","typography_typography":"custom","typography_font_family":"Roboto Mono","typography_font_size":{"unit":"px","size":"20","sizes":[]},"typography_font_weight":"300","typography_text_transform":"none","typography_font_style":"italic","typography_text_decoration":"none","typography_letter_spacing":{"unit":"px","size":"0","sizes":[]},"typography_font_size_tablet":{"unit":"px","size":"16","sizes":[]},"typography_font_size_mobile":{"unit":"px","size":"14","sizes":[]}},"elements":[],"isInner":false,"widgetType":"heading","elType":"widget"},{"id":"6596969","settings":{"title":"Become a full-stack developer in 90 days","header_size":"h1","title_color":"#FFFFFF","typography_typography":"custom","typography_font_family":"Montserrat","typography_font_size":{"unit":"px","size":"55","sizes":[]},"typography_font_weight":"300","typography_text_transform":"none","typography_font_style":"italic","typography_text_decoration":"none","typography_line_height":{"unit":"em","size":"1.1","sizes":[]},"typography_letter_spacing":{"unit":"px","size":"0","sizes":[]},"_margin":{"unit":"px","top":"0","right":"0","bottom":"0","left":"-50","isLinked":""},"_padding":{"unit":"px","top":"0","right":"0","bottom":"0","left":"46","isLinked":""},"_border_border":"solid","_border_width":{"unit":"px","top":"0","right":"0","bottom":"0","left":"4","isLinked":""},"_border_color":"#C59EFF","typography_font_size_tablet":{"unit":"px","size":"42","sizes":[]},"typography_font_size_mobile":{"unit":"px","size":"30","sizes":[]},"_margin_mobile":{"unit":"px","top":"0","right":"0","bottom":"0","left":"-30","isLinked":""},"_padding_mobile":{"unit":"px","top":"0","right":"0","bottom":"0","left":"26","isLinked":""}},"elements":[],"isInner":false,"widgetType":"heading","elType":"widget"},{"id":"2bc574e3","settings":{"editor":"br Academy will help you launch your new career as a full-stack developer. Starting at the front-end with HTML, CSS, and JS and then practicing and mastering the back-end fundamentals.","text_color":"#C0C4CF","_margin":{"unit":"%","top":"2","right":"10","bottom":"0","left":"0","isLinked":""},"__globals__":{"typography_typography":""},"typography_typography":"custom","typography_font_family":"Montserrat","typography_font_size":{"unit":"px","size":"16","sizes":[]},"typography_font_size_tablet":{"unit":"px","size":"14","sizes":[]},"typography_font_weight":"300","typography_text_transform":"none","typography_font_style":"normal","typography_text_decoration":"none","typography_line_height":{"unit":"em","size":"1.4","sizes":[]},"typography_letter_spacing":{"unit":"px","size":"0","sizes":[]}},"elements":[],"isInner":false,"widgetType":"text-editor","elType":"widget"}],"isInner":"1","elType":"column"},{"id":"7f0654a6","settings":{"_column_size":"50","_inline_size":"43.918","space_between_widgets":"15","background_background":"classic","background_color":"#314476CC","border_radius":{"unit":"px","top":"10","right":"10","bottom":"10","left":"10","isLinked":"1"},"box_shadow_box_shadow_type":"yes","box_shadow_box_shadow":{"horizontal":"0","vertical":"10","blur":"60","spread":"0","color":"rgba(0, 0, 0, 0.05)"},"margin":{"unit":"%","top":"0","right":"0","bottom":"0","left":"15","isLinked":""},"padding":{"unit":"%","top":"10","right":"10","bottom":"10","left":"10","isLinked":"1"},"_inline_size_tablet":"100","margin_tablet":{"unit":"%","top":"9","right":"9","bottom":"9","left":"9","isLinked":"1"},"padding_tablet":{"unit":"%","top":"9","right":"9","bottom":"9","left":"9","isLinked":"1"},"margin_mobile":{"unit":"%","top":"10","right":"0","bottom":"0","left":"0","isLinked":""}},"elements":[{"id":"1cc043cf","settings":{"title":"10% discount","header_size":"h3","align":"center","title_color":"#FFFFFF","typography_typography":"custom","typography_font_family":"Roboto Mono","typography_font_size":{"unit":"px","size":"45","sizes":[]},"typography_font_weight":"300","typography_text_transform":"uppercase","typography_font_style":"italic","typography_text_decoration":"none","typography_letter_spacing":{"unit":"px","size":"0","sizes":[]},"_animation":"pulse","typography_font_size_tablet":{"unit":"px","size":"32","sizes":[]},"typography_font_size_mobile":{"unit":"px","size":"24","sizes":[]}},"elements":[],"isInner":false,"widgetType":"heading","elType":"widget"},{"id":"1ab4f5a7","settings":{"title":"for early registration","header_size":"h4","align":"center","title_color":"#81A7F0","typography_typography":"custom","typography_font_family":"Montserrat","typography_font_size":{"unit":"px","size":"25","sizes":[]},"typography_font_weight":"300","typography_text_transform":"none","typography_font_style":"italic","typography_text_decoration":"none","typography_letter_spacing":{"unit":"px","size":"0","sizes":[]},"typography_font_size_tablet":{"unit":"px","size":"18","sizes":[]},"typography_font_size_mobile":{"unit":"px","size":"16","sizes":[]}},"elements":[],"isInner":false,"widgetType":"heading","elType":"widget"},{"id":"77ecde8a","settings":{"form_name":"Discount Form","form_fields":[{"custom_id":"name","field_label":"Full Name","placeholder":"Full Name","_id":"7dd49da","rows":"4","file_sizes":"","file_types":"","allow_multiple_upload":"","max_files":"","acceptance_text":"","checked_by_default":"","field_min":"","field_max":"","min_date":"","max_date":"","use_native_date":"","use_native_time":"","previous_button":"","next_button":""},{"custom_id":"field_6c19447","field_label":"Phone","placeholder":"Phone","_id":"6c19447","rows":"4","file_sizes":"","file_types":"","allow_multiple_upload":"","max_files":"","acceptance_text":"","checked_by_default":"","field_min":"","field_max":"","min_date":"","max_date":"","use_native_date":"","use_native_time":"","previous_button":"","next_button":""},{"custom_id":"email","field_type":"email","required":"true","field_label":"Email","placeholder":"Email","_id":"49101c1","rows":"4","file_sizes":"","file_types":"","allow_multiple_upload":"","max_files":"","acceptance_text":"","checked_by_default":"","field_min":"","field_max":"","min_date":"","max_date":"","use_native_date":"","use_native_time":"","previous_button":"","next_button":""},{"custom_id":"field_3c71c9a","field_type":"checkbox","required":"true","field_label":"Checkbox","placeholder":"Email","field_options":"I agree to the terms of service","inline_list":"elementor-subgroup-inline","rows":"4","_id":"3c71c9a","file_sizes":"","file_types":"","allow_multiple_upload":"","max_files":"","acceptance_text":"","checked_by_default":"","field_min":"","field_max":"","min_date":"","max_date":"","use_native_date":"","use_native_time":"","previous_button":"","next_button":""}],"show_labels":"","step_next_label":"Next","step_previous_label":"Previous","button_text":"Get Details","selected_button_icon":{"value":"fas fa-angle-double-right","library":"fa-solid"},"button_icon_align":"right","email_content":"[all-fields]","email_content_2":"[all-fields]","success_message":"The form was sent successfully.","error_message":"An error occurred.","required_field_message":"This field is required.","invalid_message":"There's something wrong. The form is invalid.","row_gap":{"unit":"px","size":"25","sizes":[]},"field_text_color":"#FFFFFF","field_background_color":"#2C3760","field_border_width":{"unit":"px","top":"0","right":"0","bottom":"0","left":"0","isLinked":"1"},"field_border_radius":{"unit":"px","top":"0","right":"0","bottom":"0","left":"0","isLinked":""},"button_background_color":"#075BF7","button_background_hover_color":"#FFFFFF","button_hover_color":"#075BF7","button_border_radius":{"unit":"px","top":"0","right":"0","bottom":"0","left":"0","isLinked":""},"button_text_padding":{"unit":"px","top":"20","right":"0","bottom":"20","left":"0","isLinked":""},"success_message_color":"#FFFFFF","error_message_color":"#FFFFFF","inline_message_color":"#FFFFFF","_margin":{"unit":"%","top":"10","right":"0","bottom":"0","left":"0","isLinked":""},"__globals__":{"message_typography_typography":"","button_typography_typography":"","field_typography_typography":""},"input_size":"lg","field_typography_typography":"custom","field_typography_font_family":"Montserrat","field_typography_font_size":{"unit":"px","size":"16","sizes":[]},"field_typography_font_size_tablet":{"unit":"px","size":"14","sizes":[]},"field_typography_font_weight":"300","field_typography_text_transform":"none","field_typography_font_style":"normal","field_typography_text_decoration":"none","field_typography_line_height":{"unit":"em","size":"1.4","sizes":[]},"field_typography_letter_spacing":{"unit":"px","size":"0","sizes":[]},"button_typography_typography":"custom","button_typography_font_family":"Roboto Mono","button_typography_font_size":{"unit":"px","size":"18","sizes":[]},"button_typography_font_size_mobile":{"unit":"px","size":"16","sizes":[]},"button_typography_font_weight":"400","button_typography_text_transform":"capitalize","button_typography_font_style":"italic","button_typography_text_decoration":"none","button_typography_line_height":{"unit":"em","size":"1","sizes":[]},"button_typography_letter_spacing":{"unit":"px","size":"0","sizes":[]},"message_typography_typography":"custom","message_typography_font_family":"Montserrat","message_typography_font_size":{"unit":"px","size":"16","sizes":[]},"message_typography_font_size_tablet":{"unit":"px","size":"14","sizes":[]},"message_typography_font_weight":"300","message_typography_text_transform":"none","message_typography_font_style":"normal","message_typography_text_decoration":"none","message_typography_line_height":{"unit":"em","size":"1.4","sizes":[]},"message_typography_letter_spacing":{"unit":"px","size":"0","sizes":[]},"label_color":"rgba(255, 255, 255, 0.5)","field_border_color":"#FFFFFF"},"elements":[],"isInner":false,"widgetType":"form","elType":"widget"}],"isInner":"1","elType":"column"}],"isInner":"1","elType":"section"},{"id":"5e8019ec","settings":{"layout":"full_width","gap":"no","margin":{"unit":"%","top":"3","right":"0","bottom":"0","left":"0","isLinked":""},"padding":{"unit":"%","top":"0","right":"12","bottom":"0","left":"12","isLinked":""},"padding_tablet":{"unit":"%","top":"0","right":"8","bottom":"0","left":"8","isLinked":""},"content_position":"bottom","margin_mobile":{"unit":"%","top":"15","right":"0","bottom":"0","left":"0","isLinked":""},"padding_mobile":{"unit":"%","top":"","right":"","bottom":"","left":"","isLinked":"1"}},"elements":[{"id":"62337814","settings":{"_column_size":"100","align_tablet":"center"},"elements":[{"id":"30dfdd9b","settings":{"title":"No experience needed \u2022 from no-code to developer","header_size":"h4","title_color":"#0759F3","typography_typography":"custom","typography_font_family":"Roboto Mono","typography_font_size":{"unit":"px","size":"16","sizes":[]},"typography_font_weight":"400","typography_text_transform":"none","typography_font_style":"italic","typography_text_decoration":"none","typography_letter_spacing":{"unit":"px","size":"0","sizes":[]},"_padding":{"unit":"px","top":"15","right":"35","bottom":"15","left":"35","isLinked":""},"_background_background":"classic","_background_color":"#FFFFFF","_border_radius":{"unit":"px","top":"5","right":"5","bottom":"0","left":"0","isLinked":""},"_element_width":"auto","typography_font_size_tablet":{"unit":"px","size":"14","sizes":[]},"typography_font_size_mobile":{"unit":"px","size":"12","sizes":[]},"_padding_mobile":{"unit":"px","top":"8","right":"15","bottom":"8","left":"15","isLinked":""}},"elements":[],"isInner":false,"widgetType":"heading","elType":"widget"}],"isInner":"1","elType":"column"}],"isInner":"1","elType":"section"}],"isInner":"","elType":"column"}],"isInner":"","elType":"section"},{"id":"3b71852c","settings":{"layout":"full_width","gap":"no","custom_height":{"unit":"px","size":"","sizes":[]},"column_position":"stretch","content_position":"middle","margin":{"unit":"%","top":"10","right":"0","bottom":"0","left":"0","isLinked":""},"padding":{"unit":"%","top":"0","right":"12","bottom":"0","left":"12","isLinked":""},"_title":"Next Course","padding_tablet":{"unit":"%","top":"0","right":"8","bottom":"0","left":"8","isLinked":""},"margin_tablet":{"unit":"%","top":"20","right":"0","bottom":"0","left":"0","isLinked":""},"margin_mobile":{"unit":"%","top":"30","right":"0","bottom":"0","left":"0","isLinked":""},"_timestamp_":"v1b1BCenZXN2gxUTBqb0JJSWxJTVlPZz09"},"elements":[{"id":"731aeec8","settings":{"_column_size":"100","align":"space-between","space_between_widgets":"0","background_background":"classic","background_color":"#FFFFFF","border_radius":{"unit":"px","top":"10","right":"10","bottom":"10","left":"10","isLinked":"1"},"box_shadow_box_shadow_type":"yes","box_shadow_box_shadow":{"horizontal":"0","vertical":"10","blur":"30","spread":"0","color":"rgba(0, 0, 0, 0.05)"},"padding":{"unit":"%","top":"0","right":"4","bottom":"0","left":"4","isLinked":""},"align_tablet":"center","padding_tablet":{"unit":"%","top":"0","right":"0","bottom":"3","left":"0","isLinked":""},"padding_mobile":{"unit":"%","top":"0","right":"10","bottom":"5","left":"10","isLinked":""}},"elements":[{"id":"6392df5b","settings":{"title":"Next Course","header_size":"h4","title_color":"#075BF7","typography_typography":"custom","typography_font_family":"Roboto Mono","typography_font_size":{"unit":"px","size":"30","sizes":[]},"typography_font_weight":"300","typography_text_transform":"none","typography_font_style":"normal","typography_text_decoration":"none","typography_letter_spacing":{"unit":"px","size":"0","sizes":[]},"_padding":{"unit":"px","top":"50","right":"0","bottom":"46","left":"0","isLinked":""},"_border_border":"solid","_border_width":{"unit":"px","top":"0","right":"0","bottom":"4","left":"0","isLinked":""},"_border_color":"#075BF7","_border_radius":{"unit":"px","top":"0","right":"0","bottom":"0","left":"0","isLinked":""},"_element_width":"auto","_element_custom_width":{"unit":"%","size":"20","sizes":[]},"typography_font_size_tablet":{"unit":"px","size":"22","sizes":[]},"_padding_tablet":{"unit":"%","top":"15","right":"0","bottom":"15","left":"0","isLinked":""},"typography_font_size_mobile":{"unit":"px","size":"18","sizes":[]}},"elements":[],"isInner":false,"widgetType":"heading","elType":"widget"},{"id":"e549e78","settings":{"view":"inline","icon_list":[{"text":"Full-time every day","selected_icon":{"value":"","library":""},"_id":"a98b3e1"},{"text":"Virtual course","selected_icon":{"value":"fas fa-circle","library":"fa-solid"},"_id":"565c7b4"},{"text":"July 04 - October 02, 2021","selected_icon":{"value":"fas fa-circle","library":"fa-solid"},"_id":"bdadcc8"},{"text":"09:00 am - 05:00 pm","selected_icon":{"value":"fas fa-circle","library":"fa-solid"},"_id":"984f8dd"}],"space_between":{"unit":"px","size":"10","sizes":[]},"icon_color":"#0759F3","icon_size":{"unit":"px","size":"5","sizes":[]},"text_color":"#000000","text_indent":{"unit":"px","size":"10","sizes":[]},"icon_typography_typography":"custom","icon_typography_font_family":"Roboto Mono","icon_typography_font_size":{"unit":"px","size":"18","sizes":[]},"icon_typography_font_weight":"300","icon_typography_text_transform":"none","icon_typography_font_style":"italic","icon_typography_text_decoration":"none","icon_typography_letter_spacing":{"unit":"px","size":"0","sizes":[]},"_element_width":"initial","_element_custom_width":{"unit":"%","size":"75","sizes":[]},"space_between_tablet":{"unit":"px","size":"10","sizes":[]},"icon_align_tablet":"center","icon_typography_font_size_tablet":{"unit":"px","size":"14","sizes":[]},"_margin_tablet":{"unit":"%","top":"3","right":"0","bottom":"0","left":"0","isLinked":""},"_element_width_tablet":"inherit","_margin_mobile":{"unit":"%","top":"10","right":"0","bottom":"0","left":"0","isLinked":""}},"elements":[],"isInner":false,"widgetType":"icon-list","elType":"widget"}],"isInner":"","elType":"column"}],"isInner":"","elType":"section"},{"id":"36dab156","settings":{"layout":"full_width","gap":"no","content_position":"middle","structure":"20","margin":{"unit":"%","top":"10","right":"0","bottom":"0","left":"0","isLinked":""},"padding":{"unit":"%","top":"0","right":"12","bottom":"0","left":"12","isLinked":""},"custom_height":{"unit":"px","size":"553","sizes":[]},"column_position":"stretch","_title":"About","padding_tablet":{"unit":"%","top":"0","right":"8","bottom":"0","left":"8","isLinked":""},"margin_tablet":{"unit":"%","top":"20","right":"0","bottom":"0","left":"0","isLinked":""},"margin_mobile":{"unit":"%","top":"30","right":"0","bottom":"0","left":"0","isLinked":""},"_timestamp_":"v1b1BCenZXN2gxUTBqb0JJSWxJTVlPZz09"},"elements":[{"id":"34a184f7","settings":{"_column_size":"50","space_between_widgets":"70","padding":{"unit":"%","top":"0","right":"23","bottom":"0","left":"0","isLinked":""},"_inline_size_tablet":"100","space_between_widgets_tablet":"30","padding_mobile":{"unit":"px","top":"0","right":"0","bottom":"0","left":"0","isLinked":""}},"elements":[{"id":"34ba5bff","settings":{"title":"Complete learning program to master the web development experience","title_color":"#000000","_border_width":{"unit":"px","top":"0","right":"0","bottom":"0","left":"4","isLinked":""},"_border_color":"#C59EFF","__globals__":{"typography_typography":""},"typography_typography":"custom","typography_font_family":"Montserrat","typography_font_size":{"unit":"px","size":"40","sizes":[]},"typography_font_size_tablet":{"unit":"px","size":"32","sizes":[]},"typography_font_size_mobile":{"unit":"px","size":"26","sizes":[]},"typography_font_weight":"300","typography_text_transform":"none","typography_font_style":"italic","typography_text_decoration":"none","typography_line_height":{"unit":"em","size":"1.1","sizes":[]},"typography_letter_spacing":{"unit":"px","size":"0","sizes":[]}},"elements":[],"isInner":false,"widgetType":"heading","elType":"widget"},{"id":"5cf879a","settings":{"editor":"<p>Our online course will suit anyone who wants to learn web development from a to z. The course includes lessons and hands-on assignments to help you achieve your goals and finish the course with all the information you need to become a develoer.<\/p>","text_color":"#474849","_margin":{"unit":"px","top":"0","right":"0","bottom":"-18","left":"0","isLinked":""},"__globals__":{"typography_typography":""},"typography_typography":"custom","typography_font_family":"Montserrat","typography_font_size":{"unit":"px","size":"16","sizes":[]},"typography_font_size_tablet":{"unit":"px","size":"14","sizes":[]},"typography_font_weight":"300","typography_text_transform":"none","typography_font_style":"normal","typography_text_decoration":"none","typography_line_height":{"unit":"em","size":"1.4","sizes":[]},"typography_letter_spacing":{"unit":"px","size":"0","sizes":[]}},"elements":[],"isInner":false,"widgetType":"text-editor","elType":"widget"},{"id":"1f377100","settings":{"text":"Get Details","selected_icon":{"value":"fas fa-angle-double-right","library":"fa-solid"},"icon_align":"right","button_text_color":"#FFFFFF","background_color":"#075BF7","button_background_hover_color":"#2D4072","border_radius":{"unit":"px","top":"0","right":"0","bottom":"0","left":"0","isLinked":""},"text_padding":{"unit":"px","top":"20","right":"100","bottom":"20","left":"100","isLinked":""},"__globals__":{"typography_typography":""},"typography_typography":"custom","typography_font_family":"Roboto Mono","typography_font_size":{"unit":"px","size":"18","sizes":[]},"typography_font_size_mobile":{"unit":"px","size":"16","sizes":[]},"typography_font_weight":"400","typography_text_transform":"capitalize","typography_font_style":"italic","typography_text_decoration":"none","typography_line_height":{"unit":"em","size":"1","sizes":[]},"typography_letter_spacing":{"unit":"px","size":"0","sizes":[]},"text_padding_mobile":{"unit":"px","top":"20","right":"50","bottom":"20","left":"50","isLinked":""}},"elements":[],"isInner":false,"widgetType":"button","elType":"widget"}],"isInner":"","elType":"column"},{"id":"461dcd1e","settings":{"_column_size":"50","align":"space-between","_inline_size_tablet":"100","margin_tablet":{"unit":"%","top":"10","right":"0","bottom":"0","left":"0","isLinked":""},"margin_mobile":{"unit":"%","top":"20","right":"0","bottom":"0","left":"0","isLinked":""}},"elements":[{"id":"7c423467","settings":{"selected_icon":{"value":{"id":16919,"url":"http:\/\/library.elementor.com\/lp\/wp-content\/uploads\/2021\/01\/13_Dev_Course-Server_Side.svg"},"library":"svg"},"title_text":"Server Side","description_text":"Extended back-end learning includes PHP, API, NodeJS, and more","title_size":"h4","primary_color":"#075BF7","icon_space":{"unit":"px","size":"30","sizes":[]},"icon_size":{"unit":"px","size":"70","sizes":[]},"text_align":"left","title_bottom_space":{"unit":"px","size":"20","sizes":[]},"title_color":"#075BF7","description_color":"#474849","_padding":{"unit":"%","top":"15","right":"15","bottom":"15","left":"15","isLinked":"1"},"_background_background":"classic","_background_color":"#FFFFFF","_border_radius":{"unit":"px","top":"10","right":"10","bottom":"10","left":"10","isLinked":"1"},"_box_shadow_box_shadow_type":"yes","_box_shadow_box_shadow":{"horizontal":"0","vertical":"0","blur":"50","spread":"0","color":"rgba(0, 0, 0, 0.05)"},"_box_shadow_hover_box_shadow_type":"yes","_box_shadow_hover_box_shadow":{"horizontal":"0","vertical":"0","blur":"0","spread":"0","color":"rgba(0, 0, 0, 0.2)"},"_element_width":"initial","_element_custom_width":{"unit":"%","size":"48","sizes":[]},"_element_vertical_align":"flex-end","__globals__":{"description_typography_typography":"","title_typography_typography":""},"hover_animation":"hang","_margin":{"unit":"%","top":"50","right":"0","bottom":"0","left":"0","isLinked":""},"title_typography_typography":"custom","title_typography_font_family":"Roboto Mono","title_typography_font_size":{"unit":"px","size":"20","sizes":[]},"title_typography_font_size_tablet":{"unit":"px","size":"18","sizes":[]},"title_typography_font_size_mobile":{"unit":"px","size":"16","sizes":[]},"title_typography_font_weight":"400","title_typography_text_transform":"capitalize","title_typography_font_style":"normal","title_typography_text_decoration":"none","title_typography_line_height":{"unit":"em","size":"1","sizes":[]},"title_typography_letter_spacing":{"unit":"px","size":"0","sizes":[]},"description_typography_typography":"custom","description_typography_font_family":"Montserrat","description_typography_font_size":{"unit":"px","size":"16","sizes":[]},"description_typography_font_size_tablet":{"unit":"px","size":"14","sizes":[]},"description_typography_font_weight":"300","description_typography_text_transform":"none","description_typography_font_style":"normal","description_typography_text_decoration":"none","description_typography_line_height":{"unit":"em","size":"1.4","sizes":[]},"description_typography_letter_spacing":{"unit":"px","size":"0","sizes":[]},"_margin_mobile":{"unit":"px","top":"0","right":"0","bottom":"0","left":"0","isLinked":""},"_element_width_mobile":"inherit","_element_custom_width_mobile":{"unit":"%","size":"86","sizes":[]}},"elements":[],"isInner":false,"widgetType":"icon-box","elType":"widget"},{"id":"101b3b2b","settings":{"selected_icon":{"value":{"id":16921,"url":"http:\/\/library.elementor.com\/lp\/wp-content\/uploads\/2021\/01\/13_Dev_Course-Client_Side.svg"},"library":"svg"},"title_text":"Client Side","description_text":"Explore the front-end fundamentals, such as HTML, CSS, and JS.","title_size":"h4","primary_color":"#075BF7","icon_space":{"unit":"px","size":"30","sizes":[]},"icon_size":{"unit":"px","size":"70","sizes":[]},"text_align":"left","title_bottom_space":{"unit":"px","size":"20","sizes":[]},"title_color":"#075BF7","description_color":"#474849","_padding":{"unit":"%","top":"15","right":"15","bottom":"15","left":"15","isLinked":"1"},"_background_background":"classic","_background_color":"#FFFFFF","_border_radius":{"unit":"px","top":"10","right":"10","bottom":"10","left":"10","isLinked":"1"},"_box_shadow_box_shadow_type":"yes","_box_shadow_box_shadow":{"horizontal":"0","vertical":"0","blur":"50","spread":"0","color":"rgba(0, 0, 0, 0.05)"},"_box_shadow_hover_box_shadow_type":"yes","_box_shadow_hover_box_shadow":{"horizontal":"0","vertical":"0","blur":"0","spread":"0","color":"rgba(0, 0, 0, 0.2)"},"_element_width":"initial","_element_custom_width":{"unit":"%","size":"48","sizes":[]},"_element_vertical_align":"flex-start","__globals__":{"description_typography_typography":"","title_typography_typography":""},"hover_animation":"hang","title_typography_typography":"custom","title_typography_font_family":"Roboto Mono","title_typography_font_size":{"unit":"px","size":"20","sizes":[]},"title_typography_font_size_tablet":{"unit":"px","size":"18","sizes":[]},"title_typography_font_size_mobile":{"unit":"px","size":"16","sizes":[]},"title_typography_font_weight":"400","title_typography_text_transform":"capitalize","title_typography_font_style":"normal","title_typography_text_decoration":"none","title_typography_line_height":{"unit":"em","size":"1","sizes":[]},"title_typography_letter_spacing":{"unit":"px","size":"0","sizes":[]},"description_typography_typography":"custom","description_typography_font_family":"Montserrat","description_typography_font_size":{"unit":"px","size":"16","sizes":[]},"description_typography_font_size_tablet":{"unit":"px","size":"14","sizes":[]},"description_typography_font_weight":"300","description_typography_text_transform":"none","description_typography_font_style":"normal","description_typography_text_decoration":"none","description_typography_line_height":{"unit":"em","size":"1.4","sizes":[]},"description_typography_letter_spacing":{"unit":"px","size":"0","sizes":[]},"_margin_mobile":{"unit":"%","top":"10","right":"0","bottom":"0","left":"0","isLinked":""},"_element_width_mobile":"inherit"},"elements":[],"isInner":false,"widgetType":"icon-box","elType":"widget"}],"isInner":"","elType":"column"}],"isInner":"","elType":"section"},{"id":"391983b2","settings":{"layout":"full_width","gap":"no","background_background":"classic","background_color":"#FFFFFF","margin":{"unit":"%","top":"15","right":"0","bottom":"0","left":"0","isLinked":""},"padding":{"unit":"%","top":"0","right":"12","bottom":"0","left":"12","isLinked":""},"custom_height":{"unit":"px","size":"560","sizes":[]},"_title":"Why Us","margin_tablet":{"unit":"%","top":"20","right":"0","bottom":"0","left":"0","isLinked":""},"margin_mobile":{"unit":"%","top":"30","right":"0","bottom":"0","left":"0","isLinked":""},"padding_mobile":{"unit":"%","top":"20","right":"8","bottom":"20","left":"8","isLinked":""},"_timestamp_":"v1b1BCenZXN2gxUTBqb0JJSWxJTVlPZz09"},"elements":[{"id":"52fc7f8f","settings":{"_column_size":"100"},"elements":[{"id":"5bc90bc","settings":{"title":"Why choose br Academy?","align":"center","title_color":"#000000","_border_width":{"unit":"px","top":"0","right":"0","bottom":"0","left":"4","isLinked":""},"_border_color":"#C59EFF","__globals__":{"typography_typography":""},"typography_typography":"custom","typography_font_family":"Montserrat","typography_font_size":{"unit":"px","size":"40","sizes":[]},"typography_font_size_tablet":{"unit":"px","size":"32","sizes":[]},"typography_font_size_mobile":{"unit":"px","size":"26","sizes":[]},"typography_font_weight":"300","typography_text_transform":"none","typography_font_style":"italic","typography_text_decoration":"none","typography_line_height":{"unit":"em","size":"1.1","sizes":[]},"typography_letter_spacing":{"unit":"px","size":"0","sizes":[]}},"elements":[],"isInner":false,"widgetType":"heading","elType":"widget"},{"id":"708403d8","settings":{"structure":"40","layout":"full_width","gap":"no","margin":{"unit":"%","top":"7","right":"0","bottom":"0","left":"0","isLinked":""},"padding_mobile":{"unit":"%","top":"0","right":"8","bottom":"0","left":"8","isLinked":""}},"elements":[{"id":"31905d4e","settings":{"_column_size":"25","margin":{"unit":"%","top":"0","right":"5","bottom":"0","left":"0","isLinked":""},"padding":{"unit":"%","top":"","right":"","bottom":"","left":"","isLinked":"1"},"_inline_size_tablet":"50","margin_tablet":{"unit":"%","top":"0","right":"5","bottom":"0","left":"0","isLinked":""},"margin_mobile":{"unit":"px","top":"0","right":"0","bottom":"0","left":"0","isLinked":""},"_inline_size":"26.483"},"elements":[{"id":"63eab2f0","settings":{"selected_icon":{"value":{"id":16923,"url":"http:\/\/library.elementor.com\/lp\/wp-content\/uploads\/2021\/01\/13_Dev_Course-Icon_Box.svg"},"library":"svg"},"view":"stacked","title_text":"Vast knowledge","description_text":"Our instructors are leaders in their field and have mastered the development field.","position":"left","title_size":"h4","primary_color":"#075BF700","secondary_color":"#075BF7","icon_space":{"unit":"px","size":"3","sizes":[]},"icon_size":{"unit":"px","size":"18","sizes":[]},"title_bottom_space":{"unit":"px","size":"20","sizes":[]},"title_color":"#075BF7","description_typography_typography":"custom","description_typography_font_family":"Montserrat","description_typography_font_size":{"unit":"px","size":"16","sizes":[]},"description_typography_font_weight":"300","description_typography_text_transform":"none","description_typography_font_style":"normal","description_typography_text_decoration":"none","description_typography_line_height":{"unit":"em","size":"1.4","sizes":[]},"description_typography_letter_spacing":{"unit":"px","size":"0","sizes":[]},"_margin":{"unit":"px","top":"-10","right":"0","bottom":"0","left":"-15","isLinked":""},"__globals__":{"title_typography_typography":"","description_typography_typography":""},"title_typography_typography":"custom","title_typography_font_family":"Roboto Mono","title_typography_font_size":{"unit":"px","size":"20","sizes":[]},"title_typography_font_size_tablet":{"unit":"px","size":"18","sizes":[]},"title_typography_font_size_mobile":{"unit":"px","size":"16","sizes":[]},"title_typography_font_weight":"400","title_typography_text_transform":"capitalize","title_typography_font_style":"normal","title_typography_text_decoration":"none","title_typography_line_height":{"unit":"em","size":"1","sizes":[]},"title_typography_letter_spacing":{"unit":"px","size":"0","sizes":[]},"description_color":"#474849","description_typography_font_size_tablet":{"unit":"px","size":"14","sizes":[]},"_margin_mobile":{"unit":"px","top":"0","right":"0","bottom":"0","left":"0","isLinked":""}},"elements":[],"isInner":false,"widgetType":"icon-box","elType":"widget"}],"isInner":"1","elType":"column"},{"id":"5e28a154","settings":{"_column_size":"25","margin":{"unit":"%","top":"0","right":"4","bottom":"0","left":"8","isLinked":""},"_inline_size_tablet":"50","margin_tablet":{"unit":"%","top":"0","right":"0","bottom":"0","left":"5","isLinked":""},"margin_mobile":{"unit":"%","top":"20","right":"0","bottom":"0","left":"0","isLinked":""},"_inline_size":"25.02"},"elements":[{"id":"55a4c3a3","settings":{"selected_icon":{"value":{"id":16923,"url":"http:\/\/library.elementor.com\/lp\/wp-content\/uploads\/2021\/01\/13_Dev_Course-Icon_Box.svg"},"library":"svg"},"view":"stacked","title_text":"Online Course","description_text":"We have set up a new and improved online learning system for you.","position":"left","title_size":"h4","primary_color":"#075BF700","secondary_color":"#075BF7","icon_space":{"unit":"px","size":"3","sizes":[]},"icon_size":{"unit":"px","size":"18","sizes":[]},"title_bottom_space":{"unit":"px","size":"20","sizes":[]},"title_color":"#075BF7","description_typography_typography":"custom","description_typography_font_family":"Montserrat","description_typography_font_size":{"unit":"px","size":"16","sizes":[]},"description_typography_font_weight":"300","description_typography_text_transform":"none","description_typography_font_style":"normal","description_typography_text_decoration":"none","description_typography_line_height":{"unit":"em","size":"1.4","sizes":[]},"description_typography_letter_spacing":{"unit":"px","size":"0","sizes":[]},"_margin":{"unit":"px","top":"-10","right":"0","bottom":"0","left":"-15","isLinked":""},"__globals__":{"title_typography_typography":"","description_typography_typography":""},"title_typography_typography":"custom","title_typography_font_family":"Roboto Mono","title_typography_font_size":{"unit":"px","size":"20","sizes":[]},"title_typography_font_size_tablet":{"unit":"px","size":"18","sizes":[]},"title_typography_font_size_mobile":{"unit":"px","size":"16","sizes":[]},"title_typography_font_weight":"400","title_typography_text_transform":"capitalize","title_typography_font_style":"normal","title_typography_text_decoration":"none","title_typography_line_height":{"unit":"em","size":"1","sizes":[]},"title_typography_letter_spacing":{"unit":"px","size":"0","sizes":[]},"description_color":"#474849","description_typography_font_size_tablet":{"unit":"px","size":"14","sizes":[]},"_margin_mobile":{"unit":"px","top":"0","right":"0","bottom":"0","left":"0","isLinked":""}},"elements":[],"isInner":false,"widgetType":"icon-box","elType":"widget"}],"isInner":"1","elType":"column"},{"id":"3ae03f55","settings":{"_column_size":"25","margin":{"unit":"%","top":"0","right":"8","bottom":"0","left":"10","isLinked":""},"_inline_size_tablet":"50","margin_tablet":{"unit":"%","top":"15","right":"5","bottom":"0","left":"0","isLinked":""},"margin_mobile":{"unit":"%","top":"20","right":"0","bottom":"0","left":"0","isLinked":""},"_inline_size":"25.02"},"elements":[{"id":"5dc8ad15","settings":{"selected_icon":{"value":{"id":16923,"url":"http:\/\/library.elementor.com\/lp\/wp-content\/uploads\/2021\/01\/13_Dev_Course-Icon_Box.svg"},"library":"svg"},"view":"stacked","title_text":"Support system","description_text":"Need help? We are here to assist you with any problem.","position":"left","title_size":"h4","primary_color":"#075BF700","secondary_color":"#075BF7","icon_space":{"unit":"px","size":"3","sizes":[]},"icon_size":{"unit":"px","size":"18","sizes":[]},"title_bottom_space":{"unit":"px","size":"20","sizes":[]},"title_color":"#075BF7","description_typography_typography":"custom","description_typography_font_family":"Montserrat","description_typography_font_size":{"unit":"px","size":"16","sizes":[]},"description_typography_font_weight":"300","description_typography_text_transform":"none","description_typography_font_style":"normal","description_typography_text_decoration":"none","description_typography_line_height":{"unit":"em","size":"1.4","sizes":[]},"description_typography_letter_spacing":{"unit":"px","size":"0","sizes":[]},"_margin":{"unit":"px","top":"-10","right":"0","bottom":"0","left":"-15","isLinked":""},"__globals__":{"title_typography_typography":"","description_typography_typography":""},"title_typography_typography":"custom","title_typography_font_family":"Roboto Mono","title_typography_font_size":{"unit":"px","size":"20","sizes":[]},"title_typography_font_size_tablet":{"unit":"px","size":"18","sizes":[]},"title_typography_font_size_mobile":{"unit":"px","size":"16","sizes":[]},"title_typography_font_weight":"400","title_typography_text_transform":"capitalize","title_typography_font_style":"normal","title_typography_text_decoration":"none","title_typography_line_height":{"unit":"em","size":"1","sizes":[]},"title_typography_letter_spacing":{"unit":"px","size":"0","sizes":[]},"description_color":"#474849","description_typography_font_size_tablet":{"unit":"px","size":"14","sizes":[]},"_margin_mobile":{"unit":"px","top":"0","right":"0","bottom":"0","left":"0","isLinked":""}},"elements":[],"isInner":false,"widgetType":"icon-box","elType":"widget"}],"isInner":"1","elType":"column"},{"id":"35f7ff66","settings":{"_column_size":"25","margin":{"unit":"%","top":"0","right":"0","bottom":"0","left":"6","isLinked":""},"_inline_size_tablet":"50","margin_tablet":{"unit":"%","top":"15","right":"0","bottom":"0","left":"5","isLinked":""},"margin_mobile":{"unit":"%","top":"20","right":"0","bottom":"0","left":"0","isLinked":""},"_inline_size":"23.478"},"elements":[{"id":"273fa9a2","settings":{"selected_icon":{"value":{"id":16923,"url":"http:\/\/library.elementor.com\/lp\/wp-content\/uploads\/2021\/01\/13_Dev_Course-Icon_Box.svg"},"library":"svg"},"view":"stacked","title_text":"Job opportunities","description_text":"We will help you to find your next dream job. Don't worry about that.","position":"left","title_size":"h4","primary_color":"#075BF700","secondary_color":"#075BF7","icon_space":{"unit":"px","size":"3","sizes":[]},"icon_size":{"unit":"px","size":"18","sizes":[]},"title_bottom_space":{"unit":"px","size":"20","sizes":[]},"title_color":"#075BF7","description_typography_typography":"custom","description_typography_font_family":"Montserrat","description_typography_font_size":{"unit":"px","size":"16","sizes":[]},"description_typography_font_weight":"300","description_typography_text_transform":"none","description_typography_font_style":"normal","description_typography_text_decoration":"none","description_typography_line_height":{"unit":"em","size":"1.4","sizes":[]},"description_typography_letter_spacing":{"unit":"px","size":"0","sizes":[]},"_margin":{"unit":"px","top":"-10","right":"0","bottom":"0","left":"-15","isLinked":""},"__globals__":{"title_typography_typography":"","description_typography_typography":""},"title_typography_typography":"custom","title_typography_font_family":"Roboto Mono","title_typography_font_size":{"unit":"px","size":"20","sizes":[]},"title_typography_font_size_tablet":{"unit":"px","size":"18","sizes":[]},"title_typography_font_size_mobile":{"unit":"px","size":"16","sizes":[]},"title_typography_font_weight":"400","title_typography_text_transform":"capitalize","title_typography_font_style":"normal","title_typography_text_decoration":"none","title_typography_line_height":{"unit":"em","size":"1","sizes":[]},"title_typography_letter_spacing":{"unit":"px","size":"0","sizes":[]},"description_color":"#474849","description_typography_font_size_tablet":{"unit":"px","size":"14","sizes":[]},"_margin_mobile":{"unit":"px","top":"0","right":"0","bottom":"0","left":"0","isLinked":""}},"elements":[],"isInner":false,"widgetType":"icon-box","elType":"widget"}],"isInner":"1","elType":"column"}],"isInner":"1","elType":"section"}],"isInner":"","elType":"column"}],"isInner":"","elType":"section"},{"id":"51527ff2","settings":{"layout":"full_width","gap":"no","content_position":"middle","structure":"20","margin":{"unit":"%","top":"15","right":"0","bottom":"0","left":"0","isLinked":""},"padding":{"unit":"%","top":"0","right":"12","bottom":"0","left":"12","isLinked":""},"_title":"Videos","margin_tablet":{"unit":"%","top":"20","right":"0","bottom":"0","left":"0","isLinked":""},"margin_mobile":{"unit":"%","top":"30","right":"0","bottom":"0","left":"0","isLinked":""},"reverse_order_mobile":"reverse-mobile","_timestamp_":"v1b1BCenZXN2gxUTBqb0JJSWxJTVlPZz09"},"elements":[{"id":"13b81e46","settings":{"_column_size":"50","margin":{"unit":"%","top":"","right":"","bottom":"","left":"","isLinked":"1"}},"elements":[{"id":"2e9f4bd2","settings":{"layout":"full_width","gap":"no","margin":{"unit":"px","top":"0","right":"0","bottom":"0","left":"0","isLinked":""},"padding":{"unit":"%","top":"0","right":"5","bottom":"0","left":"0","isLinked":""},"padding_mobile":{"unit":"px","top":"0","right":"0","bottom":"0","left":"0","isLinked":""}},"elements":[{"id":"3f9183c0","settings":{"_column_size":"100","space_between_widgets":"0","margin":{"unit":"%","top":"","right":"","bottom":"","left":"","isLinked":"1"},"margin_mobile":{"unit":"%","top":"20","right":"0","bottom":"0","left":"0","isLinked":""}},"elements":[{"id":"659b75af","settings":{"title":"Betty Rash \u2022 Graduate 06\/20","header_size":"h4","title_color":"#0759F3","typography_typography":"custom","typography_font_family":"Roboto Mono","typography_font_size":{"unit":"px","size":"15","sizes":[]},"typography_font_weight":"400","typography_text_transform":"none","typography_font_style":"italic","typography_text_decoration":"none","typography_letter_spacing":{"unit":"px","size":"0","sizes":[]},"_padding":{"unit":"px","top":"15","right":"35","bottom":"15","left":"35","isLinked":""},"_background_background":"classic","_background_color":"#FFFFFF","_border_radius":{"unit":"px","top":"5","right":"5","bottom":"0","left":"0","isLinked":""},"_element_width":"auto","_box_shadow_box_shadow_type":"yes","_box_shadow_box_shadow":{"horizontal":"0","vertical":"5","blur":"30","spread":"0","color":"rgba(0, 0, 0, 0.05)"},"typography_font_size_tablet":{"unit":"px","size":"12","sizes":[]},"_padding_tablet":{"unit":"px","top":"8","right":"15","bottom":"8","left":"15","isLinked":""}},"elements":[],"isInner":false,"widgetType":"heading","elType":"widget"},{"id":"2a57fe87","settings":{"youtube_url":"https:\/\/www.youtube.com\/watch?v=XHOmBV4js_E","vimeo_url":"https:\/\/vimeo.com\/235215203","dailymotion_url":"https:\/\/www.dailymotion.com\/video\/x6tqhqb","show_image_overlay":"yes","image_overlay":{"id":16925,"url":"http:\/\/library.elementor.com\/lp\/wp-content\/uploads\/2021\/01\/13_Dev_Course-Overlay_Video_1.jpg"},"css_filters_css_filter":"custom","css_filters_brightness":{"unit":"px","size":"80","sizes":[]},"play_icon_color":"#FFFFFF","play_icon_size":{"unit":"px","size":"55","sizes":[]},"play_icon_text_shadow_text_shadow_type":"yes","_margin":{"unit":"%","top":"","right":"","bottom":"","left":"","isLinked":"1"}},"elements":[],"isInner":false,"widgetType":"video","elType":"widget"}],"isInner":"1","elType":"column"}],"isInner":"1","elType":"section"},{"id":"f9972a1","settings":{"layout":"full_width","gap":"no","margin":{"unit":"%","top":"10","right":"0","bottom":"0","left":"0","isLinked":""},"padding":{"unit":"%","top":"0","right":"0","bottom":"0","left":"5","isLinked":""},"z_index":"1","padding_mobile":{"unit":"px","top":"0","right":"0","bottom":"0","left":"0","isLinked":""}},"elements":[{"id":"2ec078b2","settings":{"_column_size":"100","align":"flex-end","space_between_widgets":"0","margin":{"unit":"%","top":"0","right":"-5","bottom":"0","left":"5","isLinked":""},"padding":{"unit":"%","top":"","right":"","bottom":"","left":"","isLinked":"1"},"margin_mobile":{"unit":"px","top":"0","right":"0","bottom":"0","left":"0","isLinked":""}},"elements":[{"id":"6b83cf88","settings":{"youtube_url":"https:\/\/www.youtube.com\/watch?v=XHOmBV4js_E","vimeo_url":"https:\/\/vimeo.com\/235215203","dailymotion_url":"https:\/\/www.dailymotion.com\/video\/x6tqhqb","show_image_overlay":"yes","image_overlay":{"id":16927,"url":"http:\/\/library.elementor.com\/lp\/wp-content\/uploads\/2021\/01\/13_Dev_Course-Overlay_Video_2.jpg"},"css_filters_css_filter":"custom","css_filters_brightness":{"unit":"px","size":"80","sizes":[]},"play_icon_color":"#FFFFFF","play_icon_size":{"unit":"px","size":"55","sizes":[]},"play_icon_text_shadow_text_shadow_type":"yes","_margin":{"unit":"%","top":"","right":"","bottom":"","left":"","isLinked":"1"}},"elements":[],"isInner":false,"widgetType":"video","elType":"widget"},{"id":"165887f5","settings":{"title":"Paul Wagner \u2022 Graduate 01\/21","header_size":"h4","title_color":"#0759F3","typography_typography":"custom","typography_font_family":"Roboto Mono","typography_font_size":{"unit":"px","size":"15","sizes":[]},"typography_font_weight":"400","typography_text_transform":"none","typography_font_style":"italic","typography_text_decoration":"none","typography_letter_spacing":{"unit":"px","size":"0","sizes":[]},"_padding":{"unit":"px","top":"15","right":"35","bottom":"15","left":"35","isLinked":""},"_background_background":"classic","_background_color":"#FFFFFF","_border_radius":{"unit":"px","top":"0","right":"0","bottom":"5","left":"5","isLinked":""},"_element_width":"auto","_margin":{"unit":"%","top":"","right":"","bottom":"","left":"","isLinked":"1"},"_box_shadow_box_shadow_type":"yes","_box_shadow_box_shadow":{"horizontal":"0","vertical":"5","blur":"30","spread":"0","color":"rgba(0, 0, 0, 0.05)"},"typography_font_size_tablet":{"unit":"px","size":"12","sizes":[]},"_padding_tablet":{"unit":"px","top":"8","right":"15","bottom":"8","left":"15","isLinked":""}},"elements":[],"isInner":false,"widgetType":"heading","elType":"widget"}],"isInner":"1","elType":"column"}],"isInner":"1","elType":"section"}],"isInner":"","elType":"column"},{"id":"d538282","settings":{"_column_size":"50","space_between_widgets":"0","margin":{"unit":"%","top":"0","right":"0","bottom":"0","left":"15","isLinked":""},"margin_mobile":{"unit":"%","top":"0","right":"0","bottom":"0","left":"0","isLinked":""}},"elements":[{"id":"aad2b15","settings":{"title":"Graduates share their journey to success","title_color":"#000000","_border_width":{"unit":"px","top":"0","right":"0","bottom":"0","left":"4","isLinked":""},"_border_color":"#C59EFF","__globals__":{"typography_typography":""},"typography_typography":"custom","typography_font_family":"Montserrat","typography_font_size":{"unit":"px","size":"40","sizes":[]},"typography_font_size_tablet":{"unit":"px","size":"28","sizes":[]},"typography_font_size_mobile":{"unit":"px","size":"26","sizes":[]},"typography_font_weight":"300","typography_text_transform":"none","typography_font_style":"italic","typography_text_decoration":"none","typography_line_height":{"unit":"em","size":"1.1","sizes":[]},"typography_letter_spacing":{"unit":"px","size":"0","sizes":[]},"_margin_tablet":{"unit":"px","top":"0","right":"0","bottom":"0","left":"0","isLinked":"1"},"_padding":{"unit":"%","top":"0","right":"10","bottom":"0","left":"0","isLinked":""},"_padding_tablet":{"unit":"px","top":"0","right":"0","bottom":"0","left":"0","isLinked":"1"}},"elements":[],"isInner":false,"widgetType":"heading","elType":"widget"},{"id":"39f84162","settings":{"editor":"Some of our graduates are now working in development teams in hi-tech companies and corporations.","text_color":"#474849","_margin":{"unit":"%","top":"6","right":"0","bottom":"0","left":"0","isLinked":""},"__globals__":{"typography_typography":""},"typography_typography":"custom","typography_font_family":"Montserrat","typography_font_size":{"unit":"px","size":"16","sizes":[]},"typography_font_size_tablet":{"unit":"px","size":"14","sizes":[]},"typography_font_weight":"300","typography_text_transform":"none","typography_font_style":"normal","typography_text_decoration":"none","typography_line_height":{"unit":"em","size":"1.4","sizes":[]},"typography_letter_spacing":{"unit":"px","size":"0","sizes":[]},"_padding":{"unit":"%","top":"0","right":"20","bottom":"0","left":"0","isLinked":""},"_padding_tablet":{"unit":"px","top":"0","right":"0","bottom":"0","left":"0","isLinked":"1"}},"elements":[],"isInner":false,"widgetType":"text-editor","elType":"widget"},{"id":"6283aa30","settings":{"youtube_url":"https:\/\/www.youtube.com\/watch?v=XHOmBV4js_E","vimeo_url":"https:\/\/vimeo.com\/235215203","dailymotion_url":"https:\/\/www.dailymotion.com\/video\/x6tqhqb","show_image_overlay":"yes","image_overlay":{"id":16929,"url":"http:\/\/library.elementor.com\/lp\/wp-content\/uploads\/2021\/01\/13_Dev_Course-Overlay_Video_3.jpg"},"css_filters_css_filter":"custom","css_filters_brightness":{"unit":"px","size":"80","sizes":[]},"play_icon_color":"#FFFFFF","play_icon_size":{"unit":"px","size":"55","sizes":[]},"play_icon_text_shadow_text_shadow_type":"yes","_margin":{"unit":"%","top":"10","right":"0","bottom":"0","left":"0","isLinked":""}},"elements":[],"isInner":false,"widgetType":"video","elType":"widget"},{"id":"42ba20f1","settings":{"title":"Oliver Buck \u2022 Graduate 09\/20","header_size":"h4","title_color":"#0759F3","typography_typography":"custom","typography_font_family":"Roboto Mono","typography_font_size":{"unit":"px","size":"15","sizes":[]},"typography_font_weight":"400","typography_text_transform":"none","typography_font_style":"italic","typography_text_decoration":"none","typography_letter_spacing":{"unit":"px","size":"0","sizes":[]},"_padding":{"unit":"px","top":"15","right":"35","bottom":"15","left":"35","isLinked":""},"_background_background":"classic","_background_color":"#FFFFFF","_border_radius":{"unit":"px","top":"0","right":"0","bottom":"5","left":"5","isLinked":""},"_element_width":"auto","_box_shadow_box_shadow_type":"yes","_box_shadow_box_shadow":{"horizontal":"0","vertical":"5","blur":"30","spread":"0","color":"rgba(0, 0, 0, 0.05)"},"typography_font_size_tablet":{"unit":"px","size":"12","sizes":[]},"_padding_tablet":{"unit":"px","top":"8","right":"15","bottom":"8","left":"15","isLinked":""}},"elements":[],"isInner":false,"widgetType":"heading","elType":"widget"}],"isInner":"","elType":"column"}],"isInner":"","elType":"section"},{"id":"3801cd22","settings":{"layout":"full_width","gap":"no","margin":{"unit":"%","top":"10","right":"0","bottom":"0","left":"0","isLinked":""},"padding":{"unit":"%","top":"0","right":"12","bottom":"0","left":"12","isLinked":""},"_title":"Enrollment process","margin_tablet":{"unit":"%","top":"20","right":"0","bottom":"0","left":"0","isLinked":""},"padding_tablet":{"unit":"%","top":"0","right":"8","bottom":"0","left":"8","isLinked":""},"margin_mobile":{"unit":"%","top":"30","right":"0","bottom":"0","left":"0","isLinked":""},"_timestamp_":"v1b1BCenZXN2gxUTBqb0JJSWxJTVlPZz09"},"elements":[{"id":"6d52e58a","settings":{"_column_size":"100","space_between_widgets":"0"},"elements":[{"id":"1038cdd5","settings":{"layout":"full_width","gap":"no","structure":"30","margin":{"unit":"px","top":"0","right":"0","bottom":"0","left":"0","isLinked":""}},"elements":[{"id":"7874e315","settings":{"_column_size":"33","content_position":"space-between","_inline_size_tablet":"36"},"elements":[{"id":"3f702217","settings":{"title":"Enrollment <br>process","header_size":"h3","title_color":"#000000","typography_typography":"custom","typography_font_family":"Montserrat","typography_font_size":{"unit":"px","size":"30","sizes":[]},"typography_font_weight":"300","typography_text_transform":"none","typography_font_style":"italic","typography_text_decoration":"none","typography_line_height":{"unit":"em","size":"1.1","sizes":[]},"typography_letter_spacing":{"unit":"px","size":"0","sizes":[]},"_border_width":{"unit":"px","top":"0","right":"0","bottom":"0","left":"4","isLinked":""},"_border_color":"#C59EFF","typography_font_size_tablet":{"unit":"px","size":"24","sizes":[]},"typography_font_size_mobile":{"unit":"px","size":"20","sizes":[]}},"elements":[],"isInner":false,"widgetType":"heading","elType":"widget"},{"id":"1c1e0ec0","settings":{"look":"line_icon","text":"Divider","icon":{"value":"fas fa-circle","library":"fa-solid"},"color":"#A8A8AB","gap":{"unit":"px","size":"0","sizes":[]},"icon_size":{"unit":"px","size":"12","sizes":[]},"primary_color":"#075BF7","icon_spacing":{"unit":"px","size":"0","sizes":[]},"animation_duration":"slow"},"elements":[],"isInner":false,"widgetType":"divider","elType":"widget"}],"isInner":"1","elType":"column"},{"id":"5cec6775","settings":{"_column_size":"33","content_position":"space-between","margin":{"unit":"%","top":"","right":"","bottom":"","left":"","isLinked":"1"},"_inline_size_tablet":"44"},"elements":[{"id":"2c858b28","settings":{"selected_icon":{"value":"far fa-arrow-alt-circle-right","library":"fa-regular"},"title_text":"Online Skills Test","description_text":"We want to know what your skills are so we can assess your compatibility with the course.","position":"left","title_size":"h4","primary_color":"#075BF700","secondary_color":"#075BF7","icon_space":{"unit":"px","size":"0","sizes":[]},"icon_size":{"unit":"px","size":"0","sizes":[]},"icon_padding":{"unit":"px","size":"0","sizes":[]},"text_align":"left","title_bottom_space":{"unit":"px","size":"20","sizes":[]},"title_color":"#075BF7","description_typography_typography":"custom","description_typography_font_family":"Montserrat","description_typography_font_size":{"unit":"px","size":"16","sizes":[]},"description_typography_font_weight":"300","description_typography_text_transform":"none","description_typography_font_style":"normal","description_typography_text_decoration":"none","description_typography_line_height":{"unit":"em","size":"1.4","sizes":[]},"description_typography_letter_spacing":{"unit":"px","size":"0","sizes":[]},"_margin":{"unit":"%","top":"0","right":"50","bottom":"0","left":"0","isLinked":""},"_element_custom_width":{"unit":"%","size":"50","sizes":[]},"__globals__":{"title_typography_typography":"","description_typography_typography":""},"_margin_tablet":{"unit":"%","top":"","right":"","bottom":"","left":"","isLinked":"1"},"_margin_mobile":{"unit":"px","top":"0","right":"0","bottom":"0","left":"0","isLinked":""},"title_typography_typography":"custom","title_typography_font_family":"Roboto Mono","title_typography_font_size":{"unit":"px","size":"20","sizes":[]},"title_typography_font_size_tablet":{"unit":"px","size":"18","sizes":[]},"title_typography_font_size_mobile":{"unit":"px","size":"16","sizes":[]},"title_typography_font_weight":"400","title_typography_text_transform":"capitalize","title_typography_font_style":"normal","title_typography_text_decoration":"none","title_typography_line_height":{"unit":"em","size":"1","sizes":[]},"title_typography_letter_spacing":{"unit":"px","size":"0","sizes":[]},"description_color":"#474849","description_typography_font_size_tablet":{"unit":"px","size":"14","sizes":[]}},"elements":[],"isInner":false,"widgetType":"icon-box","elType":"widget"},{"id":"7be0e407","settings":{"look":"line_icon","text":"Divider","icon":{"value":"fas fa-circle","library":"fa-solid"},"color":"#A8A8AB","gap":{"unit":"px","size":"0","sizes":[]},"icon_size":{"unit":"px","size":"12","sizes":[]},"primary_color":"#075BF7","icon_align":"left","icon_spacing":{"unit":"px","size":"0","sizes":[]}},"elements":[],"isInner":false,"widgetType":"divider","elType":"widget"}],"isInner":"1","elType":"column"},{"id":"175a8a89","settings":{"_column_size":"33","content_position":"space-between","margin":{"unit":"%","top":"0","right":"0","bottom":"0","left":"50","isLinked":""},"_inline_size_tablet":"20","margin_tablet":{"unit":"%","top":"0","right":"0","bottom":"0","left":"0","isLinked":""},"z_index":"1"},"elements":[{"id":"debf2","settings":{"selected_icon":{"value":"far fa-arrow-alt-circle-right","library":"fa-regular"},"title_text":"Course enrollment","description_text":"You got in! Register for the course and start learning","position":"left","title_size":"h4","primary_color":"#075BF700","secondary_color":"#075BF7","icon_space":{"unit":"px","size":"0","sizes":[]},"icon_size":{"unit":"px","size":"0","sizes":[]},"icon_padding":{"unit":"px","size":"0","sizes":[]},"text_align":"left","title_bottom_space":{"unit":"px","size":"20","sizes":[]},"title_color":"#075BF7","description_typography_typography":"custom","description_typography_font_family":"Montserrat","description_typography_font_size":{"unit":"px","size":"16","sizes":[]},"description_typography_font_weight":"300","description_typography_text_transform":"none","description_typography_font_style":"normal","description_typography_text_decoration":"none","description_typography_line_height":{"unit":"em","size":"1.4","sizes":[]},"description_typography_letter_spacing":{"unit":"px","size":"0","sizes":[]},"_margin":{"unit":"%","top":"","right":"","bottom":"","left":"","isLinked":"1"},"_element_custom_width":{"unit":"%","size":"50","sizes":[]},"__globals__":{"title_typography_typography":"","description_typography_typography":""},"title_typography_typography":"custom","title_typography_font_family":"Roboto Mono","title_typography_font_size":{"unit":"px","size":"20","sizes":[]},"title_typography_font_size_tablet":{"unit":"px","size":"18","sizes":[]},"title_typography_font_size_mobile":{"unit":"px","size":"16","sizes":[]},"title_typography_font_weight":"400","title_typography_text_transform":"capitalize","title_typography_font_style":"normal","title_typography_text_decoration":"none","title_typography_line_height":{"unit":"em","size":"1","sizes":[]},"title_typography_letter_spacing":{"unit":"px","size":"0","sizes":[]},"description_color":"#474849","description_typography_font_size_tablet":{"unit":"px","size":"14","sizes":[]}},"elements":[],"isInner":false,"widgetType":"icon-box","elType":"widget"},{"id":"32a2cd8d","settings":{"look":"line_icon","text":"Divider","icon":{"value":"fas fa-circle","library":"fa-solid"},"color":"#A8A8AB","gap":{"unit":"px","size":"0","sizes":[]},"icon_size":{"unit":"px","size":"12","sizes":[]},"primary_color":"#075BF7","icon_align":"left","icon_spacing":{"unit":"px","size":"0","sizes":[]},"animation_duration":"slow"},"elements":[],"isInner":false,"widgetType":"divider","elType":"widget"}],"isInner":"1","elType":"column"}],"isInner":"1","elType":"section"},{"id":"1749cc57","settings":{"layout":"full_width","gap":"no","structure":"30","margin":{"unit":"px","top":"-12","right":"0","bottom":"0","left":"0","isLinked":""},"margin_mobile":{"unit":"px","top":"0","right":"0","bottom":"0","left":"0","isLinked":""}},"elements":[{"id":"16dc9a1d","settings":{"_column_size":"33","content_position":"bottom","margin":{"unit":"%","top":"0","right":"0","bottom":"0","left":"50","isLinked":""},"_inline_size_tablet":"35","margin_tablet":{"unit":"%","top":"","right":"","bottom":"","left":"","isLinked":"1"},"margin_mobile":{"unit":"px","top":"0","right":"0","bottom":"0","left":"0","isLinked":""}},"elements":[{"id":"7b45a925","settings":{"selected_icon":{"value":"far fa-arrow-alt-circle-right","library":"fa-regular"},"title_text":"consulting meeting","description_text":"Submit your details and we will get back to you with all the information you need","position":"left","title_size":"h4","primary_color":"#075BF700","secondary_color":"#075BF7","icon_space":{"unit":"px","size":"0","sizes":[]},"icon_size":{"unit":"px","size":"0","sizes":[]},"icon_padding":{"unit":"px","size":"0","sizes":[]},"text_align":"left","title_bottom_space":{"unit":"px","size":"20","sizes":[]},"title_color":"#075BF7","description_typography_typography":"custom","description_typography_font_family":"Montserrat","description_typography_font_size":{"unit":"px","size":"16","sizes":[]},"description_typography_font_weight":"300","description_typography_text_transform":"none","description_typography_font_style":"normal","description_typography_text_decoration":"none","description_typography_line_height":{"unit":"em","size":"1.4","sizes":[]},"description_typography_letter_spacing":{"unit":"px","size":"0","sizes":[]},"_margin":{"unit":"%","top":"","right":"","bottom":"","left":"","isLinked":"1"},"_element_custom_width":{"unit":"%","size":"50","sizes":[]},"__globals__":{"title_typography_typography":"","description_typography_typography":""},"title_typography_typography":"custom","title_typography_font_family":"Roboto Mono","title_typography_font_size":{"unit":"px","size":"20","sizes":[]},"title_typography_font_size_tablet":{"unit":"px","size":"18","sizes":[]},"title_typography_font_size_mobile":{"unit":"px","size":"16","sizes":[]},"title_typography_font_weight":"400","title_typography_text_transform":"capitalize","title_typography_font_style":"normal","title_typography_text_decoration":"none","title_typography_line_height":{"unit":"em","size":"1","sizes":[]},"title_typography_letter_spacing":{"unit":"px","size":"0","sizes":[]},"description_color":"#474849","description_typography_font_size_tablet":{"unit":"px","size":"14","sizes":[]}},"elements":[],"isInner":false,"widgetType":"icon-box","elType":"widget"}],"isInner":"1","elType":"column"},{"id":"6b58c5e2","settings":{"_column_size":"33","content_position":"space-between","margin":{"unit":"%","top":"0","right":"0","bottom":"0","left":"50","isLinked":""},"_inline_size_tablet":"25"},"elements":[],"isInner":"1","elType":"column"},{"id":"28654de0","settings":{"_column_size":"33","content_position":"space-between","margin":{"unit":"%","top":"0","right":"50","bottom":"0","left":"0","isLinked":""},"_inline_size_tablet":"40","space_between_widgets_mobile":"0","margin_tablet":{"unit":"%","top":"","right":"","bottom":"","left":"","isLinked":"1"},"margin_mobile":{"unit":"%","top":"5","right":"0","bottom":"0","left":"0","isLinked":""}},"elements":[{"id":"4f6e75c5","settings":{"look":"line_icon","text":"Divider","icon":{"value":"fas fa-circle","library":"fa-solid"},"color":"#A8A8AB","gap":{"unit":"px","size":"0","sizes":[]},"icon_size":{"unit":"px","size":"12","sizes":[]},"primary_color":"#075BF7","icon_align":"left","icon_spacing":{"unit":"px","size":"0","sizes":[]},"_element_custom_width":{"unit":"%","size":"50","sizes":[]}},"elements":[],"isInner":false,"widgetType":"divider","elType":"widget"},{"id":"181e4263","settings":{"selected_icon":{"value":"far fa-arrow-alt-circle-right","library":"fa-regular"},"title_text":"Video Interview","description_text":"We want to know about you and your passion for the web development world","position":"left","title_size":"h4","primary_color":"#075BF700","secondary_color":"#075BF7","icon_space":{"unit":"px","size":"0","sizes":[]},"icon_size":{"unit":"px","size":"0","sizes":[]},"icon_padding":{"unit":"px","size":"0","sizes":[]},"text_align":"left","title_bottom_space":{"unit":"px","size":"20","sizes":[]},"title_color":"#075BF7","description_typography_typography":"custom","description_typography_font_family":"Montserrat","description_typography_font_size":{"unit":"px","size":"16","sizes":[]},"description_typography_font_weight":"300","description_typography_text_transform":"none","description_typography_font_style":"normal","description_typography_text_decoration":"none","description_typography_line_height":{"unit":"em","size":"1.4","sizes":[]},"description_typography_letter_spacing":{"unit":"px","size":"0","sizes":[]},"_margin":{"unit":"%","top":"","right":"","bottom":"","left":"","isLinked":"1"},"_element_custom_width":{"unit":"%","size":"50","sizes":[]},"__globals__":{"title_typography_typography":"","description_typography_typography":""},"title_typography_typography":"custom","title_typography_font_family":"Roboto Mono","title_typography_font_size":{"unit":"px","size":"20","sizes":[]},"title_typography_font_size_tablet":{"unit":"px","size":"18","sizes":[]},"title_typography_font_size_mobile":{"unit":"px","size":"16","sizes":[]},"title_typography_font_weight":"400","title_typography_text_transform":"capitalize","title_typography_font_style":"normal","title_typography_text_decoration":"none","title_typography_line_height":{"unit":"em","size":"1","sizes":[]},"title_typography_letter_spacing":{"unit":"px","size":"0","sizes":[]},"description_color":"#474849","description_typography_font_size_tablet":{"unit":"px","size":"14","sizes":[]}},"elements":[],"isInner":false,"widgetType":"icon-box","elType":"widget"}],"isInner":"1","elType":"column"}],"isInner":"1","elType":"section"}],"isInner":"","elType":"column"}],"isInner":"","elType":"section"},{"id":"32649c74","settings":{"background_background":"gradient","background_color":"#2D4175","layout":"full_width","gap":"no","height":"min-height","column_position":"stretch","background_color_b":"#303344","background_gradient_angle":{"unit":"deg","size":"90","sizes":[]},"background_image":{"id":16915,"url":"http:\/\/library.elementor.com\/lp\/wp-content\/uploads\/2021\/01\/placeholder-2.png"},"background_position":"center center","background_repeat":"repeat-x","background_size":"auto","background_overlay_background":"classic","background_overlay_image":{"id":16917,"url":"http:\/\/library.elementor.com\/lp\/wp-content\/uploads\/2021\/01\/13_Dev_Course-Hero_Lines-1.png"},"background_overlay_position":"center center","background_overlay_repeat":"repeat-x","background_overlay_size":"auto","background_overlay_opacity":{"unit":"px","size":"0.05","sizes":[]},"custom_height":{"unit":"px","size":"530","sizes":[]},"content_position":"middle","margin":{"unit":"%","top":"20","right":"0","bottom":"0","left":"0","isLinked":""},"_title":"CTA","custom_height_tablet":{"unit":"vh","size":"","sizes":[]},"background_overlay_size_tablet":"cover","padding_tablet":{"unit":"%","top":"15","right":"0","bottom":"15","left":"0","isLinked":""},"margin_mobile":{"unit":"%","top":"30","right":"0","bottom":"0","left":"0","isLinked":""},"padding_mobile":{"unit":"%","top":"20","right":"0","bottom":"20","left":"0","isLinked":""},"_timestamp_":"v1b1BCenZXN2gxUTBqb0JJSWxJTVlPZz09"},"elements":[{"id":"14fa1790","settings":{"_column_size":"100","background_background":"classic","background_image":{"id":16931,"url":"http:\/\/library.elementor.com\/lp\/wp-content\/uploads\/2021\/01\/13_Dev_Course-Footer_Dots.png"},"background_position":"center center","background_repeat":"no-repeat","background_size":"contain","background_motion_fx_motion_fx_scrolling":"yes","background_motion_fx_blur_direction":"in-out-in","background_motion_fx_blur_range":{"unit":"%","size":"","sizes":{"start":"53","end":"100"}},"background_motion_fx_scale_effect":"yes","background_motion_fx_scale_speed":{"unit":"px","size":"10","sizes":[]},"background_motion_fx_scale_range":{"unit":"%","size":"","sizes":{"start":"50","end":"100"}}},"elements":[{"id":"653e94d5","settings":{"layout":"full_width","content_width":{"unit":"px","size":"1140","sizes":[]},"gap":"no","content_position":"middle","structure":"20","margin":{"unit":"%","top":"0","right":"0","bottom":"0","left":"0","isLinked":""},"padding":{"unit":"%","top":"0","right":"12","bottom":"0","left":"12","isLinked":""},"margin_tablet":{"unit":"%","top":"","right":"0","bottom":"","left":"0","isLinked":"1"},"reverse_order_tablet":"reverse-tablet","padding_tablet":{"unit":"%","top":"0","right":"8","bottom":"0","left":"8","isLinked":""},"reverse_order_mobile":"reverse-mobile"},"elements":[{"id":"55eea8e1","settings":{"_column_size":"50","_inline_size":"43.918","space_between_widgets":"15","background_background":"classic","background_color":"#314476","border_radius":{"unit":"px","top":"10","right":"10","bottom":"10","left":"10","isLinked":"1"},"box_shadow_box_shadow_type":"yes","box_shadow_box_shadow":{"horizontal":"0","vertical":"10","blur":"60","spread":"0","color":"rgba(0, 0, 0, 0.05)"},"margin":{"unit":"%","top":"-40","right":"15","bottom":"0","left":"0","isLinked":""},"padding":{"unit":"%","top":"10","right":"10","bottom":"10","left":"10","isLinked":"1"},"_inline_size_tablet":"100","margin_tablet":{"unit":"%","top":"9","right":"9","bottom":"9","left":"9","isLinked":"1"},"padding_tablet":{"unit":"%","top":"9","right":"9","bottom":"9","left":"9","isLinked":"1"},"margin_mobile":{"unit":"%","top":"10","right":"0","bottom":"0","left":"0","isLinked":""}},"elements":[{"id":"4cfc9091","settings":{"title":"10% discount","header_size":"h3","align":"center","title_color":"#FFFFFF","typography_typography":"custom","typography_font_family":"Roboto Mono","typography_font_size":{"unit":"px","size":"45","sizes":[]},"typography_font_weight":"300","typography_text_transform":"uppercase","typography_font_style":"italic","typography_text_decoration":"none","typography_letter_spacing":{"unit":"px","size":"0","sizes":[]},"_animation":"pulse","typography_font_size_tablet":{"unit":"px","size":"32","sizes":[]},"typography_font_size_mobile":{"unit":"px","size":"24","sizes":[]}},"elements":[],"isInner":false,"widgetType":"heading","elType":"widget"},{"id":"4381f76b","settings":{"title":"for early registration","header_size":"h4","align":"center","title_color":"#81A7F0","typography_typography":"custom","typography_font_family":"Montserrat","typography_font_size":{"unit":"px","size":"25","sizes":[]},"typography_font_weight":"300","typography_text_transform":"none","typography_font_style":"italic","typography_text_decoration":"none","typography_letter_spacing":{"unit":"px","size":"0","sizes":[]},"typography_font_size_tablet":{"unit":"px","size":"18","sizes":[]},"typography_font_size_mobile":{"unit":"px","size":"16","sizes":[]}},"elements":[],"isInner":false,"widgetType":"heading","elType":"widget"},{"id":"16ab22f7","settings":{"form_name":"Discount Form","form_fields":[{"custom_id":"name","field_label":"Full Name","placeholder":"Full Name","_id":"7dd49da","rows":"4","file_sizes":"","file_types":"","allow_multiple_upload":"","max_files":"","acceptance_text":"","checked_by_default":"","field_min":"","field_max":"","min_date":"","max_date":"","use_native_date":"","use_native_time":"","previous_button":"","next_button":""},{"custom_id":"field_6c19447","field_label":"Phone","placeholder":"Phone","_id":"6c19447","rows":"4","file_sizes":"","file_types":"","allow_multiple_upload":"","max_files":"","acceptance_text":"","checked_by_default":"","field_min":"","field_max":"","min_date":"","max_date":"","use_native_date":"","use_native_time":"","previous_button":"","next_button":""},{"custom_id":"email","field_type":"email","required":"true","field_label":"Email","placeholder":"Email","_id":"49101c1","rows":"4","file_sizes":"","file_types":"","allow_multiple_upload":"","max_files":"","acceptance_text":"","checked_by_default":"","field_min":"","field_max":"","min_date":"","max_date":"","use_native_date":"","use_native_time":"","previous_button":"","next_button":""},{"custom_id":"field_3c71c9a","field_type":"checkbox","required":"true","field_label":"Checkbox","placeholder":"Email","field_options":"I agree to the terms of service","inline_list":"elementor-subgroup-inline","rows":"4","_id":"3c71c9a","file_sizes":"","file_types":"","allow_multiple_upload":"","max_files":"","acceptance_text":"","checked_by_default":"","field_min":"","field_max":"","min_date":"","max_date":"","use_native_date":"","use_native_time":"","previous_button":"","next_button":""}],"show_labels":"","step_next_label":"Next","step_previous_label":"Previous","button_text":"Get Details","selected_button_icon":{"value":"fas fa-angle-double-right","library":"fa-solid"},"button_icon_align":"right","email_content":"[all-fields]","email_content_2":"[all-fields]","success_message":"The form was sent successfully.","error_message":"An error occurred.","required_field_message":"This field is required.","invalid_message":"There's something wrong. The form is invalid.","row_gap":{"unit":"px","size":"25","sizes":[]},"field_text_color":"#FFFFFF","field_background_color":"#2C3760","field_border_width":{"unit":"px","top":"0","right":"0","bottom":"0","left":"0","isLinked":"1"},"field_border_radius":{"unit":"px","top":"0","right":"0","bottom":"0","left":"0","isLinked":""},"button_background_color":"#075BF7","button_background_hover_color":"#FFFFFF","button_hover_color":"#075BF7","button_border_radius":{"unit":"px","top":"0","right":"0","bottom":"0","left":"0","isLinked":""},"button_text_padding":{"unit":"px","top":"20","right":"0","bottom":"20","left":"0","isLinked":""},"success_message_color":"#FFFFFF","error_message_color":"#FFFFFF","inline_message_color":"#FFFFFF","_margin":{"unit":"%","top":"10","right":"0","bottom":"0","left":"0","isLinked":""},"__globals__":{"message_typography_typography":"","button_typography_typography":"","field_typography_typography":""},"input_size":"lg","field_typography_typography":"custom","field_typography_font_family":"Montserrat","field_typography_font_size":{"unit":"px","size":"16","sizes":[]},"field_typography_font_size_tablet":{"unit":"px","size":"14","sizes":[]},"field_typography_font_weight":"300","field_typography_text_transform":"none","field_typography_font_style":"normal","field_typography_text_decoration":"none","field_typography_line_height":{"unit":"em","size":"1.4","sizes":[]},"field_typography_letter_spacing":{"unit":"px","size":"0","sizes":[]},"button_typography_typography":"custom","button_typography_font_family":"Roboto Mono","button_typography_font_size":{"unit":"px","size":"18","sizes":[]},"button_typography_font_size_mobile":{"unit":"px","size":"16","sizes":[]},"button_typography_font_weight":"400","button_typography_text_transform":"capitalize","button_typography_font_style":"italic","button_typography_text_decoration":"none","button_typography_line_height":{"unit":"em","size":"1","sizes":[]},"button_typography_letter_spacing":{"unit":"px","size":"0","sizes":[]},"message_typography_typography":"custom","message_typography_font_family":"Montserrat","message_typography_font_size":{"unit":"px","size":"16","sizes":[]},"message_typography_font_size_tablet":{"unit":"px","size":"14","sizes":[]},"message_typography_font_weight":"300","message_typography_text_transform":"none","message_typography_font_style":"normal","message_typography_text_decoration":"none","message_typography_line_height":{"unit":"em","size":"1.4","sizes":[]},"message_typography_letter_spacing":{"unit":"px","size":"0","sizes":[]},"label_color":"rgba(255, 255, 255, 0.5)","field_border_color":"#FFFFFF"},"elements":[],"isInner":false,"widgetType":"form","elType":"widget"}],"isInner":"1","elType":"column"},{"id":"355db5a8","settings":{"_column_size":"50","_inline_size":"56.03","space_between_widgets":"30","margin":{"unit":"px","top":"0","right":"0","bottom":"0","left":"50","isLinked":""},"padding":{"unit":"%","top":"0","right":"0","bottom":"0","left":"5","isLinked":""},"_inline_size_tablet":"100","space_between_widgets_tablet":"20","padding_tablet":{"unit":"%","top":"0","right":"0","bottom":"0","left":"0","isLinked":""},"margin_mobile":{"unit":"px","top":"0","right":"0","bottom":"0","left":"30","isLinked":""}},"elements":[{"id":"217364fb","settings":{"title":"Ready to jump your career\n to the next stage?","header_size":"h1","title_color":"#FFFFFF","typography_typography":"custom","typography_font_family":"Montserrat","typography_font_size":{"unit":"px","size":"55","sizes":[]},"typography_font_weight":"300","typography_text_transform":"none","typography_font_style":"italic","typography_text_decoration":"none","typography_line_height":{"unit":"em","size":"1.1","sizes":[]},"typography_letter_spacing":{"unit":"px","size":"0","sizes":[]},"_margin":{"unit":"px","top":"0","right":"0","bottom":"0","left":"-50","isLinked":""},"_padding":{"unit":"px","top":"0","right":"0","bottom":"0","left":"46","isLinked":""},"_border_border":"solid","_border_width":{"unit":"px","top":"0","right":"0","bottom":"0","left":"4","isLinked":""},"_border_color":"#C59EFF","typography_font_size_tablet":{"unit":"px","size":"42","sizes":[]},"typography_font_size_mobile":{"unit":"px","size":"32","sizes":[]},"_margin_mobile":{"unit":"px","top":"0","right":"0","bottom":"0","left":"-30","isLinked":""},"_padding_mobile":{"unit":"px","top":"0","right":"0","bottom":"0","left":"26","isLinked":""}},"elements":[],"isInner":false,"widgetType":"heading","elType":"widget"},{"id":"19f0170","settings":{"editor":"Please fill in the details and we will get back to you with all the necessary information","text_color":"#C0C4CF","_margin":{"unit":"%","top":"2","right":"40","bottom":"0","left":"0","isLinked":""},"__globals__":{"typography_typography":""},"typography_typography":"custom","typography_font_family":"Montserrat","typography_font_size":{"unit":"px","size":"16","sizes":[]},"typography_font_size_tablet":{"unit":"px","size":"14","sizes":[]},"typography_font_weight":"300","typography_text_transform":"none","typography_font_style":"normal","typography_text_decoration":"none","typography_line_height":{"unit":"em","size":"1.4","sizes":[]},"typography_letter_spacing":{"unit":"px","size":"0","sizes":[]},"_margin_mobile":{"unit":"px","top":"0","right":"0","bottom":"0","left":"0","isLinked":"1"}},"elements":[],"isInner":false,"widgetType":"text-editor","elType":"widget"}],"isInner":"1","elType":"column"}],"isInner":"1","elType":"section"}],"isInner":"","elType":"column"}],"isInner":"","elType":"section"},{"id":"2c8bbaf9","settings":{"layout":"full_width","gap":"no","height":"min-height","custom_height":{"unit":"px","size":"46","sizes":[]},"content_position":"middle","padding":{"unit":"%","top":"0","right":"12","bottom":"0","left":"12","isLinked":""},"_title":"Footer","_timestamp_":"v1b1BCenZXN2gxUTBqb0JJSWxJTVlPZz09"},"elements":[{"id":"52b420af","settings":{"_column_size":"100"},"elements":[{"id":"3a3af1cd","settings":{"title":"\u00a9 copyright br Academy 2021 ","header_size":"p","align":"center","title_color":"#474849","typography_typography":"custom","typography_font_family":"Montserrat","typography_font_size":{"unit":"px","size":"14","sizes":[]},"typography_font_weight":"300","typography_text_transform":"none","typography_font_style":"normal","typography_text_decoration":"none","typography_line_height":{"unit":"em","size":"1.2","sizes":[]},"typography_letter_spacing":{"unit":"px","size":"0","sizes":[]},"__globals__":{"typography_typography":""}},"elements":[],"isInner":false,"widgetType":"heading","elType":"widget"}],"isInner":"","elType":"column"}],"isInner":"","elType":"section"}]}