{"version":"0.4","title":"16960","type":"page","content":[{"id":"5c3147f2","settings":{"layout":"full_width","gap":"no","_title":"Header"},"elements":[{"id":"6d15211","settings":{"_column_size":"100"},"elements":[{"id":"60f7f986","settings":{"image":{"id":17019,"url":"http:\/\/library.elementor.com\/lp\/wp-content\/uploads\/2021\/01\/16_DogCat_Food_Delivery-Logo.png"},"image_size":"full","width":{"unit":"px","size":"","sizes":[]},"_padding":{"unit":"px","top":"55","right":"0","bottom":"55","left":"0","isLinked":""},"_background_background":"classic","_background_color":"#BDCE5A","_element_width":"initial","_element_custom_width":{"unit":"px","size":"158","sizes":[]},"width_tablet":{"unit":"px","size":"70","sizes":[]},"_padding_tablet":{"unit":"px","top":"45","right":"0","bottom":"45","left":"0","isLinked":""},"_element_width_tablet":"initial","_element_custom_width_tablet":{"unit":"px","size":"130","sizes":[]},"width_mobile":{"unit":"px","size":"60","sizes":[]},"_padding_mobile":{"unit":"px","top":"30","right":"0","bottom":"30","left":"0","isLinked":""},"_element_width_mobile":"initial","_element_custom_width_mobile":{"unit":"px","size":"100","sizes":[]}},"elements":[],"isInner":false,"widgetType":"image","elType":"widget"}],"isInner":"","elType":"column"}],"isInner":"","elType":"section"},{"id":"787a7a30","settings":{"layout":"full_width","gap":"no","custom_height":{"unit":"vh","size":"100","sizes":[]},"column_position":"stretch","structure":"20","margin":{"unit":"px","top":"96","right":"0","bottom":"0","left":"0","isLinked":""},"padding":{"unit":"%","top":"0","right":"9","bottom":"0","left":"9","isLinked":""},"margin_tablet":{"unit":"%","top":"5","right":"0","bottom":"0","left":"0","isLinked":""},"padding_tablet":{"unit":"%","top":"","right":"","bottom":"","left":"","isLinked":"1"},"_title":"Hero","margin_mobile":{"unit":"%","top":"10","right":"0","bottom":"0","left":"0","isLinked":""}},"elements":[{"id":"6962d42a","settings":{"_column_size":"50","_inline_size":"57.96","_inline_size_tablet":"100","space_between_widgets_mobile":"15"},"elements":[{"id":"fcd17ea","settings":{"title":"Get 50% off on your first order","header_size":"h3","title_color":"#101134","typography_typography":"custom","typography_font_family":"Poppins","typography_font_size":{"unit":"px","size":"40","sizes":[]},"typography_font_weight":"600","typography_text_transform":"none","typography_font_style":"normal","typography_text_decoration":"none","typography_letter_spacing":{"unit":"px","size":"0","sizes":[]},"typography_font_size_tablet":{"unit":"px","size":"30","sizes":[]},"typography_font_size_mobile":{"unit":"px","size":"20","sizes":[]}},"elements":[],"isInner":false,"widgetType":"heading","elType":"widget"},{"id":"65ca5460","settings":{"title":"Fresh &amp; healthy dog food delivery","header_size":"h1","title_color":"#101134","typography_typography":"custom","typography_font_family":"Poppins","typography_font_size":{"unit":"px","size":"100","sizes":[]},"typography_font_weight":"700","typography_text_transform":"none","typography_font_style":"normal","typography_text_decoration":"none","typography_line_height":{"unit":"em","size":"1.1","sizes":[]},"typography_letter_spacing":{"unit":"px","size":"0","sizes":[]},"typography_font_size_tablet":{"unit":"px","size":"70","sizes":[]},"typography_font_size_mobile":{"unit":"px","size":"35","sizes":[]}},"elements":[],"isInner":false,"widgetType":"heading","elType":"widget"},{"id":"6a277055","settings":{"editor":"Yummy-Yummy creates fresh and natural food for your dog that is full of natural and healthy ingredients.","text_color":"#4A4A4A","_margin":{"unit":"%","top":"0","right":"40","bottom":"0","left":"0","isLinked":""},"__globals__":{"typography_typography":""},"_margin_tablet":{"unit":"%","top":"0","right":"30","bottom":"0","left":"0","isLinked":""},"_padding_tablet":{"unit":"%","top":"","right":"","bottom":"","left":"","isLinked":"1"},"_margin_mobile":{"unit":"px","top":"0","right":"0","bottom":"0","left":"0","isLinked":""},"typography_typography":"custom","typography_font_family":"Poppins","typography_font_size":{"unit":"px","size":"20","sizes":[]},"typography_font_size_tablet":{"unit":"px","size":"18","sizes":[]},"typography_font_size_mobile":{"unit":"px","size":"16","sizes":[]},"typography_font_weight":"300","typography_text_transform":"none","typography_font_style":"normal","typography_text_decoration":"none","typography_line_height":{"unit":"em","size":"1.4","sizes":[]},"typography_letter_spacing":{"unit":"px","size":"0","sizes":[]}},"elements":[],"isInner":false,"widgetType":"text-editor","elType":"widget"},{"id":"7320fd48","settings":{"text":"Let\u2019s Order","typography_typography":"custom","typography_font_family":"Poppins","typography_font_size":{"unit":"px","size":"20","sizes":[]},"typography_font_weight":"400","typography_text_transform":"capitalize","typography_font_style":"normal","typography_text_decoration":"none","typography_line_height":{"unit":"em","size":"1","sizes":[]},"typography_letter_spacing":{"unit":"px","size":"2","sizes":[]},"button_text_color":"#FFFFFF","background_color":"#BDCE5A","button_background_hover_color":"#101134","border_radius":{"unit":"px","top":"30","right":"30","bottom":"30","left":"30","isLinked":"1"},"text_padding":{"unit":"px","top":"20","right":"65","bottom":"20","left":"65","isLinked":""},"typography_font_size_tablet":{"unit":"px","size":"18","sizes":[]},"typography_font_size_mobile":{"unit":"px","size":"16","sizes":[]},"text_padding_mobile":{"unit":"px","top":"18","right":"40","bottom":"18","left":"40","isLinked":""},"_animation":"pulse","_element_width":"auto"},"elements":[],"isInner":false,"widgetType":"button","elType":"widget"}],"isInner":"","elType":"column"},{"id":"5450e8b3","settings":{"_column_size":"50","_inline_size":"41.989","space_between_widgets":"0","margin":{"unit":"%","top":"","right":"","bottom":"","left":"","isLinked":"1"},"_inline_size_tablet":"100","padding_tablet":{"unit":"%","top":"10","right":"6","bottom":"6","left":"6","isLinked":""},"margin_mobile":{"unit":"%","top":"15","right":"0","bottom":"0","left":"0","isLinked":""},"padding_mobile":{"unit":"%","top":"0","right":"0","bottom":"0","left":"0","isLinked":""}},"elements":[{"id":"49cf7310","settings":{"image":{"id":17021,"url":"http:\/\/library.elementor.com\/lp\/wp-content\/uploads\/2021\/01\/16_DogCat_Food_Delivery-Hero.jpg"},"image_size":"full","align":"right","width":{"unit":"px","size":"","sizes":[]},"space":{"unit":"px","size":"","sizes":[]},"image_border_border":"solid","image_border_width":{"unit":"px","top":"96","right":"0","bottom":"0","left":"96","isLinked":""},"image_border_color":"#DEE1CC","image_box_shadow_box_shadow_type":"yes","image_box_shadow_box_shadow":{"horizontal":"96","vertical":"96","blur":"0","spread":"0","color":"#BDCE5A"},"_margin":{"unit":"px","top":"-96","right":"96","bottom":"0","left":"0","isLinked":""},"align_tablet":"left","_margin_tablet":{"unit":"px","top":"0","right":"0","bottom":"0","left":"0","isLinked":""},"width_mobile":{"unit":"px","size":"","sizes":[]},"_margin_mobile":{"unit":"px","top":"0","right":"96","bottom":"0","left":"0","isLinked":""},"image_border_width_mobile":{"unit":"px","top":"50","right":"0","bottom":"0","left":"50","isLinked":""}},"elements":[],"isInner":false,"widgetType":"image","elType":"widget"},{"id":"5e08082e","settings":{"title":"Your dog will thank you. ","header_size":"h4","align":"right","title_color":"#FFFFFF","typography_typography":"custom","typography_font_family":"Poppins","typography_font_size":{"unit":"px","size":"24","sizes":[]},"typography_font_weight":"600","typography_text_transform":"none","typography_font_style":"normal","typography_text_decoration":"none","typography_letter_spacing":{"unit":"px","size":"2.25","sizes":[]},"_margin":{"unit":"px","top":"0","right":"30","bottom":"0","left":"96","isLinked":""},"_padding":{"unit":"%","top":"5","right":"0","bottom":"0","left":"0","isLinked":""},"_background_color":"#FF1B1B","typography_font_size_tablet":{"unit":"px","size":"24","sizes":[]},"_padding_tablet":{"unit":"%","top":"6","right":"0","bottom":"0","left":"0","isLinked":""},"typography_font_size_mobile":{"unit":"px","size":"20","sizes":[]},"typography_line_height_mobile":{"unit":"em","size":"1.3","sizes":[]},"_margin_mobile":{"unit":"px","top":"0","right":"20","bottom":"0","left":"96","isLinked":""}},"elements":[],"isInner":false,"widgetType":"heading","elType":"widget"}],"isInner":"","elType":"column"}],"isInner":"","elType":"section"},{"id":"342951f7","settings":{"layout":"full_width","gap":"no","structure":"40","margin":{"unit":"%","top":"15","right":"0","bottom":"0","left":"0","isLinked":""},"padding":{"unit":"%","top":"0","right":"9","bottom":"0","left":"9","isLinked":""},"_title":"Services","margin_tablet":{"unit":"%","top":"25","right":"0","bottom":"0","left":"0","isLinked":""},"margin_mobile":{"unit":"%","top":"35","right":"0","bottom":"0","left":"0","isLinked":""},"padding_tablet":{"unit":"%","top":"","right":"","bottom":"","left":"","isLinked":"1"}},"elements":[{"id":"1cb313b","settings":{"_column_size":"25","_inline_size_tablet":"50"},"elements":[{"id":"279c4eb6","settings":{"selected_icon":{"value":{"id":17023,"url":"http:\/\/library.elementor.com\/lp\/wp-content\/uploads\/2021\/01\/16_DogCat_Food_Delivery-Free_delivery.svg"},"library":"svg"},"title_text":"Free delivery","description_text":"Cooked, packed, and<br> \ndelivered to your home.","title_size":"h5","primary_color":"#101134","icon_space":{"unit":"px","size":"20","sizes":[]},"title_bottom_space":{"unit":"px","size":"20","sizes":[]},"title_color":"#101134","description_color":"#101134","__globals__":{"title_typography_typography":"","description_typography_typography":""},"title_typography_typography":"custom","title_typography_font_family":"Poppins","title_typography_font_size":{"unit":"px","size":"20","sizes":[]},"title_typography_font_size_tablet":{"unit":"px","size":"18","sizes":[]},"title_typography_font_size_mobile":{"unit":"px","size":"16","sizes":[]},"title_typography_font_weight":"600","title_typography_text_transform":"uppercase","title_typography_font_style":"normal","title_typography_text_decoration":"none","title_typography_letter_spacing":{"unit":"px","size":"1","sizes":[]},"description_typography_typography":"custom","description_typography_font_family":"Poppins","description_typography_font_size":{"unit":"px","size":"16","sizes":[]},"description_typography_font_size_tablet":{"unit":"px","size":"14","sizes":[]},"description_typography_font_weight":"300","description_typography_text_transform":"none","description_typography_font_style":"normal","description_typography_text_decoration":"none","description_typography_line_height":{"unit":"em","size":"1.4","sizes":[]},"description_typography_letter_spacing":{"unit":"px","size":"0","sizes":[]}},"elements":[],"isInner":false,"widgetType":"icon-box","elType":"widget"}],"isInner":"","elType":"column"},{"id":"8cb7fef","settings":{"_column_size":"25","_inline_size_tablet":"50","margin_mobile":{"unit":"%","top":"20","right":"0","bottom":"0","left":"0","isLinked":""}},"elements":[{"id":"61cba703","settings":{"selected_icon":{"value":{"id":17025,"url":"http:\/\/library.elementor.com\/lp\/wp-content\/uploads\/2021\/01\/16_DogCat_Food_Delivery-QualityFresh.svg"},"library":"svg"},"title_text":"FRESH QUALITY","description_text":"Fresh ingredients that<br>are\nfull of nutrients","title_size":"h5","primary_color":"#101134","icon_space":{"unit":"px","size":"20","sizes":[]},"title_bottom_space":{"unit":"px","size":"20","sizes":[]},"title_color":"#101134","description_color":"#101134","__globals__":{"title_typography_typography":"","description_typography_typography":""},"title_typography_typography":"custom","title_typography_font_family":"Poppins","title_typography_font_size":{"unit":"px","size":"20","sizes":[]},"title_typography_font_size_tablet":{"unit":"px","size":"18","sizes":[]},"title_typography_font_size_mobile":{"unit":"px","size":"16","sizes":[]},"title_typography_font_weight":"600","title_typography_text_transform":"uppercase","title_typography_font_style":"normal","title_typography_text_decoration":"none","title_typography_letter_spacing":{"unit":"px","size":"1","sizes":[]},"description_typography_typography":"custom","description_typography_font_family":"Poppins","description_typography_font_size":{"unit":"px","size":"16","sizes":[]},"description_typography_font_size_tablet":{"unit":"px","size":"14","sizes":[]},"description_typography_font_weight":"300","description_typography_text_transform":"none","description_typography_font_style":"normal","description_typography_text_decoration":"none","description_typography_line_height":{"unit":"em","size":"1.4","sizes":[]},"description_typography_letter_spacing":{"unit":"px","size":"0","sizes":[]}},"elements":[],"isInner":false,"widgetType":"icon-box","elType":"widget"}],"isInner":"","elType":"column"},{"id":"26e46604","settings":{"_column_size":"25","_inline_size_tablet":"50","margin_tablet":{"unit":"%","top":"20","right":"0","bottom":"0","left":"0","isLinked":""}},"elements":[{"id":"410df6bd","settings":{"selected_icon":{"value":{"id":17027,"url":"http:\/\/library.elementor.com\/lp\/wp-content\/uploads\/2021\/01\/16_DogCat_Food_Delivery-Personalized_Meals.svg"},"library":"svg"},"title_text":"Personalized Meals","description_text":"Offer your dog a variety<br>\n of meal options ","title_size":"h5","primary_color":"#101134","icon_space":{"unit":"px","size":"20","sizes":[]},"title_bottom_space":{"unit":"px","size":"20","sizes":[]},"title_color":"#101134","description_color":"#101134","__globals__":{"title_typography_typography":"","description_typography_typography":""},"title_typography_typography":"custom","title_typography_font_family":"Poppins","title_typography_font_size":{"unit":"px","size":"20","sizes":[]},"title_typography_font_size_tablet":{"unit":"px","size":"18","sizes":[]},"title_typography_font_size_mobile":{"unit":"px","size":"16","sizes":[]},"title_typography_font_weight":"600","title_typography_text_transform":"uppercase","title_typography_font_style":"normal","title_typography_text_decoration":"none","title_typography_letter_spacing":{"unit":"px","size":"1","sizes":[]},"description_typography_typography":"custom","description_typography_font_family":"Poppins","description_typography_font_size":{"unit":"px","size":"16","sizes":[]},"description_typography_font_size_tablet":{"unit":"px","size":"14","sizes":[]},"description_typography_font_weight":"300","description_typography_text_transform":"none","description_typography_font_style":"normal","description_typography_text_decoration":"none","description_typography_line_height":{"unit":"em","size":"1.4","sizes":[]},"description_typography_letter_spacing":{"unit":"px","size":"0","sizes":[]}},"elements":[],"isInner":false,"widgetType":"icon-box","elType":"widget"}],"isInner":"","elType":"column"},{"id":"46b99ff8","settings":{"_column_size":"25","_inline_size_tablet":"50","margin_tablet":{"unit":"%","top":"20","right":"0","bottom":"0","left":"0","isLinked":""}},"elements":[{"id":"3fe35546","settings":{"selected_icon":{"value":{"id":17029,"url":"http:\/\/library.elementor.com\/lp\/wp-content\/uploads\/2021\/01\/16_DogCat_Food_Delivery-Open_Pour_and_serve.svg"},"library":"svg"},"title_text":"OPEN, POUR, AND SERVE","description_text":"Pre-packed meals ready<br>\n to serve and eat","title_size":"h5","primary_color":"#101134","icon_space":{"unit":"px","size":"20","sizes":[]},"title_bottom_space":{"unit":"px","size":"20","sizes":[]},"title_color":"#101134","description_color":"#101134","__globals__":{"title_typography_typography":"","description_typography_typography":""},"title_typography_typography":"custom","title_typography_font_family":"Poppins","title_typography_font_size":{"unit":"px","size":"20","sizes":[]},"title_typography_font_size_tablet":{"unit":"px","size":"18","sizes":[]},"title_typography_font_size_mobile":{"unit":"px","size":"16","sizes":[]},"title_typography_font_weight":"600","title_typography_text_transform":"uppercase","title_typography_font_style":"normal","title_typography_text_decoration":"none","title_typography_letter_spacing":{"unit":"px","size":"1","sizes":[]},"description_typography_typography":"custom","description_typography_font_family":"Poppins","description_typography_font_size":{"unit":"px","size":"16","sizes":[]},"description_typography_font_size_tablet":{"unit":"px","size":"14","sizes":[]},"description_typography_font_weight":"300","description_typography_text_transform":"none","description_typography_font_style":"normal","description_typography_text_decoration":"none","description_typography_line_height":{"unit":"em","size":"1.4","sizes":[]},"description_typography_letter_spacing":{"unit":"px","size":"0","sizes":[]}},"elements":[],"isInner":false,"widgetType":"icon-box","elType":"widget"}],"isInner":"","elType":"column"}],"isInner":"","elType":"section"},{"id":"351c9afc","settings":{"layout":"full_width","gap":"no","structure":"20","margin":{"unit":"%","top":"15","right":"0","bottom":"0","left":"0","isLinked":""},"padding":{"unit":"%","top":"0","right":"9","bottom":"0","left":"9","isLinked":""},"_title":"About","margin_tablet":{"unit":"%","top":"25","right":"0","bottom":"0","left":"0","isLinked":""},"margin_mobile":{"unit":"%","top":"35","right":"0","bottom":"0","left":"0","isLinked":""},"padding_tablet":{"unit":"%","top":"","right":"","bottom":"","left":"","isLinked":"1"}},"elements":[{"id":"290ad987","settings":{"_column_size":"50","_inline_size_tablet":"100","padding_mobile":{"unit":"%","top":"0","right":"22","bottom":"22","left":"0","isLinked":""}},"elements":[{"id":"4c20d25a","settings":{"image":{"id":17031,"url":"http:\/\/library.elementor.com\/lp\/wp-content\/uploads\/2021\/01\/16_DogCat_Food_Delivery-AboutSection.jpg"},"image_size":"full","align":"left","width":{"unit":"px","size":"","sizes":[]},"space":{"unit":"px","size":"","sizes":[]},"image_border_border":"solid","image_border_width":{"unit":"px","top":"65","right":"0","bottom":"0","left":"65","isLinked":""},"image_border_color":"#DEE1CC","image_box_shadow_box_shadow_type":"yes","image_box_shadow_box_shadow":{"horizontal":"65","vertical":"65","blur":"0","spread":"0","color":"#BDCE5A"}},"elements":[],"isInner":false,"widgetType":"image","elType":"widget"}],"isInner":"","elType":"column"},{"id":"54e9806c","settings":{"_column_size":"50","padding":{"unit":"%","top":"0","right":"20","bottom":"0","left":"0","isLinked":""},"_inline_size_tablet":"100","margin_tablet":{"unit":"%","top":"20","right":"0","bottom":"0","left":"0","isLinked":""},"padding_mobile":{"unit":"px","top":"0","right":"0","bottom":"0","left":"0","isLinked":""}},"elements":[{"id":"539fdfea","settings":{"title":"Real food<br>Made with love","title_color":"#101134","__globals__":{"typography_typography":""},"typography_typography":"custom","typography_font_family":"Poppins","typography_font_size":{"unit":"px","size":"70","sizes":[]},"typography_font_size_tablet":{"unit":"px","size":"50","sizes":[]},"typography_font_size_mobile":{"unit":"px","size":"28","sizes":[]},"typography_font_weight":"700","typography_text_transform":"none","typography_font_style":"normal","typography_text_decoration":"none","typography_line_height":{"unit":"em","size":"1","sizes":[]},"typography_letter_spacing":{"unit":"px","size":"0","sizes":[]}},"elements":[],"isInner":false,"widgetType":"heading","elType":"widget"},{"id":"3e53b0d","settings":{"editor":"At YUMMY-YUMMY, we believe that our dogs should get the best they can get, and it\u2019s no different with the food they are eating. We offer pre-packed meals full of fresh ingredients that will make them happier and healthier. The food is cooked sous vide and is ready to serve without any preparation. Do better for your dogs; they deserve it.","text_color":"#101134","_margin":{"unit":"px","top":"30","right":"0","bottom":"-16","left":"0","isLinked":""},"__globals__":{"typography_typography":""},"_margin_mobile":{"unit":"px","top":"0","right":"0","bottom":"0","left":"0","isLinked":""},"typography_typography":"custom","typography_font_family":"Poppins","typography_font_size":{"unit":"px","size":"16","sizes":[]},"typography_font_size_tablet":{"unit":"px","size":"14","sizes":[]},"typography_font_weight":"300","typography_text_transform":"none","typography_font_style":"normal","typography_text_decoration":"none","typography_line_height":{"unit":"em","size":"1.4","sizes":[]},"typography_letter_spacing":{"unit":"px","size":"0","sizes":[]}},"elements":[],"isInner":false,"widgetType":"text-editor","elType":"widget"},{"id":"5a42f42","settings":{"text":"Divider","color":"#BDCE5A","weight":{"unit":"px","size":"2","sizes":[]},"gap":{"unit":"px","size":"0","sizes":[]},"_margin":{"unit":"px","top":"30","right":"0","bottom":"0","left":"0","isLinked":""},"_margin_mobile":{"unit":"px","top":"0","right":"0","bottom":"0","left":"0","isLinked":""}},"elements":[],"isInner":false,"widgetType":"divider","elType":"widget"},{"id":"62096dd4","settings":{"title":"What changes will you see in your dogs after they will start eating YUMMY-YUMMY meals?","header_size":"h4","title_color":"#101134","typography_typography":"custom","typography_font_family":"Poppins","typography_font_size":{"unit":"px","size":"24","sizes":[]},"typography_font_weight":"500","typography_text_transform":"none","typography_font_style":"normal","typography_text_decoration":"none","typography_line_height":{"unit":"em","size":"1.4","sizes":[]},"typography_letter_spacing":{"unit":"px","size":"0","sizes":[]},"_margin":{"unit":"px","top":"10","right":"0","bottom":"0","left":"0","isLinked":""},"__globals__":{"typography_typography":""},"typography_font_size_tablet":{"unit":"px","size":"20","sizes":[]}},"elements":[],"isInner":false,"widgetType":"heading","elType":"widget"},{"id":"4589b691","settings":{"layout":"full_width","gap":"no","structure":"20","margin":{"unit":"px","top":"10","right":"0","bottom":"0","left":"0","isLinked":""}},"elements":[{"id":"32b55f33","settings":{"_column_size":"50"},"elements":[{"id":"4726647","settings":{"icon_list":[{"text":"More energy","selected_icon":{"value":"fas fa-square-full","library":"fa-solid"},"_id":"c549af9"},{"text":"Better breath","selected_icon":{"value":"fas fa-square-full","library":"fa-solid"},"_id":"db931cb"},{"text":"Happy to eat","selected_icon":{"value":"fas fa-square-full","library":"fa-solid"},"_id":"8d26d52"},{"text":"Shiny fur","selected_icon":{"value":"fas fa-square-full","library":"fa-solid"},"_id":"6da996d"}],"space_between":{"unit":"px","size":"20","sizes":[]},"icon_color":"#BDCE5A","icon_size":{"unit":"px","size":"11","sizes":[]},"text_color":"#101134","text_indent":{"unit":"px","size":"25","sizes":[]},"icon_typography_typography":"custom","icon_typography_font_family":"Poppins","icon_typography_font_size":{"unit":"px","size":"16","sizes":[]},"icon_typography_font_weight":"500","icon_typography_text_transform":"none","icon_typography_font_style":"normal","icon_typography_text_decoration":"none","icon_typography_line_height":{"unit":"em","size":"1.4","sizes":[]},"icon_typography_letter_spacing":{"unit":"px","size":"0","sizes":[]},"__globals__":{"icon_typography_typography":""},"icon_typography_font_size_tablet":{"unit":"px","size":"14","sizes":[]}},"elements":[],"isInner":false,"widgetType":"icon-list","elType":"widget"}],"isInner":"1","elType":"column"},{"id":"fbf8f3d","settings":{"_column_size":"50","margin_mobile":{"unit":"px","top":"20","right":"0","bottom":"0","left":"0","isLinked":""}},"elements":[{"id":"54cb3f0b","settings":{"icon_list":[{"text":"More healthy","selected_icon":{"value":"fas fa-square-full","library":"fa-solid"},"_id":"c549af9"},{"text":"Fewer allergies","selected_icon":{"value":"fas fa-square-full","library":"fa-solid"},"_id":"db931cb"},{"text":"Weight control","selected_icon":{"value":"fas fa-square-full","library":"fa-solid"},"_id":"8d26d52"},{"text":"Better immune system","selected_icon":{"value":"fas fa-square-full","library":"fa-solid"},"_id":"6da996d"}],"space_between":{"unit":"px","size":"20","sizes":[]},"icon_color":"#BDCE5A","icon_size":{"unit":"px","size":"11","sizes":[]},"text_color":"#101134","text_indent":{"unit":"px","size":"25","sizes":[]},"icon_typography_typography":"custom","icon_typography_font_family":"Poppins","icon_typography_font_size":{"unit":"px","size":"16","sizes":[]},"icon_typography_font_weight":"500","icon_typography_text_transform":"none","icon_typography_font_style":"normal","icon_typography_text_decoration":"none","icon_typography_line_height":{"unit":"em","size":"1.4","sizes":[]},"icon_typography_letter_spacing":{"unit":"px","size":"0","sizes":[]},"__globals__":{"icon_typography_typography":""},"icon_typography_font_size_tablet":{"unit":"px","size":"14","sizes":[]}},"elements":[],"isInner":false,"widgetType":"icon-list","elType":"widget"}],"isInner":"1","elType":"column"}],"isInner":"1","elType":"section"}],"isInner":"","elType":"column"}],"isInner":"","elType":"section"},{"id":"4735303f","settings":{"layout":"full_width","gap":"no","margin":{"unit":"%","top":"15","right":"0","bottom":"0","left":"0","isLinked":""},"padding":{"unit":"%","top":"0","right":"9","bottom":"0","left":"9","isLinked":""},"_title":"Products","margin_tablet":{"unit":"%","top":"25","right":"0","bottom":"0","left":"0","isLinked":""},"margin_mobile":{"unit":"%","top":"35","right":"0","bottom":"0","left":"0","isLinked":""}},"elements":[{"id":"75daf2ad","settings":{"_column_size":"100"},"elements":[{"id":"77d282af","settings":{"title":"Choose a meal <br>and join the party ","title_color":"#101134","_margin":{"unit":"%","top":"","right":"","bottom":"","left":"","isLinked":"1"},"__globals__":{"typography_typography":""},"typography_typography":"custom","typography_font_family":"Poppins","typography_font_size":{"unit":"px","size":"70","sizes":[]},"typography_font_size_tablet":{"unit":"px","size":"50","sizes":[]},"typography_font_size_mobile":{"unit":"px","size":"28","sizes":[]},"typography_font_weight":"700","typography_text_transform":"none","typography_font_style":"normal","typography_text_decoration":"none","typography_line_height":{"unit":"em","size":"1","sizes":[]},"typography_letter_spacing":{"unit":"px","size":"0","sizes":[]}},"elements":[],"isInner":false,"widgetType":"heading","elType":"widget"},{"id":"1e5bd8c4","settings":{"layout":"full_width","gap":"no","structure":"40","margin":{"unit":"%","top":"5","right":"0","bottom":"0","left":"0","isLinked":""},"margin_mobile":{"unit":"%","top":"10","right":"0","bottom":"0","left":"0","isLinked":""}},"elements":[{"id":"2ed11da0","settings":{"_column_size":"25","margin":{"unit":"%","top":"0","right":"6","bottom":"0","left":"6","isLinked":""},"padding":{"unit":"%","top":"","right":"","bottom":"","left":"","isLinked":"1"},"_inline_size_tablet":"50","margin_tablet":{"unit":"%","top":"0","right":"10","bottom":"0","left":"0","isLinked":""},"margin_mobile":{"unit":"px","top":"0","right":"0","bottom":"0","left":"0","isLinked":""},"animation":"fadeIn"},"elements":[{"id":"7cb01e66","settings":{"image":{"id":17033,"url":"http:\/\/library.elementor.com\/lp\/wp-content\/uploads\/2021\/01\/16_DogCat_Food_Delivery-Products_Chicken.jpg"},"title_text":"Chicken","description_text":"Combination of chicken and vegetables","title_size":"h5","image_space":{"unit":"px","size":"50","sizes":[]},"image_size":{"unit":"%","size":"100","sizes":[]},"title_bottom_space":{"unit":"px","size":"10","sizes":[]},"title_color":"#101134","description_color":"#101134","__globals__":{"title_typography_typography":"","description_typography_typography":""},"image_space_mobile":{"unit":"px","size":"15","sizes":[]},"css_filters_hover_saturate":{"unit":"px","size":"84","sizes":[]},"title_typography_typography":"custom","title_typography_font_family":"Poppins","title_typography_font_size":{"unit":"px","size":"25","sizes":[]},"title_typography_font_size_tablet":{"unit":"px","size":"22","sizes":[]},"title_typography_font_size_mobile":{"unit":"px","size":"20","sizes":[]},"title_typography_font_weight":"700","title_typography_text_transform":"capitalize","title_typography_font_style":"normal","title_typography_text_decoration":"none","title_typography_letter_spacing":{"unit":"px","size":"0","sizes":[]},"description_typography_typography":"custom","description_typography_font_family":"Poppins","description_typography_font_size":{"unit":"px","size":"16","sizes":[]},"description_typography_font_size_tablet":{"unit":"px","size":"14","sizes":[]},"description_typography_font_weight":"300","description_typography_text_transform":"none","description_typography_font_style":"normal","description_typography_text_decoration":"none","description_typography_line_height":{"unit":"em","size":"1.4","sizes":[]},"description_typography_letter_spacing":{"unit":"px","size":"0","sizes":[]}},"elements":[],"isInner":false,"widgetType":"image-box","elType":"widget"}],"isInner":"1","elType":"column"},{"id":"6f24d385","settings":{"_column_size":"25","margin":{"unit":"%","top":"0","right":"6","bottom":"0","left":"6","isLinked":""},"_inline_size_tablet":"50","margin_tablet":{"unit":"%","top":"0","right":"0","bottom":"0","left":"10","isLinked":""},"margin_mobile":{"unit":"%","top":"25","right":"0","bottom":"0","left":"0","isLinked":""},"animation":"fadeIn","animation_delay":"200"},"elements":[{"id":"4de06eac","settings":{"image":{"id":17035,"url":"http:\/\/library.elementor.com\/lp\/wp-content\/uploads\/2021\/01\/16_DogCat_Food_Delivery-Products_Beef.jpg"},"title_text":"Beef","description_text":"Combination of beef and vegetables","title_size":"h5","image_space":{"unit":"px","size":"50","sizes":[]},"image_size":{"unit":"%","size":"100","sizes":[]},"title_bottom_space":{"unit":"px","size":"10","sizes":[]},"title_color":"#101134","description_color":"#101134","__globals__":{"title_typography_typography":"","description_typography_typography":""},"image_space_mobile":{"unit":"px","size":"15","sizes":[]},"title_typography_typography":"custom","title_typography_font_family":"Poppins","title_typography_font_size":{"unit":"px","size":"25","sizes":[]},"title_typography_font_size_tablet":{"unit":"px","size":"22","sizes":[]},"title_typography_font_size_mobile":{"unit":"px","size":"20","sizes":[]},"title_typography_font_weight":"700","title_typography_text_transform":"capitalize","title_typography_font_style":"normal","title_typography_text_decoration":"none","title_typography_letter_spacing":{"unit":"px","size":"0","sizes":[]},"description_typography_typography":"custom","description_typography_font_family":"Poppins","description_typography_font_size":{"unit":"px","size":"16","sizes":[]},"description_typography_font_size_tablet":{"unit":"px","size":"14","sizes":[]},"description_typography_font_weight":"300","description_typography_text_transform":"none","description_typography_font_style":"normal","description_typography_text_decoration":"none","description_typography_line_height":{"unit":"em","size":"1.4","sizes":[]},"description_typography_letter_spacing":{"unit":"px","size":"0","sizes":[]}},"elements":[],"isInner":false,"widgetType":"image-box","elType":"widget"}],"isInner":"1","elType":"column"},{"id":"55772eae","settings":{"_column_size":"25","margin":{"unit":"%","top":"0","right":"6","bottom":"0","left":"6","isLinked":""},"_inline_size_tablet":"50","margin_tablet":{"unit":"%","top":"20","right":"10","bottom":"0","left":"0","isLinked":""},"margin_mobile":{"unit":"%","top":"25","right":"0","bottom":"0","left":"0","isLinked":""},"animation":"fadeIn","animation_delay":"300"},"elements":[{"id":"13d5687b","settings":{"image":{"id":17037,"url":"http:\/\/library.elementor.com\/lp\/wp-content\/uploads\/2021\/01\/16_DogCat_Food_Delivery-Products_Turkey.jpg"},"title_text":"Turkey","description_text":"Combination of turkey and vegetables","title_size":"h5","image_space":{"unit":"px","size":"50","sizes":[]},"image_size":{"unit":"%","size":"100","sizes":[]},"title_bottom_space":{"unit":"px","size":"10","sizes":[]},"title_color":"#101134","description_color":"#101134","__globals__":{"title_typography_typography":"","description_typography_typography":""},"image_space_mobile":{"unit":"px","size":"15","sizes":[]},"title_typography_typography":"custom","title_typography_font_family":"Poppins","title_typography_font_size":{"unit":"px","size":"25","sizes":[]},"title_typography_font_size_tablet":{"unit":"px","size":"22","sizes":[]},"title_typography_font_size_mobile":{"unit":"px","size":"20","sizes":[]},"title_typography_font_weight":"700","title_typography_text_transform":"capitalize","title_typography_font_style":"normal","title_typography_text_decoration":"none","title_typography_letter_spacing":{"unit":"px","size":"0","sizes":[]},"description_typography_typography":"custom","description_typography_font_family":"Poppins","description_typography_font_size":{"unit":"px","size":"16","sizes":[]},"description_typography_font_size_tablet":{"unit":"px","size":"14","sizes":[]},"description_typography_font_weight":"300","description_typography_text_transform":"none","description_typography_font_style":"normal","description_typography_text_decoration":"none","description_typography_line_height":{"unit":"em","size":"1.4","sizes":[]},"description_typography_letter_spacing":{"unit":"px","size":"0","sizes":[]}},"elements":[],"isInner":false,"widgetType":"image-box","elType":"widget"}],"isInner":"1","elType":"column"},{"id":"45522fdb","settings":{"_column_size":"25","margin":{"unit":"%","top":"0","right":"6","bottom":"0","left":"6","isLinked":""},"_inline_size_tablet":"50","margin_tablet":{"unit":"%","top":"20","right":"0","bottom":"0","left":"10","isLinked":""},"margin_mobile":{"unit":"%","top":"25","right":"0","bottom":"0","left":"0","isLinked":""},"animation":"fadeIn","animation_delay":"400"},"elements":[{"id":"6e298f67","settings":{"image":{"id":17039,"url":"http:\/\/library.elementor.com\/lp\/wp-content\/uploads\/2021\/01\/16_DogCat_Food_Delivery-Products_Chicken-Duck.jpg"},"title_text":"Chicken-Duck","description_text":"Combination of chicken, duck, and vegetables","title_size":"h5","image_space":{"unit":"px","size":"50","sizes":[]},"image_size":{"unit":"%","size":"100","sizes":[]},"title_bottom_space":{"unit":"px","size":"10","sizes":[]},"title_color":"#101134","description_color":"#101134","__globals__":{"title_typography_typography":"","description_typography_typography":""},"image_space_mobile":{"unit":"px","size":"15","sizes":[]},"title_typography_typography":"custom","title_typography_font_family":"Poppins","title_typography_font_size":{"unit":"px","size":"25","sizes":[]},"title_typography_font_size_tablet":{"unit":"px","size":"22","sizes":[]},"title_typography_font_size_mobile":{"unit":"px","size":"20","sizes":[]},"title_typography_font_weight":"700","title_typography_text_transform":"capitalize","title_typography_font_style":"normal","title_typography_text_decoration":"none","title_typography_letter_spacing":{"unit":"px","size":"0","sizes":[]},"description_typography_typography":"custom","description_typography_font_family":"Poppins","description_typography_font_size":{"unit":"px","size":"16","sizes":[]},"description_typography_font_size_tablet":{"unit":"px","size":"14","sizes":[]},"description_typography_font_weight":"300","description_typography_text_transform":"none","description_typography_font_style":"normal","description_typography_text_decoration":"none","description_typography_line_height":{"unit":"em","size":"1.4","sizes":[]},"description_typography_letter_spacing":{"unit":"px","size":"0","sizes":[]}},"elements":[],"isInner":false,"widgetType":"image-box","elType":"widget"}],"isInner":"1","elType":"column"}],"isInner":"1","elType":"section"}],"isInner":"","elType":"column"}],"isInner":"","elType":"section"},{"id":"4b0a3672","settings":{"layout":"full_width","gap":"no","structure":"20","margin":{"unit":"%","top":"15","right":"0","bottom":"0","left":"0","isLinked":""},"padding":{"unit":"%","top":"0","right":"9","bottom":"0","left":"9","isLinked":""},"_title":"Testimonials","margin_tablet":{"unit":"%","top":"25","right":"0","bottom":"0","left":"0","isLinked":""},"margin_mobile":{"unit":"%","top":"35","right":"0","bottom":"0","left":"0","isLinked":""}},"elements":[{"id":"4e68f139","settings":{"_column_size":"50","_inline_size_tablet":"100","padding_mobile":{"unit":"%","top":"0","right":"22","bottom":"22","left":"0","isLinked":""}},"elements":[{"id":"5f059ea","settings":{"image":{"id":17041,"url":"http:\/\/library.elementor.com\/lp\/wp-content\/uploads\/2021\/01\/16_DogCat_Food_Delivery-Testimonials.jpg"},"image_size":"full","align":"left","width":{"unit":"px","size":"","sizes":[]},"space":{"unit":"px","size":"","sizes":[]},"image_border_border":"solid","image_border_width":{"unit":"px","top":"65","right":"0","bottom":"0","left":"65","isLinked":""},"image_border_color":"#DEE1CC","image_box_shadow_box_shadow_type":"yes","image_box_shadow_box_shadow":{"horizontal":"65","vertical":"65","blur":"0","spread":"0","color":"#BDCE5A"}},"elements":[],"isInner":false,"widgetType":"image","elType":"widget"}],"isInner":"","elType":"column"},{"id":"d47e21f","settings":{"_column_size":"50","padding":{"unit":"%","top":"","right":"","bottom":"","left":"","isLinked":"1"},"_inline_size_tablet":"100","margin_tablet":{"unit":"%","top":"20","right":"0","bottom":"0","left":"0","isLinked":""}},"elements":[{"id":"142c37eb","settings":{"title":"Happy dog<br>Happy owner","title_color":"#101134","__globals__":{"typography_typography":""},"typography_typography":"custom","typography_font_family":"Poppins","typography_font_size":{"unit":"px","size":"70","sizes":[]},"typography_font_size_tablet":{"unit":"px","size":"50","sizes":[]},"typography_font_size_mobile":{"unit":"px","size":"28","sizes":[]},"typography_font_weight":"700","typography_text_transform":"none","typography_font_style":"normal","typography_text_decoration":"none","typography_line_height":{"unit":"em","size":"1","sizes":[]},"typography_letter_spacing":{"unit":"px","size":"0","sizes":[]}},"elements":[],"isInner":false,"widgetType":"heading","elType":"widget"},{"id":"45a1e332","settings":{"layout":"full_width","gap":"no","structure":"20","margin":{"unit":"%","top":"6","right":"0","bottom":"0","left":"0","isLinked":""}},"elements":[{"id":"2b7e4704","settings":{"_column_size":"50","padding":{"unit":"%","top":"0","right":"20","bottom":"0","left":"0","isLinked":""},"space_between_widgets_tablet":"10","margin_tablet":{"unit":"%","top":"","right":"","bottom":"","left":"","isLinked":"1"},"padding_tablet":{"unit":"%","top":"0","right":"10","bottom":"0","left":"0","isLinked":""},"padding_mobile":{"unit":"px","top":"0","right":"0","bottom":"0","left":"0","isLinked":""}},"elements":[{"id":"6a451252","settings":{"star_style":"star_unicode","icon_size":{"unit":"px","size":"22","sizes":[]},"icon_space":{"unit":"px","size":"10","sizes":[]},"stars_color":"#BDCE5A","icon_size_mobile":{"unit":"px","size":"16","sizes":[]},"icon_space_mobile":{"unit":"px","size":"8","sizes":[]}},"elements":[],"isInner":false,"widgetType":"star-rating","elType":"widget"},{"id":"616ecba5","settings":{"testimonial_content":"\"My beloved dog, Rocky, absolutely loves the food and continues to lick his bowl an hour after he has finished eating.\"","testimonial_image":{"url":"","id":""},"testimonial_name":"Tommy Wright","testimonial_job":"","testimonial_alignment":"left","content_content_color":"#4A4A4A","name_text_color":"#BDCE5A","__globals__":{"content_typography_typography":"","name_typography_typography":""},"content_typography_typography":"custom","content_typography_font_family":"Poppins","content_typography_font_size":{"unit":"px","size":"20","sizes":[]},"content_typography_font_size_tablet":{"unit":"px","size":"18","sizes":[]},"content_typography_font_size_mobile":{"unit":"px","size":"16","sizes":[]},"content_typography_font_weight":"300","content_typography_text_transform":"none","content_typography_font_style":"normal","content_typography_text_decoration":"none","content_typography_line_height":{"unit":"em","size":"1.4","sizes":[]},"content_typography_letter_spacing":{"unit":"px","size":"0","sizes":[]},"name_typography_typography":"custom","name_typography_font_family":"Poppins","name_typography_font_size":{"unit":"px","size":"20","sizes":[]},"name_typography_font_size_tablet":{"unit":"px","size":"18","sizes":[]},"name_typography_font_size_mobile":{"unit":"px","size":"16","sizes":[]},"name_typography_font_weight":"300","name_typography_text_transform":"none","name_typography_font_style":"normal","name_typography_text_decoration":"none","name_typography_line_height":{"unit":"em","size":"1.4","sizes":[]},"name_typography_letter_spacing":{"unit":"px","size":"0","sizes":[]}},"elements":[],"isInner":false,"widgetType":"testimonial","elType":"widget"}],"isInner":"1","elType":"column"},{"id":"cc54d0f","settings":{"_column_size":"50","padding":{"unit":"%","top":"0","right":"15","bottom":"0","left":"0","isLinked":""},"space_between_widgets_tablet":"10","padding_tablet":{"unit":"%","top":"0","right":"0","bottom":"0","left":"10","isLinked":""},"margin_mobile":{"unit":"%","top":"20","right":"0","bottom":"0","left":"0","isLinked":""},"padding_mobile":{"unit":"px","top":"0","right":"0","bottom":"0","left":"0","isLinked":""}},"elements":[{"id":"3dbc70d2","settings":{"star_style":"star_unicode","icon_size":{"unit":"px","size":"22","sizes":[]},"icon_space":{"unit":"px","size":"10","sizes":[]},"stars_color":"#BDCE5A","icon_size_mobile":{"unit":"px","size":"16","sizes":[]},"icon_space_mobile":{"unit":"px","size":"8","sizes":[]}},"elements":[],"isInner":false,"widgetType":"star-rating","elType":"widget"},{"id":"3e2e5669","settings":{"testimonial_content":"\"The smell is so good, even I want to eat this food. Fresh and natural ingredients ready to serve. What a delight!\"","testimonial_image":{"url":"","id":""},"testimonial_name":"Carlos Martin","testimonial_job":"","testimonial_alignment":"left","content_content_color":"#4A4A4A","name_text_color":"#BDCE5A","__globals__":{"content_typography_typography":"","name_typography_typography":""},"content_typography_typography":"custom","content_typography_font_family":"Poppins","content_typography_font_size":{"unit":"px","size":"20","sizes":[]},"content_typography_font_size_tablet":{"unit":"px","size":"18","sizes":[]},"content_typography_font_size_mobile":{"unit":"px","size":"16","sizes":[]},"content_typography_font_weight":"300","content_typography_text_transform":"none","content_typography_font_style":"normal","content_typography_text_decoration":"none","content_typography_line_height":{"unit":"em","size":"1.4","sizes":[]},"content_typography_letter_spacing":{"unit":"px","size":"0","sizes":[]},"name_typography_typography":"custom","name_typography_font_family":"Poppins","name_typography_font_size":{"unit":"px","size":"20","sizes":[]},"name_typography_font_size_tablet":{"unit":"px","size":"18","sizes":[]},"name_typography_font_size_mobile":{"unit":"px","size":"16","sizes":[]},"name_typography_font_weight":"300","name_typography_text_transform":"none","name_typography_font_style":"normal","name_typography_text_decoration":"none","name_typography_line_height":{"unit":"em","size":"1.4","sizes":[]},"name_typography_letter_spacing":{"unit":"px","size":"0","sizes":[]}},"elements":[],"isInner":false,"widgetType":"testimonial","elType":"widget"}],"isInner":"1","elType":"column"}],"isInner":"1","elType":"section"}],"isInner":"","elType":"column"}],"isInner":"","elType":"section"},{"id":"67f87a17","settings":{"layout":"full_width","gap":"no","margin":{"unit":"%","top":"15","right":"0","bottom":"0","left":"0","isLinked":""},"padding":{"unit":"%","top":"","right":"","bottom":"","left":"","isLinked":"1"},"_title":"Clients","margin_tablet":{"unit":"%","top":"25","right":"0","bottom":"0","left":"0","isLinked":""},"margin_mobile":{"unit":"%","top":"35","right":"0","bottom":"0","left":"0","isLinked":""}},"elements":[{"id":"13ac4766","settings":{"_column_size":"100"},"elements":[{"id":"725a29c7","settings":{"title":"Featured and loved","header_size":"h4","align":"center","title_color":"#B9B9C0","typography_typography":"custom","typography_font_family":"Poppins","typography_font_size":{"unit":"px","size":"24","sizes":[]},"typography_font_weight":"700","typography_text_transform":"uppercase","typography_font_style":"normal","typography_text_decoration":"none","typography_letter_spacing":{"unit":"px","size":"7","sizes":[]},"__globals__":{"typography_typography":""},"typography_font_size_tablet":{"unit":"px","size":"20","sizes":[]},"typography_font_size_mobile":{"unit":"px","size":"18","sizes":[]},"typography_letter_spacing_mobile":{"unit":"px","size":"5","sizes":[]}},"elements":[],"isInner":false,"widgetType":"heading","elType":"widget"},{"id":"273c3557","settings":{"layout":"full_width","gap":"no","background_background":"classic","background_color":"#BDCE5A","margin":{"unit":"%","top":"3","right":"0","bottom":"0","left":"0","isLinked":""},"padding":{"unit":"%","top":"0","right":"9","bottom":"0","left":"9","isLinked":""},"height_inner":"min-height","custom_height_inner":{"unit":"px","size":"244","sizes":[]},"custom_height_inner_tablet":{"unit":"px","size":"85","sizes":[]},"custom_height_inner_mobile":{"unit":"px","size":"275","sizes":[]},"content_position":"middle","padding_tablet":{"unit":"%","top":"5","right":"9","bottom":"5","left":"9","isLinked":""},"padding_mobile":{"unit":"%","top":"20","right":"0","bottom":"20","left":"0","isLinked":""}},"elements":[{"id":"10ac4a1","settings":{"_column_size":"100","content_position_tablet":"space-between","align":"space-between"},"elements":[{"id":"1a6aed61","settings":{"_element_width":"auto","selected_icon":{"value":{"id":17043,"url":"http:\/\/library.elementor.com\/lp\/wp-content\/uploads\/2021\/01\/16_DogCat_Food_Delivery-Clients_1.svg"},"library":"svg"},"primary_color":"#FFFFFF","size":{"unit":"px","size":"244","sizes":[]},"size_tablet":{"unit":"px","size":"150","sizes":[]},"_margin":{"unit":"px","top":"-103","right":"0","bottom":"-108","left":"0","isLinked":""},"_margin_tablet":{"unit":"px","top":"-63","right":"0","bottom":"-68","left":"0","isLinked":""},"_element_width_tablet":"initial","_element_width_mobile":"inherit","_element_custom_width_tablet":{"unit":"%","size":"33","sizes":[]}},"elements":[],"isInner":false,"widgetType":"icon","elType":"widget"},{"id":"744bc00a","settings":{"_element_width":"auto","selected_icon":{"value":{"id":17045,"url":"http:\/\/library.elementor.com\/lp\/wp-content\/uploads\/2021\/01\/16_DogCat_Food_Delivery-Clients_2.svg"},"library":"svg"},"primary_color":"#FFFFFF","size":{"unit":"px","size":"200","sizes":[]},"size_tablet":{"unit":"px","size":"110","sizes":[]},"_margin":{"unit":"px","top":"-84","right":"0","bottom":"-90","left":"0","isLinked":""},"_margin_tablet":{"unit":"px","top":"-46","right":"0","bottom":"-52","left":"0","isLinked":""},"_element_width_tablet":"initial","_element_width_mobile":"inherit","_element_custom_width_tablet":{"unit":"%","size":"33","sizes":[]}},"elements":[],"isInner":false,"widgetType":"icon","elType":"widget"},{"id":"2df27b7e","settings":{"_element_width":"auto","selected_icon":{"value":{"id":17047,"url":"http:\/\/library.elementor.com\/lp\/wp-content\/uploads\/2021\/01\/16_DogCat_Food_Delivery-Clients_3.svg"},"library":"svg"},"primary_color":"#FFFFFF","size":{"unit":"px","size":"163","sizes":[]},"size_tablet":{"unit":"px","size":"95","sizes":[]},"_margin":{"unit":"px","top":"-49","right":"0","bottom":"-54","left":"0","isLinked":""},"_margin_tablet":{"unit":"px","top":"-29","right":"0","bottom":"-35","left":"0","isLinked":""},"_element_width_tablet":"initial","_element_width_mobile":"inherit","_element_custom_width_tablet":{"unit":"%","size":"33","sizes":[]}},"elements":[],"isInner":false,"widgetType":"icon","elType":"widget"},{"id":"4d20a3","settings":{"_element_width":"auto","selected_icon":{"value":{"id":17049,"url":"http:\/\/library.elementor.com\/lp\/wp-content\/uploads\/2021\/01\/16_DogCat_Food_Delivery-Clients_4.svg"},"library":"svg"},"primary_color":"#FFFFFF","size":{"unit":"px","size":"184","sizes":[]},"size_tablet":{"unit":"px","size":"120","sizes":[]},"_margin":{"unit":"px","top":"-80","right":"0","bottom":"-85","left":"0","isLinked":""},"_margin_tablet":{"unit":"px","top":"-51","right":"0","bottom":"-57","left":"0","isLinked":""},"_element_width_tablet":"initial","_element_width_mobile":"inherit","_element_custom_width_tablet":{"unit":"%","size":"50","sizes":[]}},"elements":[],"isInner":false,"widgetType":"icon","elType":"widget"},{"id":"59bd356f","settings":{"_element_width":"auto","selected_icon":{"value":{"id":17051,"url":"http:\/\/library.elementor.com\/lp\/wp-content\/uploads\/2021\/01\/16_DogCat_Food_Delivery-Clients_5.svg"},"library":"svg"},"primary_color":"#FFFFFF","size":{"unit":"px","size":"184","sizes":[]},"size_tablet":{"unit":"px","size":"126","sizes":[]},"_margin":{"unit":"px","top":"-80","right":"0","bottom":"-85","left":"0","isLinked":""},"_margin_tablet":{"unit":"px","top":"-55","right":"0","bottom":"-60","left":"0","isLinked":""},"_element_width_tablet":"initial","_element_width_mobile":"inherit","_element_custom_width_tablet":{"unit":"%","size":"50","sizes":[]}},"elements":[],"isInner":false,"widgetType":"icon","elType":"widget"}],"isInner":"1","elType":"column"}],"isInner":"1","elType":"section"}],"isInner":"","elType":"column"}],"isInner":"","elType":"section"},{"id":"24c9eca9","settings":{"layout":"full_width","gap":"no","margin":{"unit":"%","top":"10","right":"0","bottom":"0","left":"0","isLinked":""},"padding":{"unit":"%","top":"0","right":"9","bottom":"0","left":"9","isLinked":""},"_title":"CTA","margin_tablet":{"unit":"%","top":"","right":"0","bottom":"","left":"0","isLinked":"1"},"margin_mobile":{"unit":"%","top":"35","right":"0","bottom":"0","left":"0","isLinked":""},"padding_tablet":{"unit":"px","top":"0","right":"0","bottom":"0","left":"0","isLinked":""}},"elements":[{"id":"6877fd80","settings":{"_column_size":"100","space_between_widgets":"50","space_between_widgets_tablet":"30"},"elements":[{"id":"51c474ba","settings":{"title":"Time for a switch<br>Natural food for your dog","title_color":"#101134","align":"center","__globals__":{"typography_typography":""},"typography_typography":"custom","typography_font_family":"Poppins","typography_font_size":{"unit":"px","size":"70","sizes":[]},"typography_font_size_tablet":{"unit":"px","size":"50","sizes":[]},"typography_font_size_mobile":{"unit":"px","size":"28","sizes":[]},"typography_font_weight":"700","typography_text_transform":"none","typography_font_style":"normal","typography_text_decoration":"none","typography_line_height":{"unit":"em","size":"1","sizes":[]},"typography_letter_spacing":{"unit":"px","size":"0","sizes":[]}},"elements":[],"isInner":false,"widgetType":"heading","elType":"widget"},{"id":"313c1807","settings":{"title":"Get 50% off your first order","header_size":"h3","title_color":"#B9B9C0","typography_typography":"custom","typography_font_family":"Poppins","typography_font_size":{"unit":"px","size":"50","sizes":[]},"typography_font_weight":"600","typography_text_transform":"none","typography_font_style":"normal","typography_text_decoration":"none","typography_letter_spacing":{"unit":"px","size":"0","sizes":[]},"align":"center","typography_font_size_tablet":{"unit":"px","size":"30","sizes":[]},"typography_font_size_mobile":{"unit":"px","size":"20","sizes":[]}},"elements":[],"isInner":false,"widgetType":"heading","elType":"widget"},{"id":"56ae9f25","settings":{"text":"Let\u2019s Order","typography_typography":"custom","typography_font_family":"Poppins","typography_font_size":{"unit":"px","size":"20","sizes":[]},"typography_font_weight":"400","typography_text_transform":"capitalize","typography_font_style":"normal","typography_text_decoration":"none","typography_line_height":{"unit":"em","size":"1","sizes":[]},"typography_letter_spacing":{"unit":"px","size":"2","sizes":[]},"button_text_color":"#FFFFFF","background_color":"#BDCE5A","button_background_hover_color":"#101134","border_radius":{"unit":"px","top":"30","right":"30","bottom":"30","left":"30","isLinked":"1"},"text_padding":{"unit":"px","top":"20","right":"65","bottom":"20","left":"65","isLinked":""},"align":"center","typography_font_size_tablet":{"unit":"px","size":"18","sizes":[]},"typography_font_size_mobile":{"unit":"px","size":"16","sizes":[]},"text_padding_mobile":{"unit":"px","top":"18","right":"40","bottom":"18","left":"40","isLinked":""},"_animation":"pulse"},"elements":[],"isInner":false,"widgetType":"button","elType":"widget"}],"isInner":"","elType":"column"}],"isInner":"","elType":"section"},{"id":"6273b889","settings":{"layout":"full_width","gap":"no","height":"min-height","custom_height":{"unit":"px","size":"46","sizes":[]},"content_position":"middle","background_background":"classic","background_color":"#BDCE5A","margin":{"unit":"%","top":"10","right":"0","bottom":"0","left":"0","isLinked":""},"padding":{"unit":"%","top":"0","right":"9","bottom":"0","left":"9","isLinked":""},"_title":"Footer","margin_mobile":{"unit":"%","top":"35","right":"0","bottom":"0","left":"0","isLinked":""}},"elements":[{"id":"54658d9d","settings":{"_column_size":"100"},"elements":[{"id":"35cf748d","settings":{"title":"\u00a9 copyright YUMMY-YUMMY 2021 ","header_size":"p","align":"center","title_color":"#FFFFFF","typography_typography":"custom","typography_font_family":"Poppins","typography_font_size":{"unit":"px","size":"15","sizes":[]},"typography_font_weight":"300","typography_text_transform":"none","typography_font_style":"normal","typography_text_decoration":"none","typography_line_height":{"unit":"em","size":"1.4","sizes":[]},"typography_letter_spacing":{"unit":"px","size":"0","sizes":[]},"__globals__":{"typography_typography":""},"typography_font_size_tablet":{"unit":"px","size":"14","sizes":[]}},"elements":[],"isInner":false,"widgetType":"heading","elType":"widget"}],"isInner":"","elType":"column"}],"isInner":"","elType":"section"}]}