{"version":"0.4","title":"16983","type":"page","content":[{"id":"65cd2dbf","settings":{"layout":"full_width","gap":"no","height":"min-height","custom_height":{"unit":"vh","size":"100","sizes":[]},"custom_height_tablet":{"unit":"vh","size":"100","sizes":[]},"column_position":"stretch","overflow":"hidden","structure":"20","reverse_order_mobile":"reverse-mobile","_title":"Hero Section","reverse_order_tablet":"reverse-tablet"},"elements":[{"id":"52a9ec98","settings":{"_column_size":"50","_inline_size":"45.814","_inline_size_tablet":"100","background_background":"classic","background_image":{"id":17106,"url":"http:\/\/library.elementor.com\/lp\/wp-content\/uploads\/2021\/01\/clio-hero-img.jpg"},"background_position":"center center","background_repeat":"no-repeat","background_size":"cover","background_position_tablet":"top center"},"elements":[{"id":"4369c939","settings":{"space_mobile":{"unit":"vh","size":"63","sizes":[]},"space_tablet":{"unit":"vh","size":"38","sizes":[]}},"elements":[],"isInner":false,"widgetType":"spacer","elType":"widget"}],"isInner":"","elType":"column"},{"id":"5af277a1","settings":{"_column_size":"50","_inline_size":"54.14","_inline_size_tablet":"100","background_background":"classic","background_color":"#F4D5B7","padding":{"unit":"%","top":"0","right":"0","bottom":"0","left":"0","isLinked":""},"padding_mobile":{"unit":"%","top":"0","right":"0","bottom":"16","left":"0","isLinked":""}},"elements":[{"id":"48fcc0fc","settings":{"layout":"full_width","gap":"no","margin":{"unit":"px","top":"0","right":"0","bottom":"0","left":"0","isLinked":""},"padding":{"unit":"%","top":"0","right":"20","bottom":"0","left":"14","isLinked":""},"padding_tablet":{"unit":"%","top":"0","right":"12","bottom":"0","left":"12","isLinked":""},"padding_mobile":{"unit":"%","top":"0","right":"8","bottom":"0","left":"8","isLinked":""},"z_index":"30","html_tag":"header"},"elements":[{"id":"1643faa0","settings":{"_column_size":"100","space_between_widgets":"0","padding":{"unit":"%","top":"10","right":"0","bottom":"0","left":"0","isLinked":""},"padding_tablet":{"unit":"%","top":"10","right":"0","bottom":"0","left":"0","isLinked":""},"padding_mobile":{"unit":"%","top":"10","right":"0","bottom":"0","left":"0","isLinked":""}},"elements":[{"id":"65244e7a","settings":{"image":{"id":17108,"url":"http:\/\/library.elementor.com\/lp\/wp-content\/uploads\/2021\/01\/clio-logo.png"},"align":"left","width":{"unit":"px","size":"157","sizes":[]},"_padding":{"unit":"%","top":"0","right":"0","bottom":"25","left":"0","isLinked":""},"_padding_tablet":{"unit":"%","top":"0","right":"0","bottom":"0","left":"0","isLinked":""},"_padding_mobile":{"unit":"%","top":"0","right":"0","bottom":"20","left":"0","isLinked":""}},"elements":[],"isInner":false,"widgetType":"image","elType":"widget"}],"isInner":"1","elType":"column"}],"isInner":"1","elType":"section"},{"id":"6585b83e","settings":{"layout":"full_width","gap":"no","margin":{"unit":"px","top":"0","right":"0","bottom":"0","left":"0","isLinked":""},"padding":{"unit":"%","top":"0","right":"20","bottom":"0","left":"14","isLinked":""},"padding_tablet":{"unit":"%","top":"0","right":"12","bottom":"0","left":"12","isLinked":""},"padding_mobile":{"unit":"%","top":"0","right":"8","bottom":"0","left":"8","isLinked":""},"z_index":"30"},"elements":[{"id":"27370c08","settings":{"_column_size":"100","space_between_widgets":"0","padding":{"unit":"%","top":"10","right":"0","bottom":"0","left":"0","isLinked":""},"padding_tablet":{"unit":"%","top":"13","right":"0","bottom":"0","left":"0","isLinked":""},"padding_mobile":{"unit":"%","top":"0","right":"0","bottom":"0","left":"0","isLinked":""}},"elements":[{"id":"79ed8152","settings":{"title":"Free Trial: Online Mat Pilates Session","header_size":"h1","title_color":"#3D4039","typography_typography":"custom","typography_font_family":"Merriweather","typography_font_size":{"unit":"px","size":"65","sizes":[]},"typography_font_size_tablet":{"unit":"px","size":"42","sizes":[]},"typography_font_size_mobile":{"unit":"px","size":"36","sizes":[]},"typography_font_weight":"bold","typography_text_transform":"capitalize","typography_font_style":"normal","typography_text_decoration":"none","typography_line_height":{"unit":"px","size":"85","sizes":[]},"typography_line_height_tablet":{"unit":"em","size":"1.3","sizes":[]},"_padding":{"unit":"%","top":"0","right":"0","bottom":"5","left":"0","isLinked":""},"_padding_tablet":{"unit":"%","top":"0","right":"0","bottom":"5","left":"0","isLinked":""},"_z_index":"40","_animation":"fadeIn","animation_duration":"fast"},"elements":[],"isInner":false,"widgetType":"heading","elType":"widget"},{"id":"3b0f3f6","settings":{"selected_icon":{"value":{"id":17110,"url":"http:\/\/library.elementor.com\/lp\/wp-content\/uploads\/2021\/01\/sketchy_line_icon.svg"},"library":"svg"},"align":"left","primary_color":"#FFFFFF","size":{"unit":"px","size":"170","sizes":[]},"size_tablet":{"unit":"px","size":"112","sizes":[]},"size_mobile":{"unit":"px","size":"94","sizes":[]},"_z_index":"10","_position":"absolute","_offset_x":{"unit":"%","size":"-3","sizes":[]},"_offset_y_end":{"unit":"%","size":"34","sizes":[]},"_offset_y_end_tablet":{"unit":"%","size":"49","sizes":[]},"_offset_y_end_mobile":{"unit":"%","size":"58","sizes":[]},"_element_width":"auto","_offset_y":{"unit":"px","size":"-18","sizes":[]},"_offset_y_tablet":{"unit":"px","size":"-11","sizes":[]},"_animation":"fadeIn","animation_duration":"fast","_animation_delay":"0"},"elements":[],"isInner":false,"widgetType":"icon","elType":"widget"},{"id":"3ee8f338","settings":{"editor":"Practice the mastery of core strength and flexibility with personalised online private sessions in the comfort of your home.","text_color":"#3D4039","typography_typography":"custom","typography_font_family":"Merriweather Sans","typography_font_size":{"unit":"px","size":"18","sizes":[]},"typography_font_size_tablet":{"unit":"px","size":"17","sizes":[]},"typography_font_size_mobile":{"unit":"px","size":"16","sizes":[]},"typography_font_weight":"300","typography_line_height_tablet":{"unit":"em","size":"1.6","sizes":[]},"_padding":{"unit":"%","top":"0","right":"0","bottom":"10","left":"0","isLinked":""},"_padding_tablet":{"unit":"%","top":"0","right":"0","bottom":"6","left":"0","isLinked":""},"typography_line_height":{"unit":"px","size":"30","sizes":[]},"_animation":"fadeIn","_animation_delay":"500"},"elements":[],"isInner":false,"widgetType":"text-editor","elType":"widget"},{"id":"2cd580b2","settings":{"text":"Book Free Trial","typography_typography":"custom","typography_font_family":"Merriweather Sans","typography_font_size":{"unit":"px","size":"18","sizes":[]},"typography_font_weight":"300","typography_text_transform":"capitalize","typography_font_style":"normal","typography_text_decoration":"none","typography_line_height":{"unit":"em","size":"1","sizes":[]},"button_text_color":"#3D4039","background_color":"#FFFFFF","hover_color":"#FFFFFF","button_background_hover_color":"#3D4039","button_hover_border_color":"#3D4039","border_border":"solid","border_width":{"unit":"px","top":"2","right":"2","bottom":"2","left":"2","isLinked":"1"},"border_color":"#3D4039","border_radius":{"unit":"px","top":"0","right":"0","bottom":"0","left":"0","isLinked":"1"},"button_box_shadow_box_shadow":{"horizontal":"-10","vertical":"10","blur":"0","spread":"0","color":"#3D4039"},"text_padding":{"unit":"px","top":"18","right":"70","bottom":"18","left":"70","isLinked":""},"_margin":{"unit":"px","top":"0","right":"0","bottom":"0","left":"0","isLinked":""},"_background_background":"classic","_background_hover_background":"classic","_border_width":{"unit":"px","top":"1","right":"1","bottom":"1","left":"1","isLinked":"1"},"_border_color":"#3D4039","_box_shadow_box_shadow_type":"yes","_box_shadow_box_shadow":{"horizontal":"10","vertical":"10","blur":"0","spread":"0","color":"#3D4039"},"_border_hover_width":{"unit":"px","top":"1","right":"1","bottom":"1","left":"1","isLinked":"1"},"_border_hover_color":"#3D4039","_box_shadow_hover_box_shadow_type":"yes","_box_shadow_hover_box_shadow":{"horizontal":"0","vertical":"0","blur":"0","spread":"0","color":"#FFFFFF"},"_element_width":"auto","_animation":"fadeIn","animation_duration":"slow","_animation_delay":"700"},"elements":[],"isInner":false,"widgetType":"button","elType":"widget"}],"isInner":"1","elType":"column"}],"isInner":"1","elType":"section"},{"id":"76143974","settings":{"selected_icon":{"value":{"id":17112,"url":"http:\/\/library.elementor.com\/lp\/wp-content\/uploads\/2021\/01\/Background-hero-Oval.svg"},"library":"svg"},"primary_color":"rgba(255, 255, 255, 0.3)","size":{"unit":"px","size":"1083","sizes":[]},"size_tablet":{"unit":"px","size":"900","sizes":[]},"size_mobile":{"unit":"px","size":"600","sizes":[]},"_element_width":"auto","_position":"absolute","_offset_x":{"unit":"%","size":"50","sizes":[]},"_offset_x_tablet":{"unit":"%","size":"46","sizes":[]},"_offset_x_mobile":{"unit":"%","size":"60","sizes":[]},"_offset_y":{"unit":"%","size":"-50","sizes":[]},"_offset_y_tablet":{"unit":"%","size":"-79","sizes":[]}},"elements":[],"isInner":false,"widgetType":"icon","elType":"widget"}],"isInner":"","elType":"column"}],"isInner":"","elType":"section"},{"id":"423b255c","settings":{"content_width":{"unit":"px","size":"1440","sizes":[]},"gap":"no","height":"min-height","custom_height":{"unit":"px","size":"700","sizes":[]},"column_position":"stretch","content_position":"middle","structure":"20","margin":{"unit":"%","top":"13","right":"0","bottom":"0","left":"0","isLinked":""},"padding":{"unit":"%","top":"0","right":"4","bottom":"0","left":"4","isLinked":""},"custom_height_tablet":{"unit":"px","size":"620","sizes":[]},"margin_tablet":{"unit":"%","top":"20","right":"0","bottom":"0","left":"0","isLinked":""},"margin_mobile":{"unit":"%","top":"26","right":"0","bottom":"0","left":"0","isLinked":""},"padding_tablet":{"unit":"px","top":"0","right":"0","bottom":"0","left":"0","isLinked":""},"padding_mobile":{"unit":"%","top":"0","right":"8","bottom":"0","left":"8","isLinked":""},"reverse_order_mobile":"reverse-mobile","_title":"About Clio"},"elements":[{"id":"4aa49610","settings":{"_column_size":"50","_inline_size":"44.444","background_background":"classic","background_image":{"id":17114,"url":"http:\/\/library.elementor.com\/lp\/wp-content\/uploads\/2021\/01\/about_clio_pic1.jpg"},"background_position":"center center","background_size":"cover","_inline_size_tablet":"40"},"elements":[{"id":"75e6d4e5","settings":{"space_mobile":{"unit":"vh","size":"58","sizes":[]}},"elements":[],"isInner":false,"widgetType":"spacer","elType":"widget"}],"isInner":"","elType":"column"},{"id":"2fccd98b","settings":{"_column_size":"50","_inline_size":"55.556","padding":{"unit":"%","top":"0","right":"4","bottom":"0","left":"10","isLinked":""},"_inline_size_tablet":"60","space_between_widgets":"0","padding_tablet":{"unit":"%","top":"0","right":"10","bottom":"0","left":"10","isLinked":""},"padding_mobile":{"unit":"%","top":"0","right":"0","bottom":"14","left":"0","isLinked":""}},"elements":[{"id":"728a21ae","settings":{"title":"Clio Flores,\u2028<br>Pilates Instructor, New York","title_color":"#3D4039","typography_typography":"custom","typography_font_family":"Merriweather","typography_font_size":{"unit":"px","size":"50","sizes":[]},"typography_font_size_tablet":{"unit":"px","size":"36","sizes":[]},"typography_font_size_mobile":{"unit":"px","size":"36","sizes":[]},"typography_font_weight":"bold","typography_text_transform":"capitalize","typography_font_style":"normal","typography_text_decoration":"none","typography_line_height":{"unit":"px","size":"70","sizes":[]},"typography_line_height_tablet":{"unit":"em","size":"1.3","sizes":[]},"_padding":{"unit":"%","top":"0","right":"20","bottom":"6","left":"0","isLinked":""},"_padding_tablet":{"unit":"%","top":"0","right":"0","bottom":"10","left":"0","isLinked":""},"_z_index":"40","_animation":"fadeIn","_animation_tablet":"none"},"elements":[],"isInner":false,"widgetType":"heading","elType":"widget"},{"id":"4f22bbb7","settings":{"editor":"<p>Lorem ipsum dolor sit amet, consectet adipiscing elit sed dllao eiusm poaor incididunt ut labore et dolore magna aliqua allat enim ad minim veniam, quis nostrud exercitation ullamco laboris nisi ut aliquip.<\/p><p>Sint occae cupidatat non proident, sunt in culpa qui officia mollit natoque orty massa quis shenim donec pede justo the graece euripidis instructior an vix eum elot equide old in expetenda concl udaturque eskot dicit graeco.<\/p>","text_color":"#3D4039","typography_typography":"custom","typography_font_family":"Merriweather Sans","typography_font_size":{"unit":"px","size":"18","sizes":[]},"typography_font_size_tablet":{"unit":"px","size":"17","sizes":[]},"typography_font_size_mobile":{"unit":"px","size":"16","sizes":[]},"typography_font_weight":"300","typography_line_height_tablet":{"unit":"em","size":"1.6","sizes":[]},"_padding":{"unit":"%","top":"","right":"","bottom":"","left":"","isLinked":"1"},"_padding_tablet":{"unit":"%","top":"","right":"","bottom":"","left":"","isLinked":"1"},"_animation":"fadeIn","_animation_tablet":"none","animation_duration":"slow","_animation_delay":"200"},"elements":[],"isInner":false,"widgetType":"text-editor","elType":"widget"}],"isInner":"","elType":"column"}],"isInner":"","elType":"section"},{"id":"474bd828","settings":{"content_width":{"unit":"px","size":"1440","sizes":[]},"gap":"no","height":"min-height","custom_height":{"unit":"px","size":"330","sizes":[]},"column_position":"stretch","content_position":"middle","margin":{"unit":"%","top":"0","right":"0","bottom":"0","left":"0","isLinked":""},"padding":{"unit":"%","top":"0","right":"4","bottom":"0","left":"4","isLinked":""},"margin_tablet":{"unit":"%","top":"0","right":"0","bottom":"0","left":"0","isLinked":""},"margin_mobile":{"unit":"%","top":"26","right":"0","bottom":"0","left":"0","isLinked":""},"padding_tablet":{"unit":"px","top":"0","right":"0","bottom":"0","left":"0","isLinked":""},"padding_mobile":{"unit":"%","top":"0","right":"8","bottom":"0","left":"8","isLinked":""},"reverse_order_mobile":"reverse-mobile","_title":"Instructor Video","animation":"fadeInUp","animation_tablet":"none"},"elements":[{"id":"3f0e84","settings":{"_column_size":"100","padding":{"unit":"%","top":"0","right":"4","bottom":"0","left":"0","isLinked":""},"_inline_size_tablet":"100","align":"flex-start","space_between_widgets":"0","padding_tablet":{"unit":"%","top":"0","right":"20","bottom":"0","left":"0","isLinked":""},"padding_mobile":{"unit":"%","top":"0","right":"17","bottom":"14","left":"0","isLinked":""},"content_position_tablet":"top","margin":{"unit":"%","top":"0","right":"0","bottom":"0","left":"44.5","isLinked":""},"margin_tablet":{"unit":"%","top":"0","right":"0","bottom":"0","left":"40","isLinked":""},"margin_mobile":{"unit":"px","top":"0","right":"0","bottom":"0","left":"0","isLinked":""}},"elements":[{"id":"710cb878","settings":{"youtube_url":"https:\/\/www.youtube.com\/watch?v=XHOmBV4js_E","vimeo_url":"https:\/\/vimeo.com\/235215203","dailymotion_url":"https:\/\/www.dailymotion.com\/video\/x6tqhqb","controls":"","show_image_overlay":"yes","image_overlay":{"id":17116,"url":"http:\/\/library.elementor.com\/lp\/wp-content\/uploads\/2021\/01\/about_clio_pic2.jpg"},"lazy_load":"yes","lightbox":"yes","aspect_ratio":"11","_box_shadow_box_shadow_type":"yes","_box_shadow_box_shadow":{"horizontal":"50","vertical":"50","blur":"0","spread":"0","color":"#F4D5B7"},"_element_width":"auto","_element_custom_width":{"unit":"px","size":"369","sizes":[]}},"elements":[],"isInner":false,"widgetType":"video","elType":"widget"}],"isInner":"","elType":"column"}],"isInner":"","elType":"section"},{"id":"69da6466","settings":{"content_width":{"unit":"px","size":"1440","sizes":[]},"gap":"no","height":"min-height","custom_height":{"unit":"px","size":"515","sizes":[]},"column_position":"stretch","content_position":"middle","structure":"20","margin":{"unit":"%","top":"14","right":"0","bottom":"0","left":"0","isLinked":""},"padding":{"unit":"%","top":"0","right":"4","bottom":"0","left":"4","isLinked":""},"custom_height_tablet":{"unit":"px","size":"620","sizes":[]},"margin_tablet":{"unit":"%","top":"20","right":"0","bottom":"0","left":"0","isLinked":""},"margin_mobile":{"unit":"%","top":"26","right":"0","bottom":"0","left":"0","isLinked":""},"padding_tablet":{"unit":"px","top":"0","right":"0","bottom":"0","left":"0","isLinked":""},"padding_mobile":{"unit":"%","top":"0","right":"8","bottom":"0","left":"8","isLinked":""},"_title":"Students Testimonials","overflow":"hidden"},"elements":[{"id":"7deb24d5","settings":{"_column_size":"50","_inline_size":"23","background_background":"classic","background_position":"center center","background_size":"cover","_inline_size_tablet":"40","background_color":"#F4D5B7"},"elements":[{"id":"279bc869","settings":{"selected_icon":{"value":{"id":17118,"url":"http:\/\/library.elementor.com\/lp\/wp-content\/uploads\/2021\/01\/Recommendations_bg_Oval.svg"},"library":"svg"},"primary_color":"rgba(255, 255, 255, 0.3)","size":{"unit":"px","size":"774","sizes":[]},"size_tablet":{"unit":"px","size":"700","sizes":[]},"size_mobile":{"unit":"px","size":"400","sizes":[]},"_element_width":"auto","_position":"absolute","_offset_x":{"unit":"%","size":"-156","sizes":[]},"_offset_x_tablet":{"unit":"%","size":"-140","sizes":[]},"_offset_x_mobile":{"unit":"%","size":"43","sizes":[]},"_offset_y":{"unit":"%","size":"-36","sizes":[]},"_offset_y_tablet":{"unit":"%","size":"-4","sizes":[]}},"elements":[],"isInner":false,"widgetType":"icon","elType":"widget"},{"id":"10ca58d4","settings":{"space_mobile":{"unit":"vh","size":"36","sizes":[]}},"elements":[],"isInner":false,"widgetType":"spacer","elType":"widget"}],"isInner":"","elType":"column"},{"id":"75c95554","settings":{"_column_size":"50","_inline_size":"77","padding":{"unit":"%","top":"6","right":"0","bottom":"0","left":"0","isLinked":""},"_inline_size_tablet":"60","content_position":"space-between","space_between_widgets":"0","padding_tablet":{"unit":"%","top":"12","right":"10","bottom":"0","left":"12","isLinked":""},"padding_mobile":{"unit":"%","top":"0","right":"0","bottom":"14","left":"0","isLinked":""}},"elements":[{"id":"e7383fb","settings":{"title":"See Recommendations<br>From My Students","title_color":"#3D4039","typography_typography":"custom","typography_font_family":"Merriweather","typography_font_size":{"unit":"px","size":"50","sizes":[]},"typography_font_size_tablet":{"unit":"px","size":"36","sizes":[]},"typography_font_size_mobile":{"unit":"px","size":"30","sizes":[]},"typography_font_weight":"bold","typography_text_transform":"capitalize","typography_font_style":"normal","typography_text_decoration":"none","typography_line_height":{"unit":"px","size":"70","sizes":[]},"typography_line_height_tablet":{"unit":"em","size":"1.3","sizes":[]},"_padding":{"unit":"%","top":"0","right":"26","bottom":"0","left":"0","isLinked":""},"_padding_tablet":{"unit":"%","top":"0","right":"0","bottom":"0","left":"0","isLinked":"1"},"_z_index":"40","_margin":{"unit":"%","top":"0","right":"0","bottom":"0","left":"-24","isLinked":""},"typography_line_height_mobile":{"unit":"em","size":"1.4","sizes":[]},"typography_letter_spacing_mobile":{"unit":"px","size":"0.3","sizes":[]},"_margin_tablet":{"unit":"%","top":"0","right":"0","bottom":"0","left":"-66","isLinked":""},"_margin_mobile":{"unit":"%","top":"-35","right":"0","bottom":"0","left":"6","isLinked":""},"_padding_mobile":{"unit":"%","top":"0","right":"0","bottom":"20","left":"0","isLinked":""},"_animation":"fadeIn","_animation_tablet":"none"},"elements":[],"isInner":false,"widgetType":"heading","elType":"widget"},{"id":"4f8b0149","settings":{"layout":"full_width","gap":"no","structure":"20","padding":{"unit":"%","top":"0","right":"0","bottom":"0","left":"12","isLinked":""},"padding_tablet":{"unit":"px","top":"0","right":"0","bottom":"0","left":"0","isLinked":""},"z_index":"50"},"elements":[{"id":"711e846b","settings":{"_column_size":"50","_inline_size":"54","_inline_size_tablet":"100","padding":{"unit":"%","top":"0","right":"9","bottom":"0","left":"0","isLinked":""},"padding_tablet":{"unit":"%","top":"0","right":"0","bottom":"14","left":"0","isLinked":""},"padding_mobile":{"unit":"%","top":"0","right":"0","bottom":"16","left":"0","isLinked":""}},"elements":[{"id":"43d8e1af","settings":{"testimonial_content":"\u201cAt the beginning I was very skeptical that I would enjoy practicing pilates online, but it\u2019s amazing! My motivation has got much stronger and I have improved my technique in such a short time. Thanks Clio!\u201c","testimonial_image":{"id":17120,"url":"http:\/\/library.elementor.com\/lp\/wp-content\/uploads\/2021\/01\/Recommendations_pic2.jpg"},"testimonial_image_size":"large","testimonial_name":"Noreen Martin","testimonial_job":"","testimonial_alignment":"left","content_content_color":"#000000","content_typography_typography":"custom","content_typography_font_family":"Merriweather Sans","content_typography_font_size":{"unit":"px","size":"18","sizes":[]},"content_typography_font_size_tablet":{"unit":"px","size":"15","sizes":[]},"content_typography_font_size_mobile":{"unit":"px","size":"14","sizes":[]},"content_typography_font_weight":"300","content_typography_text_transform":"none","content_typography_font_style":"normal","content_typography_text_decoration":"none","content_typography_line_height":{"unit":"px","size":"30","sizes":[]},"content_typography_line_height_tablet":{"unit":"em","size":"1.7","sizes":[]},"image_size":{"unit":"px","size":"55","sizes":[]},"image_border_width":{"unit":"px","size":"","sizes":[]},"image_border_width_tablet":{"unit":"px","size":"","sizes":[]},"image_border_width_mobile":{"unit":"px","size":"","sizes":[]},"image_border_color":"#000","image_border_radius":{"unit":"px","size":"","sizes":[],"left":"0","top":"0","right":"0","bottom":"0"},"name_text_color":"#202021","name_typography_typography":"custom","name_typography_font_family":"Merriweather","name_typography_font_size":{"unit":"px","size":"18","sizes":[]},"name_typography_font_size_tablet":{"unit":"px","size":"16","sizes":[]},"name_typography_font_size_mobile":{"unit":"px","size":"23","sizes":[]},"name_typography_font_weight":"bold","name_typography_text_transform":"capitalize","name_typography_font_style":"normal","name_typography_text_decoration":"none","name_typography_line_height":{"unit":"em","size":"1","sizes":[]}},"elements":[],"isInner":false,"widgetType":"testimonial","elType":"widget"}],"isInner":"1","elType":"column"},{"id":"68c4f4b","settings":{"_column_size":"50","_inline_size":"45.928","_inline_size_tablet":"100"},"elements":[{"id":"59c9fbda","settings":{"testimonial_content":"\u201cI love working out with Clio! She is an amazing pilates instructor. Always keeps me challenged and I never get bored. I\u2019ve been practicing Pilates for many years and Clio is definitely one of the best!\u201c","testimonial_image":{"id":17122,"url":"http:\/\/library.elementor.com\/lp\/wp-content\/uploads\/2021\/01\/Recommendations_pic1.jpg"},"testimonial_name":"Sarah Washington","testimonial_job":"","testimonial_alignment":"left","content_content_color":"#000000","content_typography_typography":"custom","content_typography_font_family":"Merriweather Sans","content_typography_font_size":{"unit":"px","size":"18","sizes":[]},"content_typography_font_size_tablet":{"unit":"px","size":"15","sizes":[]},"content_typography_font_size_mobile":{"unit":"px","size":"14","sizes":[]},"content_typography_font_weight":"300","content_typography_text_transform":"none","content_typography_font_style":"normal","content_typography_text_decoration":"none","content_typography_line_height":{"unit":"px","size":"30","sizes":[]},"content_typography_line_height_tablet":{"unit":"em","size":"1.7","sizes":[]},"image_size":{"unit":"px","size":"55","sizes":[]},"image_border_width":{"unit":"px","size":"","sizes":[]},"image_border_width_tablet":{"unit":"px","size":"","sizes":[]},"image_border_width_mobile":{"unit":"px","size":"","sizes":[]},"image_border_color":"#000","image_border_radius":{"unit":"px","size":"","sizes":[],"left":"0","top":"0","right":"0","bottom":"0"},"name_text_color":"#202021","name_typography_typography":"custom","name_typography_font_family":"Merriweather","name_typography_font_size":{"unit":"px","size":"18","sizes":[]},"name_typography_font_size_tablet":{"unit":"px","size":"16","sizes":[]},"name_typography_font_size_mobile":{"unit":"px","size":"23","sizes":[]},"name_typography_font_weight":"bold","name_typography_text_transform":"capitalize","name_typography_font_style":"normal","name_typography_text_decoration":"none","name_typography_line_height":{"unit":"em","size":"1","sizes":[]}},"elements":[],"isInner":false,"widgetType":"testimonial","elType":"widget"}],"isInner":"1","elType":"column"}],"isInner":"1","elType":"section"}],"isInner":"","elType":"column"}],"isInner":"","elType":"section"},{"id":"10e6f8b5","settings":{"content_width":{"unit":"px","size":"1440","sizes":[]},"gap":"no","height":"min-height","custom_height":{"unit":"px","size":"595","sizes":[]},"column_position":"stretch","content_position":"middle","overflow":"hidden","margin":{"unit":"%","top":"14","right":"0","bottom":"0","left":"0","isLinked":""},"margin_tablet":{"unit":"%","top":"20","right":"0","bottom":"0","left":"0","isLinked":""},"padding":{"unit":"%","top":"0","right":"4","bottom":"0","left":"4","isLinked":""},"padding_tablet":{"unit":"px","top":"0","right":"0","bottom":"0","left":"0","isLinked":""},"_title":"Call To Action"},"elements":[{"id":"175f87f9","settings":{"_column_size":"100","_inline_size_tablet":"100","background_background":"classic","background_color":"#F4D5B7","padding":{"unit":"%","top":"0","right":"0","bottom":"0","left":"0","isLinked":""},"padding_mobile":{"unit":"%","top":"0","right":"0","bottom":"16","left":"0","isLinked":""}},"elements":[{"id":"3c401017","settings":{"gap":"no","margin":{"unit":"px","top":"0","right":"0","bottom":"0","left":"0","isLinked":""},"padding":{"unit":"%","top":"0","right":"0","bottom":"0","left":"0","isLinked":""},"padding_tablet":{"unit":"%","top":"0","right":"17","bottom":"0","left":"17","isLinked":""},"padding_mobile":{"unit":"%","top":"0","right":"8","bottom":"0","left":"8","isLinked":""},"z_index":"40","content_width":{"unit":"px","size":"773","sizes":[]}},"elements":[{"id":"3259ad6b","settings":{"_column_size":"100","space_between_widgets":"0","padding":{"unit":"%","top":"0","right":"0","bottom":"0","left":"0","isLinked":""},"padding_tablet":{"unit":"%","top":"16","right":"0","bottom":"0","left":"0","isLinked":""},"padding_mobile":{"unit":"%","top":"0","right":"0","bottom":"0","left":"0","isLinked":""},"align":"center"},"elements":[{"id":"1273fa7a","settings":{"title":"Customized Mat Pilates Sessions Online","header_size":"h1","title_color":"#3D4039","typography_typography":"custom","typography_font_family":"Merriweather","typography_font_size":{"unit":"px","size":"65","sizes":[]},"typography_font_size_tablet":{"unit":"px","size":"42","sizes":[]},"typography_font_size_mobile":{"unit":"px","size":"36","sizes":[]},"typography_font_weight":"bold","typography_text_transform":"capitalize","typography_font_style":"normal","typography_text_decoration":"none","typography_line_height":{"unit":"px","size":"85","sizes":[]},"typography_line_height_tablet":{"unit":"em","size":"1.3","sizes":[]},"_padding":{"unit":"%","top":"0","right":"0","bottom":"5","left":"0","isLinked":""},"_padding_tablet":{"unit":"%","top":"0","right":"0","bottom":"6","left":"0","isLinked":""},"_z_index":"40","align":"center","_padding_mobile":{"unit":"%","top":"0","right":"0","bottom":"10","left":"0","isLinked":""},"_animation":"fadeIn","_animation_tablet":"none","animation_duration":"fast"},"elements":[],"isInner":false,"widgetType":"heading","elType":"widget"},{"id":"555ae149","settings":{"selected_icon":{"value":{"id":17110,"url":"http:\/\/library.elementor.com\/lp\/wp-content\/uploads\/2021\/01\/sketchy_line_icon.svg"},"library":"svg"},"align":"left","primary_color":"#FFFFFF","size":{"unit":"px","size":"229","sizes":[]},"size_tablet":{"unit":"px","size":"150","sizes":[]},"size_mobile":{"unit":"px","size":"120","sizes":[]},"_z_index":"10","_position":"absolute","_offset_x":{"unit":"%","size":"-3","sizes":[]},"_offset_y_end":{"unit":"%","size":"31.5","sizes":[]},"_offset_y_end_tablet":{"unit":"%","size":"40","sizes":[]},"_offset_y_end_mobile":{"unit":"%","size":"43.3","sizes":[]},"_element_width":"auto","_offset_y":{"unit":"%","size":"12","sizes":[]},"_offset_y_tablet":{"unit":"%","size":"7","sizes":[]},"_animation":"fadeIn","_animation_tablet":"none","animation_duration":"fast","_offset_orientation_h":"end","_offset_x_end":{"unit":"%","size":"15.5","sizes":[]},"_offset_x_end_tablet":{"unit":"%","size":"15.5","sizes":[]},"_offset_x_end_mobile":{"unit":"%","size":"31","sizes":[]},"_title":"Icon","_offset_y_mobile":{"unit":"%","size":"20","sizes":[]}},"elements":[],"isInner":false,"widgetType":"icon","elType":"widget"},{"id":"66e06817","settings":{"editor":"Challenging mat pilates workouts, for all levels, to empower mind and body. Try your first session for free!","text_color":"#3D4039","typography_typography":"custom","typography_font_family":"Merriweather Sans","typography_font_size":{"unit":"px","size":"18","sizes":[]},"typography_font_size_tablet":{"unit":"px","size":"17","sizes":[]},"typography_font_size_mobile":{"unit":"px","size":"16","sizes":[]},"typography_font_weight":"300","typography_line_height_tablet":{"unit":"em","size":"1.6","sizes":[]},"_padding":{"unit":"%","top":"0","right":"18","bottom":"10","left":"18","isLinked":""},"_padding_tablet":{"unit":"%","top":"0","right":"9","bottom":"14","left":"9","isLinked":""},"align":"center","typography_line_height":{"unit":"px","size":"30","sizes":[]},"_padding_mobile":{"unit":"%","top":"0","right":"0","bottom":"16","left":"0","isLinked":""},"_animation":"fadeIn","_animation_tablet":"none","_animation_delay":"500"},"elements":[],"isInner":false,"widgetType":"text-editor","elType":"widget"},{"id":"327edc47","settings":{"text":"Book Free Trial","typography_typography":"custom","typography_font_family":"Merriweather Sans","typography_font_size":{"unit":"px","size":"18","sizes":[]},"typography_font_weight":"300","typography_text_transform":"capitalize","typography_font_style":"normal","typography_text_decoration":"none","typography_line_height":{"unit":"em","size":"1","sizes":[]},"button_text_color":"#3D4039","background_color":"#FFFFFF","hover_color":"#FFFFFF","button_background_hover_color":"#3D4039","button_hover_border_color":"#3D4039","border_border":"solid","border_width":{"unit":"px","top":"2","right":"2","bottom":"2","left":"2","isLinked":"1"},"border_color":"#3D4039","border_radius":{"unit":"px","top":"0","right":"0","bottom":"0","left":"0","isLinked":"1"},"button_box_shadow_box_shadow":{"horizontal":"-10","vertical":"10","blur":"0","spread":"0","color":"#3D4039"},"text_padding":{"unit":"px","top":"18","right":"70","bottom":"18","left":"70","isLinked":""},"_margin":{"unit":"px","top":"0","right":"0","bottom":"0","left":"0","isLinked":""},"_background_background":"classic","_background_hover_background":"classic","_border_width":{"unit":"px","top":"1","right":"1","bottom":"1","left":"1","isLinked":"1"},"_border_color":"#3D4039","_box_shadow_box_shadow_type":"yes","_box_shadow_box_shadow":{"horizontal":"10","vertical":"10","blur":"0","spread":"0","color":"#3D4039"},"_border_hover_width":{"unit":"px","top":"1","right":"1","bottom":"1","left":"1","isLinked":"1"},"_border_hover_color":"#3D4039","_box_shadow_hover_box_shadow_type":"yes","_box_shadow_hover_box_shadow":{"horizontal":"0","vertical":"0","blur":"0","spread":"0","color":"#FFFFFF"},"_element_width":"auto","_animation":"fadeIn","animation_duration":"slow","_animation_delay":"700"},"elements":[],"isInner":false,"widgetType":"button","elType":"widget"}],"isInner":"1","elType":"column"}],"isInner":"1","elType":"section"},{"id":"205caf94","settings":{"selected_icon":{"value":{"id":17112,"url":"http:\/\/library.elementor.com\/lp\/wp-content\/uploads\/2021\/01\/Background-hero-Oval.svg"},"library":"svg"},"primary_color":"rgba(255, 255, 255, 0.3)","size":{"unit":"px","size":"1083","sizes":[]},"size_tablet":{"unit":"px","size":"900","sizes":[]},"_element_width":"auto","_position":"absolute","_offset_x":{"unit":"%","size":"73","sizes":[]},"_offset_x_tablet":{"unit":"%","size":"46","sizes":[]},"_offset_x_mobile":{"unit":"%","size":"30","sizes":[]},"_offset_y":{"unit":"%","size":"-50","sizes":[]},"_offset_y_tablet":{"unit":"%","size":"-40","sizes":[]},"_offset_y_mobile":{"unit":"%","size":"-20","sizes":[]}},"elements":[],"isInner":false,"widgetType":"icon","elType":"widget"}],"isInner":"","elType":"column"}],"isInner":"","elType":"section"},{"id":"3fa36721","settings":{"content_width":{"unit":"px","size":"1440","sizes":[]},"gap":"no","height":"min-height","custom_height":{"unit":"px","size":"160","sizes":[]},"custom_height_tablet":{"unit":"vh","size":"32","sizes":[]},"custom_height_mobile":{"unit":"vh","size":"60","sizes":[]},"content_position":"middle","html_tag":"footer","structure":"30","padding":{"unit":"%","top":"0","right":"4","bottom":"0","left":"4","isLinked":""},"padding_mobile":{"unit":"%","top":"0","right":"8","bottom":"0","left":"8","isLinked":""},"z_index":"40","_title":"Footer"},"elements":[{"id":"5ea56ee2","settings":{"_column_size":"33","_inline_size":"12.355","_inline_size_tablet":"100","padding_tablet":{"unit":"%","top":"0","right":"0","bottom":"6","left":"0","isLinked":""},"padding_mobile":{"unit":"%","top":"0","right":"0","bottom":"16","left":"0","isLinked":""}},"elements":[{"id":"3a18e3ed","settings":{"image":{"id":17124,"url":"http:\/\/library.elementor.com\/lp\/wp-content\/uploads\/2021\/01\/clio-footer-logo.png"},"align":"left","width":{"unit":"px","size":"157","sizes":[]},"_padding":{"unit":"%","top":"0","right":"0","bottom":"0","left":"0","isLinked":""},"_padding_tablet":{"unit":"%","top":"0","right":"0","bottom":"0","left":"0","isLinked":""},"_padding_mobile":{"unit":"%","top":"","right":"","bottom":"","left":"","isLinked":"1"},"align_tablet":"center"},"elements":[],"isInner":false,"widgetType":"image","elType":"widget"}],"isInner":"","elType":"column"},{"id":"314093f","settings":{"_column_size":"33","_inline_size":"74.927","_inline_size_tablet":"100","padding_tablet":{"unit":"%","top":"0","right":"0","bottom":"6","left":"0","isLinked":""},"padding_mobile":{"unit":"%","top":"0","right":"0","bottom":"16","left":"0","isLinked":""}},"elements":[{"id":"19c5742a","settings":{"title":"984 Abia Martin Drive, Poughkeepsie, NY 12601 | 212-977-9998\nClioPilates 2021. All rights reserved","header_size":"p","align":"center","title_color":"#3D4039","typography_typography":"custom","typography_font_family":"Merriweather Sans","typography_font_size":{"unit":"px","size":"12","sizes":[]},"typography_font_weight":"300","typography_line_height":{"unit":"px","size":"20","sizes":[]},"typography_line_height_tablet":{"unit":"em","size":"1.6","sizes":[]},"_padding":{"unit":"%","top":"0","right":"32","bottom":"0","left":"32","isLinked":""},"_padding_tablet":{"unit":"%","top":"0","right":"21","bottom":"0","left":"21","isLinked":""},"_padding_mobile":{"unit":"%","top":"0","right":"0","bottom":"0","left":"0","isLinked":""}},"elements":[],"isInner":false,"widgetType":"heading","elType":"widget"}],"isInner":"","elType":"column"},{"id":"1f1e89dd","settings":{"_column_size":"33","_inline_size":"12.4","_inline_size_tablet":"100"},"elements":[{"id":"dbf229c","settings":{"social_icon_list":[{"social_icon":{"value":{"id":17126,"url":"http:\/\/library.elementor.com\/lp\/wp-content\/uploads\/2021\/01\/insta-icon.svg"},"library":"svg"},"_id":"e4fd53e"},{"social_icon":{"value":"fab fa-facebook-f","library":"fa-brands"},"_id":"9f5badf"},{"social_icon":{"value":"fab fa-twitter","library":"fa-brands"},"_id":"8c814c1"}],"icon_color":"custom","icon_primary_color":"rgba(255, 255, 255, 0)","icon_secondary_color":"#3D4039","icon_size":{"unit":"px","size":"19","sizes":[]},"icon_padding":{"unit":"em","size":"0","sizes":[]},"icon_spacing":{"unit":"px","size":"24","sizes":[]},"hover_primary_color":"rgba(255, 255, 255, 0)","hover_secondary_color":"#F4D5B7","align":"right","align_tablet":"center","motion_fx_translateY_speed":{"unit":"px","size":"4","sizes":[]},"motion_fx_translateY_affectedRange":{"unit":"%","size":"","sizes":{"start":"0","end":"100"}},"motion_fx_translateX_speed":{"unit":"px","size":"4","sizes":[]},"motion_fx_translateX_affectedRange":{"unit":"%","size":"","sizes":{"start":"0","end":"100"}},"motion_fx_opacity_level":{"unit":"px","size":"10","sizes":[]},"motion_fx_opacity_range":{"unit":"%","size":"","sizes":{"start":"20","end":"80"}},"motion_fx_blur_level":{"unit":"px","size":"7","sizes":[]},"motion_fx_blur_range":{"unit":"%","size":"","sizes":{"start":"20","end":"80"}},"motion_fx_rotateZ_speed":{"unit":"px","size":"1","sizes":[]},"motion_fx_rotateZ_affectedRange":{"unit":"%","size":"","sizes":{"start":"0","end":"100"}},"motion_fx_scale_speed":{"unit":"px","size":"4","sizes":[]},"motion_fx_scale_range":{"unit":"%","size":"","sizes":{"start":"20","end":"80"}},"motion_fx_mouseTrack_speed":{"unit":"px","size":"1","sizes":[]},"motion_fx_tilt_speed":{"unit":"px","size":"4","sizes":[]},"sticky_offset":"0","sticky_effects_offset":"0"},"elements":[],"isInner":false,"widgetType":"social-icons","elType":"widget"}],"isInner":"","elType":"column"}],"isInner":"","elType":"section"}]}