{"version":"0.4","title":"17001","type":"page","content":[{"id":"14b50745","settings":{"layout":"full_width","gap":"no","height":"min-height","custom_height":{"unit":"px","size":"53","sizes":[]},"content_position":"middle","background_background":"classic","background_color":"#C4A9A7","_title":"Top Bar","padding":{"unit":"%","top":"0","right":"8","bottom":"0","left":"8","isLinked":""},"padding_tablet":{"unit":"%","top":"","right":"","bottom":"","left":"","isLinked":"1"},"padding_mobile":{"unit":"%","top":"3","right":"8","bottom":"3","left":"8","isLinked":""},"_timestamp_":"v1b1BCenZXN2gxUTBqb0JJSWxJTVlPZz09"},"elements":[{"id":"430e7ce1","settings":{"_column_size":"100"},"elements":[{"id":"4b5e42ea","settings":{"title":"A first online consultation meeting is free of charge - Contact to start making a change in your family","header_size":"p","align":"center","title_color":"#E4E4E4","typography_typography":"custom","typography_font_family":"Karla","typography_font_size":{"unit":"px","size":"20","sizes":[]},"typography_font_weight":"500","typography_text_transform":"none","typography_font_style":"normal","typography_text_decoration":"none","typography_letter_spacing":{"unit":"px","size":"0","sizes":[]},"_animation":"fadeInDown","typography_font_size_tablet":{"unit":"px","size":"16","sizes":[]}},"elements":[],"isInner":false,"widgetType":"heading","elType":"widget"}],"isInner":"","elType":"column"}],"isInner":"","elType":"section"},{"id":"4f399371","settings":{"structure":"20","layout":"full_width","gap":"no","height":"min-height","custom_height":{"unit":"vh","size":"90","sizes":[]},"column_position":"stretch","padding":{"unit":"%","top":"0","right":"0","bottom":"0","left":"8","isLinked":""},"_title":"Hero","padding_tablet":{"unit":"%","top":"0","right":"8","bottom":"0","left":"8","isLinked":""},"_timestamp_":"v1b1BCenZXN2gxUTBqb0JJSWxJTVlPZz09"},"elements":[{"id":"556ac37","settings":{"_column_size":"50","_inline_size":"55","margin":{"unit":"%","top":"","right":"","bottom":"","left":"","isLinked":"1"},"_inline_size_tablet":"100","padding":{"unit":"%","top":"15","right":"20","bottom":"0","left":"0","isLinked":""},"padding_tablet":{"unit":"%","top":"10","right":"0","bottom":"0","left":"0","isLinked":""},"margin_mobile":{"unit":"%","top":"","right":"","bottom":"","left":"","isLinked":"1"},"padding_mobile":{"unit":"%","top":"15","right":"0","bottom":"0","left":"0","isLinked":""}},"elements":[{"id":"54b24d52","settings":{"image_size":"full","image":{"id":16793,"url":"http:\/\/library.elementor.com\/lp\/wp-content\/uploads\/2021\/01\/20_Parenting_Coach-Logo@2x.png"},"align":"left","width":{"unit":"px","size":"","sizes":[]},"_margin":{"unit":"px","top":"-4","right":"0","bottom":"0","left":"0","isLinked":""},"_element_width":"initial","_element_custom_width":{"unit":"px","size":"140","sizes":[]},"_element_vertical_align":"center","width_mobile":{"unit":"px","size":"","sizes":[]},"_element_width_mobile":"initial","_element_custom_width_mobile":{"unit":"px","size":"110","sizes":[]}},"elements":[],"isInner":false,"widgetType":"image","elType":"widget"},{"id":"6e2eb895","settings":{"title":"Parenting coach","header_size":"p","title_color":"#000000","typography_typography":"custom","typography_font_family":"Poppins","typography_font_size":{"unit":"px","size":"20","sizes":[]},"typography_font_weight":"300","typography_text_transform":"uppercase","typography_font_style":"normal","typography_text_decoration":"none","typography_letter_spacing":{"unit":"px","size":"3","sizes":[]},"_margin":{"unit":"px","top":"0","right":"0","bottom":"0","left":"12","isLinked":""},"_padding":{"unit":"px","top":"3","right":"0","bottom":"3","left":"12","isLinked":""},"_border_border":"solid","_border_width":{"unit":"px","top":"0","right":"0","bottom":"0","left":"2","isLinked":""},"_border_color":"#C4A9A7","_element_width":"auto","_element_vertical_align":"center","typography_font_size_mobile":{"unit":"px","size":"14","sizes":[]},"_margin_mobile":{"unit":"px","top":"0","right":"0","bottom":"0","left":"7","isLinked":""},"_padding_mobile":{"unit":"px","top":"0","right":"0","bottom":"0","left":"7","isLinked":""}},"elements":[],"isInner":false,"widgetType":"heading","elType":"widget"},{"id":"29d55e1f","settings":{"layout":"full_width","gap":"no","margin":{"unit":"%","top":"15","right":"0","bottom":"0","left":"0","isLinked":""},"margin_tablet":{"unit":"%","top":"8","right":"0","bottom":"0","left":"0","isLinked":""},"margin_mobile":{"unit":"%","top":"15","right":"0","bottom":"0","left":"0","isLinked":""}},"elements":[{"id":"1ecba349","settings":{"_column_size":"100","padding":{"unit":"%","top":"","right":"","bottom":"","left":"","isLinked":"1"},"space_between_widgets_mobile":"15"},"elements":[{"id":"212ded08","settings":{"title":"One-on-One Online Parental Consulting","header_size":"h3","title_color":"#C4A9A7","typography_typography":"custom","typography_font_family":"Karla","typography_font_size":{"unit":"px","size":"24","sizes":[]},"typography_font_weight":"500","typography_text_transform":"none","typography_font_style":"normal","typography_text_decoration":"none","typography_letter_spacing":{"unit":"px","size":"1.2","sizes":[]},"typography_line_height":{"unit":"em","size":"1.2","sizes":[]},"typography_font_size_tablet":{"unit":"px","size":"20","sizes":[]},"typography_font_size_mobile":{"unit":"px","size":"18","sizes":[]}},"elements":[],"isInner":false,"widgetType":"heading","elType":"widget"},{"id":"204d0d3c","settings":{"title":"Time to open a healthy communication line with your children","header_size":"h1","title_color":"#000000","__globals__":{"typography_typography":""},"typography_typography":"custom","typography_font_family":"Karla","typography_font_size":{"unit":"px","size":"65","sizes":[]},"typography_font_size_tablet":{"unit":"px","size":"45","sizes":[]},"typography_font_size_mobile":{"unit":"px","size":"35","sizes":[]},"typography_font_weight":"500","typography_text_transform":"none","typography_font_style":"normal","typography_text_decoration":"none","typography_line_height":{"unit":"em","size":"1","sizes":[]},"typography_letter_spacing":{"unit":"px","size":"0","sizes":[]}},"elements":[],"isInner":false,"widgetType":"heading","elType":"widget"},{"id":"107de6b0","settings":{"editor":"It\u2019s time to establish a real connection with your children, especially in this time of COVID-19 when constant time spent with your family may cause friction and problems.","text_color":"#4A4A4A","_padding":{"unit":"%","top":"0","right":"30","bottom":"0","left":"0","isLinked":""},"__globals__":{"typography_typography":""},"_padding_mobile":{"unit":"px","top":"0","right":"0","bottom":"0","left":"0","isLinked":""},"typography_typography":"custom","typography_font_family":"Karla","typography_font_size":{"unit":"px","size":"16","sizes":[]},"typography_font_size_tablet":{"unit":"px","size":"14","sizes":[]},"typography_font_weight":"400","typography_text_transform":"none","typography_font_style":"normal","typography_text_decoration":"none","typography_line_height":{"unit":"em","size":"1.4","sizes":[]},"typography_letter_spacing":{"unit":"px","size":"0","sizes":[]}},"elements":[],"isInner":false,"widgetType":"text-editor","elType":"widget"},{"id":"18eb042","settings":{"text":"Book a consultation","button_text_color":"#F7F8F8","background_color":"#C4A9A7","button_background_hover_color":"#000000","border_radius":{"unit":"px","top":"0","right":"0","bottom":"0","left":"0","isLinked":""},"text_padding":{"unit":"px","top":"20","right":"30","bottom":"20","left":"30","isLinked":""},"__globals__":{"typography_typography":""},"typography_typography":"custom","typography_font_family":"Karla","typography_font_size":{"unit":"px","size":"16","sizes":[]},"typography_font_size_tablet":{"unit":"px","size":"14","sizes":[]},"typography_font_weight":"500","typography_text_transform":"uppercase","typography_font_style":"normal","typography_text_decoration":"none","typography_line_height":{"unit":"em","size":"1","sizes":[]},"typography_letter_spacing":{"unit":"px","size":"1","sizes":[]},"link":{"url":"#contact_form","is_external":"","nofollow":"","custom_attributes":""}},"elements":[],"isInner":false,"widgetType":"button","elType":"widget"}],"isInner":"1","elType":"column"}],"isInner":"1","elType":"section"}],"isInner":"","elType":"column"},{"id":"84f28c3","settings":{"_column_size":"50","_inline_size":"44.956","background_background":"classic","background_color":"#E5DDD8","content_position":"center","padding":{"unit":"%","top":"15","right":"15","bottom":"15","left":"15","isLinked":"1"},"_inline_size_tablet":"100","margin_tablet":{"unit":"%","top":"10","right":"0","bottom":"0","left":"0","isLinked":""},"margin_mobile":{"unit":"%","top":"20","right":"0","bottom":"0","left":"0","isLinked":""}},"elements":[{"id":"12c6cd27","settings":{"image":{"id":16795,"url":"http:\/\/library.elementor.com\/lp\/wp-content\/uploads\/2021\/01\/20_Parenting_Coach-Hero.jpg"},"image_size":"full","motion_fx_motion_fx_scrolling":"yes","motion_fx_translateY_affectedRange":{"unit":"%","size":"","sizes":{"start":"50","end":"100"}},"motion_fx_scale_effect":"yes","motion_fx_scale_speed":{"unit":"px","size":"-2","sizes":[]},"motion_fx_scale_range":{"unit":"%","size":"","sizes":{"start":"50","end":"99"}}},"elements":[],"isInner":false,"widgetType":"image","elType":"widget"}],"isInner":"","elType":"column"}],"isInner":"","elType":"section"},{"id":"6465bb44","settings":{"layout":"full_width","gap":"no","custom_height":{"unit":"px","size":"194","sizes":[]},"column_position":"stretch","margin":{"unit":"%","top":"10","right":"0","bottom":"0","left":"0","isLinked":""},"padding":{"unit":"%","top":"0","right":"8","bottom":"0","left":"8","isLinked":""},"_title":"About","margin_tablet":{"unit":"%","top":"25","right":"0","bottom":"0","left":"0","isLinked":""},"margin_mobile":{"unit":"%","top":"25","right":"0","bottom":"0","left":"0","isLinked":""},"_timestamp_":"v1b1BCenZXN2gxUTBqb0JJSWxJTVlPZz09"},"elements":[{"id":"3328d530","settings":{"_column_size":"100"},"elements":[{"id":"22821856","settings":{"selected_icon":{"value":{"id":16797,"url":"http:\/\/library.elementor.com\/lp\/wp-content\/uploads\/2021\/01\/20_Parenting_Coach-TheShape.svg"},"library":"svg"},"primary_color":"#E1D7D0","size":{"unit":"px","size":"265","sizes":[]},"_element_width":"auto","_position":"absolute","_offset_y":{"unit":"px","size":"30","sizes":[]},"_animation":"fadeIn","animation_duration":"slow"},"elements":[],"isInner":false,"widgetType":"icon","elType":"widget"},{"id":"3cad216e","settings":{"layout":"full_width","gap":"no","content_position":"middle","structure":"20","padding":{"unit":"%","top":"0","right":"10","bottom":"0","left":"10","isLinked":""},"z_index":"1","margin_mobile":{"unit":"%","top":"35","right":"0","bottom":"0","left":"0","isLinked":""},"padding_mobile":{"unit":"px","top":"0","right":"0","bottom":"0","left":"0","isLinked":""}},"elements":[{"id":"59498ac0","settings":{"_column_size":"50","padding":{"unit":"%","top":"","right":"","bottom":"","left":"","isLinked":"1"},"background_background":"classic","_inline_size_tablet":"100"},"elements":[{"id":"1f000329","settings":{"image":{"id":16799,"url":"http:\/\/library.elementor.com\/lp\/wp-content\/uploads\/2021\/01\/20_Parenting_Coach-About.jpg"},"image_size":"full","align":"left","height":{"unit":"vh","size":"","sizes":[]},"object-fit":"cover","align_tablet":"right","width_tablet":{"unit":"%","size":"95","sizes":[]},"width_mobile":{"unit":"%","size":"80","sizes":[]}},"elements":[],"isInner":false,"widgetType":"image","elType":"widget"},{"id":"d4c1204","settings":{"title":"Hi, I'm Amy Jones,<br>\ncertificated parenting coach","header_size":"h3","title_color":"#F7F8F8","_padding":{"unit":"px","top":"30","right":"50","bottom":"30","left":"50","isLinked":""},"_z_index":"2","_background_background":"classic","_background_color":"#C4A9A7","_element_width":"auto","_position":"absolute","_offset_x_end":{"unit":"px","size":"-76.6","sizes":[]},"_offset_y":{"unit":"px","size":"-40","sizes":[]},"__globals__":{"typography_typography":""},"_offset_x":{"unit":"px","size":"-60","sizes":[]},"_offset_x_tablet":{"unit":"px","size":"0","sizes":[]},"_padding_mobile":{"unit":"px","top":"12","right":"20","bottom":"12","left":"20","isLinked":""},"typography_typography":"custom","typography_font_family":"Karla","typography_font_size":{"unit":"px","size":"24","sizes":[]},"typography_font_size_tablet":{"unit":"px","size":"20","sizes":[]},"typography_font_size_mobile":{"unit":"px","size":"18","sizes":[]},"typography_font_weight":"500","typography_text_transform":"none","typography_font_style":"normal","typography_text_decoration":"none","typography_line_height":{"unit":"em","size":"1.2","sizes":[]},"typography_letter_spacing":{"unit":"px","size":"0","sizes":[]}},"elements":[],"isInner":false,"widgetType":"heading","elType":"widget"}],"isInner":"1","elType":"column"},{"id":"1352ad19","settings":{"_column_size":"50","space_between_widgets":"40","padding":{"unit":"%","top":"0","right":"0","bottom":"0","left":"5","isLinked":""},"_inline_size_tablet":"100","margin_tablet":{"unit":"%","top":"8","right":"0","bottom":"0","left":"0","isLinked":""},"padding_tablet":{"unit":"px","top":"0","right":"0","bottom":"0","left":"0","isLinked":""},"space_between_widgets_mobile":"20","margin_mobile":{"unit":"%","top":"","right":"","bottom":"","left":"","isLinked":"1"}},"elements":[{"id":"66c38f3f","settings":{"title":"You have already taken the first step by understanding you need to change something in your family relationships. <br>Let me help you the rest of the way.","header_size":"h3","title_color":"#000000","__globals__":{"typography_typography":""},"typography_typography":"custom","typography_font_family":"Karla","typography_font_size":{"unit":"px","size":"24","sizes":[]},"typography_font_size_tablet":{"unit":"px","size":"20","sizes":[]},"typography_font_size_mobile":{"unit":"px","size":"18","sizes":[]},"typography_font_weight":"500","typography_text_transform":"none","typography_font_style":"normal","typography_text_decoration":"none","typography_line_height":{"unit":"em","size":"1.2","sizes":[]},"typography_letter_spacing":{"unit":"px","size":"0","sizes":[]}},"elements":[],"isInner":false,"widgetType":"heading","elType":"widget"},{"id":"1508d895","settings":{"editor":"My journey started with my own family and the problems we had as parents, feeling that we were not doing a good job with our children. This feeling encouraged me to change and start to understand how to be better for myself and my family. I have more than ten years experience of Individual parent coaching and group coaching. Let's work together to be a happy family that understands boundaries, but with love and a smile.","text_color":"#4A4A4A","_padding":{"unit":"%","top":"","right":"","bottom":"","left":"","isLinked":"1"},"__globals__":{"typography_typography":""},"typography_typography":"custom","typography_font_family":"Karla","typography_font_size":{"unit":"px","size":"16","sizes":[]},"typography_font_size_tablet":{"unit":"px","size":"14","sizes":[]},"typography_font_weight":"400","typography_text_transform":"none","typography_font_style":"normal","typography_text_decoration":"none","typography_line_height":{"unit":"em","size":"1.4","sizes":[]},"typography_letter_spacing":{"unit":"px","size":"0","sizes":[]}},"elements":[],"isInner":false,"widgetType":"text-editor","elType":"widget"},{"id":"79cf8855","settings":{"text":"Book a consultation","button_text_color":"#F7F8F8","background_color":"#C4A9A7","button_background_hover_color":"#000000","border_radius":{"unit":"px","top":"0","right":"0","bottom":"0","left":"0","isLinked":""},"text_padding":{"unit":"px","top":"20","right":"30","bottom":"20","left":"30","isLinked":""},"_animation":"pulse","_element_width":"auto","__globals__":{"typography_typography":""},"typography_typography":"custom","typography_font_family":"Karla","typography_font_size":{"unit":"px","size":"16","sizes":[]},"typography_font_size_tablet":{"unit":"px","size":"14","sizes":[]},"typography_font_weight":"500","typography_text_transform":"uppercase","typography_font_style":"normal","typography_text_decoration":"none","typography_line_height":{"unit":"em","size":"1","sizes":[]},"typography_letter_spacing":{"unit":"px","size":"1","sizes":[]},"link":{"url":"#contact_form","is_external":"","nofollow":"","custom_attributes":""}},"elements":[],"isInner":false,"widgetType":"button","elType":"widget"}],"isInner":"1","elType":"column"}],"isInner":"1","elType":"section"}],"isInner":"","elType":"column"}],"isInner":"","elType":"section"},{"id":"1bf02dc4","settings":{"layout":"full_width","gap":"no","margin":{"unit":"%","top":"15","right":"0","bottom":"0","left":"0","isLinked":""},"padding":{"unit":"%","top":"0","right":"8","bottom":"0","left":"8","isLinked":""},"_title":"How to Get Started","margin_tablet":{"unit":"%","top":"25","right":"0","bottom":"0","left":"0","isLinked":""},"margin_mobile":{"unit":"%","top":"35","right":"0","bottom":"0","left":"0","isLinked":""},"_timestamp_":"v1b1BCenZXN2gxUTBqb0JJSWxJTVlPZz09"},"elements":[{"id":"48fca4ff","settings":{"_column_size":"100"},"elements":[{"id":"1d802756","settings":{"title":"How to get started","align":"center","title_color":"#000000","__globals__":{"typography_typography":""},"typography_typography":"custom","typography_font_family":"Karla","typography_font_size":{"unit":"px","size":"65","sizes":[]},"typography_font_size_tablet":{"unit":"px","size":"45","sizes":[]},"typography_font_size_mobile":{"unit":"px","size":"35","sizes":[]},"typography_font_weight":"500","typography_text_transform":"none","typography_font_style":"normal","typography_text_decoration":"none","typography_line_height":{"unit":"em","size":"1","sizes":[]},"typography_letter_spacing":{"unit":"px","size":"0","sizes":[]}},"elements":[],"isInner":false,"widgetType":"heading","elType":"widget"},{"id":"7eaabc02","settings":{"layout":"full_width","gap":"no","structure":"20","margin":{"unit":"%","top":"4","right":"0","bottom":"0","left":"0","isLinked":""},"padding":{"unit":"%","top":"0","right":"10","bottom":"0","left":"10","isLinked":""},"padding_mobile":{"unit":"px","top":"0","right":"0","bottom":"0","left":"0","isLinked":""}},"elements":[{"id":"2158c7d3","settings":{"_column_size":"50","background_background":"classic","background_color":"#E5DDD8","border_border":"solid","border_width":{"unit":"px","top":"21","right":"0","bottom":"0","left":"0","isLinked":""},"border_color":"#C4A9A7","border_hover_border":"solid","border_hover_width":{"unit":"px","top":"0","right":"0","bottom":"21","left":"0","isLinked":""},"margin":{"unit":"%","top":"0","right":"5","bottom":"0","left":"0","isLinked":""},"padding":{"unit":"%","top":"8","right":"20","bottom":"8","left":"20","isLinked":""},"margin_mobile":{"unit":"px","top":"0","right":"0","bottom":"0","left":"0","isLinked":""}},"elements":[{"id":"3a3c2b76","settings":{"title":"Step 1:","header_size":"p","title_color":"#C4A9A7","__globals__":{"typography_typography":""},"typography_typography":"custom","typography_font_family":"Karla","typography_font_size":{"unit":"px","size":"20","sizes":[]},"typography_font_size_tablet":{"unit":"px","size":"18","sizes":[]},"typography_font_size_mobile":{"unit":"px","size":"16","sizes":[]},"typography_font_weight":"500","typography_text_transform":"uppercase","typography_font_style":"normal","typography_text_decoration":"none","typography_letter_spacing":{"unit":"px","size":"0","sizes":[]}},"elements":[],"isInner":false,"widgetType":"heading","elType":"widget"},{"id":"1925f4e5","settings":{"title":"Knowing each other","header_size":"h3","title_color":"#000000","__globals__":{"typography_typography":""},"typography_typography":"custom","typography_font_family":"Karla","typography_font_size":{"unit":"px","size":"24","sizes":[]},"typography_font_size_tablet":{"unit":"px","size":"20","sizes":[]},"typography_font_size_mobile":{"unit":"px","size":"18","sizes":[]},"typography_font_weight":"500","typography_text_transform":"none","typography_font_style":"normal","typography_text_decoration":"none","typography_line_height":{"unit":"em","size":"1.2","sizes":[]},"typography_letter_spacing":{"unit":"px","size":"0","sizes":[]}},"elements":[],"isInner":false,"widgetType":"heading","elType":"widget"},{"id":"22284336","settings":{"editor":"We will meet for an informative meeting to get to know each other and understand the main problems you need to solve as a family.","text_color":"#000000","__globals__":{"typography_typography":""},"typography_typography":"custom","typography_font_family":"Karla","typography_font_size":{"unit":"px","size":"16","sizes":[]},"typography_font_size_tablet":{"unit":"px","size":"14","sizes":[]},"typography_font_weight":"400","typography_text_transform":"none","typography_font_style":"normal","typography_text_decoration":"none","typography_line_height":{"unit":"em","size":"1.4","sizes":[]},"typography_letter_spacing":{"unit":"px","size":"0","sizes":[]}},"elements":[],"isInner":false,"widgetType":"text-editor","elType":"widget"}],"isInner":"1","elType":"column"},{"id":"68868468","settings":{"_column_size":"50","background_background":"classic","background_color":"#E5DDD8","border_border":"solid","border_width":{"unit":"px","top":"21","right":"0","bottom":"0","left":"0","isLinked":""},"border_color":"#C4A9A7","border_hover_border":"solid","border_hover_width":{"unit":"px","top":"0","right":"0","bottom":"21","left":"0","isLinked":""},"margin":{"unit":"%","top":"0","right":"0","bottom":"0","left":"5","isLinked":""},"padding":{"unit":"%","top":"8","right":"20","bottom":"8","left":"20","isLinked":""},"margin_mobile":{"unit":"%","top":"20","right":"0","bottom":"0","left":"0","isLinked":""}},"elements":[{"id":"23a59ee","settings":{"title":"Step 2:","header_size":"p","title_color":"#C4A9A7","__globals__":{"typography_typography":""},"typography_typography":"custom","typography_font_family":"Karla","typography_font_size":{"unit":"px","size":"20","sizes":[]},"typography_font_size_tablet":{"unit":"px","size":"18","sizes":[]},"typography_font_size_mobile":{"unit":"px","size":"16","sizes":[]},"typography_font_weight":"500","typography_text_transform":"uppercase","typography_font_style":"normal","typography_text_decoration":"none","typography_letter_spacing":{"unit":"px","size":"0","sizes":[]}},"elements":[],"isInner":false,"widgetType":"heading","elType":"widget"},{"id":"12d3f102","settings":{"title":"Coming up with a plan","header_size":"h3","title_color":"#000000","__globals__":{"typography_typography":""},"typography_typography":"custom","typography_font_family":"Karla","typography_font_size":{"unit":"px","size":"24","sizes":[]},"typography_font_size_tablet":{"unit":"px","size":"20","sizes":[]},"typography_font_size_mobile":{"unit":"px","size":"18","sizes":[]},"typography_font_weight":"500","typography_text_transform":"none","typography_font_style":"normal","typography_text_decoration":"none","typography_line_height":{"unit":"em","size":"1.2","sizes":[]},"typography_letter_spacing":{"unit":"px","size":"0","sizes":[]}},"elements":[],"isInner":false,"widgetType":"heading","elType":"widget"},{"id":"500dfa2b","settings":{"editor":"<p>Creating the work plan together with a clear vision that will be best for each family member.<\/p>","text_color":"#000000","__globals__":{"typography_typography":""},"typography_typography":"custom","typography_font_family":"Karla","typography_font_size":{"unit":"px","size":"16","sizes":[]},"typography_font_size_tablet":{"unit":"px","size":"14","sizes":[]},"typography_font_weight":"400","typography_text_transform":"none","typography_font_style":"normal","typography_text_decoration":"none","typography_line_height":{"unit":"em","size":"1.4","sizes":[]},"typography_letter_spacing":{"unit":"px","size":"0","sizes":[]}},"elements":[],"isInner":false,"widgetType":"text-editor","elType":"widget"}],"isInner":"1","elType":"column"}],"isInner":"1","elType":"section"},{"id":"27461cf1","settings":{"layout":"full_width","gap":"no","structure":"20","margin":{"unit":"%","top":"4","right":"0","bottom":"0","left":"0","isLinked":""},"padding":{"unit":"%","top":"0","right":"10","bottom":"0","left":"10","isLinked":""},"margin_mobile":{"unit":"%","top":"20","right":"0","bottom":"0","left":"0","isLinked":""},"padding_mobile":{"unit":"px","top":"0","right":"0","bottom":"0","left":"0","isLinked":""}},"elements":[{"id":"3e9eb77f","settings":{"_column_size":"50","background_background":"classic","background_color":"#E5DDD8","border_border":"solid","border_width":{"unit":"px","top":"21","right":"0","bottom":"0","left":"0","isLinked":""},"border_color":"#C4A9A7","border_hover_border":"solid","border_hover_width":{"unit":"px","top":"0","right":"0","bottom":"21","left":"0","isLinked":""},"margin":{"unit":"%","top":"0","right":"5","bottom":"0","left":"0","isLinked":""},"padding":{"unit":"%","top":"8","right":"20","bottom":"8","left":"20","isLinked":""},"margin_mobile":{"unit":"px","top":"0","right":"0","bottom":"0","left":"0","isLinked":""}},"elements":[{"id":"14bb615a","settings":{"title":"Step 3:","header_size":"p","title_color":"#C4A9A7","__globals__":{"typography_typography":""},"typography_typography":"custom","typography_font_family":"Karla","typography_font_size":{"unit":"px","size":"20","sizes":[]},"typography_font_size_tablet":{"unit":"px","size":"18","sizes":[]},"typography_font_size_mobile":{"unit":"px","size":"16","sizes":[]},"typography_font_weight":"500","typography_text_transform":"uppercase","typography_font_style":"normal","typography_text_decoration":"none","typography_letter_spacing":{"unit":"px","size":"0","sizes":[]}},"elements":[],"isInner":false,"widgetType":"heading","elType":"widget"},{"id":"6c595d32","settings":{"title":"Starting the process","header_size":"h3","title_color":"#000000","__globals__":{"typography_typography":""},"typography_typography":"custom","typography_font_family":"Karla","typography_font_size":{"unit":"px","size":"24","sizes":[]},"typography_font_size_tablet":{"unit":"px","size":"20","sizes":[]},"typography_font_size_mobile":{"unit":"px","size":"18","sizes":[]},"typography_font_weight":"500","typography_text_transform":"none","typography_font_style":"normal","typography_text_decoration":"none","typography_line_height":{"unit":"em","size":"1.2","sizes":[]},"typography_letter_spacing":{"unit":"px","size":"0","sizes":[]}},"elements":[],"isInner":false,"widgetType":"heading","elType":"widget"},{"id":"3050fc1c","settings":{"editor":"We will set up goals and schedule meetings so we can explain details about of the process.","text_color":"#000000","__globals__":{"typography_typography":""},"typography_typography":"custom","typography_font_family":"Karla","typography_font_size":{"unit":"px","size":"16","sizes":[]},"typography_font_size_tablet":{"unit":"px","size":"14","sizes":[]},"typography_font_weight":"400","typography_text_transform":"none","typography_font_style":"normal","typography_text_decoration":"none","typography_line_height":{"unit":"em","size":"1.4","sizes":[]},"typography_letter_spacing":{"unit":"px","size":"0","sizes":[]}},"elements":[],"isInner":false,"widgetType":"text-editor","elType":"widget"}],"isInner":"1","elType":"column"},{"id":"e3701a2","settings":{"_column_size":"50","background_background":"classic","background_color":"#E5DDD8","border_border":"solid","border_width":{"unit":"px","top":"21","right":"0","bottom":"0","left":"0","isLinked":""},"border_color":"#C4A9A7","border_hover_border":"solid","border_hover_width":{"unit":"px","top":"0","right":"0","bottom":"21","left":"0","isLinked":""},"margin":{"unit":"%","top":"0","right":"0","bottom":"0","left":"5","isLinked":""},"padding":{"unit":"%","top":"8","right":"20","bottom":"8","left":"20","isLinked":""},"margin_mobile":{"unit":"%","top":"20","right":"0","bottom":"0","left":"0","isLinked":""}},"elements":[{"id":"7fd6685e","settings":{"title":"Step 4:","header_size":"p","title_color":"#C4A9A7","__globals__":{"typography_typography":""},"typography_typography":"custom","typography_font_family":"Karla","typography_font_size":{"unit":"px","size":"20","sizes":[]},"typography_font_size_tablet":{"unit":"px","size":"18","sizes":[]},"typography_font_size_mobile":{"unit":"px","size":"16","sizes":[]},"typography_font_weight":"500","typography_text_transform":"uppercase","typography_font_style":"normal","typography_text_decoration":"none","typography_letter_spacing":{"unit":"px","size":"0","sizes":[]}},"elements":[],"isInner":false,"widgetType":"heading","elType":"widget"},{"id":"20e4c060","settings":{"title":"Road to success","header_size":"h3","title_color":"#000000","__globals__":{"typography_typography":""},"typography_typography":"custom","typography_font_family":"Karla","typography_font_size":{"unit":"px","size":"24","sizes":[]},"typography_font_size_tablet":{"unit":"px","size":"20","sizes":[]},"typography_font_size_mobile":{"unit":"px","size":"18","sizes":[]},"typography_font_weight":"500","typography_text_transform":"none","typography_font_style":"normal","typography_text_decoration":"none","typography_line_height":{"unit":"em","size":"1.2","sizes":[]},"typography_letter_spacing":{"unit":"px","size":"0","sizes":[]}},"elements":[],"isInner":false,"widgetType":"heading","elType":"widget"},{"id":"a100164","settings":{"editor":"We will see results if we have the full cooperation and dedication of the whole family.","text_color":"#000000","__globals__":{"typography_typography":""},"typography_typography":"custom","typography_font_family":"Karla","typography_font_size":{"unit":"px","size":"16","sizes":[]},"typography_font_size_tablet":{"unit":"px","size":"14","sizes":[]},"typography_font_weight":"400","typography_text_transform":"none","typography_font_style":"normal","typography_text_decoration":"none","typography_line_height":{"unit":"em","size":"1.4","sizes":[]},"typography_letter_spacing":{"unit":"px","size":"0","sizes":[]}},"elements":[],"isInner":false,"widgetType":"text-editor","elType":"widget"}],"isInner":"1","elType":"column"}],"isInner":"1","elType":"section"}],"isInner":"","elType":"column"}],"isInner":"","elType":"section"},{"id":"ddbd642","settings":{"layout":"full_width","gap":"no","margin":{"unit":"%","top":"15","right":"0","bottom":"0","left":"0","isLinked":""},"padding":{"unit":"%","top":"8","right":"8","bottom":"8","left":"8","isLinked":""},"background_background":"classic","background_color":"#E5DDD8","_title":"Testimonials","margin_tablet":{"unit":"%","top":"25","right":"0","bottom":"0","left":"0","isLinked":""},"padding_tablet":{"unit":"%","top":"15","right":"8","bottom":"15","left":"8","isLinked":""},"margin_mobile":{"unit":"%","top":"35","right":"0","bottom":"0","left":"0","isLinked":""},"_timestamp_":"v1b1BCenZXN2gxUTBqb0JJSWxJTVlPZz09"},"elements":[{"id":"2c5bb0ad","settings":{"_column_size":"100"},"elements":[{"id":"73c1c31d","settings":{"title":"Parents share their <br>story and success","align":"center","title_color":"#000000","__globals__":{"typography_typography":""},"typography_typography":"custom","typography_font_family":"Karla","typography_font_size":{"unit":"px","size":"65","sizes":[]},"typography_font_size_tablet":{"unit":"px","size":"45","sizes":[]},"typography_font_size_mobile":{"unit":"px","size":"35","sizes":[]},"typography_font_weight":"500","typography_text_transform":"none","typography_font_style":"normal","typography_text_decoration":"none","typography_line_height":{"unit":"em","size":"1","sizes":[]},"typography_letter_spacing":{"unit":"px","size":"0","sizes":[]}},"elements":[],"isInner":false,"widgetType":"heading","elType":"widget"},{"id":"569be577","settings":{"layout":"full_width","gap":"no","structure":"20","margin":{"unit":"%","top":"8","right":"0","bottom":"0","left":"0","isLinked":""},"padding":{"unit":"%","top":"0","right":"10","bottom":"0","left":"10","isLinked":""},"content_position":"middle","margin_mobile":{"unit":"%","top":"20","right":"0","bottom":"0","left":"0","isLinked":""},"padding_mobile":{"unit":"px","top":"0","right":"0","bottom":"0","left":"0","isLinked":""}},"elements":[{"id":"75870878","settings":{"_column_size":"50","_inline_size_tablet":"100"},"elements":[{"id":"7740c75","settings":{"selected_icon":{"value":{"id":16797,"url":"http:\/\/library.elementor.com\/lp\/wp-content\/uploads\/2021\/01\/20_Parenting_Coach-TheShape.svg"},"library":"svg"},"primary_color":"#F7F8F8","size":{"unit":"px","size":"265","sizes":[]},"_element_width":"auto","_position":"absolute","_offset_x":{"unit":"px","size":"-85","sizes":[]},"_offset_y":{"unit":"px","size":"-65","sizes":[]},"_offset_x_mobile":{"unit":"px","size":"0","sizes":[]}},"elements":[],"isInner":false,"widgetType":"icon","elType":"widget"},{"id":"21aced7f","settings":{"image":{"id":16801,"url":"http:\/\/library.elementor.com\/lp\/wp-content\/uploads\/2021\/01\/20_Parenting_Coach-Testimonials.jpg"},"image_size":"full","align":"left","_z_index":"1","align_mobile":"right","width_mobile":{"unit":"%","size":"80","sizes":[]}},"elements":[],"isInner":false,"widgetType":"image","elType":"widget"}],"isInner":"1","elType":"column"},{"id":"4ab3d7","settings":{"_column_size":"50","space_between_widgets":"50","margin":{"unit":"%","top":"0","right":"0","bottom":"0","left":"5","isLinked":""},"padding":{"unit":"%","top":"","right":"","bottom":"","left":"","isLinked":"1"},"_inline_size_tablet":"100","space_between_widgets_tablet":"30","margin_tablet":{"unit":"%","top":"8","right":"0","bottom":"0","left":"0","isLinked":""},"margin_mobile":{"unit":"%","top":"20","right":"0","bottom":"0","left":"0","isLinked":""}},"elements":[{"id":"2847cb54","settings":{"blockquote_skin":"clean","blockquote_content":"\u201cAmy saved our family. Simple as that. My husband and I needed help with our children, and Amy was there to guide and help us all the way.\u201d","author_name":"Bethy Clarks","tweet_button":"","tweet_button_label":"Tweet","content_text_color":"#000000","content_typography_typography":"custom","content_typography_font_family":"Karla","content_typography_font_size":{"unit":"px","size":"16","sizes":[]},"content_typography_font_weight":"400","content_typography_text_transform":"none","content_typography_font_style":"normal","content_typography_text_decoration":"none","content_typography_line_height":{"unit":"em","size":"1.4","sizes":[]},"content_typography_letter_spacing":{"unit":"px","size":"0","sizes":[]},"content_gap":{"unit":"px","size":"18","sizes":[]},"author_text_color":"#B5A397","author_typography_typography":"custom","author_typography_font_family":"Karla","author_typography_font_size":{"unit":"px","size":"16","sizes":[]},"author_typography_font_weight":"500","author_typography_text_transform":"capitalize","author_typography_font_style":"normal","author_typography_text_decoration":"none","author_typography_letter_spacing":{"unit":"px","size":"0.8","sizes":[]},"_animation":"fadeIn","__globals__":{"content_typography_typography":"","author_typography_typography":""},"author_typography_font_size_tablet":{"unit":"px","size":"14","sizes":[]},"content_gap_mobile":{"unit":"px","size":"10","sizes":[]},"content_typography_font_size_tablet":{"unit":"px","size":"14","sizes":[]}},"elements":[],"isInner":false,"widgetType":"blockquote","elType":"widget"},{"id":"6e9f0e16","settings":{"blockquote_skin":"clean","blockquote_content":"\u201cWe became parents early, and we didn't know how to handle this grown-up world. Amy helped us to be better parents to our children and ourselves.\u201d","author_name":"Jessica H.","tweet_button":"","tweet_button_label":"Tweet","content_text_color":"#000000","content_typography_typography":"custom","content_typography_font_family":"Karla","content_typography_font_size":{"unit":"px","size":"16","sizes":[]},"content_typography_font_weight":"400","content_typography_text_transform":"none","content_typography_font_style":"normal","content_typography_text_decoration":"none","content_typography_line_height":{"unit":"em","size":"1.4","sizes":[]},"content_typography_letter_spacing":{"unit":"px","size":"0","sizes":[]},"content_gap":{"unit":"px","size":"18","sizes":[]},"author_text_color":"#B5A397","author_typography_typography":"custom","author_typography_font_family":"Karla","author_typography_font_size":{"unit":"px","size":"16","sizes":[]},"author_typography_font_weight":"500","author_typography_text_transform":"capitalize","author_typography_font_style":"normal","author_typography_text_decoration":"none","author_typography_letter_spacing":{"unit":"px","size":"0.8","sizes":[]},"_animation":"fadeIn","_animation_delay":"200","__globals__":{"content_typography_typography":"","author_typography_typography":""},"author_typography_font_size_tablet":{"unit":"px","size":"14","sizes":[]},"content_gap_mobile":{"unit":"px","size":"10","sizes":[]},"content_typography_font_size_tablet":{"unit":"px","size":"14","sizes":[]}},"elements":[],"isInner":false,"widgetType":"blockquote","elType":"widget"},{"id":"696d39cd","settings":{"blockquote_skin":"clean","blockquote_content":"\u201cYou are part of our family now. Thank you for the care and guidance. You taught us how to be better parents and to realize\nwe can do it!\u201d","author_name":"Betty and James","tweet_button":"","tweet_button_label":"Tweet","content_text_color":"#000000","content_typography_typography":"custom","content_typography_font_family":"Karla","content_typography_font_size":{"unit":"px","size":"16","sizes":[]},"content_typography_font_weight":"400","content_typography_text_transform":"none","content_typography_font_style":"normal","content_typography_text_decoration":"none","content_typography_line_height":{"unit":"em","size":"1.4","sizes":[]},"content_typography_letter_spacing":{"unit":"px","size":"0","sizes":[]},"content_gap":{"unit":"px","size":"18","sizes":[]},"author_text_color":"#B5A397","author_typography_typography":"custom","author_typography_font_family":"Karla","author_typography_font_size":{"unit":"px","size":"16","sizes":[]},"author_typography_font_weight":"500","author_typography_text_transform":"capitalize","author_typography_font_style":"normal","author_typography_text_decoration":"none","author_typography_letter_spacing":{"unit":"px","size":"0.8","sizes":[]},"_animation":"fadeIn","_animation_delay":"300","__globals__":{"content_typography_typography":"","author_typography_typography":""},"author_typography_font_size_tablet":{"unit":"px","size":"14","sizes":[]},"content_gap_mobile":{"unit":"px","size":"10","sizes":[]},"content_typography_font_size_tablet":{"unit":"px","size":"14","sizes":[]}},"elements":[],"isInner":false,"widgetType":"blockquote","elType":"widget"}],"isInner":"1","elType":"column"}],"isInner":"1","elType":"section"}],"isInner":"","elType":"column"}],"isInner":"","elType":"section"},{"id":"4326c834","settings":{"content_width":{"unit":"px","size":"860","sizes":[]},"gap":"no","margin":{"unit":"%","top":"10","right":"0","bottom":"0","left":"0","isLinked":""},"padding":{"unit":"%","top":"","right":"","bottom":"","left":"","isLinked":"1"},"margin_tablet":{"unit":"%","top":"20","right":"0","bottom":"0","left":"0","isLinked":""},"margin_mobile":{"unit":"%","top":"30","right":"0","bottom":"0","left":"0","isLinked":""},"padding_tablet":{"unit":"%","top":"0","right":"8","bottom":"0","left":"8","isLinked":""},"_title":"FAQ","_timestamp_":"v1b1BCenZXN2gxUTBqb0JJSWxJTVlPZz09"},"elements":[{"id":"43ffd775","settings":{"_column_size":"100"},"elements":[{"id":"78224dad","settings":{"title":"Some things you want to know and understand","align":"center","title_color":"#000000","__globals__":{"typography_typography":""},"typography_typography":"custom","typography_font_family":"Karla","typography_font_size":{"unit":"px","size":"65","sizes":[]},"typography_font_size_tablet":{"unit":"px","size":"45","sizes":[]},"typography_font_size_mobile":{"unit":"px","size":"35","sizes":[]},"typography_font_weight":"500","typography_text_transform":"none","typography_font_style":"normal","typography_text_decoration":"none","typography_line_height":{"unit":"em","size":"1","sizes":[]},"typography_letter_spacing":{"unit":"px","size":"0","sizes":[]}},"elements":[],"isInner":false,"widgetType":"heading","elType":"widget"},{"id":"59e457ab","settings":{"tabs":[{"tab_title":"Can you give me more details about the online meeting?","tab_content":"<p>Lorem ipsum dolor sit amet, consectetur adipiscing elit. Donec euismod enim ante. Aenean varius lacus eu lectus lacinia, a consectetur mi porttitor. Nam in dapibus purus. Cras a odio ac est interdum ultricies. Nullam elit augue, porta id elit sed, gravida vehicula eros.<\/p>","_id":"ba78c46"},{"tab_title":"How many meetings will we have during the process?","tab_content":"Lorem ipsum dolor sit amet, consectetur adipiscing elit. Donec euismod enim ante. Aenean varius lacus eu lectus lacinia, a consectetur mi porttitor. Nam in dapibus purus. Cras a odio ac est interdum ultricies. Nullam elit augue, porta id elit sed, gravida vehicula eros. ","_id":"3f82138"},{"tab_title":"Can we have only one consultation meeting?","tab_content":"Lorem ipsum dolor sit amet, consectetur adipiscing elit. Donec euismod enim ante. Aenean varius lacus eu lectus lacinia, a consectetur mi porttitor. Nam in dapibus purus. Cras a odio ac est interdum ultricies. Nullam elit augue, porta id elit sed, gravida vehicula eros. ","_id":"6d6b2c1"},{"tab_title":"How much time is each session?","tab_content":"Lorem ipsum dolor sit amet, consectetur adipiscing elit. Donec euismod enim ante. Aenean varius lacus eu lectus lacinia, a consectetur mi porttitor. Nam in dapibus purus. Cras a odio ac est interdum ultricies. Nullam elit augue, porta id elit sed, gravida vehicula eros. ","_id":"b1be15c"},{"tab_title":"Do we need to prepare something before the meeting?","tab_content":"Lorem ipsum dolor sit amet, consectetur adipiscing elit. Donec euismod enim ante. Aenean varius lacus eu lectus lacinia, a consectetur mi porttitor. Nam in dapibus purus. Cras a odio ac est interdum ultricies. Nullam elit augue, porta id elit sed, gravida vehicula eros. ","_id":"a3e3c2f"},{"tab_title":"How much each meeting costs, and if we need to pay in advance?","tab_content":"Lorem ipsum dolor sit amet, consectetur adipiscing elit. Donec euismod enim ante. Aenean varius lacus eu lectus lacinia, a consectetur mi porttitor. Nam in dapibus purus. Cras a odio ac est interdum ultricies. Nullam elit augue, porta id elit sed, gravida vehicula eros. ","_id":"d7913f8"}],"selected_icon":{"value":{"id":16803,"url":"http:\/\/library.elementor.com\/lp\/wp-content\/uploads\/2021\/01\/20_Parenting_Coach-Arrow_Down.svg"},"library":"svg"},"selected_active_icon":{"value":{"id":16805,"url":"http:\/\/library.elementor.com\/lp\/wp-content\/uploads\/2021\/01\/20_Parenting_Coach-Arrow_Up.svg"},"library":"svg"},"border_width":{"unit":"px","size":"1","sizes":[]},"border_color":"#666464","space_between":{"unit":"px","size":"30","sizes":[]},"title_color":"#000000","tab_active_color":"#000000","title_typography_typography":"custom","title_typography_font_family":"Karla","title_typography_font_size":{"unit":"px","size":"18","sizes":[]},"title_typography_font_weight":"500","title_typography_text_transform":"none","title_typography_font_style":"normal","title_typography_text_decoration":"none","title_typography_letter_spacing":{"unit":"px","size":"0","sizes":[]},"title_padding":{"unit":"px","top":"0","right":"0","bottom":"30","left":"0","isLinked":""},"icon_color":"#666464","content_color":"#000000","content_padding":{"unit":"px","top":"0","right":"0","bottom":"30","left":"0","isLinked":""},"_margin":{"unit":"%","top":"8","right":"0","bottom":"0","left":"0","isLinked":""},"title_typography_line_height":{"unit":"em","size":"1.4","sizes":[]},"icon_active_color":"#666464","_padding":{"unit":"px","top":"30","right":"0","bottom":"0","left":"0","isLinked":""},"_border_border":"solid","_border_width":{"unit":"px","top":"1","right":"0","bottom":"0","left":"0","isLinked":""},"_border_color":"#666464","__globals__":{"title_typography_typography":"","content_typography_typography":""},"title_typography_font_size_tablet":{"unit":"px","size":"16","sizes":[]},"title_typography_font_size_mobile":{"unit":"px","size":"14","sizes":[]},"content_typography_typography":"custom","content_typography_font_family":"Karla","content_typography_font_size":{"unit":"px","size":"16","sizes":[]},"content_typography_font_size_tablet":{"unit":"px","size":"14","sizes":[]},"content_typography_font_weight":"400","content_typography_text_transform":"none","content_typography_font_style":"normal","content_typography_text_decoration":"none","content_typography_line_height":{"unit":"em","size":"1.4","sizes":[]},"content_typography_letter_spacing":{"unit":"px","size":"0","sizes":[]}},"elements":[],"isInner":false,"widgetType":"toggle","elType":"widget"}],"isInner":"","elType":"column"}],"isInner":"","elType":"section"},{"id":"cf5cba0","settings":{"structure":"20","layout":"full_width","gap":"no","height":"min-height","custom_height":{"unit":"vh","size":"90","sizes":[]},"column_position":"stretch","padding":{"unit":"%","top":"","right":"","bottom":"","left":"","isLinked":"1"},"content_position":"middle","background_background":"classic","background_color":"#E5DDD8","margin":{"unit":"%","top":"15","right":"0","bottom":"0","left":"0","isLinked":""},"_title":"CTA","margin_tablet":{"unit":"%","top":"20","right":"0","bottom":"0","left":"0","isLinked":""},"margin_mobile":{"unit":"%","top":"30","right":"0","bottom":"0","left":"0","isLinked":""},"_timestamp_":"v1b1BCenZXN2gxUTBqb0JJSWxJTVlPZz09"},"elements":[{"id":"5d6d42db","settings":{"_column_size":"50","_inline_size":"40.507","background_background":"classic","background_color":"#EBE9E4","padding":{"unit":"%","top":"15","right":"15","bottom":"15","left":"15","isLinked":"1"},"_inline_size_tablet":"100"},"elements":[{"id":"11c465a6","settings":{"image":{"id":16807,"url":"http:\/\/library.elementor.com\/lp\/wp-content\/uploads\/2021\/01\/20_Parenting_Coach-FooterCTA.jpg"},"image_size":"full","motion_fx_motion_fx_scrolling":"yes","motion_fx_scale_effect":"yes","motion_fx_scale_direction":"in-out","motion_fx_scale_speed":{"unit":"px","size":"-2","sizes":[]},"motion_fx_scale_range":{"unit":"%","size":"","sizes":{"start":"0","end":"50"}}},"elements":[],"isInner":false,"widgetType":"image","elType":"widget"}],"isInner":"","elType":"column"},{"id":"7344bef1","settings":{"_column_size":"50","_inline_size":"59.449","margin":{"unit":"%","top":"","right":"","bottom":"","left":"","isLinked":"1"},"align":"center","background_color":"#E5DDD8","_inline_size_tablet":"100","padding_tablet":{"unit":"%","top":"10","right":"10","bottom":"10","left":"10","isLinked":"1"},"padding_mobile":{"unit":"%","top":"20","right":"8","bottom":"20","left":"8","isLinked":""},"_element_id":"contact_form"},"elements":[{"id":"1e7366bf","settings":{"title":"Your success<br> is my success. ","title_color":"#000000","align":"center","__globals__":{"typography_typography":""},"typography_typography":"custom","typography_font_family":"Karla","typography_font_size":{"unit":"px","size":"65","sizes":[]},"typography_font_size_tablet":{"unit":"px","size":"45","sizes":[]},"typography_font_size_mobile":{"unit":"px","size":"35","sizes":[]},"typography_font_weight":"500","typography_text_transform":"none","typography_font_style":"normal","typography_text_decoration":"none","typography_line_height":{"unit":"em","size":"1","sizes":[]},"typography_letter_spacing":{"unit":"px","size":"0","sizes":[]}},"elements":[],"isInner":false,"widgetType":"heading","elType":"widget"},{"id":"32df9503","settings":{"title":"Let's meet for a free online first <br>consultation meeting","header_size":"h3","title_color":"#A09595","typography_typography":"custom","typography_font_family":"Karla","typography_font_size":{"unit":"px","size":"20","sizes":[]},"typography_font_weight":"500","typography_text_transform":"none","typography_font_style":"normal","typography_text_decoration":"none","typography_letter_spacing":{"unit":"px","size":"1","sizes":[]},"typography_line_height":{"unit":"em","size":"1.2","sizes":[]},"align":"center","typography_font_size_tablet":{"unit":"px","size":"18","sizes":[]},"typography_font_size_mobile":{"unit":"px","size":"16","sizes":[]}},"elements":[],"isInner":false,"widgetType":"heading","elType":"widget"},{"id":"65cba1c","settings":{"form_name":"Contact Form","form_fields":[{"custom_id":"name","field_label":"First Name","placeholder":"First Name","width":"50","_id":"8f95d3d","rows":"4","file_sizes":"","file_types":"","allow_multiple_upload":"","max_files":"","acceptance_text":"","checked_by_default":"","field_min":"","field_max":"","min_date":"","max_date":"","use_native_date":"","use_native_time":"","previous_button":"","next_button":""},{"custom_id":"field_c6fdb8a","field_label":"Last Name","placeholder":"Last Name","width":"50","_id":"c6fdb8a","rows":"4","file_sizes":"","file_types":"","allow_multiple_upload":"","max_files":"","acceptance_text":"","checked_by_default":"","field_min":"","field_max":"","min_date":"","max_date":"","use_native_date":"","use_native_time":"","previous_button":"","next_button":""},{"custom_id":"field_231dc45","field_type":"tel","field_label":"Phone","placeholder":"Phone","width":"50","_id":"231dc45","rows":"4","file_sizes":"","file_types":"","allow_multiple_upload":"","max_files":"","acceptance_text":"","checked_by_default":"","field_min":"","field_max":"","min_date":"","max_date":"","use_native_date":"","use_native_time":"","previous_button":"","next_button":""},{"custom_id":"email","field_type":"email","required":"true","field_label":"Email","placeholder":"Email","width":"50","_id":"58b1a95","rows":"4","file_sizes":"","file_types":"","allow_multiple_upload":"","max_files":"","acceptance_text":"","checked_by_default":"","field_min":"","field_max":"","min_date":"","max_date":"","use_native_date":"","use_native_time":"","previous_button":"","next_button":""},{"custom_id":"message","field_type":"textarea","field_label":"Message","placeholder":"Message","_id":"cfab063","rows":"4","file_sizes":"","file_types":"","allow_multiple_upload":"","max_files":"","acceptance_text":"","checked_by_default":"","field_min":"","field_max":"","min_date":"","max_date":"","use_native_date":"","use_native_time":"","previous_button":"","next_button":""}],"show_labels":"","button_align":"center","step_next_label":"Next","step_previous_label":"Previous","button_text":"Book a consultation","email_content":"[all-fields]","email_content_2":"[all-fields]","success_message":"The form was sent successfully.","error_message":"An error occurred.","required_field_message":"This field is required.","invalid_message":"There's something wrong. The form is invalid.","column_gap":{"unit":"px","size":"20","sizes":[]},"row_gap":{"unit":"px","size":"20","sizes":[]},"field_text_color":"#A09595","field_background_color":"","field_border_color":"#666464","field_border_width":{"unit":"px","top":"1","right":"1","bottom":"1","left":"1","isLinked":"1"},"field_border_radius":{"unit":"px","top":"0","right":"0","bottom":"0","left":"0","isLinked":"1"},"button_background_color":"#C4A9A7","button_text_color":"#F7F8F8","button_background_hover_color":"#000000","button_hover_color":"","button_border_radius":{"unit":"px","top":"0","right":"0","bottom":"0","left":"0","isLinked":""},"button_text_padding":{"unit":"px","top":"20","right":"30","bottom":"20","left":"30","isLinked":""},"success_message_color":"#000000","error_message_color":"#000000","inline_message_color":"#000000","_margin":{"unit":"%","top":"5","right":"0","bottom":"0","left":"0","isLinked":""},"_element_width":"initial","_element_custom_width":{"unit":"%","size":"55","sizes":[]},"__globals__":{"field_typography_typography":"","button_typography_typography":"","message_typography_typography":""},"_element_width_tablet":"inherit","field_typography_typography":"custom","field_typography_font_family":"Karla","field_typography_font_size":{"unit":"px","size":"16","sizes":[]},"field_typography_font_size_tablet":{"unit":"px","size":"14","sizes":[]},"field_typography_font_weight":"400","field_typography_text_transform":"none","field_typography_font_style":"normal","field_typography_text_decoration":"none","field_typography_line_height":{"unit":"em","size":"1.4","sizes":[]},"field_typography_letter_spacing":{"unit":"px","size":"0","sizes":[]},"button_typography_typography":"custom","button_typography_font_family":"Karla","button_typography_font_size":{"unit":"px","size":"16","sizes":[]},"button_typography_font_size_tablet":{"unit":"px","size":"14","sizes":[]},"button_typography_font_weight":"500","button_typography_text_transform":"uppercase","button_typography_font_style":"normal","button_typography_text_decoration":"none","button_typography_line_height":{"unit":"em","size":"1","sizes":[]},"button_typography_letter_spacing":{"unit":"px","size":"1","sizes":[]},"message_typography_typography":"custom","message_typography_font_family":"Karla","message_typography_font_size":{"unit":"px","size":"16","sizes":[]},"message_typography_font_size_tablet":{"unit":"px","size":"14","sizes":[]},"message_typography_font_weight":"400","message_typography_text_transform":"none","message_typography_font_style":"normal","message_typography_text_decoration":"none","message_typography_line_height":{"unit":"em","size":"1.4","sizes":[]},"message_typography_letter_spacing":{"unit":"px","size":"0","sizes":[]}},"elements":[],"isInner":false,"widgetType":"form","elType":"widget"}],"isInner":"","elType":"column"}],"isInner":"","elType":"section"},{"id":"2b6a4adb","settings":{"layout":"full_width","gap":"no","height":"min-height","custom_height":{"unit":"px","size":"57","sizes":[]},"content_position":"middle","background_background":"classic","background_color":"#C4A9A7","padding":{"unit":"%","top":"0","right":"8","bottom":"0","left":"8","isLinked":""},"_title":"Footer","custom_height_mobile":{"unit":"px","size":"75","sizes":[]},"_timestamp_":"v1b1BCenZXN2gxUTBqb0JJSWxJTVlPZz09"},"elements":[{"id":"28ee0900","settings":{"_column_size":"100","align":"space-between","align_mobile":"center"},"elements":[{"id":"5d64a097","settings":{"social_icon_list":[{"_id":"5400847","social_icon":{"value":{"id":16809,"url":"http:\/\/library.elementor.com\/lp\/wp-content\/uploads\/2021\/01\/20_Parenting_Coach-Instagram_Fill.svg"},"library":"svg"}},{"social_icon":{"value":"fab fa-facebook-f","library":"fa-brands"},"_id":"2ea1123"},{"social_icon":{"value":"fab fa-youtube","library":"fa-brands"},"_id":"b70e826"},{"social_icon":{"value":"fab fa-linkedin-in","library":"fa-brands"},"_id":"aef9aaa"}],"icon_color":"custom","icon_primary_color":"#99010100","icon_secondary_color":"#F7F8F8","icon_size":{"unit":"px","size":"19","sizes":[]},"icon_padding":{"unit":"em","size":"0","sizes":[]},"icon_spacing":{"unit":"px","size":"20","sizes":[]},"hover_secondary_color":"#000000","_padding":{"unit":"%","top":"","right":"","bottom":"","left":"","isLinked":"1"},"_element_width":"auto","icon_size_tablet":{"unit":"px","size":"15","sizes":[]},"icon_spacing_tablet":{"unit":"px","size":"15","sizes":[]},"row_gap":{"unit":"px","size":"0","sizes":[]}},"elements":[],"isInner":false,"widgetType":"social-icons","elType":"widget"},{"id":"4b8f2072","settings":{"title":"\u00a9 copyright Amy Jones 2021","header_size":"p","align":"right","title_color":"#F7F8F8","typography_typography":"custom","typography_font_family":"Karla","typography_font_size":{"unit":"px","size":"16","sizes":[]},"typography_font_weight":"400","typography_text_transform":"none","typography_font_style":"normal","typography_text_decoration":"none","typography_letter_spacing":{"unit":"px","size":"3","sizes":[]},"_element_width":"auto","__dynamic__":{"title":"[elementor-tag id=\"5697852\" name=\"current-date-time\" settings=\"%7B%22date_format%22%3A%22custom%22%2C%22custom_format%22%3A%22Y%22%2C%22before%22%3A%22%C2%A9%20copyright%20Amy%20Jones%20%22%7D\"]"},"typography_font_size_tablet":{"unit":"px","size":"14","sizes":[]},"_margin_mobile":{"unit":"%","top":"4","right":"0","bottom":"0","left":"0","isLinked":""}},"elements":[],"isInner":false,"widgetType":"heading","elType":"widget"}],"isInner":"","elType":"column"}],"isInner":"","elType":"section"}]}