{"version":"0.4","title":"17017","type":"page","content":[{"id":"1f2ee10d","settings":{"layout":"full_width","gap":"no","height":"min-height","custom_height":{"unit":"vh","size":"94","sizes":[]},"column_position":"stretch","content_position":"middle","structure":"30","_title":"Sale Coupon"},"elements":[{"id":"6bb8673f","settings":{"_column_size":"33","_inline_size_tablet":"100","content_position":"top","space_between_widgets":"0","background_background":"classic","background_image":{"id":17301,"url":"http:\/\/library.elementor.com\/lp\/wp-content\/uploads\/2021\/01\/shoes_left_pic.jpg"},"background_position":"center right","background_repeat":"no-repeat","background_repeat_tablet":"no-repeat","background_size":"cover","padding":{"unit":"%","top":"6","right":"0","bottom":"0","left":"14","isLinked":""},"padding_tablet":{"unit":"%","top":"5","right":"0","bottom":"0","left":"0","isLinked":""},"background_bg_width_tablet":{"unit":"px","size":"1000","sizes":[]}},"elements":[{"id":"57ce257a","settings":{"image":{"id":17299,"url":"http:\/\/library.elementor.com\/lp\/wp-content\/uploads\/2021\/01\/BURBELLE-logo-1.png"},"align":"left","align_tablet":"center","width":{"unit":"px","size":"128","sizes":[]},"_padding":{"unit":"%","top":"0","right":"0","bottom":"0","left":"0","isLinked":""}},"elements":[],"isInner":false,"widgetType":"image","elType":"widget"},{"id":"32623e3a","settings":{"space_tablet":{"unit":"vh","size":"32","sizes":[]},"space_mobile":{"unit":"vh","size":"32","sizes":[]}},"elements":[],"isInner":false,"widgetType":"spacer","elType":"widget"}],"isInner":"","elType":"column"},{"id":"557cbab6","settings":{"_column_size":"33","_inline_size_tablet":"100","align":"center","space_between_widgets":"0","background_background":"classic","background_color":"#275B51","padding":{"unit":"%","top":"8","right":"4","bottom":"8","left":"4","isLinked":""}},"elements":[{"id":"6d1f331a","settings":{"editor":"International Women\u2019s Day Sale","text_color":"#F2D6CB","typography_typography":"custom","typography_font_family":"Arimo","typography_font_size":{"unit":"px","size":"22","sizes":[]},"typography_font_weight":"normal","typography_text_transform":"capitalize","typography_font_style":"normal","typography_text_decoration":"none","typography_line_height":{"unit":"px","size":"25","sizes":[]},"typography_letter_spacing":{"unit":"px","size":"1","sizes":[]},"align_mobile":"center","typography_font_size_tablet":{"unit":"px","size":"18","sizes":[]},"typography_line_height_tablet":{"unit":"em","size":"1.3","sizes":[]},"align":"center","_padding":{"unit":"%","top":"0","right":"0","bottom":"10","left":"0","isLinked":""},"_padding_tablet":{"unit":"%","top":"0","right":"0","bottom":"5","left":"0","isLinked":""},"_padding_mobile":{"unit":"%","top":"0","right":"0","bottom":"8","left":"0","isLinked":""}},"elements":[],"isInner":false,"widgetType":"text-editor","elType":"widget"},{"id":"59408b6b","settings":{"title":"Up to","header_size":"h4","title_color":"#FFFFFF","typography_typography":"custom","typography_font_family":"Cardo","typography_font_size":{"unit":"px","size":"34","sizes":[]},"typography_font_weight":"normal","typography_text_transform":"none","typography_font_style":"italic","typography_text_decoration":"none","typography_line_height":{"unit":"px","size":"46","sizes":[]},"typography_letter_spacing":{"unit":"px","size":"-0.1","sizes":[]},"_margin":{"unit":"px","top":"0","right":"0","bottom":"0","left":"0","isLinked":""},"align_mobile":"center","typography_font_size_tablet":{"unit":"px","size":"30","sizes":[]},"typography_line_height_tablet":{"unit":"em","size":"1.3","sizes":[]},"_padding_mobile":{"unit":"%","top":"0","right":"0","bottom":"1","left":"0","isLinked":""},"_animation":"fadeIn","animation_duration":"fast","align":"center","_padding":{"unit":"%","top":"0","right":"0","bottom":"2","left":"0","isLinked":""},"_padding_tablet":{"unit":"%","top":"0","right":"0","bottom":"1","left":"0","isLinked":""},"_margin_mobile":{"unit":"px","top":"0","right":"10","bottom":"0","left":"0","isLinked":""},"_element_width_tablet":"auto"},"elements":[],"isInner":false,"widgetType":"heading","elType":"widget"},{"id":"4b0c7cec","settings":{"title":"70%","header_size":"h1","title_color":"#F6D6BC","typography_typography":"custom","typography_font_family":"Overpass","typography_font_size":{"unit":"px","size":"178","sizes":[]},"typography_font_weight":"normal","typography_text_transform":"uppercase","typography_font_style":"normal","typography_text_decoration":"none","typography_line_height":{"unit":"px","size":"150","sizes":[]},"typography_letter_spacing":{"unit":"px","size":"-9.1","sizes":[]},"typography_font_size_tablet":{"unit":"px","size":"130","sizes":[]},"typography_line_height_tablet":{"unit":"em","size":"1","sizes":[]},"_padding":{"unit":"%","top":"0","right":"0","bottom":"2","left":"0","isLinked":""},"align_mobile":"center","typography_font_size_mobile":{"unit":"px","size":"76","sizes":[]},"typography_letter_spacing_tablet":{"unit":"px","size":"-5","sizes":[]},"_animation":"fadeIn","_animation_delay":"200","align":"center","_padding_tablet":{"unit":"px","top":"0","right":"0","bottom":"0","left":"0","isLinked":""},"_element_width_tablet":"auto"},"elements":[],"isInner":false,"widgetType":"heading","elType":"widget"},{"id":"2a42006a","settings":{"title":"Off","header_size":"h1","title_color":"#F6D6BC","typography_typography":"custom","typography_font_family":"Overpass","typography_font_size":{"unit":"px","size":"118","sizes":[]},"typography_font_weight":"normal","typography_text_transform":"uppercase","typography_font_style":"normal","typography_text_decoration":"none","typography_line_height":{"unit":"px","size":"113","sizes":[]},"typography_letter_spacing":{"unit":"px","size":"-9.1","sizes":[]},"typography_font_size_tablet":{"unit":"px","size":"50","sizes":[]},"typography_line_height_tablet":{"unit":"em","size":"0.9","sizes":[]},"_padding":{"unit":"%","top":"0","right":"0","bottom":"4","left":"0","isLinked":""},"align_mobile":"center","typography_font_size_mobile":{"unit":"px","size":"35","sizes":[]},"typography_letter_spacing_tablet":{"unit":"px","size":"-5","sizes":[]},"_animation":"fadeIn","_animation_delay":"200","align":"center","_padding_tablet":{"unit":"%","top":"0","right":"0","bottom":"10","left":"0","isLinked":""},"typography_letter_spacing_mobile":{"unit":"px","size":"-1.5","sizes":[]},"_margin_tablet":{"unit":"px","top":"0","right":"0","bottom":"0","left":"15","isLinked":""},"_padding_mobile":{"unit":"px","top":"0","right":"0","bottom":"0","left":"0","isLinked":""},"_element_width_tablet":"auto"},"elements":[],"isInner":false,"widgetType":"heading","elType":"widget"},{"id":"12bfced2","settings":{"editor":"Ladies Shoes &amp; Sandals","text_color":"#F2D6CB","typography_typography":"custom","typography_font_family":"Arimo","typography_font_size":{"unit":"px","size":"20","sizes":[]},"typography_font_weight":"normal","typography_text_transform":"capitalize","typography_font_style":"normal","typography_text_decoration":"none","typography_line_height":{"unit":"px","size":"22","sizes":[]},"typography_letter_spacing":{"unit":"px","size":"0.91","sizes":[]},"align_mobile":"center","typography_font_size_tablet":{"unit":"px","size":"18","sizes":[]},"typography_line_height_tablet":{"unit":"em","size":"1.3","sizes":[]},"_animation":"none","align":"center","_padding":{"unit":"%","top":"0","right":"0","bottom":"7","left":"0","isLinked":""},"_padding_tablet":{"unit":"%","top":"0","right":"0","bottom":"5","left":"0","isLinked":""}},"elements":[],"isInner":false,"widgetType":"text-editor","elType":"widget"},{"id":"704f3383","settings":{"title":"ONE DAY ONLY","header_size":"h3","align":"center","align_mobile":"center","title_color":"#F2D6CB","typography_typography":"custom","typography_font_family":"Arimo","typography_font_size":{"unit":"px","size":"22","sizes":[]},"typography_font_size_tablet":{"unit":"px","size":"20","sizes":[]},"typography_font_weight":"normal","typography_text_transform":"uppercase","typography_font_style":"normal","typography_text_decoration":"none","typography_line_height":{"unit":"px","size":"25","sizes":[]},"typography_line_height_tablet":{"unit":"em","size":"1.3","sizes":[]},"typography_letter_spacing":{"unit":"px","size":"1","sizes":[]},"_margin":{"unit":"%","top":"0","right":"0","bottom":"0","left":"0","isLinked":""},"_padding":{"unit":"px","top":"14","right":"0","bottom":"14","left":"0","isLinked":""},"_padding_mobile":{"unit":"%","top":"0","right":"0","bottom":"1","left":"0","isLinked":""},"_animation":"zoomIn","animation_duration":"fast","_animation_delay":"300","_border_border":"solid","_border_width":{"unit":"px","top":"1","right":"0","bottom":"1","left":"0","isLinked":""},"_border_color":"#FFFFFF","_border_radius":{"unit":"px","top":"0","right":"0","bottom":"0","left":"0","isLinked":"1"},"_element_width":"auto"},"elements":[],"isInner":false,"widgetType":"heading","elType":"widget"},{"id":"76d3c437","settings":{"editor":"Tuesday 8th March 2022","text_color":"#F2D6CB","typography_typography":"custom","typography_font_family":"Arimo","typography_font_size":{"unit":"px","size":"18","sizes":[]},"typography_font_weight":"normal","typography_text_transform":"capitalize","typography_font_style":"normal","typography_text_decoration":"none","typography_line_height":{"unit":"px","size":"22","sizes":[]},"typography_letter_spacing":{"unit":"px","size":"0.82","sizes":[]},"align_mobile":"center","typography_font_size_tablet":{"unit":"px","size":"16","sizes":[]},"typography_line_height_tablet":{"unit":"em","size":"1.3","sizes":[]},"_animation":"none","align":"center","_padding":{"unit":"%","top":"7","right":"0","bottom":"3","left":"0","isLinked":""},"_padding_tablet":{"unit":"%","top":"5","right":"0","bottom":"6","left":"0","isLinked":""}},"elements":[],"isInner":false,"widgetType":"text-editor","elType":"widget"},{"id":"55ce122","settings":{"text":"Shop Now","selected_icon":{"value":{"id":"17273","url":"http:\/\/library.elementor.com\/lp\/wp-content\/uploads\/2021\/01\/button-icon.svg"},"library":"svg"},"icon_align":"right","icon_indent":{"unit":"px","size":"11","sizes":[]},"typography_typography":"custom","typography_font_family":"Arimo","typography_font_size":{"unit":"px","size":"18","sizes":[]},"typography_font_weight":"normal","typography_text_transform":"uppercase","typography_font_style":"normal","typography_text_decoration":"none","typography_line_height":{"unit":"px","size":"20","sizes":[]},"typography_letter_spacing":{"unit":"px","size":"1.13","sizes":[]},"button_text_color":"#275B51","background_color":"#F2D6CB","border_radius":{"unit":"px","top":"0","right":"0","bottom":"0","left":"0","isLinked":"1"},"text_padding":{"unit":"px","top":"27","right":"103","bottom":"27","left":"103","isLinked":""},"text_padding_tablet":{"unit":"px","top":"18","right":"50","bottom":"18","left":"50","isLinked":""},"align_mobile":"center","typography_font_size_tablet":{"unit":"px","size":"16","sizes":[]},"typography_line_height_tablet":{"unit":"em","size":"1","sizes":[]},"hover_animation":"hang","_animation":"fadeIn","animation_duration":"slow","_animation_delay":"800","align":"center","_padding":{"unit":"%","top":"0","right":"0","bottom":"12","left":"0","isLinked":""},"_padding_tablet":{"unit":"%","top":"0","right":"0","bottom":"8","left":"0","isLinked":""}},"elements":[],"isInner":false,"widgetType":"button","elType":"widget"},{"id":"19c8a31c","settings":{"editor":"Use Code: BURB22","text_color":"#F6D6BC","typography_typography":"custom","typography_font_family":"Arimo","typography_font_size":{"unit":"px","size":"18","sizes":[]},"typography_font_weight":"normal","typography_text_transform":"uppercase","typography_font_style":"normal","typography_text_decoration":"none","typography_line_height":{"unit":"px","size":"20","sizes":[]},"typography_letter_spacing":{"unit":"px","size":"1","sizes":[]},"_padding":{"unit":"%","top":"0","right":"0","bottom":"0","left":"0","isLinked":""},"align_mobile":"center","typography_font_size_tablet":{"unit":"px","size":"14","sizes":[]},"typography_line_height_tablet":{"unit":"em","size":"1","sizes":[]},"_padding_tablet":{"unit":"%","top":"0","right":"0","bottom":"3","left":"0","isLinked":""},"_padding_mobile":{"unit":"%","top":"0","right":"0","bottom":"5","left":"0","isLinked":""},"align":"center"},"elements":[],"isInner":false,"widgetType":"text-editor","elType":"widget"}],"isInner":"","elType":"column"},{"id":"1e9343d","settings":{"_column_size":"33","_inline_size_tablet":"100","background_background":"classic","background_image":{"id":17303,"url":"http:\/\/library.elementor.com\/lp\/wp-content\/uploads\/2021\/01\/shoes_right_pic.jpg"},"background_position":"center left","background_position_tablet":"initial","background_ypos_tablet":{"unit":"%","size":"66","sizes":[]},"background_repeat":"no-repeat","background_size":"cover"},"elements":[{"id":"50d9b52d","settings":{"space_tablet":{"unit":"vh","size":"60","sizes":[]}},"elements":[],"isInner":false,"widgetType":"spacer","elType":"widget"}],"isInner":"","elType":"column"}],"isInner":"","elType":"section"},{"id":"42f25e3b","settings":{"layout":"full_width","gap":"no","height":"min-height","custom_height":{"unit":"vh","size":"6","sizes":[]},"content_position":"middle","html_tag":"footer","_title":"More Info"},"elements":[{"id":"768da1b9","settings":{"_column_size":"100","padding":{"unit":"%","top":"0","right":"6","bottom":"0","left":"0","isLinked":""},"padding_tablet":{"unit":"px","top":"0","right":"0","bottom":"0","left":"0","isLinked":""}},"elements":[{"id":"1dc77bd6","settings":{"editor":"<p>Valid online for selected items. one day only 8\/3\/2022<\/p>","text_color":"#275B51","typography_typography":"custom","typography_font_family":"Arimo","typography_font_size":{"unit":"px","size":"12","sizes":[]},"typography_font_weight":"normal","typography_text_transform":"lowercase","typography_font_style":"normal","typography_text_decoration":"none","typography_line_height":{"unit":"px","size":"22","sizes":[]},"typography_letter_spacing":{"unit":"px","size":"0.7","sizes":[]},"_padding":{"unit":"%","top":"","right":"","bottom":"","left":"","isLinked":"1"},"align_mobile":"center","typography_font_size_mobile":{"unit":"px","size":"11","sizes":[]},"typography_line_height_tablet":{"unit":"em","size":"1.3","sizes":[]},"typography_line_height_mobile":{"unit":"em","size":"1.2","sizes":[]},"typography_letter_spacing_tablet":{"unit":"px","size":"0.5","sizes":[]},"typography_letter_spacing_mobile":{"unit":"px","size":"0.4","sizes":[]},"align":"right","align_tablet":"center"},"elements":[],"isInner":false,"widgetType":"text-editor","elType":"widget"}],"isInner":"","elType":"column"}],"isInner":"","elType":"section"}]}