{"version":"0.4","title":"17032","type":"page","content":[{"id":"456d3573","settings":{"layout":"full_width","gap":"no","height":"min-height","custom_height":{"unit":"vh","size":"100","sizes":[]},"column_position":"stretch","background_background":"classic","background_color":"#F6A213","margin":{"unit":"%","top":"","right":"0","bottom":"","left":"0","isLinked":"1"},"padding":{"unit":"%","top":"0","right":"5","bottom":"0","left":"5","isLinked":""},"shape_divider_bottom":"waves","shape_divider_bottom_height":{"unit":"px","size":"96","sizes":[]},"shape_divider_bottom_above_content":"yes","_title":"Hero","custom_height_tablet":{"unit":"vh","size":"0","sizes":[]},"shape_divider_bottom_width_tablet":{"unit":"%","size":"200","sizes":[]},"shape_divider_bottom_width_mobile":{"unit":"%","size":"145","sizes":[]},"shape_divider_bottom_height_tablet":{"unit":"px","size":"60","sizes":[]},"shape_divider_bottom_height_mobile":{"unit":"px","size":"40","sizes":[]}},"elements":[{"id":"72cadc2c","settings":{"_column_size":"100","align":"center","space_between_widgets":"0"},"elements":[{"id":"2b33dc2","settings":{"space":{"unit":"px","size":"224","sizes":[]},"_margin":{"unit":"px","top":"-66","right":"0","bottom":"0","left":"0","isLinked":""},"_background_color":"#F5B13D","_border_border":"solid","_border_width":{"unit":"px","top":"66","right":"66","bottom":"66","left":"66","isLinked":"1"},"_border_color":"#F5B13D","_border_radius":{"unit":"px","top":"384","right":"384","bottom":"384","left":"384","isLinked":"1"},"_element_width":"initial","_element_custom_width":{"unit":"px","size":"224","sizes":[]},"_element_vertical_align":"flex-end","_position":"absolute","_offset_orientation_v":"end","space_tablet":{"unit":"px","size":"100","sizes":[]},"_margin_tablet":{"unit":"px","top":"0","right":"0","bottom":"0","left":"0","isLinked":""},"_border_width_tablet":{"unit":"px","top":"30","right":"30","bottom":"30","left":"30","isLinked":"1"},"_element_width_tablet":"initial","_element_custom_width_tablet":{"unit":"px","size":"115","sizes":[]},"space_mobile":{"unit":"px","size":"150","sizes":[]},"_margin_mobile":{"unit":"px","top":"0","right":"0","bottom":"80","left":"0","isLinked":""},"_border_width_mobile":{"unit":"px","top":"20","right":"20","bottom":"20","left":"20","isLinked":"1"},"_element_width_mobile":"initial","_element_custom_width_mobile":{"unit":"px","size":"120","sizes":[]}},"elements":[],"isInner":false,"widgetType":"spacer","elType":"widget"},{"id":"356f24d6","settings":{"space":{"unit":"px","size":"800","sizes":[]},"_margin":{"unit":"px","top":"-400","right":"0","bottom":"0","left":"0","isLinked":""},"_padding":{"unit":"px","top":"0","right":"0","bottom":"0","left":"0","isLinked":""},"_background_color":"#F5B13D","_border_border":"solid","_border_width":{"unit":"px","top":"136","right":"136","bottom":"136","left":"136","isLinked":"1"},"_border_color":"#F5B13D","_border_radius":{"unit":"px","top":"384","right":"384","bottom":"384","left":"384","isLinked":"1"},"_element_width":"initial","_element_custom_width":{"unit":"px","size":"654","sizes":[]},"_position":"absolute","_offset_x":{"unit":"px","size":"","sizes":[]},"space_tablet":{"unit":"px","size":"500","sizes":[]},"_margin_tablet":{"unit":"px","top":"-300","right":"0","bottom":"0","left":"0","isLinked":""},"_border_width_tablet":{"unit":"px","top":"100","right":"100","bottom":"100","left":"100","isLinked":"1"},"_element_width_tablet":"initial","_element_custom_width_tablet":{"unit":"px","size":"390","sizes":[]},"space_mobile":{"unit":"px","size":"400","sizes":[]},"_border_width_mobile":{"unit":"px","top":"50","right":"50","bottom":"50","left":"50","isLinked":"1"},"_element_width_mobile":"initial","_element_custom_width_mobile":{"unit":"px","size":"300","sizes":[]}},"elements":[],"isInner":false,"widgetType":"spacer","elType":"widget"},{"id":"31f2c9d6","settings":{"space":{"unit":"px","size":"224","sizes":[]},"_margin":{"unit":"px","top":"-66","right":"0","bottom":"0","left":"0","isLinked":""},"_background_color":"#F5B13D","_border_border":"solid","_border_width":{"unit":"px","top":"66","right":"66","bottom":"66","left":"66","isLinked":"1"},"_border_color":"#F5B13D","_border_radius":{"unit":"px","top":"384","right":"384","bottom":"384","left":"384","isLinked":"1"},"_element_width":"initial","_element_custom_width":{"unit":"px","size":"224","sizes":[]},"_position":"absolute","_offset_orientation_h":"end","_offset_x":{"unit":"px","size":"","sizes":[]},"space_tablet":{"unit":"px","size":"100","sizes":[]},"_border_width_tablet":{"unit":"px","top":"30","right":"30","bottom":"30","left":"30","isLinked":"1"},"_element_width_tablet":"initial","_element_custom_width_tablet":{"unit":"px","size":"115","sizes":[]},"space_mobile":{"unit":"px","size":"150","sizes":[]},"_margin_mobile":{"unit":"px","top":"-120","right":"0","bottom":"0","left":"0","isLinked":""},"_border_width_mobile":{"unit":"px","top":"20","right":"20","bottom":"20","left":"20","isLinked":"1"},"_element_width_mobile":"initial","_element_custom_width_mobile":{"unit":"px","size":"120","sizes":[]},"_offset_x_end_mobile":{"unit":"px","size":"100","sizes":[]}},"elements":[],"isInner":false,"widgetType":"spacer","elType":"widget"},{"id":"7de0d04f","settings":{"layout":"full_width","gap":"no","content_position":"middle","margin":{"unit":"%","top":"4","right":"0","bottom":"0","left":"0","isLinked":""},"padding":{"unit":"%","top":"0","right":"7","bottom":"0","left":"7","isLinked":""},"z_index":"1"},"elements":[{"id":"5d16582c","settings":{"_column_size":"100","align":"space-between"},"elements":[{"id":"6c89fff8","settings":{"image":{"id":16672,"url":"http:\/\/library.elementor.com\/lp\/wp-content\/uploads\/2021\/01\/14_Donate_Computer-Logo@2x.png"},"image_size":"full","align":"left","width":{"unit":"px","size":"235","sizes":[]},"_element_width":"auto","width_tablet":{"unit":"px","size":"200","sizes":[]},"width_mobile":{"unit":"px","size":"140","sizes":[]}},"elements":[],"isInner":false,"widgetType":"image","elType":"widget"},{"id":"69e0a178","settings":{"social_icon_list":[{"_id":"5400847","social_icon":{"value":{"id":16674,"url":"http:\/\/library.elementor.com\/lp\/wp-content\/uploads\/2021\/01\/14_Donate_Computer-Instagram_Fill.svg"},"library":"svg"}},{"social_icon":{"value":"fab fa-facebook-f","library":"fa-brands"},"_id":"2ea1123"},{"social_icon":{"value":"fab fa-youtube","library":"fa-brands"},"_id":"b70e826"},{"social_icon":{"value":"fab fa-linkedin-in","library":"fa-brands"},"_id":"aef9aaa"}],"icon_color":"custom","icon_primary_color":"#99010100","icon_secondary_color":"#F7F8F8","icon_size":{"unit":"px","size":"22","sizes":[]},"icon_padding":{"unit":"em","size":"0","sizes":[]},"icon_spacing":{"unit":"px","size":"25","sizes":[]},"hover_secondary_color":"#000000","_padding":{"unit":"%","top":"","right":"","bottom":"","left":"","isLinked":"1"},"_element_width":"auto","icon_size_tablet":{"unit":"px","size":"15","sizes":[]},"icon_spacing_tablet":{"unit":"px","size":"15","sizes":[]},"row_gap":{"unit":"px","size":"0","sizes":[]},"motion_fx_translateY_speed":{"unit":"px","size":"4","sizes":[]},"motion_fx_translateY_affectedRange":{"unit":"%","size":"","sizes":{"start":"0","end":"100"}},"motion_fx_translateX_speed":{"unit":"px","size":"4","sizes":[]},"motion_fx_translateX_affectedRange":{"unit":"%","size":"","sizes":{"start":"0","end":"100"}},"motion_fx_opacity_level":{"unit":"px","size":"10","sizes":[]},"motion_fx_opacity_range":{"unit":"%","size":"","sizes":{"start":"20","end":"80"}},"motion_fx_blur_level":{"unit":"px","size":"7","sizes":[]},"motion_fx_blur_range":{"unit":"%","size":"","sizes":{"start":"20","end":"80"}},"motion_fx_rotateZ_speed":{"unit":"px","size":"1","sizes":[]},"motion_fx_rotateZ_affectedRange":{"unit":"%","size":"","sizes":{"start":"0","end":"100"}},"motion_fx_scale_speed":{"unit":"px","size":"4","sizes":[]},"motion_fx_scale_range":{"unit":"%","size":"","sizes":{"start":"20","end":"80"}},"motion_fx_mouseTrack_speed":{"unit":"px","size":"1","sizes":[]},"motion_fx_tilt_speed":{"unit":"px","size":"4","sizes":[]},"sticky_offset":"0","sticky_effects_offset":"0","icon_spacing_mobile":{"unit":"px","size":"10","sizes":[]}},"elements":[],"isInner":false,"widgetType":"social-icons","elType":"widget"}],"isInner":"1","elType":"column"}],"isInner":"1","elType":"section"},{"id":"6effe215","settings":{"layout":"full_width","gap":"no","content_position":"middle","margin":{"unit":"%","top":"8","right":"0","bottom":"-25","left":"0","isLinked":""},"padding":{"unit":"%","top":"0","right":"9","bottom":"0","left":"9","isLinked":""},"z_index":"2","margin_tablet":{"unit":"%","top":"8","right":"0","bottom":"-20","left":"0","isLinked":""},"margin_mobile":{"unit":"%","top":"15","right":"0","bottom":"0","left":"0","isLinked":""}},"elements":[{"id":"6490245e","settings":{"_column_size":"100","align":"center"},"elements":[{"id":"d4ac93d","settings":{"title":"Donate computers for kids' remote learning","header_size":"h1","align":"center","title_color":"#FFFFFF","typography_typography":"custom","typography_font_family":"Karla","typography_font_size":{"unit":"px","size":"110","sizes":[]},"typography_font_weight":"700","typography_font_style":"normal","typography_text_decoration":"none","typography_line_height":{"unit":"em","size":"1","sizes":[]},"typography_letter_spacing":{"unit":"px","size":"0","sizes":[]},"typography_font_size_tablet":{"unit":"px","size":"62","sizes":[]},"typography_font_size_mobile":{"unit":"px","size":"38","sizes":[]}},"elements":[],"isInner":false,"widgetType":"heading","elType":"widget"},{"id":"323a3205","settings":{"editor":"We created the Do4Others nonprofit organization to give each kid a computer and accessories to get a proper education through video calls or in-class lessons. Join us and be part of this important mission.","align":"center","text_color":"#FFFFFF","typography_typography":"custom","typography_font_family":"Karla","typography_font_size":{"unit":"px","size":"20","sizes":[]},"typography_font_weight":"400","typography_text_transform":"none","typography_font_style":"normal","typography_text_decoration":"none","typography_line_height":{"unit":"em","size":"1.3","sizes":[]},"typography_letter_spacing":{"unit":"px","size":"1","sizes":[]},"typography_font_size_tablet":{"unit":"px","size":"16","sizes":[]},"typography_font_size_mobile":{"unit":"px","size":"14","sizes":[]},"_element_width":"initial","_element_width_mobile":"inherit","_element_custom_width":{"unit":"%","size":"80","sizes":[]}},"elements":[],"isInner":false,"widgetType":"text-editor","elType":"widget"},{"id":"3b7cee01","settings":{"text":"I want to donate","align":"center","button_text_color":"#3D3D3D","background_color":"#FFFFFF","border_radius":{"unit":"px","top":"50","right":"50","bottom":"50","left":"50","isLinked":"1"},"text_padding":{"unit":"px","top":"28","right":"52","bottom":"28","left":"52","isLinked":""},"__globals__":{"typography_typography":""},"hover_color":"#FFFFFF","button_background_hover_color":"#000000","hover_animation":"grow","_animation":"pulse","text_padding_tablet":{"unit":"px","top":"22","right":"40","bottom":"22","left":"40","isLinked":""},"text_padding_mobile":{"unit":"px","top":"18","right":"30","bottom":"18","left":"30","isLinked":""},"_margin":{"unit":"%","top":"2","right":"0","bottom":"0","left":"0","isLinked":""},"_margin_mobile":{"unit":"%","top":"5","right":"0","bottom":"0","left":"0","isLinked":""},"typography_typography":"custom","typography_font_family":"Karla","typography_font_size":{"unit":"px","size":"20","sizes":[]},"typography_font_size_tablet":{"unit":"px","size":"16","sizes":[]},"typography_font_weight":"500","typography_text_transform":"uppercase","typography_font_style":"normal","typography_text_decoration":"none","typography_line_height":{"unit":"em","size":"1","sizes":[]},"typography_letter_spacing":{"unit":"px","size":"1","sizes":[]}},"elements":[],"isInner":false,"widgetType":"button","elType":"widget"},{"id":"5f66c539","settings":{"youtube_url":"https:\/\/www.youtube.com\/watch?v=XHOmBV4js_E","vimeo_url":"https:\/\/vimeo.com\/235215203","dailymotion_url":"https:\/\/www.dailymotion.com\/video\/x6tqhqb","show_image_overlay":"yes","image_overlay":{"id":16676,"url":"http:\/\/library.elementor.com\/lp\/wp-content\/uploads\/2021\/01\/14_Donate_Computer-OverlayVideo.jpg"},"play_icon_color":"#FFFFFF","play_icon_size":{"unit":"px","size":"80","sizes":[]},"_margin":{"unit":"%","top":"6","right":"0","bottom":"0","left":"0","isLinked":""},"_border_border":"solid","_border_width":{"unit":"px","top":"0","right":"0","bottom":"17","left":"0","isLinked":""},"_border_color":"#F6A213","_element_width":"initial","_element_custom_width":{"unit":"px","size":"1005","sizes":[]},"_margin_mobile":{"unit":"%","top":"15","right":"0","bottom":"0","left":"0","isLinked":""},"_border_width_tablet":{"unit":"px","top":"0","right":"0","bottom":"10","left":"0","isLinked":""},"_border_width_mobile":{"unit":"px","top":"0","right":"0","bottom":"6","left":"0","isLinked":""}},"elements":[],"isInner":false,"widgetType":"video","elType":"widget"}],"isInner":"1","elType":"column"}],"isInner":"1","elType":"section"}],"isInner":"","elType":"column"}],"isInner":"","elType":"section"},{"id":"e607129","settings":{"content_width":{"unit":"px","size":"720","sizes":[]},"gap":"no","custom_height":{"unit":"px","size":"133","sizes":[]},"background_color":"#FFFFFF","shape_divider_top_color":"#FFFFFF","shape_divider_top_height":{"unit":"px","size":"156","sizes":[]},"margin":{"unit":"%","top":"30","right":"0","bottom":"0","left":"0","isLinked":""},"padding":{"unit":"%","top":"","right":"","bottom":"","left":"","isLinked":"1"},"_title":"Steps","margin_tablet":{"unit":"%","top":"35","right":"0","bottom":"0","left":"0","isLinked":""},"padding_tablet":{"unit":"%","top":"0","right":"12","bottom":"0","left":"12","isLinked":""}},"elements":[{"id":"15e97766","settings":{"_column_size":"100"},"elements":[{"id":"112d95fa","settings":{"title":"Quick and easy steps for donating your computer","align":"center","title_color":"#000000","__globals__":{"typography_typography":""},"typography_typography":"custom","typography_font_family":"Karla","typography_font_size":{"unit":"px","size":"45","sizes":[]},"typography_font_size_tablet":{"unit":"px","size":"35","sizes":[]},"typography_font_size_mobile":{"unit":"px","size":"28","sizes":[]},"typography_font_weight":"500","typography_font_style":"normal","typography_text_decoration":"none","typography_line_height":{"unit":"em","size":"1.1","sizes":[]},"typography_letter_spacing":{"unit":"px","size":"0","sizes":[]}},"elements":[],"isInner":false,"widgetType":"heading","elType":"widget"},{"id":"3996d0f4","settings":{"layout":"full_width","gap":"no","content_position":"middle","margin":{"unit":"%","top":"10","right":"0","bottom":"0","left":"0","isLinked":""}},"elements":[{"id":"7388bbb9","settings":{"_column_size":"100","align_mobile":"center","space_between_widgets":"0"},"elements":[{"id":"6a958720","settings":{"selected_icon":{"value":{"id":16678,"url":"http:\/\/library.elementor.com\/lp\/wp-content\/uploads\/2021\/01\/14_Donate_Computer-TheIcon.svg"},"library":"svg"},"title_text":"Pickup Service","description_text":"You don\u2019t need to move anything. We will do the job for you. You can even leave the computer at the door. We will pick up the computer and leave you a donation document.","position":"left","primary_color":"#FCEED7","icon_space":{"unit":"px","size":"60","sizes":[]},"icon_size":{"unit":"px","size":"125","sizes":[]},"icon_size_tablet":{"unit":"px","size":"90","sizes":[]},"content_vertical_alignment":"middle","title_color":"#000000","title_typography_typography":"custom","title_typography_font_family":"Karla","title_typography_font_size":{"unit":"px","size":"28","sizes":[]},"title_typography_font_weight":"600","title_typography_font_style":"normal","title_typography_text_decoration":"none","title_typography_line_height":{"unit":"em","size":"1","sizes":[]},"title_typography_letter_spacing":{"unit":"px","size":"0","sizes":[]},"description_color":"#5D5D5D","__globals__":{"title_typography_typography":"","description_typography_typography":""},"icon_space_mobile":{"unit":"px","size":"15","sizes":[]},"title_bottom_space":{"unit":"px","size":"17","sizes":[]},"title_bottom_space_tablet":{"unit":"px","size":"10","sizes":[]},"title_typography_font_size_tablet":{"unit":"px","size":"22","sizes":[]},"title_typography_font_size_mobile":{"unit":"px","size":"18","sizes":[]},"description_typography_typography":"custom","description_typography_font_family":"Karla","description_typography_font_size":{"unit":"px","size":"16","sizes":[]},"description_typography_font_size_tablet":{"unit":"px","size":"14","sizes":[]},"description_typography_font_weight":"400","description_typography_text_transform":"none","description_typography_font_style":"normal","description_typography_text_decoration":"none","description_typography_line_height":{"unit":"em","size":"1.3","sizes":[]},"description_typography_letter_spacing":{"unit":"px","size":"0","sizes":[]}},"elements":[],"isInner":false,"widgetType":"icon-box","elType":"widget"},{"id":"41f466be","settings":{"title":"1","header_size":"span","align":"center","title_color":"#F6A213","typography_typography":"custom","typography_font_family":"DM Sans","typography_font_size":{"unit":"px","size":"80","sizes":[]},"typography_font_weight":"700","typography_font_style":"normal","typography_text_decoration":"none","typography_letter_spacing":{"unit":"px","size":"0","sizes":[]},"_margin":{"unit":"px","top":"0","right":"0","bottom":"0","left":"50","isLinked":""},"_margin_mobile":{"unit":"px","top":"0","right":"0","bottom":"0","left":"0","isLinked":""},"_element_width":"auto","_position":"absolute","_offset_x":{"unit":"px","size":"","sizes":[]},"_offset_y":{"unit":"px","size":"","sizes":[]},"_offset_y_mobile":{"unit":"px","size":"20","sizes":[]},"__globals__":{"typography_typography":""},"typography_font_size_tablet":{"unit":"px","size":"60","sizes":[]},"_margin_tablet":{"unit":"px","top":"0","right":"0","bottom":"0","left":"35","isLinked":""}},"elements":[],"isInner":false,"widgetType":"heading","elType":"widget"}],"isInner":"1","elType":"column"}],"isInner":"1","elType":"section"},{"id":"19cd3092","settings":{"layout":"full_width","gap":"no","content_position":"middle","margin":{"unit":"%","top":"10","right":"0","bottom":"0","left":"0","isLinked":""},"margin_mobile":{"unit":"%","top":"20","right":"0","bottom":"0","left":"0","isLinked":""}},"elements":[{"id":"141b9495","settings":{"_column_size":"100","align_mobile":"center","space_between_widgets":"0"},"elements":[{"id":"53df08a3","settings":{"selected_icon":{"value":{"id":16678,"url":"http:\/\/library.elementor.com\/lp\/wp-content\/uploads\/2021\/01\/14_Donate_Computer-TheIcon.svg"},"library":"svg"},"title_text":"Delete, Fix, and Repeat","description_text":"Your old computer is in good hands, and so is your data. We will \ndelete everything (so don\u2019t forget to back up before pick up). Then we will fix and upgrade, and voil\u00e0, a brand new computer is born.","position":"left","primary_color":"#FCEED7","icon_space":{"unit":"px","size":"60","sizes":[]},"icon_size":{"unit":"px","size":"125","sizes":[]},"content_vertical_alignment":"middle","title_color":"#000000","title_typography_typography":"custom","title_typography_font_family":"Karla","title_typography_font_size":{"unit":"px","size":"28","sizes":[]},"title_typography_font_weight":"600","title_typography_font_style":"normal","title_typography_text_decoration":"none","title_typography_line_height":{"unit":"em","size":"1","sizes":[]},"title_typography_letter_spacing":{"unit":"px","size":"0","sizes":[]},"description_color":"#5D5D5D","__globals__":{"title_typography_typography":"","description_typography_typography":""},"icon_space_mobile":{"unit":"px","size":"15","sizes":[]},"icon_size_tablet":{"unit":"px","size":"90","sizes":[]},"title_bottom_space":{"unit":"px","size":"17","sizes":[]},"title_bottom_space_tablet":{"unit":"px","size":"10","sizes":[]},"title_typography_font_size_tablet":{"unit":"px","size":"22","sizes":[]},"title_typography_font_size_mobile":{"unit":"px","size":"18","sizes":[]},"description_typography_typography":"custom","description_typography_font_family":"Karla","description_typography_font_size":{"unit":"px","size":"16","sizes":[]},"description_typography_font_size_tablet":{"unit":"px","size":"14","sizes":[]},"description_typography_font_weight":"400","description_typography_text_transform":"none","description_typography_font_style":"normal","description_typography_text_decoration":"none","description_typography_line_height":{"unit":"em","size":"1.3","sizes":[]},"description_typography_letter_spacing":{"unit":"px","size":"0","sizes":[]}},"elements":[],"isInner":false,"widgetType":"icon-box","elType":"widget"},{"id":"114f881","settings":{"title":"2","header_size":"span","align":"center","title_color":"#F6A213","typography_typography":"custom","typography_font_family":"DM Sans","typography_font_size":{"unit":"px","size":"80","sizes":[]},"typography_font_weight":"700","typography_font_style":"normal","typography_text_decoration":"none","typography_letter_spacing":{"unit":"px","size":"0","sizes":[]},"_margin":{"unit":"px","top":"0","right":"0","bottom":"0","left":"40","isLinked":""},"_margin_mobile":{"unit":"px","top":"0","right":"0","bottom":"0","left":"0","isLinked":""},"_element_width":"auto","_position":"absolute","_offset_x":{"unit":"px","size":"","sizes":[]},"_offset_y":{"unit":"px","size":"","sizes":[]},"_offset_y_mobile":{"unit":"px","size":"20","sizes":[]},"__globals__":{"typography_typography":""},"typography_font_size_tablet":{"unit":"px","size":"60","sizes":[]},"_margin_tablet":{"unit":"px","top":"0","right":"0","bottom":"0","left":"25","isLinked":""}},"elements":[],"isInner":false,"widgetType":"heading","elType":"widget"}],"isInner":"1","elType":"column"}],"isInner":"1","elType":"section"},{"id":"759df878","settings":{"layout":"full_width","gap":"no","content_position":"middle","margin":{"unit":"%","top":"10","right":"0","bottom":"0","left":"0","isLinked":""},"margin_mobile":{"unit":"%","top":"20","right":"0","bottom":"0","left":"0","isLinked":""}},"elements":[{"id":"6bf4b5da","settings":{"_column_size":"100","align_mobile":"center","space_between_widgets":"0"},"elements":[{"id":"45dcd4d","settings":{"selected_icon":{"value":{"id":16678,"url":"http:\/\/library.elementor.com\/lp\/wp-content\/uploads\/2021\/01\/14_Donate_Computer-TheIcon.svg"},"library":"svg"},"title_text":"Distribution Center","description_text":"Once a computer is ready, we are on our way to making a kid happy. The package will include a computer, accessories, and complete technical support.","position":"left","primary_color":"#FCEED7","icon_space":{"unit":"px","size":"60","sizes":[]},"icon_size":{"unit":"px","size":"125","sizes":[]},"content_vertical_alignment":"middle","title_color":"#000000","title_typography_typography":"custom","title_typography_font_family":"Karla","title_typography_font_size":{"unit":"px","size":"28","sizes":[]},"title_typography_font_weight":"600","title_typography_font_style":"normal","title_typography_text_decoration":"none","title_typography_line_height":{"unit":"em","size":"1","sizes":[]},"title_typography_letter_spacing":{"unit":"px","size":"0","sizes":[]},"description_color":"#5D5D5D","__globals__":{"title_typography_typography":"","description_typography_typography":""},"icon_space_mobile":{"unit":"px","size":"15","sizes":[]},"icon_size_tablet":{"unit":"px","size":"90","sizes":[]},"title_bottom_space":{"unit":"px","size":"17","sizes":[]},"title_bottom_space_tablet":{"unit":"px","size":"10","sizes":[]},"title_typography_font_size_tablet":{"unit":"px","size":"22","sizes":[]},"title_typography_font_size_mobile":{"unit":"px","size":"18","sizes":[]},"description_typography_typography":"custom","description_typography_font_family":"Karla","description_typography_font_size":{"unit":"px","size":"16","sizes":[]},"description_typography_font_size_tablet":{"unit":"px","size":"14","sizes":[]},"description_typography_font_weight":"400","description_typography_text_transform":"none","description_typography_font_style":"normal","description_typography_text_decoration":"none","description_typography_line_height":{"unit":"em","size":"1.3","sizes":[]},"description_typography_letter_spacing":{"unit":"px","size":"0","sizes":[]}},"elements":[],"isInner":false,"widgetType":"icon-box","elType":"widget"},{"id":"2cd9f431","settings":{"title":"3","header_size":"span","align":"center","title_color":"#F6A213","typography_typography":"custom","typography_font_family":"DM Sans","typography_font_size":{"unit":"px","size":"80","sizes":[]},"typography_font_weight":"700","typography_font_style":"normal","typography_text_decoration":"none","typography_letter_spacing":{"unit":"px","size":"0","sizes":[]},"_margin":{"unit":"px","top":"0","right":"0","bottom":"0","left":"40","isLinked":""},"_margin_mobile":{"unit":"px","top":"0","right":"0","bottom":"0","left":"0","isLinked":""},"_element_width":"auto","_position":"absolute","_offset_x":{"unit":"px","size":"","sizes":[]},"_offset_y":{"unit":"px","size":"","sizes":[]},"_offset_y_mobile":{"unit":"px","size":"20","sizes":[]},"__globals__":{"typography_typography":""},"typography_font_size_tablet":{"unit":"px","size":"60","sizes":[]},"_margin_tablet":{"unit":"px","top":"0","right":"0","bottom":"0","left":"25","isLinked":""}},"elements":[],"isInner":false,"widgetType":"heading","elType":"widget"}],"isInner":"1","elType":"column"}],"isInner":"1","elType":"section"},{"id":"4bd76b3b","settings":{"text":"I want to donate","align":"center","button_text_color":"#FFFFFF","background_color":"#F6A213","border_radius":{"unit":"px","top":"50","right":"50","bottom":"50","left":"50","isLinked":"1"},"text_padding":{"unit":"px","top":"28","right":"52","bottom":"28","left":"52","isLinked":""},"__globals__":{"typography_typography":""},"_margin":{"unit":"%","top":"10","right":"0","bottom":"0","left":"0","isLinked":""},"button_background_hover_color":"#000000","hover_animation":"grow","text_padding_tablet":{"unit":"px","top":"22","right":"40","bottom":"22","left":"40","isLinked":""},"text_padding_mobile":{"unit":"px","top":"18","right":"30","bottom":"18","left":"30","isLinked":""},"_margin_mobile":{"unit":"%","top":"20","right":"0","bottom":"0","left":"0","isLinked":""},"typography_typography":"custom","typography_font_family":"Karla","typography_font_size":{"unit":"px","size":"20","sizes":[]},"typography_font_size_tablet":{"unit":"px","size":"16","sizes":[]},"typography_font_weight":"500","typography_text_transform":"uppercase","typography_font_style":"normal","typography_text_decoration":"none","typography_line_height":{"unit":"em","size":"1","sizes":[]},"typography_letter_spacing":{"unit":"px","size":"1","sizes":[]}},"elements":[],"isInner":false,"widgetType":"button","elType":"widget"}],"isInner":"","elType":"column"}],"isInner":"","elType":"section"},{"id":"548205f7","settings":{"layout":"full_width","gap":"no","background_background":"classic","background_color":"#F2F2F2","margin":{"unit":"%","top":"10","right":"0","bottom":"0","left":"0","isLinked":""},"padding":{"unit":"%","top":"8","right":"12","bottom":"8","left":"12","isLinked":""},"_title":"Partners","margin_tablet":{"unit":"%","top":"20","right":"0","bottom":"0","left":"0","isLinked":""},"margin_mobile":{"unit":"%","top":"35","right":"0","bottom":"0","left":"0","isLinked":""},"padding_tablet":{"unit":"%","top":"10","right":"12","bottom":"10","left":"12","isLinked":""},"padding_mobile":{"unit":"%","top":"20","right":"12","bottom":"20","left":"12","isLinked":""}},"elements":[{"id":"4bc782d1","settings":{"_column_size":"100","align":"center","space_between_widgets":"50","space_between_widgets_tablet":"30","space_between_widgets_mobile":"0"},"elements":[{"id":"d6c23b3","settings":{"title":"We love our partners<br>They are the engine behind our project","align":"center","title_color":"#000000","__globals__":{"typography_typography":""},"_padding":{"unit":"%","top":"","right":"","bottom":"","left":"","isLinked":"1"},"_element_width":"initial","_element_custom_width":{"unit":"px","size":"860","sizes":[]},"_element_width_tablet":"inherit","typography_typography":"custom","typography_font_family":"Karla","typography_font_size":{"unit":"px","size":"45","sizes":[]},"typography_font_size_tablet":{"unit":"px","size":"35","sizes":[]},"typography_font_size_mobile":{"unit":"px","size":"28","sizes":[]},"typography_font_weight":"500","typography_font_style":"normal","typography_text_decoration":"none","typography_line_height":{"unit":"em","size":"1.1","sizes":[]},"typography_letter_spacing":{"unit":"px","size":"0","sizes":[]}},"elements":[],"isInner":false,"widgetType":"heading","elType":"widget"},{"id":"c8b8da5","settings":{"view":"inline","icon_list":[{"text":"","selected_icon":{"value":{"id":16680,"url":"http:\/\/library.elementor.com\/lp\/wp-content\/uploads\/2021\/01\/14_Donate_Computer-Partners-Logo_1.svg"},"library":"svg"},"_id":"d01fc39"},{"text":"","selected_icon":{"value":{"id":16682,"url":"http:\/\/library.elementor.com\/lp\/wp-content\/uploads\/2021\/01\/14_Donate_Computer-Partners-Logo_2-07012021.svg"},"library":"svg"},"_id":"0dd8a30"},{"text":"","selected_icon":{"value":{"id":16684,"url":"http:\/\/library.elementor.com\/lp\/wp-content\/uploads\/2021\/01\/14_Donate_Computer-Partners-Logo_3-07012021.svg"},"library":"svg"},"_id":"0139638"},{"text":"","selected_icon":{"value":{"id":16686,"url":"http:\/\/library.elementor.com\/lp\/wp-content\/uploads\/2021\/01\/14_Donate_Computer-Partners-Logo_4.svg"},"library":"svg"},"_id":"4df7184"}],"space_between":{"unit":"px","size":"120","sizes":[]},"icon_align":"center","icon_color":"#000000","icon_size":{"unit":"px","size":"150","sizes":[]},"text_indent":{"unit":"px","size":"0","sizes":[]},"_margin":{"unit":"%","top":"8","right":"0","bottom":"0","left":"0","isLinked":""},"space_between_tablet":{"unit":"px","size":"20","sizes":[]},"space_between_mobile":{"unit":"px","size":"10","sizes":[]},"icon_size_tablet":{"unit":"px","size":"130","sizes":[]}},"elements":[],"isInner":false,"widgetType":"icon-list","elType":"widget"},{"id":"6b9eccfe","settings":{"view":"inline","icon_list":[{"text":"","selected_icon":{"value":{"id":16688,"url":"http:\/\/library.elementor.com\/lp\/wp-content\/uploads\/2021\/01\/14_Donate_Computer-Partners-Logo_5.svg"},"library":"svg"},"_id":"d01fc39"},{"text":"","selected_icon":{"value":{"id":16690,"url":"http:\/\/library.elementor.com\/lp\/wp-content\/uploads\/2021\/01\/14_Donate_Computer-Partners-Logo_6.svg"},"library":"svg"},"_id":"0dd8a30"},{"text":"","selected_icon":{"value":{"id":16692,"url":"http:\/\/library.elementor.com\/lp\/wp-content\/uploads\/2021\/01\/14_Donate_Computer-Partners-Logo_7.svg"},"library":"svg"},"_id":"0139638"},{"text":"","selected_icon":{"value":{"id":16694,"url":"http:\/\/library.elementor.com\/lp\/wp-content\/uploads\/2021\/01\/14_Donate_Computer-Partners-Logo_8.svg"},"library":"svg"},"_id":"4df7184"}],"space_between":{"unit":"px","size":"120","sizes":[]},"icon_align":"center","icon_color":"#000000","icon_size":{"unit":"px","size":"150","sizes":[]},"text_indent":{"unit":"px","size":"0","sizes":[]},"space_between_tablet":{"unit":"px","size":"20","sizes":[]},"icon_size_tablet":{"unit":"px","size":"120","sizes":[]}},"elements":[],"isInner":false,"widgetType":"icon-list","elType":"widget"}],"isInner":"","elType":"column"}],"isInner":"","elType":"section"},{"id":"70cd5f3e","settings":{"layout":"full_width","gap":"no","height":"min-height","custom_height":{"unit":"px","size":"347","sizes":[]},"column_position":"stretch","structure":"20","margin":{"unit":"%","top":"15","right":"0","bottom":"0","left":"0","isLinked":""},"padding":{"unit":"%","top":"0","right":"12","bottom":"0","left":"12","isLinked":""},"_title":"Numbers","custom_height_tablet":{"unit":"px","size":"320","sizes":[]},"margin_tablet":{"unit":"%","top":"20","right":"0","bottom":"0","left":"0","isLinked":""},"margin_mobile":{"unit":"%","top":"35","right":"0","bottom":"0","left":"0","isLinked":""}},"elements":[{"id":"744bde79","settings":{"_column_size":"50","content_position":"space-between","align":"flex-end","space_between_widgets":"0","align_tablet":"center"},"elements":[{"id":"5ddbfeff","settings":{"selected_icon":{"value":"","library":""},"title_text":"3478","description_text":"Computer Donations","primary_color":"#000000","icon_space":{"unit":"px","size":"0","sizes":[]},"icon_size":{"unit":"px","size":"0","sizes":[]},"title_bottom_space":{"unit":"px","size":"0","sizes":[]},"title_color":"#000000","title_typography_typography":"custom","title_typography_font_family":"Karla","title_typography_font_size":{"unit":"px","size":"70","sizes":[]},"title_typography_font_size_tablet":{"unit":"px","size":"50","sizes":[]},"title_typography_font_weight":"500","title_typography_font_style":"normal","title_typography_text_decoration":"none","title_typography_letter_spacing":{"unit":"px","size":"0","sizes":[]},"description_color":"#000000","_margin":{"unit":"%","top":"","right":"","bottom":"","left":"","isLinked":"1"},"_z_index":"2","_element_width":"auto","__globals__":{"title_typography_typography":"","description_typography_typography":""},"title_bottom_space_mobile":{"unit":"px","size":"0","sizes":[]},"title_typography_font_size_mobile":{"unit":"px","size":"40","sizes":[]},"description_typography_typography":"custom","description_typography_font_family":"Karla","description_typography_font_size":{"unit":"px","size":"18","sizes":[]},"description_typography_font_size_tablet":{"unit":"px","size":"16","sizes":[]},"description_typography_font_size_mobile":{"unit":"px","size":"14","sizes":[]},"description_typography_font_weight":"500","description_typography_text_transform":"uppercase","description_typography_font_style":"normal","description_typography_text_decoration":"none","description_typography_line_height":{"unit":"em","size":"1","sizes":[]},"description_typography_letter_spacing":{"unit":"px","size":"0","sizes":[]},"_margin_mobile":{"unit":"%","top":"0","right":"0","bottom":"25","left":"0","isLinked":""}},"elements":[],"isInner":false,"widgetType":"icon-box","elType":"widget"},{"id":"785341e7","settings":{"space":{"unit":"px","size":"185","sizes":[]},"_animation":"zoomIn","animation_duration":"slow","_background_background":"classic","_background_color":"#F2F2F2","_border_radius":{"unit":"px","top":"100","right":"100","bottom":"100","left":"100","isLinked":"1"},"_element_width":"initial","_element_custom_width":{"unit":"px","size":"185","sizes":[]},"_position":"absolute","_offset_orientation_h":"end","_offset_x_end":{"unit":"px","size":"80","sizes":[]},"_offset_orientation_v":"end","space_mobile":{"unit":"px","size":"165","sizes":[]},"_element_width_mobile":"initial","_element_custom_width_mobile":{"unit":"px","size":"165","sizes":[]}},"elements":[],"isInner":false,"widgetType":"spacer","elType":"widget"},{"id":"635799a5","settings":{"selected_icon":{"value":{"id":16696,"url":"http:\/\/library.elementor.com\/lp\/wp-content\/uploads\/2021\/01\/14_Donate_Computer-Numbers-Computers_Donation.svg"},"library":"svg"},"align":"right","primary_color":"#F6A213","size":{"unit":"px","size":"200","sizes":[]},"_margin":{"unit":"px","top":"-30","right":"0","bottom":"-37","left":"0","isLinked":""},"_z_index":"1","hover_animation":"grow","align_tablet":"center","size_tablet":{"unit":"px","size":"170","sizes":[]},"_margin_mobile":{"unit":"px","top":"-26","right":"0","bottom":"-32","left":"0","isLinked":""}},"elements":[],"isInner":false,"widgetType":"icon","elType":"widget"}],"isInner":"","elType":"column"},{"id":"1f5987e4","settings":{"_column_size":"50","content_position":"space-between","align":"flex-end","space_between_widgets":"0","align_tablet":"center","margin_mobile":{"unit":"%","top":"20","right":"0","bottom":"0","left":"0","isLinked":""}},"elements":[{"id":"7fbaf3bd","settings":{"selected_icon":{"value":"","library":""},"title_text":"22","description_text":"pickup trucks","primary_color":"#000000","icon_space":{"unit":"px","size":"0","sizes":[]},"icon_size":{"unit":"px","size":"0","sizes":[]},"title_bottom_space":{"unit":"px","size":"0","sizes":[]},"title_color":"#000000","title_typography_typography":"custom","title_typography_font_family":"Karla","title_typography_font_size":{"unit":"px","size":"70","sizes":[]},"title_typography_font_size_tablet":{"unit":"px","size":"50","sizes":[]},"title_typography_font_weight":"500","title_typography_font_style":"normal","title_typography_text_decoration":"none","title_typography_letter_spacing":{"unit":"px","size":"0","sizes":[]},"description_color":"#000000","_margin":{"unit":"px","top":"0","right":"50","bottom":"0","left":"0","isLinked":""},"_z_index":"2","_element_width":"auto","__globals__":{"title_typography_typography":"","description_typography_typography":""},"_margin_tablet":{"unit":"px","top":"0","right":"0","bottom":"0","left":"0","isLinked":""},"title_bottom_space_mobile":{"unit":"px","size":"0","sizes":[]},"title_typography_font_size_mobile":{"unit":"px","size":"40","sizes":[]},"description_typography_typography":"custom","description_typography_font_family":"Karla","description_typography_font_size":{"unit":"px","size":"18","sizes":[]},"description_typography_font_size_tablet":{"unit":"px","size":"16","sizes":[]},"description_typography_font_size_mobile":{"unit":"px","size":"14","sizes":[]},"description_typography_font_weight":"500","description_typography_text_transform":"uppercase","description_typography_font_style":"normal","description_typography_text_decoration":"none","description_typography_line_height":{"unit":"em","size":"1","sizes":[]},"description_typography_letter_spacing":{"unit":"px","size":"0","sizes":[]},"_margin_mobile":{"unit":"%","top":"0","right":"0","bottom":"25","left":"0","isLinked":""}},"elements":[],"isInner":false,"widgetType":"icon-box","elType":"widget"},{"id":"51b90efd","settings":{"space":{"unit":"px","size":"185","sizes":[]},"_background_background":"classic","_background_color":"#F2F2F2","_border_radius":{"unit":"px","top":"100","right":"100","bottom":"100","left":"100","isLinked":"1"},"_element_width":"initial","_element_custom_width":{"unit":"px","size":"185","sizes":[]},"_position":"absolute","_offset_orientation_h":"end","_offset_x_end":{"unit":"px","size":"80","sizes":[]},"_offset_orientation_v":"end","space_mobile":{"unit":"px","size":"165","sizes":[]},"_element_width_mobile":"initial","_element_custom_width_mobile":{"unit":"px","size":"165","sizes":[]}},"elements":[],"isInner":false,"widgetType":"spacer","elType":"widget"},{"id":"7ee05637","settings":{"selected_icon":{"value":{"id":16698,"url":"http:\/\/library.elementor.com\/lp\/wp-content\/uploads\/2021\/01\/14_Donate_Computer-Numbers-pickup_trucks-part_1.svg"},"library":"svg"},"align":"right","primary_color":"#F6A213","size":{"unit":"px","size":"300","sizes":[]},"_margin":{"unit":"px","top":"-46","right":"0","bottom":"-51","left":"0","isLinked":""},"_z_index":"1","align_tablet":"center","size_tablet":{"unit":"px","size":"230","sizes":[]},"_margin_tablet":{"unit":"px","top":"-35","right":"0","bottom":"-40","left":"0","isLinked":""}},"elements":[],"isInner":false,"widgetType":"icon","elType":"widget"},{"id":"33ced8af","settings":{"selected_icon":{"value":{"id":16700,"url":"http:\/\/library.elementor.com\/lp\/wp-content\/uploads\/2021\/01\/14_Donate_Computer-Numbers-pickup_trucks-part_3.svg"},"library":"svg"},"primary_color":"#F6A213","size":{"unit":"px","size":"110","sizes":[]},"_animation":"tada","_animation_delay":"2500","_element_width":"auto","_position":"absolute","_offset_orientation_h":"end","_offset_x_end":{"unit":"px","size":"23","sizes":[]},"_offset_orientation_v":"end","_offset_y_end":{"unit":"px","size":"43","sizes":[]},"hover_animation":"pulse","size_tablet":{"unit":"px","size":"80","sizes":[]},"_offset_x_end_tablet":{"unit":"px","size":"67","sizes":[]},"_offset_y_end_tablet":{"unit":"px","size":"32","sizes":[]},"_offset_x_end_mobile":{"unit":"px","size":"43","sizes":[]}},"elements":[],"isInner":false,"widgetType":"icon","elType":"widget"},{"id":"178a6260","settings":{"selected_icon":{"value":{"id":16702,"url":"http:\/\/library.elementor.com\/lp\/wp-content\/uploads\/2021\/01\/14_Donate_Computer-Numbers-pickup_trucks-part_2.svg"},"library":"svg"},"size":{"unit":"px","size":"30","sizes":[]},"_animation":"bounce","_animation_delay":"1000","_element_width":"auto","_position":"absolute","_offset_orientation_h":"end","_offset_x_end":{"unit":"px","size":"245","sizes":[]},"_offset_orientation_v":"end","_offset_y_end":{"unit":"px","size":"165","sizes":[]},"hover_animation":"float","size_tablet":{"unit":"px","size":"22","sizes":[]},"_offset_x_end_tablet":{"unit":"px","size":"235","sizes":[]},"_offset_y_end_tablet":{"unit":"px","size":"126","sizes":[]},"_offset_x_end_mobile":{"unit":"px","size":"210","sizes":[]}},"elements":[],"isInner":false,"widgetType":"icon","elType":"widget"}],"isInner":"","elType":"column"}],"isInner":"","elType":"section"},{"id":"4105538b","settings":{"layout":"full_width","gap":"no","height":"min-height","custom_height":{"unit":"px","size":"390","sizes":[]},"column_position":"stretch","structure":"20","margin":{"unit":"px","top":"-60","right":"0","bottom":"0","left":"0","isLinked":""},"padding":{"unit":"%","top":"0","right":"12","bottom":"0","left":"12","isLinked":""},"_title":"Numbers","custom_height_tablet":{"unit":"px","size":"350","sizes":[]},"margin_tablet":{"unit":"%","top":"10","right":"0","bottom":"0","left":"0","isLinked":""},"margin_mobile":{"unit":"%","top":"20","right":"0","bottom":"0","left":"0","isLinked":""}},"elements":[{"id":"617c4825","settings":{"_column_size":"50","content_position":"space-between","align":"flex-start","space_between_widgets":"0","align_tablet":"center","margin_tablet":{"unit":"%","top":"","right":"","bottom":"","left":"","isLinked":"1"}},"elements":[{"id":"3bf61140","settings":{"selected_icon":{"value":"","library":""},"title_text":"60","description_text":"Happy Volunteers","primary_color":"#000000","icon_space":{"unit":"px","size":"0","sizes":[]},"icon_size":{"unit":"px","size":"0","sizes":[]},"title_bottom_space":{"unit":"px","size":"0","sizes":[]},"title_color":"#000000","title_typography_typography":"custom","title_typography_font_family":"Karla","title_typography_font_size":{"unit":"px","size":"70","sizes":[]},"title_typography_font_size_tablet":{"unit":"px","size":"50","sizes":[]},"title_typography_font_weight":"500","title_typography_font_style":"normal","title_typography_text_decoration":"none","title_typography_letter_spacing":{"unit":"px","size":"0","sizes":[]},"description_color":"#000000","_margin":{"unit":"px","top":"0","right":"0","bottom":"0","left":"80","isLinked":""},"_z_index":"2","_element_width":"auto","__globals__":{"title_typography_typography":"","description_typography_typography":""},"_margin_tablet":{"unit":"px","top":"0","right":"0","bottom":"0","left":"0","isLinked":""},"title_bottom_space_mobile":{"unit":"px","size":"0","sizes":[]},"title_typography_font_size_mobile":{"unit":"px","size":"40","sizes":[]},"description_typography_typography":"custom","description_typography_font_family":"Karla","description_typography_font_size":{"unit":"px","size":"18","sizes":[]},"description_typography_font_size_tablet":{"unit":"px","size":"16","sizes":[]},"description_typography_font_size_mobile":{"unit":"px","size":"14","sizes":[]},"description_typography_font_weight":"500","description_typography_text_transform":"uppercase","description_typography_font_style":"normal","description_typography_text_decoration":"none","description_typography_line_height":{"unit":"em","size":"1","sizes":[]},"description_typography_letter_spacing":{"unit":"px","size":"0","sizes":[]},"_margin_mobile":{"unit":"%","top":"0","right":"0","bottom":"25","left":"0","isLinked":""}},"elements":[],"isInner":false,"widgetType":"icon-box","elType":"widget"},{"id":"7ba9ffe3","settings":{"space":{"unit":"px","size":"185","sizes":[]},"_animation":"zoomIn","animation_duration":"slow","_animation_delay":"800","_background_background":"classic","_background_color":"#F2F2F2","_border_radius":{"unit":"px","top":"100","right":"100","bottom":"100","left":"100","isLinked":"1"},"_element_width":"initial","_element_custom_width":{"unit":"px","size":"185","sizes":[]},"_position":"absolute","_offset_x":{"unit":"px","size":"70","sizes":[]},"_offset_x_end":{"unit":"px","size":"80","sizes":[]},"_offset_orientation_v":"end","_offset_y_end":{"unit":"px","size":"55","sizes":[]},"_offset_x_tablet":{"unit":"px","size":"46","sizes":[]},"_offset_y_end_tablet":{"unit":"px","size":"28","sizes":[]},"space_mobile":{"unit":"px","size":"165","sizes":[]},"_element_width_mobile":"initial","_element_custom_width_mobile":{"unit":"px","size":"165","sizes":[]}},"elements":[],"isInner":false,"widgetType":"spacer","elType":"widget"},{"id":"980ef9e","settings":{"selected_icon":{"value":{"id":16704,"url":"http:\/\/library.elementor.com\/lp\/wp-content\/uploads\/2021\/01\/14_Donate_Computer-Numbers-Happy_Volunteers-part_1.svg"},"library":"svg"},"align":"left","primary_color":"#F6A213","size":{"unit":"px","size":"250","sizes":[]},"_margin":{"unit":"px","top":"-76","right":"0","bottom":"-95","left":"0","isLinked":""},"_z_index":"1","size_tablet":{"unit":"px","size":"200","sizes":[]},"_margin_tablet":{"unit":"px","top":"0","right":"0","bottom":"-77","left":"0","isLinked":""}},"elements":[],"isInner":false,"widgetType":"icon","elType":"widget"},{"id":"20114201","settings":{"selected_icon":{"value":{"id":16706,"url":"http:\/\/library.elementor.com\/lp\/wp-content\/uploads\/2021\/01\/14_Donate_Computer-Numbers-Happy_Volunteers-part_2.svg"},"library":"svg"},"align":"left","primary_color":"#F6A213","size":{"unit":"px","size":"220","sizes":[]},"_margin":{"unit":"px","top":"0","right":"-19","bottom":"-5","left":"-18","isLinked":""},"_z_index":"1","_animation":"fadeInRight","_element_width":"auto","_position":"absolute","_offset_x":{"unit":"px","size":"140","sizes":[]},"_offset_orientation_v":"end","hover_animation":"float","size_tablet":{"unit":"px","size":"160","sizes":[]},"_offset_x_tablet":{"unit":"px","size":"120","sizes":[]}},"elements":[],"isInner":false,"widgetType":"icon","elType":"widget"}],"isInner":"","elType":"column"},{"id":"6b7ac29b","settings":{"_column_size":"50","content_position":"space-between","align":"flex-start","space_between_widgets":"0","align_tablet":"center","margin_mobile":{"unit":"%","top":"20","right":"0","bottom":"0","left":"0","isLinked":""}},"elements":[{"id":"5a77c772","settings":{"selected_icon":{"value":"","library":""},"title_text":"14","description_text":"Computer labs","primary_color":"#000000","icon_space":{"unit":"px","size":"0","sizes":[]},"icon_size":{"unit":"px","size":"0","sizes":[]},"title_bottom_space":{"unit":"px","size":"0","sizes":[]},"title_color":"#000000","title_typography_typography":"custom","title_typography_font_family":"Karla","title_typography_font_size":{"unit":"px","size":"70","sizes":[]},"title_typography_font_size_tablet":{"unit":"px","size":"50","sizes":[]},"title_typography_font_weight":"500","title_typography_font_style":"normal","title_typography_text_decoration":"none","title_typography_letter_spacing":{"unit":"px","size":"0","sizes":[]},"description_color":"#000000","_margin":{"unit":"px","top":"0","right":"0","bottom":"0","left":"145","isLinked":""},"_z_index":"2","_element_width":"auto","__globals__":{"title_typography_typography":"","description_typography_typography":""},"_margin_tablet":{"unit":"px","top":"0","right":"0","bottom":"0","left":"0","isLinked":""},"title_bottom_space_mobile":{"unit":"px","size":"0","sizes":[]},"title_typography_font_size_mobile":{"unit":"px","size":"40","sizes":[]},"description_typography_typography":"custom","description_typography_font_family":"DM Sans","description_typography_font_size":{"unit":"px","size":"18","sizes":[]},"description_typography_font_size_tablet":{"unit":"px","size":"16","sizes":[]},"description_typography_font_size_mobile":{"unit":"px","size":"14","sizes":[]},"description_typography_font_weight":"700","description_typography_text_transform":"uppercase","description_typography_font_style":"normal","description_typography_text_decoration":"none","description_typography_line_height":{"unit":"em","size":"1","sizes":[]},"description_typography_letter_spacing":{"unit":"px","size":"0","sizes":[]},"_margin_mobile":{"unit":"%","top":"0","right":"0","bottom":"25","left":"0","isLinked":""}},"elements":[],"isInner":false,"widgetType":"icon-box","elType":"widget"},{"id":"3d988705","settings":{"space":{"unit":"px","size":"185","sizes":[]},"_animation":"zoomIn","animation_duration":"slow","_animation_delay":"1500","_background_background":"classic","_background_color":"#F2F2F2","_border_radius":{"unit":"px","top":"100","right":"100","bottom":"100","left":"100","isLinked":"1"},"_element_width":"initial","_element_custom_width":{"unit":"px","size":"185","sizes":[]},"_position":"absolute","_offset_x_end":{"unit":"px","size":"80","sizes":[]},"_offset_orientation_v":"end","space_mobile":{"unit":"px","size":"165","sizes":[]},"_element_width_mobile":"initial","_element_custom_width_mobile":{"unit":"px","size":"165","sizes":[]}},"elements":[],"isInner":false,"widgetType":"spacer","elType":"widget"},{"id":"b4bc6e1","settings":{"selected_icon":{"value":{"id":16708,"url":"http:\/\/library.elementor.com\/lp\/wp-content\/uploads\/2021\/01\/14_Donate_Computer-Numbers-Computer_labs.svg"},"library":"svg"},"align":"left","primary_color":"#F6A213","size":{"unit":"px","size":"300","sizes":[]},"_margin":{"unit":"px","top":"-46","right":"0","bottom":"-51","left":"45","isLinked":""},"_z_index":"1","hover_animation":"float","align_tablet":"center","size_tablet":{"unit":"px","size":"230","sizes":[]},"_margin_tablet":{"unit":"px","top":"-31","right":"0","bottom":"-37","left":"0","isLinked":""}},"elements":[],"isInner":false,"widgetType":"icon","elType":"widget"}],"isInner":"","elType":"column"}],"isInner":"","elType":"section"},{"id":"e961568","settings":{"layout":"full_width","gap":"no","margin":{"unit":"%","top":"15","right":"0","bottom":"0","left":"0","isLinked":""},"padding":{"unit":"%","top":"0","right":"12","bottom":"0","left":"12","isLinked":""},"_title":"FAQ","margin_tablet":{"unit":"%","top":"20","right":"0","bottom":"0","left":"0","isLinked":""},"margin_mobile":{"unit":"%","top":"35","right":"0","bottom":"0","left":"0","isLinked":""}},"elements":[{"id":"47f1d5a3","settings":{"_column_size":"100"},"elements":[{"id":"474aac5","settings":{"title":"Do you need more information?<br>\nNo problem! Ask us anything","align":"center","title_color":"#000000","__globals__":{"typography_typography":""},"typography_typography":"custom","typography_font_family":"Karla","typography_font_size":{"unit":"px","size":"45","sizes":[]},"typography_font_size_tablet":{"unit":"px","size":"35","sizes":[]},"typography_font_size_mobile":{"unit":"px","size":"28","sizes":[]},"typography_font_weight":"500","typography_font_style":"normal","typography_text_decoration":"none","typography_line_height":{"unit":"em","size":"1.1","sizes":[]},"typography_letter_spacing":{"unit":"px","size":"0","sizes":[]}},"elements":[],"isInner":false,"widgetType":"heading","elType":"widget"},{"id":"1502f08e","settings":{"layout":"full_width","gap":"no","structure":"20","margin":{"unit":"%","top":"5","right":"0","bottom":"0","left":"0","isLinked":""}},"elements":[{"id":"4ba3d329","settings":{"_column_size":"50","margin":{"unit":"%","top":"0","right":"15","bottom":"0","left":"0","isLinked":""},"_inline_size_tablet":"100","margin_tablet":{"unit":"px","top":"0","right":"0","bottom":"0","left":"0","isLinked":""}},"elements":[{"id":"25cd530","settings":{"tabs":[{"tab_title":"Can I donate whatever I want?","tab_content":"<p>Lorem ipsum dolor sit amet, consectetur adipiscing elit, sed do eiusmod tempor incididunt ut labore et dolore magna aliqua. Ut enim ad minim veniam, quis nostrud exercitation ullamco laboris nisi ut aliquip ex ea commodo consequat.<\/p>","_id":"ba78c46"},{"tab_title":"Do you need more volunteers?","tab_content":"<p>Lorem ipsum dolor sit amet, consectetur adipiscing elit, sed do eiusmod tempor incididunt ut labore et dolore magna aliqua. Ut enim ad minim veniam, quis nostrud exercitation ullamco laboris nisi ut aliquip ex ea commodo consequat.<\/p>","_id":"2bac31c"},{"tab_title":"Is my old computer data secure?","tab_content":"<p>Lorem ipsum dolor sit amet, consectetur adipiscing elit, sed do eiusmod tempor incididunt ut labore et dolore magna aliqua. Ut enim ad minim veniam, quis nostrud exercitation ullamco laboris nisi ut aliquip ex ea commodo consequat.<\/p>","_id":"370093f"},{"tab_title":"Who is behind this organization?","tab_content":"<p>Lorem ipsum dolor sit amet, consectetur adipiscing elit, sed do eiusmod tempor incididunt ut labore et dolore magna aliqua. Ut enim ad minim veniam, quis nostrud exercitation ullamco laboris nisi ut aliquip ex ea commodo consequat.<\/p>","_id":"08240a2"}],"selected_icon":{"value":{"id":16710,"url":"http:\/\/library.elementor.com\/lp\/wp-content\/uploads\/2021\/01\/14_Donate_Computer-Arrow_Down.svg"},"library":"svg"},"selected_active_icon":{"value":{"id":16712,"url":"http:\/\/library.elementor.com\/lp\/wp-content\/uploads\/2021\/01\/14_Donate_Computer-Arrow_Up.svg"},"library":"svg"},"border_width":{"unit":"px","size":"3","sizes":[]},"border_color":"#F6A213","space_between":{"unit":"px","size":"40","sizes":[]},"title_color":"#000000","tab_active_color":"#000000","title_padding":{"unit":"px","top":"0","right":"0","bottom":"30","left":"0","isLinked":""},"icon_color":"#F6A213","content_color":"#5D5D5D","content_padding":{"unit":"px","top":"0","right":"80","bottom":"30","left":"0","isLinked":""},"_margin":{"unit":"%","top":"","right":"","bottom":"","left":"","isLinked":"1"},"icon_active_color":"#F6A213","_padding":{"unit":"px","top":"40","right":"0","bottom":"0","left":"0","isLinked":""},"_border_border":"solid","_border_width":{"unit":"px","top":"3","right":"0","bottom":"0","left":"0","isLinked":""},"_border_color":"#F6A213","__globals__":{"title_typography_typography":"","content_typography_typography":""},"motion_fx_translateY_speed":{"unit":"px","size":"4","sizes":[]},"motion_fx_translateY_affectedRange":{"unit":"%","size":"","sizes":{"start":"0","end":"100"}},"motion_fx_translateX_speed":{"unit":"px","size":"4","sizes":[]},"motion_fx_translateX_affectedRange":{"unit":"%","size":"","sizes":{"start":"0","end":"100"}},"motion_fx_opacity_level":{"unit":"px","size":"10","sizes":[]},"motion_fx_opacity_range":{"unit":"%","size":"","sizes":{"start":"20","end":"80"}},"motion_fx_blur_level":{"unit":"px","size":"7","sizes":[]},"motion_fx_blur_range":{"unit":"%","size":"","sizes":{"start":"20","end":"80"}},"motion_fx_rotateZ_speed":{"unit":"px","size":"1","sizes":[]},"motion_fx_rotateZ_affectedRange":{"unit":"%","size":"","sizes":{"start":"0","end":"100"}},"motion_fx_scale_speed":{"unit":"px","size":"4","sizes":[]},"motion_fx_scale_range":{"unit":"%","size":"","sizes":{"start":"20","end":"80"}},"motion_fx_mouseTrack_speed":{"unit":"px","size":"1","sizes":[]},"motion_fx_tilt_speed":{"unit":"px","size":"4","sizes":[]},"sticky_offset":"0","sticky_effects_offset":"0","title_typography_typography":"custom","title_typography_font_family":"Karla","title_typography_font_size":{"unit":"px","size":"20","sizes":[]},"title_typography_font_size_tablet":{"unit":"px","size":"16","sizes":[]},"title_typography_font_size_mobile":{"unit":"px","size":"14","sizes":[]},"title_typography_font_weight":"500","title_typography_font_style":"normal","title_typography_text_decoration":"none","title_typography_line_height":{"unit":"em","size":"1","sizes":[]},"title_typography_letter_spacing":{"unit":"px","size":"0","sizes":[]},"content_typography_typography":"custom","content_typography_font_family":"Karla","content_typography_font_size":{"unit":"px","size":"16","sizes":[]},"content_typography_font_size_tablet":{"unit":"px","size":"14","sizes":[]},"content_typography_font_weight":"400","content_typography_text_transform":"none","content_typography_font_style":"normal","content_typography_text_decoration":"none","content_typography_line_height":{"unit":"em","size":"1.3","sizes":[]},"content_typography_letter_spacing":{"unit":"px","size":"0","sizes":[]},"content_padding_mobile":{"unit":"px","top":"0","right":"0","bottom":"30","left":"0","isLinked":""}},"elements":[],"isInner":false,"widgetType":"toggle","elType":"widget"}],"isInner":"1","elType":"column"},{"id":"6a1b0fb4","settings":{"_column_size":"50","margin":{"unit":"%","top":"0","right":"0","bottom":"0","left":"15","isLinked":""},"_inline_size_tablet":"100","margin_tablet":{"unit":"px","top":"0","right":"0","bottom":"0","left":"0","isLinked":""}},"elements":[{"id":"4c3e3dc0","settings":{"tabs":[{"tab_title":"Can I be sure a kid really gets my computer?","tab_content":"<p>Lorem ipsum dolor sit amet, consectetur adipiscing elit, sed do eiusmod tempor incididunt ut labore et dolore magna aliqua. Ut enim ad minim veniam, quis nostrud exercitation ullamco laboris nisi ut aliquip ex ea commodo consequat.<\/p>","_id":"ba78c46"},{"tab_title":"Can I donate money and not a computer?","tab_content":"<p>Lorem ipsum dolor sit amet, consectetur adipiscing elit, sed do eiusmod tempor incididunt ut labore et dolore magna aliqua. Ut enim ad minim veniam, quis nostrud exercitation ullamco laboris nisi ut aliquip ex ea commodo consequat.<\/p>","_id":"fea2070"},{"tab_title":"Do you only donate computers to kids?","tab_content":"<p>Lorem ipsum dolor sit amet, consectetur adipiscing elit, sed do eiusmod tempor incididunt ut labore et dolore magna aliqua. Ut enim ad minim veniam, quis nostrud exercitation ullamco laboris nisi ut aliquip ex ea commodo consequat.<\/p>","_id":"51ede09"},{"tab_title":"How do you decide who gets a computer?","tab_content":"<p>Lorem ipsum dolor sit amet, consectetur adipiscing elit, sed do eiusmod tempor incididunt ut labore et dolore magna aliqua. Ut enim ad minim veniam, quis nostrud exercitation ullamco laboris nisi ut aliquip ex ea commodo consequat.<\/p>","_id":"fe78faa"}],"selected_icon":{"value":{"id":16710,"url":"http:\/\/library.elementor.com\/lp\/wp-content\/uploads\/2021\/01\/14_Donate_Computer-Arrow_Down.svg"},"library":"svg"},"selected_active_icon":{"value":{"id":16712,"url":"http:\/\/library.elementor.com\/lp\/wp-content\/uploads\/2021\/01\/14_Donate_Computer-Arrow_Up.svg"},"library":"svg"},"border_width":{"unit":"px","size":"3","sizes":[]},"border_color":"#F6A213","space_between":{"unit":"px","size":"40","sizes":[]},"title_color":"#000000","tab_active_color":"#000000","title_padding":{"unit":"px","top":"0","right":"0","bottom":"30","left":"0","isLinked":""},"icon_color":"#F6A213","content_color":"#5D5D5D","content_padding":{"unit":"px","top":"0","right":"80","bottom":"30","left":"0","isLinked":""},"_margin":{"unit":"%","top":"","right":"","bottom":"","left":"","isLinked":"1"},"icon_active_color":"#F6A213","_padding":{"unit":"px","top":"40","right":"0","bottom":"0","left":"0","isLinked":""},"_border_border":"solid","_border_width":{"unit":"px","top":"3","right":"0","bottom":"0","left":"0","isLinked":""},"_border_color":"#F6A213","__globals__":{"title_typography_typography":"","content_typography_typography":""},"motion_fx_translateY_speed":{"unit":"px","size":"4","sizes":[]},"motion_fx_translateY_affectedRange":{"unit":"%","size":"","sizes":{"start":"0","end":"100"}},"motion_fx_translateX_speed":{"unit":"px","size":"4","sizes":[]},"motion_fx_translateX_affectedRange":{"unit":"%","size":"","sizes":{"start":"0","end":"100"}},"motion_fx_opacity_level":{"unit":"px","size":"10","sizes":[]},"motion_fx_opacity_range":{"unit":"%","size":"","sizes":{"start":"20","end":"80"}},"motion_fx_blur_level":{"unit":"px","size":"7","sizes":[]},"motion_fx_blur_range":{"unit":"%","size":"","sizes":{"start":"20","end":"80"}},"motion_fx_rotateZ_speed":{"unit":"px","size":"1","sizes":[]},"motion_fx_rotateZ_affectedRange":{"unit":"%","size":"","sizes":{"start":"0","end":"100"}},"motion_fx_scale_speed":{"unit":"px","size":"4","sizes":[]},"motion_fx_scale_range":{"unit":"%","size":"","sizes":{"start":"20","end":"80"}},"motion_fx_mouseTrack_speed":{"unit":"px","size":"1","sizes":[]},"motion_fx_tilt_speed":{"unit":"px","size":"4","sizes":[]},"sticky_offset":"0","sticky_effects_offset":"0","_border_width_tablet":{"unit":"px","top":"0","right":"0","bottom":"0","left":"0","isLinked":""},"title_typography_typography":"custom","title_typography_font_family":"Karla","title_typography_font_size":{"unit":"px","size":"20","sizes":[]},"title_typography_font_size_tablet":{"unit":"px","size":"16","sizes":[]},"title_typography_font_size_mobile":{"unit":"px","size":"14","sizes":[]},"title_typography_font_weight":"500","title_typography_font_style":"normal","title_typography_text_decoration":"none","title_typography_line_height":{"unit":"em","size":"1","sizes":[]},"title_typography_letter_spacing":{"unit":"px","size":"0","sizes":[]},"content_typography_typography":"custom","content_typography_font_family":"Karla","content_typography_font_size":{"unit":"px","size":"16","sizes":[]},"content_typography_font_size_tablet":{"unit":"px","size":"14","sizes":[]},"content_typography_font_weight":"400","content_typography_text_transform":"none","content_typography_font_style":"normal","content_typography_text_decoration":"none","content_typography_line_height":{"unit":"em","size":"1.3","sizes":[]},"content_typography_letter_spacing":{"unit":"px","size":"0","sizes":[]},"content_padding_mobile":{"unit":"px","top":"0","right":"0","bottom":"30","left":"0","isLinked":""}},"elements":[],"isInner":false,"widgetType":"toggle","elType":"widget"}],"isInner":"1","elType":"column"}],"isInner":"1","elType":"section"}],"isInner":"","elType":"column"}],"isInner":"","elType":"section"},{"id":"6ae21b5c","settings":{"layout":"full_width","gap":"no","height":"min-height","custom_height":{"unit":"vh","size":"75","sizes":[]},"column_position":"stretch","background_background":"classic","background_color":"#F6A213","margin":{"unit":"%","top":"15","right":"0","bottom":"0","left":"0","isLinked":""},"padding":{"unit":"%","top":"0","right":"5","bottom":"0","left":"5","isLinked":""},"shape_divider_bottom_height":{"unit":"px","size":"96","sizes":[]},"shape_divider_bottom_above_content":"yes","content_position":"middle","overflow":"hidden","shape_divider_top":"waves","shape_divider_top_height":{"unit":"px","size":"96","sizes":[]},"shape_divider_top_above_content":"yes","_title":"CTA","custom_height_tablet":{"unit":"vh","size":"50","sizes":[]},"custom_height_mobile":{"unit":"vh","size":"65","sizes":[]},"shape_divider_top_width_mobile":{"unit":"%","size":"130","sizes":[]},"shape_divider_top_height_tablet":{"unit":"px","size":"40","sizes":[]},"shape_divider_top_height_mobile":{"unit":"px","size":"30","sizes":[]},"margin_mobile":{"unit":"%","top":"35","right":"0","bottom":"0","left":"0","isLinked":""}},"elements":[{"id":"4a131dd3","settings":{"_column_size":"100","align":"center","space_between_widgets":"0"},"elements":[{"id":"6322c30e","settings":{"space":{"unit":"px","size":"224","sizes":[]},"_margin":{"unit":"px","top":"0","right":"0","bottom":"-140","left":"0","isLinked":""},"_background_color":"#F5B13D","_border_border":"solid","_border_width":{"unit":"px","top":"66","right":"66","bottom":"66","left":"66","isLinked":"1"},"_border_color":"#F5B13D","_border_radius":{"unit":"px","top":"384","right":"384","bottom":"384","left":"384","isLinked":"1"},"_element_width":"initial","_element_custom_width":{"unit":"px","size":"224","sizes":[]},"_element_vertical_align":"flex-end","_position":"absolute","_offset_orientation_v":"end","space_tablet":{"unit":"px","size":"100","sizes":[]},"_margin_tablet":{"unit":"px","top":"0","right":"0","bottom":"-30","left":"0","isLinked":""},"_border_width_tablet":{"unit":"px","top":"30","right":"30","bottom":"30","left":"30","isLinked":"1"},"_element_width_tablet":"initial","_element_custom_width_tablet":{"unit":"px","size":"115","sizes":[]},"space_mobile":{"unit":"px","size":"150","sizes":[]},"_margin_mobile":{"unit":"px","top":"0","right":"0","bottom":"-120","left":"0","isLinked":""},"_border_width_mobile":{"unit":"px","top":"20","right":"20","bottom":"20","left":"20","isLinked":"1"},"_element_width_mobile":"initial","_element_custom_width_mobile":{"unit":"px","size":"120","sizes":[]},"_offset_x_mobile":{"unit":"px","size":"100","sizes":[]}},"elements":[],"isInner":false,"widgetType":"spacer","elType":"widget"},{"id":"4830d6b2","settings":{"space":{"unit":"px","size":"800","sizes":[]},"_margin":{"unit":"px","top":"200","right":"0","bottom":"0","left":"0","isLinked":""},"_padding":{"unit":"px","top":"0","right":"0","bottom":"0","left":"0","isLinked":""},"_background_color":"#F5B13D","_border_border":"solid","_border_width":{"unit":"px","top":"136","right":"136","bottom":"136","left":"136","isLinked":"1"},"_border_color":"#F5B13D","_border_radius":{"unit":"px","top":"384","right":"384","bottom":"384","left":"384","isLinked":"1"},"_element_width":"initial","_element_custom_width":{"unit":"px","size":"654","sizes":[]},"_position":"absolute","_offset_x":{"unit":"px","size":"","sizes":[]},"space_tablet":{"unit":"px","size":"500","sizes":[]},"_border_width_tablet":{"unit":"px","top":"100","right":"100","bottom":"100","left":"100","isLinked":"1"},"_element_width_tablet":"initial","_element_custom_width_tablet":{"unit":"px","size":"390","sizes":[]},"space_mobile":{"unit":"px","size":"400","sizes":[]},"_margin_mobile":{"unit":"px","top":"145","right":"0","bottom":"0","left":"0","isLinked":""},"_border_width_mobile":{"unit":"px","top":"50","right":"50","bottom":"50","left":"50","isLinked":"1"},"_element_width_mobile":"initial","_element_custom_width_mobile":{"unit":"px","size":"300","sizes":[]}},"elements":[],"isInner":false,"widgetType":"spacer","elType":"widget"},{"id":"1348b1b2","settings":{"space":{"unit":"px","size":"224","sizes":[]},"_margin":{"unit":"px","top":"-66","right":"0","bottom":"0","left":"0","isLinked":""},"_background_color":"#F5B13D","_border_border":"solid","_border_width":{"unit":"px","top":"66","right":"66","bottom":"66","left":"66","isLinked":"1"},"_border_color":"#F5B13D","_border_radius":{"unit":"px","top":"384","right":"384","bottom":"384","left":"384","isLinked":"1"},"_element_width":"initial","_element_custom_width":{"unit":"px","size":"224","sizes":[]},"_position":"absolute","_offset_orientation_h":"end","_offset_x":{"unit":"px","size":"","sizes":[]},"space_tablet":{"unit":"px","size":"100","sizes":[]},"_margin_tablet":{"unit":"px","top":"0","right":"0","bottom":"0","left":"0","isLinked":""},"_border_width_tablet":{"unit":"px","top":"30","right":"30","bottom":"30","left":"30","isLinked":"1"},"_element_width_tablet":"initial","_element_custom_width_tablet":{"unit":"px","size":"115","sizes":[]},"space_mobile":{"unit":"px","size":"150","sizes":[]},"_margin_mobile":{"unit":"px","top":"-85","right":"0","bottom":"0","left":"0","isLinked":""},"_border_width_mobile":{"unit":"px","top":"20","right":"20","bottom":"20","left":"20","isLinked":"1"},"_element_width_mobile":"initial","_element_custom_width_mobile":{"unit":"px","size":"120","sizes":[]}},"elements":[],"isInner":false,"widgetType":"spacer","elType":"widget"},{"id":"61e9a22c","settings":{"gap":"no","content_position":"middle","margin":{"unit":"%","top":"","right":"0","bottom":"","left":"0","isLinked":"1"},"padding":{"unit":"%","top":"0","right":"7","bottom":"0","left":"7","isLinked":""},"z_index":"2","content_width":{"unit":"px","size":"1100","sizes":[]}},"elements":[{"id":"25b487b5","settings":{"_column_size":"100","align":"center","space_between_widgets":"60","space_between_widgets_mobile":"30"},"elements":[{"id":"5919ef2","settings":{"title":"Join the movement and help us reach our goal of 100,000 donated computers for kids' education","align":"center","title_color":"#FFFFFF","__globals__":{"typography_typography":""},"typography_typography":"custom","typography_font_family":"Karla","typography_font_size":{"unit":"px","size":"45","sizes":[]},"typography_font_size_tablet":{"unit":"px","size":"35","sizes":[]},"typography_font_size_mobile":{"unit":"px","size":"28","sizes":[]},"typography_font_weight":"500","typography_font_style":"normal","typography_text_decoration":"none","typography_line_height":{"unit":"em","size":"1.1","sizes":[]},"typography_letter_spacing":{"unit":"px","size":"0","sizes":[]}},"elements":[],"isInner":false,"widgetType":"heading","elType":"widget"},{"id":"21e9b71e","settings":{"text":"I want to donate","align":"center","button_text_color":"#3D3D3D","background_color":"#FFFFFF","border_radius":{"unit":"px","top":"50","right":"50","bottom":"50","left":"50","isLinked":"1"},"text_padding":{"unit":"px","top":"28","right":"52","bottom":"28","left":"52","isLinked":""},"__globals__":{"typography_typography":""},"hover_color":"#FFFFFF","button_background_hover_color":"#000000","hover_animation":"grow","_animation":"pulse","text_padding_tablet":{"unit":"px","top":"22","right":"40","bottom":"22","left":"40","isLinked":""},"text_padding_mobile":{"unit":"px","top":"18","right":"30","bottom":"18","left":"30","isLinked":""},"typography_typography":"custom","typography_font_family":"Karla","typography_font_size":{"unit":"px","size":"20","sizes":[]},"typography_font_size_tablet":{"unit":"px","size":"16","sizes":[]},"typography_font_weight":"500","typography_text_transform":"uppercase","typography_font_style":"normal","typography_text_decoration":"none","typography_line_height":{"unit":"em","size":"1","sizes":[]},"typography_letter_spacing":{"unit":"px","size":"1","sizes":[]}},"elements":[],"isInner":false,"widgetType":"button","elType":"widget"}],"isInner":"1","elType":"column"}],"isInner":"1","elType":"section"}],"isInner":"","elType":"column"}],"isInner":"","elType":"section"},{"id":"2cf52557","settings":{"layout":"full_width","gap":"no","height":"min-height","custom_height":{"unit":"px","size":"55","sizes":[]},"content_position":"middle","background_background":"classic","background_color":"#FFFFFF","margin":{"unit":"%","top":"","right":"0","bottom":"","left":"0","isLinked":"1"},"padding":{"unit":"%","top":"0","right":"8","bottom":"0","left":"8","isLinked":""},"z_index":"1","_title":"Footer"},"elements":[{"id":"3eb97f4","settings":{"_column_size":"100","align":"space-between"},"elements":[{"id":"3c7c1f4e","settings":{"social_icon_list":[{"_id":"5400847","social_icon":{"value":{"id":16674,"url":"http:\/\/library.elementor.com\/lp\/wp-content\/uploads\/2021\/01\/14_Donate_Computer-Instagram_Fill.svg"},"library":"svg"}},{"social_icon":{"value":"fab fa-facebook-f","library":"fa-brands"},"_id":"2ea1123"},{"social_icon":{"value":"fab fa-youtube","library":"fa-brands"},"_id":"b70e826"},{"social_icon":{"value":"fab fa-linkedin-in","library":"fa-brands"},"_id":"aef9aaa"}],"icon_color":"custom","icon_primary_color":"#99010100","icon_secondary_color":"#131415","icon_size":{"unit":"px","size":"19","sizes":[]},"icon_padding":{"unit":"em","size":"0","sizes":[]},"icon_spacing":{"unit":"px","size":"20","sizes":[]},"hover_secondary_color":"#F6A213","_padding":{"unit":"%","top":"","right":"","bottom":"","left":"","isLinked":"1"},"_element_width":"auto","icon_size_tablet":{"unit":"px","size":"15","sizes":[]},"icon_spacing_tablet":{"unit":"px","size":"15","sizes":[]},"row_gap":{"unit":"px","size":"0","sizes":[]},"motion_fx_translateY_speed":{"unit":"px","size":"4","sizes":[]},"motion_fx_translateY_affectedRange":{"unit":"%","size":"","sizes":{"start":"0","end":"100"}},"motion_fx_translateX_speed":{"unit":"px","size":"4","sizes":[]},"motion_fx_translateX_affectedRange":{"unit":"%","size":"","sizes":{"start":"0","end":"100"}},"motion_fx_opacity_level":{"unit":"px","size":"10","sizes":[]},"motion_fx_opacity_range":{"unit":"%","size":"","sizes":{"start":"20","end":"80"}},"motion_fx_blur_level":{"unit":"px","size":"7","sizes":[]},"motion_fx_blur_range":{"unit":"%","size":"","sizes":{"start":"20","end":"80"}},"motion_fx_rotateZ_speed":{"unit":"px","size":"1","sizes":[]},"motion_fx_rotateZ_affectedRange":{"unit":"%","size":"","sizes":{"start":"0","end":"100"}},"motion_fx_scale_speed":{"unit":"px","size":"4","sizes":[]},"motion_fx_scale_range":{"unit":"%","size":"","sizes":{"start":"20","end":"80"}},"motion_fx_mouseTrack_speed":{"unit":"px","size":"1","sizes":[]},"motion_fx_tilt_speed":{"unit":"px","size":"4","sizes":[]},"sticky_offset":"0","sticky_effects_offset":"0","icon_spacing_mobile":{"unit":"px","size":"10","sizes":[]}},"elements":[],"isInner":false,"widgetType":"social-icons","elType":"widget"},{"id":"6626a02a","settings":{"title":"\u00a9 copyright Do4Others 2021 ","header_size":"p","align":"right","title_color":"#5D5D5D","_element_width":"auto","__dynamic__":[],"_margin_mobile":{"unit":"%","top":"","right":"","bottom":"","left":"","isLinked":"1"},"motion_fx_translateY_speed":{"unit":"px","size":"4","sizes":[]},"motion_fx_translateY_affectedRange":{"unit":"%","size":"","sizes":{"start":"0","end":"100"}},"motion_fx_translateX_speed":{"unit":"px","size":"4","sizes":[]},"motion_fx_translateX_affectedRange":{"unit":"%","size":"","sizes":{"start":"0","end":"100"}},"motion_fx_opacity_level":{"unit":"px","size":"10","sizes":[]},"motion_fx_opacity_range":{"unit":"%","size":"","sizes":{"start":"20","end":"80"}},"motion_fx_blur_level":{"unit":"px","size":"7","sizes":[]},"motion_fx_blur_range":{"unit":"%","size":"","sizes":{"start":"20","end":"80"}},"motion_fx_rotateZ_speed":{"unit":"px","size":"1","sizes":[]},"motion_fx_rotateZ_affectedRange":{"unit":"%","size":"","sizes":{"start":"0","end":"100"}},"motion_fx_scale_speed":{"unit":"px","size":"4","sizes":[]},"motion_fx_scale_range":{"unit":"%","size":"","sizes":{"start":"20","end":"80"}},"motion_fx_mouseTrack_speed":{"unit":"px","size":"1","sizes":[]},"motion_fx_tilt_speed":{"unit":"px","size":"4","sizes":[]},"sticky_offset":"0","sticky_effects_offset":"0","__globals__":{"typography_typography":""},"typography_typography":"custom","typography_font_family":"Karla","typography_font_size":{"unit":"px","size":"16","sizes":[]},"typography_font_size_tablet":{"unit":"px","size":"14","sizes":[]},"typography_font_weight":"400","typography_text_transform":"none","typography_font_style":"normal","typography_text_decoration":"none","typography_line_height":{"unit":"em","size":"1.3","sizes":[]},"typography_letter_spacing":{"unit":"px","size":"0","sizes":[]}},"elements":[],"isInner":false,"widgetType":"heading","elType":"widget"}],"isInner":"","elType":"column"}],"isInner":"","elType":"section"}]}