{"version":"0.4","title":"17060","type":"page","content":[{"id":"62287528","settings":{"layout":"full_width","gap":"no","content_position":"middle","margin":{"unit":"%","top":"3","right":"0","bottom":"0","left":"0","isLinked":""},"padding":{"unit":"%","top":"0","right":"10","bottom":"0","left":"10","isLinked":""},"padding_mobile":{"unit":"%","top":"0","right":"5","bottom":"0","left":"5","isLinked":""},"_title":"Header","margin_tablet":{"unit":"%","top":"5","right":"0","bottom":"0","left":"0","isLinked":""},"_timestamp_":"v1b1BCenZXN2gxUTBqb0JJSWxJTVlPZz09"},"elements":[{"id":"63691ac6","settings":{"_column_size":"100","align":"space-between"},"elements":[{"id":"fe19e32","settings":{"image":{"id":16533,"url":"http:\/\/library.elementor.com\/lp\/wp-content\/uploads\/2021\/01\/15_Private_Tutor-Logo@2x.png"},"image_size":"full","width":{"unit":"px","size":"239","sizes":[]},"_element_width":"auto","_element_custom_width_mobile":{"unit":"px","size":"115","sizes":[]},"width_tablet":{"unit":"px","size":"170","sizes":[]},"width_mobile":{"unit":"px","size":"120","sizes":[]}},"elements":[],"isInner":false,"widgetType":"image","elType":"widget"},{"id":"6db2211","settings":{"icon_list":[{"text":"<b>Call Today<\/b>  619-501-7239","selected_icon":{"value":"","library":""},"_id":"b380255"},{"text":"","selected_icon":{"value":{"id":16535,"url":"http:\/\/library.elementor.com\/lp\/wp-content\/uploads\/2021\/01\/15_Private_Tutor-TopBar_Arrow.svg"},"library":"svg"},"_id":"9f32b55"}],"space_between":{"unit":"px","size":"4","sizes":[]},"space_between_mobile":{"unit":"px","size":"-20","sizes":[]},"icon_align":"left","icon_color":"#2EB560","icon_size":{"unit":"px","size":"80","sizes":[]},"icon_size_mobile":{"unit":"px","size":"41","sizes":[]},"icon_self_align":"left","text_color":"#022333","text_indent":{"unit":"px","size":"40","sizes":[]},"icon_typography_typography":"custom","icon_typography_font_family":"Raleway","icon_typography_font_size":{"unit":"px","size":"22","sizes":[]},"icon_typography_font_size_mobile":{"unit":"px","size":"14","sizes":[]},"icon_typography_font_weight":"400","icon_typography_text_transform":"capitalize","icon_typography_font_style":"normal","icon_typography_text_decoration":"none","icon_typography_line_height":{"unit":"em","size":"1","sizes":[]},"icon_typography_letter_spacing":{"unit":"px","size":"0","sizes":[]},"_margin_mobile":{"unit":"%","top":"0","right":"0","bottom":"-18","left":"0","isLinked":""},"_element_width":"auto","icon_typography_font_size_tablet":{"unit":"px","size":"18","sizes":[]},"_margin_tablet":{"unit":"px","top":"0","right":"0","bottom":"-50","left":"0","isLinked":""}},"elements":[],"isInner":false,"widgetType":"icon-list","elType":"widget"}],"isInner":"","elType":"column"}],"isInner":"","elType":"section"},{"id":"2232fe4b","settings":{"gap":"no","margin":{"unit":"%","top":"5","right":"0","bottom":"0","left":"0","isLinked":""},"padding":{"unit":"%","top":"0","right":"10","bottom":"0","left":"10","isLinked":""},"padding_mobile":{"unit":"%","top":"0","right":"5","bottom":"0","left":"5","isLinked":""},"content_width":{"unit":"px","size":"1200","sizes":[]},"margin_tablet":{"unit":"%","top":"15","right":"0","bottom":"0","left":"0","isLinked":""},"_title":"Hero","margin_mobile":{"unit":"%","top":"","right":"0","bottom":"","left":"0","isLinked":"1"},"_timestamp_":"v1b1BCenZXN2gxUTBqb0JJSWxJTVlPZz09"},"elements":[{"id":"7f2d2473","settings":{"_column_size":"100","align":"center","space_between_widgets":"60","space_between_widgets_mobile":"30"},"elements":[{"id":"3d5abb65","settings":{"marker":"underline","before_text":"","highlighted_text":"Online private tutoring","rotating_text":"Better\nBigger\nFaster","after_text":" to help you achieve your academic goals","tag":"h1","marker_color":"#2EB560","stroke_width":{"unit":"px","size":"12","sizes":[]},"above_content":"yes","title_color":"#001B28","words_color":"#001B28","__globals__":{"title_typography_typography":"","words_typography_typography":""},"title_typography_typography":"custom","title_typography_font_family":"Raleway","title_typography_font_size":{"unit":"px","size":"70","sizes":[]},"title_typography_font_size_tablet":{"unit":"px","size":"40","sizes":[]},"title_typography_font_size_mobile":{"unit":"px","size":"26","sizes":[]},"title_typography_font_weight":"300","title_typography_line_height":{"unit":"em","size":"1.2","sizes":[]},"title_typography_letter_spacing":{"unit":"px","size":"1","sizes":[]},"words_typography_typography":"custom","words_typography_font_family":"Raleway","words_typography_font_weight":"800","words_typography_font_style":"normal","words_typography_text_decoration":"none","words_typography_line_height":{"unit":"em","size":"1.2","sizes":[]},"words_typography_letter_spacing":{"unit":"px","size":"1","sizes":[]},"words_typography_font_size":{"unit":"px","size":"","sizes":[]},"words_typography_font_size_tablet":{"unit":"px","size":"","sizes":[]},"words_typography_font_size_mobile":{"unit":"px","size":"","sizes":[]}},"elements":[],"isInner":false,"widgetType":"animated-headline","elType":"widget"},{"id":"76a758c4","settings":{"bg_image":{"url":"","id":""},"title":"Book A Free Trial Lesson","description":"Leave your details below and our coordinator will contact you to schedule your free trial. We offer private lessons, tailored to your goals, with an expert tutor to best fit your needs.","title_tag":"h3","button":"","padding":{"unit":"%","top":"5","right":"20","bottom":"5","left":"20","isLinked":""},"title_typography_typography":"custom","title_typography_font_family":"Raleway","title_typography_font_size":{"unit":"px","size":"28","sizes":[]},"title_typography_font_weight":"700","title_typography_font_style":"normal","title_typography_text_decoration":"none","title_typography_letter_spacing":{"unit":"px","size":"1","sizes":[]},"title_spacing":{"unit":"px","size":"25","sizes":[]},"content_bg_color":"#D6E1EC","title_color":"#022333","description_color":"#191919","_padding":{"unit":"%","top":"","right":"","bottom":"","left":"","isLinked":"1"},"_element_width":"initial","_element_custom_width":{"unit":"px","size":"680","sizes":[]},"__globals__":{"description_typography_typography":""},"title_typography_font_size_tablet":{"unit":"px","size":"22","sizes":[]},"title_spacing_tablet":{"unit":"px","size":"15","sizes":[]},"padding_mobile":{"unit":"%","top":"10","right":"10","bottom":"10","left":"10","isLinked":""},"title_typography_font_size_mobile":{"unit":"px","size":"18","sizes":[]},"graphic_image":{"id":16537,"url":"http:\/\/library.elementor.com\/lp\/wp-content\/uploads\/2021\/01\/placeholder-2.png"},"description_typography_typography":"custom","description_typography_font_family":"Questrial","description_typography_font_size":{"unit":"px","size":"14","sizes":[]},"description_typography_font_size_mobile":{"unit":"px","size":"12","sizes":[]},"description_typography_font_weight":"400","description_typography_text_transform":"none","description_typography_font_style":"normal","description_typography_text_decoration":"none","description_typography_line_height":{"unit":"em","size":"1.3","sizes":[]},"description_typography_letter_spacing":{"unit":"px","size":"-0.29","sizes":[]}},"elements":[],"isInner":false,"widgetType":"call-to-action","elType":"widget"}],"isInner":"","elType":"column"}],"isInner":"","elType":"section"},{"id":"66c8f813","settings":{"content_width":{"unit":"px","size":"680","sizes":[]},"gap":"no","background_background":"classic","background_color":"#001B28","margin":{"unit":"%","top":"","right":"0","bottom":"","left":"0","isLinked":"1"},"padding":{"unit":"%","top":"0","right":"10","bottom":"15","left":"10","isLinked":""},"_title":"Form","padding_mobile":{"unit":"%","top":"0","right":"5","bottom":"20","left":"5","isLinked":""},"_timestamp_":"v1b1BCenZXN2gxUTBqb0JJSWxJTVlPZz09"},"elements":[{"id":"283461b4","settings":{"_column_size":"100","align":"center"},"elements":[{"id":"32a6ef1d","settings":{"form_name":"Free Trial Lesson Form","form_fields":[{"custom_id":"name","field_label":"Full Name","placeholder":"Full Name","_id":"89fe821","rows":"4","file_sizes":"","file_types":"","allow_multiple_upload":"","max_files":"","acceptance_text":"","checked_by_default":"","field_min":"","field_max":"","min_date":"","max_date":"","use_native_date":"","use_native_time":"","previous_button":"","next_button":""},{"custom_id":"email","field_type":"email","required":"true","field_label":"Email Address","placeholder":"Email Address","_id":"ac83546","rows":"4","file_sizes":"","file_types":"","allow_multiple_upload":"","max_files":"","acceptance_text":"","checked_by_default":"","field_min":"","field_max":"","min_date":"","max_date":"","use_native_date":"","use_native_time":"","previous_button":"","next_button":""},{"custom_id":"field_b8c5063","field_label":"Choose a Subject","placeholder":"Choose a Subject","_id":"b8c5063","field_type":"select","field_options":"Choose a Subject\nMath\nEnglish\nSocial Sciences\nChemistry\nPhysics\nBiology\nGeography\nSociology\nPolitics","rows":"4","file_sizes":"","file_types":"","allow_multiple_upload":"","max_files":"","acceptance_text":"","checked_by_default":"","field_min":"","field_max":"","min_date":"","max_date":"","use_native_date":"","use_native_time":"","previous_button":"","next_button":""}],"show_labels":"","step_next_label":"Next","step_previous_label":"Previous","button_text":"Enroll Now","email_content":"[all-fields]","email_content_2":"[all-fields]","success_message":"The form was sent successfully.","error_message":"An error occurred.","required_field_message":"This field is required.","invalid_message":"There's something wrong. The form is invalid.","field_text_color":"#929292","field_border_width":{"unit":"px","top":"0","right":"0","bottom":"1","left":"0","isLinked":""},"field_border_radius":{"unit":"px","top":"0","right":"0","bottom":"0","left":"0","isLinked":""},"_padding":{"unit":"%","top":"7","right":"30","bottom":"7","left":"30","isLinked":""},"_background_background":"classic","_background_color":"#FFFFFF","_element_width":"initial","_element_custom_width":{"unit":"px","size":"680","sizes":[]},"__globals__":{"field_typography_typography":"","button_typography_typography":""},"row_gap":{"unit":"px","size":"28","sizes":[]},"field_background_color":"","field_border_color":"#000000","button_background_color":"#2EB560","button_border_radius":{"unit":"px","top":"50","right":"50","bottom":"50","left":"50","isLinked":"1"},"button_text_padding":{"unit":"px","top":"18","right":"0","bottom":"18","left":"0","isLinked":""},"success_message_color":"#2EB560","error_message_color":"#022333","inline_message_color":"#022333","button_hover_animation":"shrink","_padding_tablet":{"unit":"%","top":"7","right":"25","bottom":"7","left":"25","isLinked":""},"_padding_mobile":{"unit":"%","top":"10","right":"10","bottom":"10","left":"10","isLinked":""},"field_typography_typography":"custom","field_typography_font_family":"Questrial","field_typography_font_size":{"unit":"px","size":"14","sizes":[]},"field_typography_font_size_mobile":{"unit":"px","size":"12","sizes":[]},"field_typography_font_weight":"400","field_typography_text_transform":"none","field_typography_font_style":"normal","field_typography_text_decoration":"none","field_typography_line_height":{"unit":"em","size":"1.3","sizes":[]},"field_typography_letter_spacing":{"unit":"px","size":"-0.29","sizes":[]},"button_typography_typography":"custom","button_typography_font_family":"Raleway","button_typography_font_size":{"unit":"px","size":"18","sizes":[]},"button_typography_font_size_tablet":{"unit":"px","size":"16","sizes":[]},"button_typography_font_weight":"700","button_typography_text_transform":"capitalize","button_typography_font_style":"normal","button_typography_text_decoration":"none","button_typography_line_height":{"unit":"em","size":"1","sizes":[]},"button_typography_letter_spacing":{"unit":"px","size":"2.63","sizes":[]},"message_typography_typography":"custom","message_typography_font_family":"Roboto","message_typography_font_weight":"400"},"elements":[],"isInner":false,"widgetType":"form","elType":"widget"}],"isInner":"","elType":"column"}],"isInner":"","elType":"section"},{"id":"760d5763","settings":{"gap":"no","margin":{"unit":"%","top":"10","right":"0","bottom":"0","left":"0","isLinked":""},"padding":{"unit":"%","top":"0","right":"10","bottom":"0","left":"10","isLinked":""},"padding_mobile":{"unit":"%","top":"0","right":"5","bottom":"0","left":"5","isLinked":""},"content_width":{"unit":"px","size":"820","sizes":[]},"_title":"About (title)","margin_mobile":{"unit":"%","top":"20","right":"0","bottom":"0","left":"0","isLinked":""},"_timestamp_":"v1b1BCenZXN2gxUTBqb0JJSWxJTVlPZz09"},"elements":[{"id":"203d8950","settings":{"_column_size":"100","align":"center","space_between_widgets_mobile":"0"},"elements":[{"id":"16e70214","settings":{"marker":"underline","before_text":"","highlighted_text":"Easy and Fun","rotating_text":"Better\nBigger\nFaster","after_text":"Learning Experience","tag":"h2","marker_color":"#2EB560","stroke_width":{"unit":"px","size":"12","sizes":[]},"above_content":"yes","title_color":"#001B28","words_color":"#001B28","__globals__":{"title_typography_typography":"","words_typography_typography":""},"title_typography_typography":"custom","title_typography_font_family":"Raleway","title_typography_font_size":{"unit":"px","size":"45","sizes":[]},"title_typography_font_size_tablet":{"unit":"px","size":"32","sizes":[]},"title_typography_font_size_mobile":{"unit":"px","size":"24","sizes":[]},"title_typography_font_weight":"300","title_typography_line_height":{"unit":"em","size":"1.2","sizes":[]},"title_typography_letter_spacing":{"unit":"px","size":"1.52","sizes":[]},"words_typography_typography":"custom","words_typography_font_family":"Raleway","words_typography_font_weight":"800","words_typography_font_style":"normal","words_typography_text_decoration":"none","words_typography_line_height":{"unit":"em","size":"1.2","sizes":[]},"words_typography_letter_spacing":{"unit":"px","size":"1.52","sizes":[]},"words_typography_font_size":{"unit":"px","size":"","sizes":[]},"words_typography_font_size_tablet":{"unit":"px","size":"","sizes":[]},"words_typography_font_size_mobile":{"unit":"px","size":"","sizes":[]}},"elements":[],"isInner":false,"widgetType":"animated-headline","elType":"widget"},{"id":"30fa2aca","settings":{"editor":"Tutorim is a private tutoring company with a group of highly-qualified, professional private tutors who provide high-quality online tutoring via zoom video call on a wide range of subjects.\nOur mission is to assist children and adults to achieve their full academic potential through distance learning.","align":"center","text_color":"#191919","__globals__":{"typography_typography":""},"typography_typography":"custom","typography_font_family":"Questrial","typography_font_size":{"unit":"px","size":"18","sizes":[]},"typography_font_size_tablet":{"unit":"px","size":"16","sizes":[]},"typography_font_size_mobile":{"unit":"px","size":"14","sizes":[]},"typography_font_weight":"400","typography_text_transform":"none","typography_font_style":"normal","typography_text_decoration":"none","typography_line_height":{"unit":"em","size":"1.3","sizes":[]},"typography_letter_spacing":{"unit":"px","size":"-0.37","sizes":[]}},"elements":[],"isInner":false,"widgetType":"text-editor","elType":"widget"}],"isInner":"","elType":"column"}],"isInner":"","elType":"section"},{"id":"489a43fe","settings":{"structure":"40","layout":"full_width","gap":"extended","padding":{"unit":"%","top":"0","right":"10","bottom":"0","left":"10","isLinked":""},"margin":{"unit":"%","top":"4","right":"0","bottom":"0","left":"0","isLinked":""},"_title":"About","padding_mobile":{"unit":"%","top":"0","right":"5","bottom":"0","left":"5","isLinked":""},"_timestamp_":"v1b1BCenZXN2gxUTBqb0JJSWxJTVlPZz09"},"elements":[{"id":"60171887","settings":{"_column_size":"25","_inline_size_tablet":"50"},"elements":[{"id":"1e03d9e4","settings":{"selected_icon":{"value":{"id":16539,"url":"http:\/\/library.elementor.com\/lp\/wp-content\/uploads\/2021\/01\/15_Private_Tutor-Expert_Tutors.svg"},"library":"svg"},"title_text":"Expert Tutors","description_text":"Graece euripidis instructior an vix, eum et equidem expetenda concludaturque, ut est Ex est dicit graeco consequat, mel rebum placerat.","title_size":"h4","primary_color":"#2EB560","icon_space":{"unit":"px","size":"25","sizes":[]},"icon_size":{"unit":"px","size":"140","sizes":[]},"title_color":"#000000","description_color":"#191919","__globals__":{"title_typography_typography":"","description_typography_typography":""},"hover_animation":"grow","icon_space_mobile":{"unit":"px","size":"0","sizes":[]},"title_typography_typography":"custom","title_typography_font_family":"Raleway","title_typography_font_size":{"unit":"px","size":"20","sizes":[]},"title_typography_font_size_tablet":{"unit":"px","size":"18","sizes":[]},"title_typography_font_weight":"700","title_typography_font_style":"normal","title_typography_text_decoration":"none","title_typography_line_height":{"unit":"em","size":"1.2","sizes":[]},"title_typography_letter_spacing":{"unit":"px","size":"1","sizes":[]},"description_typography_typography":"custom","description_typography_font_family":"Questrial","description_typography_font_size":{"unit":"px","size":"14","sizes":[]},"description_typography_font_size_mobile":{"unit":"px","size":"12","sizes":[]},"description_typography_font_weight":"400","description_typography_text_transform":"none","description_typography_font_style":"normal","description_typography_text_decoration":"none","description_typography_line_height":{"unit":"em","size":"1.3","sizes":[]},"description_typography_letter_spacing":{"unit":"px","size":"-0.29","sizes":[]}},"elements":[],"isInner":false,"widgetType":"icon-box","elType":"widget"}],"isInner":"","elType":"column"},{"id":"5b173f45","settings":{"_column_size":"25","_inline_size_tablet":"50"},"elements":[{"id":"2f197c9a","settings":{"selected_icon":{"value":{"id":16541,"url":"http:\/\/library.elementor.com\/lp\/wp-content\/uploads\/2021\/01\/15_Private_Tutor-Anytime_Anywhere.svg"},"library":"svg"},"title_text":"Anytime. Anywhere","description_text":"Graece euripidis instructior an vix, eum et equidem expetenda concludaturque, ut est Ex est dicit graeco consequat, mel rebum placerat.","title_size":"h4","primary_color":"#2EB560","icon_space":{"unit":"px","size":"25","sizes":[]},"icon_size":{"unit":"px","size":"140","sizes":[]},"title_color":"#000000","description_color":"#191919","__globals__":{"title_typography_typography":"","description_typography_typography":""},"hover_animation":"grow","icon_space_mobile":{"unit":"px","size":"0","sizes":[]},"title_typography_typography":"custom","title_typography_font_family":"Raleway","title_typography_font_size":{"unit":"px","size":"20","sizes":[]},"title_typography_font_size_tablet":{"unit":"px","size":"18","sizes":[]},"title_typography_font_weight":"700","title_typography_font_style":"normal","title_typography_text_decoration":"none","title_typography_line_height":{"unit":"em","size":"1.2","sizes":[]},"title_typography_letter_spacing":{"unit":"px","size":"1","sizes":[]},"description_typography_typography":"custom","description_typography_font_family":"Questrial","description_typography_font_size":{"unit":"px","size":"14","sizes":[]},"description_typography_font_size_mobile":{"unit":"px","size":"12","sizes":[]},"description_typography_font_weight":"400","description_typography_text_transform":"none","description_typography_font_style":"normal","description_typography_text_decoration":"none","description_typography_line_height":{"unit":"em","size":"1.3","sizes":[]},"description_typography_letter_spacing":{"unit":"px","size":"-0.29","sizes":[]}},"elements":[],"isInner":false,"widgetType":"icon-box","elType":"widget"}],"isInner":"","elType":"column"},{"id":"23273977","settings":{"_column_size":"25","_inline_size_tablet":"50"},"elements":[{"id":"26c60246","settings":{"selected_icon":{"value":{"id":16543,"url":"http:\/\/library.elementor.com\/lp\/wp-content\/uploads\/2021\/01\/15_Private_Tutor-Affordable_Rates.svg"},"library":"svg"},"title_text":"Affordable Rates","description_text":"Graece euripidis instructior an vix, eum et equidem expetenda concludaturque, ut est Ex est dicit graeco consequat, mel rebum placerat.","title_size":"h4","primary_color":"#2EB560","icon_space":{"unit":"px","size":"25","sizes":[]},"icon_size":{"unit":"px","size":"140","sizes":[]},"title_color":"#000000","description_color":"#191919","__globals__":{"title_typography_typography":"","description_typography_typography":""},"hover_animation":"grow","icon_space_mobile":{"unit":"px","size":"0","sizes":[]},"title_typography_typography":"custom","title_typography_font_family":"Raleway","title_typography_font_size":{"unit":"px","size":"20","sizes":[]},"title_typography_font_size_tablet":{"unit":"px","size":"18","sizes":[]},"title_typography_font_weight":"700","title_typography_font_style":"normal","title_typography_text_decoration":"none","title_typography_line_height":{"unit":"em","size":"1.2","sizes":[]},"title_typography_letter_spacing":{"unit":"px","size":"1","sizes":[]},"description_typography_typography":"custom","description_typography_font_family":"Questrial","description_typography_font_size":{"unit":"px","size":"14","sizes":[]},"description_typography_font_size_mobile":{"unit":"px","size":"12","sizes":[]},"description_typography_font_weight":"400","description_typography_text_transform":"none","description_typography_font_style":"normal","description_typography_text_decoration":"none","description_typography_line_height":{"unit":"em","size":"1.3","sizes":[]},"description_typography_letter_spacing":{"unit":"px","size":"-0.29","sizes":[]}},"elements":[],"isInner":false,"widgetType":"icon-box","elType":"widget"}],"isInner":"","elType":"column"},{"id":"4ae9fe5","settings":{"_column_size":"25","_inline_size_tablet":"50"},"elements":[{"id":"16dec9d4","settings":{"selected_icon":{"value":{"id":16545,"url":"http:\/\/library.elementor.com\/lp\/wp-content\/uploads\/2021\/01\/15_Private_Tutor-Range_of_Subjects.svg"},"library":"svg"},"title_text":"Range of Subjects","description_text":"Graece euripidis instructior an vix, eum et equidem expetenda concludaturque, ut est Ex est dicit graeco consequat, mel rebum placerat.","title_size":"h4","primary_color":"#2EB560","icon_space":{"unit":"px","size":"25","sizes":[]},"icon_size":{"unit":"px","size":"140","sizes":[]},"title_color":"#000000","description_color":"#191919","__globals__":{"title_typography_typography":"","description_typography_typography":""},"hover_animation":"grow","icon_space_mobile":{"unit":"px","size":"0","sizes":[]},"title_typography_typography":"custom","title_typography_font_family":"Raleway","title_typography_font_size":{"unit":"px","size":"20","sizes":[]},"title_typography_font_size_tablet":{"unit":"px","size":"18","sizes":[]},"title_typography_font_weight":"700","title_typography_font_style":"normal","title_typography_text_decoration":"none","title_typography_line_height":{"unit":"em","size":"1.2","sizes":[]},"title_typography_letter_spacing":{"unit":"px","size":"1","sizes":[]},"description_typography_typography":"custom","description_typography_font_family":"Questrial","description_typography_font_size":{"unit":"px","size":"14","sizes":[]},"description_typography_font_size_mobile":{"unit":"px","size":"12","sizes":[]},"description_typography_font_weight":"400","description_typography_text_transform":"none","description_typography_font_style":"normal","description_typography_text_decoration":"none","description_typography_line_height":{"unit":"em","size":"1.3","sizes":[]},"description_typography_letter_spacing":{"unit":"px","size":"-0.29","sizes":[]}},"elements":[],"isInner":false,"widgetType":"icon-box","elType":"widget"}],"isInner":"","elType":"column"}],"isInner":"","elType":"section"},{"id":"4cbe3bd5","settings":{"gap":"no","margin":{"unit":"%","top":"10","right":"0","bottom":"0","left":"0","isLinked":""},"padding":{"unit":"%","top":"10","right":"10","bottom":"5","left":"10","isLinked":""},"padding_mobile":{"unit":"%","top":"10","right":"5","bottom":"0","left":"5","isLinked":""},"content_width":{"unit":"px","size":"820","sizes":[]},"background_background":"classic","background_color":"#001B28","_title":"Tutors (title)","margin_mobile":{"unit":"%","top":"20","right":"0","bottom":"0","left":"0","isLinked":""},"_timestamp_":"v1b1BCenZXN2gxUTBqb0JJSWxJTVlPZz09"},"elements":[{"id":"716c843b","settings":{"_column_size":"100","align":"center","space_between_widgets_mobile":"10"},"elements":[{"id":"363c9acf","settings":{"marker":"underline","before_text":"","highlighted_text":"Only The Best","rotating_text":"Better\nBigger\nFaster","after_text":"Tutors","tag":"h2","marker_color":"#2EB560","stroke_width":{"unit":"px","size":"12","sizes":[]},"above_content":"yes","title_color":"#FFFFFF","words_color":"#FFFFFF","__globals__":{"words_typography_typography":"","title_typography_typography":""},"title_typography_typography":"custom","title_typography_font_family":"Raleway","title_typography_font_size":{"unit":"px","size":"45","sizes":[]},"title_typography_font_size_tablet":{"unit":"px","size":"32","sizes":[]},"title_typography_font_size_mobile":{"unit":"px","size":"24","sizes":[]},"title_typography_font_weight":"300","title_typography_line_height":{"unit":"em","size":"1.2","sizes":[]},"title_typography_letter_spacing":{"unit":"px","size":"1.52","sizes":[]},"words_typography_typography":"custom","words_typography_font_family":"Raleway","words_typography_font_weight":"800","words_typography_font_style":"normal","words_typography_text_decoration":"none","words_typography_line_height":{"unit":"em","size":"1.2","sizes":[]},"words_typography_letter_spacing":{"unit":"px","size":"1.52","sizes":[]},"words_typography_font_size":{"unit":"px","size":"","sizes":[]},"words_typography_font_size_tablet":{"unit":"px","size":"","sizes":[]},"words_typography_font_size_mobile":{"unit":"px","size":"","sizes":[]}},"elements":[],"isInner":false,"widgetType":"animated-headline","elType":"widget"},{"id":"509ee394","settings":{"editor":"Here at Tutorim we handpick only the best qualified, expert, and friendly tutors for you.\nSpecializing in subjects from maths, science to arts and languages at all levels as well as preparing for university exams.","align":"center","text_color":"#FFFFFF","__globals__":{"typography_typography":""},"typography_typography":"custom","typography_font_family":"Questrial","typography_font_size":{"unit":"px","size":"18","sizes":[]},"typography_font_size_tablet":{"unit":"px","size":"16","sizes":[]},"typography_font_size_mobile":{"unit":"px","size":"14","sizes":[]},"typography_font_weight":"400","typography_text_transform":"none","typography_font_style":"normal","typography_text_decoration":"none","typography_line_height":{"unit":"em","size":"1.3","sizes":[]},"typography_letter_spacing":{"unit":"px","size":"-0.37","sizes":[]}},"elements":[],"isInner":false,"widgetType":"text-editor","elType":"widget"}],"isInner":"","elType":"column"}],"isInner":"","elType":"section"},{"id":"61f3b223","settings":{"layout":"full_width","gap":"extended","margin":{"unit":"%","top":"","right":"0","bottom":"","left":"0","isLinked":"1"},"padding":{"unit":"%","top":"0","right":"10","bottom":"10","left":"10","isLinked":""},"padding_mobile":{"unit":"%","top":"10","right":"5","bottom":"10","left":"5","isLinked":""},"content_width":{"unit":"px","size":"820","sizes":[]},"structure":"40","background_background":"classic","background_color":"#001B28","_title":"Tutors","_timestamp_":"v1b1BCenZXN2gxUTBqb0JJSWxJTVlPZz09"},"elements":[{"id":"3aef90ea","settings":{"_column_size":"25","align":"center","_inline_size_tablet":"50"},"elements":[{"id":"6857c827","settings":{"image":{"id":16547,"url":"http:\/\/library.elementor.com\/lp\/wp-content\/uploads\/2021\/01\/15_Private_Tutor-Tutors-Amy_Mitchell.jpg"},"title_text":"Amy Mitchell","description_text":"Maths, English, Social Sciences","title_size":"h4","image_size":{"unit":"%","size":"100","sizes":[]},"hover_animation":"shrink","title_bottom_space":{"unit":"px","size":"10","sizes":[]},"title_color":"#FFFFFF","description_color":"#68767C","description_typography_typography":"custom","description_typography_font_family":"Raleway","description_typography_font_size":{"unit":"px","size":"16","sizes":[]},"description_typography_font_weight":"400","description_typography_text_transform":"none","description_typography_font_style":"normal","description_typography_text_decoration":"none","description_typography_letter_spacing":{"unit":"px","size":"1","sizes":[]},"__globals__":{"title_typography_typography":"","description_typography_typography":""},"description_typography_font_size_tablet":{"unit":"px","size":"14","sizes":[]},"title_typography_typography":"custom","title_typography_font_family":"Raleway","title_typography_font_size":{"unit":"px","size":"20","sizes":[]},"title_typography_font_size_tablet":{"unit":"px","size":"18","sizes":[]},"title_typography_font_weight":"700","title_typography_font_style":"normal","title_typography_text_decoration":"none","title_typography_line_height":{"unit":"em","size":"1.2","sizes":[]},"title_typography_letter_spacing":{"unit":"px","size":"1","sizes":[]}},"elements":[],"isInner":false,"widgetType":"image-box","elType":"widget"}],"isInner":"","elType":"column"},{"id":"1c0468eb","settings":{"_column_size":"25","align":"center","_inline_size_tablet":"50","margin_mobile":{"unit":"%","top":"10","right":"0","bottom":"0","left":"0","isLinked":""}},"elements":[{"id":"47b97bb4","settings":{"image":{"id":16549,"url":"http:\/\/library.elementor.com\/lp\/wp-content\/uploads\/2021\/01\/15_Private_Tutor-Tutors-Teresa_Roberts.jpg"},"title_text":"Teresa Roberts","description_text":"English, Chemistry, Geography","title_size":"h4","image_size":{"unit":"%","size":"100","sizes":[]},"hover_animation":"shrink","title_bottom_space":{"unit":"px","size":"10","sizes":[]},"title_color":"#FFFFFF","description_color":"#68767C","description_typography_typography":"custom","description_typography_font_family":"Raleway","description_typography_font_size":{"unit":"px","size":"16","sizes":[]},"description_typography_font_weight":"400","description_typography_text_transform":"none","description_typography_font_style":"normal","description_typography_text_decoration":"none","description_typography_letter_spacing":{"unit":"px","size":"1","sizes":[]},"__globals__":{"title_typography_typography":"","description_typography_typography":""},"description_typography_font_size_tablet":{"unit":"px","size":"14","sizes":[]},"title_typography_typography":"custom","title_typography_font_family":"Raleway","title_typography_font_size":{"unit":"px","size":"20","sizes":[]},"title_typography_font_size_tablet":{"unit":"px","size":"18","sizes":[]},"title_typography_font_weight":"700","title_typography_font_style":"normal","title_typography_text_decoration":"none","title_typography_line_height":{"unit":"em","size":"1.2","sizes":[]},"title_typography_letter_spacing":{"unit":"px","size":"1","sizes":[]}},"elements":[],"isInner":false,"widgetType":"image-box","elType":"widget"}],"isInner":"","elType":"column"},{"id":"6fbab541","settings":{"_column_size":"25","align":"center","_inline_size_tablet":"50","margin_mobile":{"unit":"%","top":"10","right":"0","bottom":"0","left":"0","isLinked":""}},"elements":[{"id":"20a07ad9","settings":{"image":{"id":16551,"url":"http:\/\/library.elementor.com\/lp\/wp-content\/uploads\/2021\/01\/15_Private_Tutor-Tutors-Irene_Gonzales.jpg"},"title_text":"Irene Gonzales","description_text":"Sociology, Politics, History","title_size":"h4","image_size":{"unit":"%","size":"100","sizes":[]},"hover_animation":"shrink","title_bottom_space":{"unit":"px","size":"10","sizes":[]},"title_color":"#FFFFFF","description_color":"#68767C","description_typography_typography":"custom","description_typography_font_family":"Raleway","description_typography_font_size":{"unit":"px","size":"16","sizes":[]},"description_typography_font_weight":"400","description_typography_text_transform":"none","description_typography_font_style":"normal","description_typography_text_decoration":"none","description_typography_letter_spacing":{"unit":"px","size":"1","sizes":[]},"__globals__":{"title_typography_typography":"","description_typography_typography":""},"description_typography_font_size_tablet":{"unit":"px","size":"14","sizes":[]},"title_typography_typography":"custom","title_typography_font_family":"Raleway","title_typography_font_size":{"unit":"px","size":"20","sizes":[]},"title_typography_font_size_tablet":{"unit":"px","size":"18","sizes":[]},"title_typography_font_weight":"700","title_typography_font_style":"normal","title_typography_text_decoration":"none","title_typography_line_height":{"unit":"em","size":"1.2","sizes":[]},"title_typography_letter_spacing":{"unit":"px","size":"1","sizes":[]}},"elements":[],"isInner":false,"widgetType":"image-box","elType":"widget"}],"isInner":"","elType":"column"},{"id":"473a911a","settings":{"_column_size":"25","align":"center","_inline_size_tablet":"50","margin_mobile":{"unit":"%","top":"10","right":"0","bottom":"0","left":"0","isLinked":""}},"elements":[{"id":"d37910b","settings":{"image":{"id":16553,"url":"http:\/\/library.elementor.com\/lp\/wp-content\/uploads\/2021\/01\/15_Private_Tutor-Tutors-Bob_Thomas.jpg"},"title_text":"Bob Thomas","description_text":"Maths, Physics, Biology","title_size":"h4","image_size":{"unit":"%","size":"100","sizes":[]},"hover_animation":"shrink","title_bottom_space":{"unit":"px","size":"10","sizes":[]},"title_color":"#FFFFFF","description_color":"#68767C","description_typography_typography":"custom","description_typography_font_family":"Raleway","description_typography_font_size":{"unit":"px","size":"16","sizes":[]},"description_typography_font_weight":"400","description_typography_text_transform":"none","description_typography_font_style":"normal","description_typography_text_decoration":"none","description_typography_letter_spacing":{"unit":"px","size":"1","sizes":[]},"__globals__":{"title_typography_typography":"","description_typography_typography":""},"description_typography_font_size_tablet":{"unit":"px","size":"14","sizes":[]},"title_typography_typography":"custom","title_typography_font_family":"Raleway","title_typography_font_size":{"unit":"px","size":"20","sizes":[]},"title_typography_font_size_tablet":{"unit":"px","size":"18","sizes":[]},"title_typography_font_weight":"700","title_typography_font_style":"normal","title_typography_text_decoration":"none","title_typography_line_height":{"unit":"em","size":"1.2","sizes":[]},"title_typography_letter_spacing":{"unit":"px","size":"1","sizes":[]}},"elements":[],"isInner":false,"widgetType":"image-box","elType":"widget"}],"isInner":"","elType":"column"}],"isInner":"","elType":"section"},{"id":"73e90f80","settings":{"layout":"full_width","gap":"no","margin":{"unit":"%","top":"10","right":"0","bottom":"0","left":"0","isLinked":""},"padding":{"unit":"%","top":"0","right":"10","bottom":"0","left":"10","isLinked":""},"padding_mobile":{"unit":"%","top":"0","right":"5","bottom":"0","left":"5","isLinked":""},"content_width":{"unit":"px","size":"820","sizes":[]},"_title":"Testimonials","margin_mobile":{"unit":"%","top":"20","right":"0","bottom":"0","left":"0","isLinked":""},"_timestamp_":"v1b1BCenZXN2gxUTBqb0JJSWxJTVlPZz09"},"elements":[{"id":"279fc819","settings":{"_column_size":"100","align":"center"},"elements":[{"id":"5b326cfb","settings":{"marker":"underline","before_text":"","highlighted_text":"Don\u2019t just take","rotating_text":"Better\nBigger\nFaster","after_text":"our word for it","tag":"h2","marker_color":"#2EB560","stroke_width":{"unit":"px","size":"12","sizes":[]},"above_content":"yes","title_color":"#001B28","words_color":"#001B28","__globals__":{"words_typography_typography":"","title_typography_typography":""},"title_typography_typography":"custom","title_typography_font_family":"Raleway","title_typography_font_size":{"unit":"px","size":"45","sizes":[]},"title_typography_font_size_tablet":{"unit":"px","size":"32","sizes":[]},"title_typography_font_size_mobile":{"unit":"px","size":"24","sizes":[]},"title_typography_font_weight":"300","title_typography_line_height":{"unit":"em","size":"1.2","sizes":[]},"title_typography_letter_spacing":{"unit":"px","size":"1.52","sizes":[]},"words_typography_typography":"custom","words_typography_font_family":"Raleway","words_typography_font_weight":"800","words_typography_font_style":"normal","words_typography_text_decoration":"none","words_typography_line_height":{"unit":"em","size":"1.2","sizes":[]},"words_typography_letter_spacing":{"unit":"px","size":"1.52","sizes":[]},"words_typography_font_size":{"unit":"px","size":"","sizes":[]},"words_typography_font_size_tablet":{"unit":"px","size":"","sizes":[]},"words_typography_font_size_mobile":{"unit":"px","size":"","sizes":[]}},"elements":[],"isInner":false,"widgetType":"animated-headline","elType":"widget"},{"id":"59c74a24","settings":{"layout":"full_width","gap":"no","structure":"30","margin":{"unit":"%","top":"4","right":"0","bottom":"0","left":"0","isLinked":""}},"elements":[{"id":"cae582c","settings":{"_column_size":"33","margin":{"unit":"%","top":"0","right":"10","bottom":"0","left":"0","isLinked":""},"_inline_size_tablet":"100","margin_tablet":{"unit":"%","top":"0","right":"10","bottom":"0","left":"0","isLinked":""},"space_between_widgets_mobile":"10"},"elements":[{"id":"22e1205e","settings":{"star_style":"star_unicode","icon_size":{"unit":"px","size":"14","sizes":[]},"icon_space":{"unit":"px","size":"2","sizes":[]},"stars_color":"#001B28"},"elements":[],"isInner":false,"widgetType":"star-rating","elType":"widget"},{"id":"59bb5fc9","settings":{"blockquote_skin":"clean","blockquote_content":"\u201cAmy has been a great help to us during the last year of distance learning. My daughter managed to fill the gap in her class and improved her grades drastically. Me and my husband are very thankful for Amy\u2019s  dedication to help our Mia succeed.\u201c","author_name":"Patricia J.","tweet_button":"","tweet_button_label":"Tweet","content_text_color":"#191919","content_typography_typography":"custom","content_typography_font_family":"Questrial","content_typography_font_size":{"unit":"px","size":"14","sizes":[]},"content_typography_font_weight":"400","content_typography_text_transform":"none","content_typography_font_style":"normal","content_typography_text_decoration":"none","content_typography_line_height":{"unit":"em","size":"1.3","sizes":[]},"content_typography_letter_spacing":{"unit":"px","size":"-0.29","sizes":[]},"content_gap":{"unit":"px","size":"20","sizes":[]},"author_text_color":"#000000","author_typography_typography":"custom","author_typography_font_family":"Raleway","author_typography_font_size":{"unit":"px","size":"14","sizes":[]},"author_typography_font_weight":"700","author_typography_text_transform":"none","author_typography_font_style":"normal","author_typography_text_decoration":"none","author_typography_line_height":{"unit":"em","size":"1.3","sizes":[]},"author_typography_letter_spacing":{"unit":"px","size":"-0.29","sizes":[]},"__globals__":{"content_typography_typography":"","author_typography_typography":""},"content_typography_font_size_mobile":{"unit":"px","size":"12","sizes":[]}},"elements":[],"isInner":false,"widgetType":"blockquote","elType":"widget"}],"isInner":"1","elType":"column"},{"id":"7a4cfe17","settings":{"_column_size":"33","margin":{"unit":"%","top":"0","right":"5","bottom":"0","left":"5","isLinked":""},"_inline_size_tablet":"100","margin_tablet":{"unit":"%","top":"8","right":"10","bottom":"0","left":"0","isLinked":""},"space_between_widgets_mobile":"10","margin_mobile":{"unit":"%","top":"10","right":"0","bottom":"0","left":"0","isLinked":""}},"elements":[{"id":"4f30b904","settings":{"star_style":"star_unicode","icon_size":{"unit":"px","size":"14","sizes":[]},"icon_space":{"unit":"px","size":"2","sizes":[]},"stars_color":"#001B28"},"elements":[],"isInner":false,"widgetType":"star-rating","elType":"widget"},{"id":"2e3671c6","settings":{"blockquote_skin":"clean","blockquote_content":"\u201cI was fortunate to have Kevin Patterson as my tutor. He is extremely patient, professional and knowledgeable and helped me to increase my overall grades. Without a doubt, I can credit Tutorim for my academic achievements!\u201d","author_name":"Daniel W.","tweet_button":"","tweet_button_label":"Tweet","content_text_color":"#191919","content_typography_typography":"custom","content_typography_font_family":"Questrial","content_typography_font_size":{"unit":"px","size":"14","sizes":[]},"content_typography_font_weight":"400","content_typography_text_transform":"none","content_typography_font_style":"normal","content_typography_text_decoration":"none","content_typography_line_height":{"unit":"em","size":"1.3","sizes":[]},"content_typography_letter_spacing":{"unit":"px","size":"-0.29","sizes":[]},"content_gap":{"unit":"px","size":"20","sizes":[]},"author_text_color":"#000000","author_typography_typography":"custom","author_typography_font_family":"Raleway","author_typography_font_size":{"unit":"px","size":"14","sizes":[]},"author_typography_font_weight":"700","author_typography_text_transform":"none","author_typography_font_style":"normal","author_typography_text_decoration":"none","author_typography_line_height":{"unit":"em","size":"1.3","sizes":[]},"author_typography_letter_spacing":{"unit":"px","size":"-0.29","sizes":[]},"__globals__":{"content_typography_typography":"","author_typography_typography":""},"content_typography_font_size_mobile":{"unit":"px","size":"12","sizes":[]}},"elements":[],"isInner":false,"widgetType":"blockquote","elType":"widget"}],"isInner":"1","elType":"column"},{"id":"7fbfecd2","settings":{"_column_size":"33","margin":{"unit":"%","top":"0","right":"0","bottom":"0","left":"10","isLinked":""},"_inline_size_tablet":"100","margin_tablet":{"unit":"%","top":"8","right":"10","bottom":"0","left":"0","isLinked":""},"space_between_widgets_mobile":"10","margin_mobile":{"unit":"%","top":"10","right":"0","bottom":"0","left":"0","isLinked":""}},"elements":[{"id":"4a893e77","settings":{"star_style":"star_unicode","icon_size":{"unit":"px","size":"14","sizes":[]},"icon_space":{"unit":"px","size":"2","sizes":[]},"stars_color":"#001B28"},"elements":[],"isInner":false,"widgetType":"star-rating","elType":"widget"},{"id":"72469cb5","settings":{"blockquote_skin":"clean","blockquote_content":"\u201cTutorim have helped me enormously through my final year of university. They provided me tutors, expert in my subjects fields. Joyce and Irene helped me grasp difficult courses material and ensure that I excel. I would definitely recommend!\u201d","author_name":"Sharon R.","tweet_button":"","tweet_button_label":"Tweet","content_text_color":"#191919","content_typography_typography":"custom","content_typography_font_family":"Questrial","content_typography_font_size":{"unit":"px","size":"14","sizes":[]},"content_typography_font_weight":"400","content_typography_text_transform":"none","content_typography_font_style":"normal","content_typography_text_decoration":"none","content_typography_line_height":{"unit":"em","size":"1.3","sizes":[]},"content_typography_letter_spacing":{"unit":"px","size":"-0.29","sizes":[]},"content_gap":{"unit":"px","size":"20","sizes":[]},"author_text_color":"#000000","author_typography_typography":"custom","author_typography_font_family":"Raleway","author_typography_font_size":{"unit":"px","size":"14","sizes":[]},"author_typography_font_weight":"700","author_typography_text_transform":"none","author_typography_font_style":"normal","author_typography_text_decoration":"none","author_typography_line_height":{"unit":"em","size":"1.3","sizes":[]},"author_typography_letter_spacing":{"unit":"px","size":"-0.29","sizes":[]},"__globals__":{"content_typography_typography":"","author_typography_typography":""},"content_typography_font_size_mobile":{"unit":"px","size":"12","sizes":[]}},"elements":[],"isInner":false,"widgetType":"blockquote","elType":"widget"}],"isInner":"1","elType":"column"}],"isInner":"1","elType":"section"}],"isInner":"","elType":"column"}],"isInner":"","elType":"section"},{"id":"7c1914d6","settings":{"layout":"full_width","gap":"no","content_position":"middle","structure":"20","background_background":"classic","background_color":"#001B28","margin":{"unit":"%","top":"10","right":"0","bottom":"0","left":"0","isLinked":""},"padding":{"unit":"%","top":"5","right":"10","bottom":"5","left":"10","isLinked":""},"_title":"CTA","margin_tablet":{"unit":"%","top":"","right":"0","bottom":"","left":"0","isLinked":"1"},"padding_tablet":{"unit":"%","top":"10","right":"10","bottom":"10","left":"10","isLinked":""},"padding_mobile":{"unit":"%","top":"10","right":"10","bottom":"10","left":"10","isLinked":""},"margin_mobile":{"unit":"%","top":"20","right":"0","bottom":"0","left":"0","isLinked":""},"_timestamp_":"v1b1BCenZXN2gxUTBqb0JJSWxJTVlPZz09"},"elements":[{"id":"6dc66dae","settings":{"_column_size":"50","space_between_widgets":"0","_inline_size_tablet":"100"},"elements":[{"id":"51d0ba54","settings":{"marker":"underline","before_text":"Register for","highlighted_text":"a free","rotating_text":"Better\nBigger\nFaster","after_text":"trial lesson now.","tag":"h1","marker_color":"#2EB560","stroke_width":{"unit":"px","size":"12","sizes":[]},"above_content":"yes","title_color":"#FFFFFF","words_color":"#FFFFFF","alignment":"","__globals__":{"title_typography_typography":"","words_typography_typography":""},"title_typography_typography":"custom","title_typography_font_family":"Raleway","title_typography_font_size":{"unit":"px","size":"70","sizes":[]},"title_typography_font_size_tablet":{"unit":"px","size":"40","sizes":[]},"title_typography_font_size_mobile":{"unit":"px","size":"26","sizes":[]},"title_typography_font_weight":"300","title_typography_line_height":{"unit":"em","size":"1.2","sizes":[]},"title_typography_letter_spacing":{"unit":"px","size":"1","sizes":[]},"words_typography_typography":"custom","words_typography_font_family":"Raleway","words_typography_font_weight":"800","words_typography_font_style":"normal","words_typography_text_decoration":"none","words_typography_line_height":{"unit":"em","size":"1.2","sizes":[]},"words_typography_letter_spacing":{"unit":"px","size":"1","sizes":[]},"words_typography_font_size":{"unit":"px","size":"","sizes":[]},"words_typography_font_size_tablet":{"unit":"px","size":"","sizes":[]},"words_typography_font_size_mobile":{"unit":"px","size":"","sizes":[]}},"elements":[],"isInner":false,"widgetType":"animated-headline","elType":"widget"},{"id":"751117f6","settings":{"editor":"Distance learning never been so easy! ","text_color":"#FFFFFF","__globals__":{"typography_typography":""},"typography_typography":"custom","typography_font_family":"Questrial","typography_font_size":{"unit":"px","size":"22","sizes":[]},"typography_font_weight":"400","typography_text_transform":"none","typography_font_style":"normal","typography_text_decoration":"none","typography_line_height":{"unit":"em","size":"1.2","sizes":[]},"typography_letter_spacing":{"unit":"px","size":"-0.46","sizes":[]},"_margin":{"unit":"%","top":"0","right":"0","bottom":"6","left":"0","isLinked":""},"typography_font_size_tablet":{"unit":"px","size":"18","sizes":[]},"typography_font_size_mobile":{"unit":"px","size":"16","sizes":[]}},"elements":[],"isInner":false,"widgetType":"text-editor","elType":"widget"},{"id":"1040c8db","settings":{"selected_icon":{"value":{"id":16555,"url":"http:\/\/library.elementor.com\/lp\/wp-content\/uploads\/2021\/01\/15_Private_Tutor-OnBTN.svg"},"library":"svg"},"align":"left","primary_color":"#2EB560","_margin":{"unit":"px","top":"0","right":"0","bottom":"0","left":"-36","isLinked":""},"_animation":"tada","animation_duration":"fast","_animation_delay":"200","_element_width":"auto","_element_vertical_align":"flex-start","size_mobile":{"unit":"px","size":"40","sizes":[]},"_margin_mobile":{"unit":"px","top":"0","right":"0","bottom":"0","left":"-20","isLinked":""}},"elements":[],"isInner":false,"widgetType":"icon","elType":"widget"},{"id":"e833e7b","settings":{"text":"Enroll Now","button_text_color":"#FFFFFF","background_color":"#2EB560","hover_animation":"shrink","border_radius":{"unit":"px","top":"50","right":"50","bottom":"50","left":"50","isLinked":"1"},"text_padding":{"unit":"px","top":"18","right":"60","bottom":"18","left":"60","isLinked":""},"_margin":{"unit":"px","top":"30","right":"0","bottom":"0","left":"-15","isLinked":""},"animation_duration":"slow","_background_background":"classic","_element_width":"auto","_element_vertical_align":"flex-start","__globals__":{"typography_typography":""},"text_padding_mobile":{"unit":"px","top":"18","right":"45","bottom":"18","left":"45","isLinked":""},"_margin_mobile":{"unit":"px","top":"22","right":"0","bottom":"0","left":"-10","isLinked":""},"typography_typography":"custom","typography_font_family":"Raleway","typography_font_size":{"unit":"px","size":"18","sizes":[]},"typography_font_size_tablet":{"unit":"px","size":"16","sizes":[]},"typography_font_weight":"700","typography_text_transform":"capitalize","typography_font_style":"normal","typography_text_decoration":"none","typography_line_height":{"unit":"em","size":"1","sizes":[]},"typography_letter_spacing":{"unit":"px","size":"2.63","sizes":[]}},"elements":[],"isInner":false,"widgetType":"button","elType":"widget"},{"id":"712491bc","settings":{"selected_icon":{"value":{"id":16535,"url":"http:\/\/library.elementor.com\/lp\/wp-content\/uploads\/2021\/01\/15_Private_Tutor-TopBar_Arrow.svg"},"library":"svg"},"primary_color":"#2EB560","size":{"unit":"px","size":"90","sizes":[]},"rotate":{"unit":"deg","size":"240","sizes":[]},"_margin":{"unit":"px","top":"40","right":"0","bottom":"-18","left":"10","isLinked":""},"_element_width":"auto","_element_vertical_align":"flex-end","size_mobile":{"unit":"px","size":"70","sizes":[]},"_margin_mobile":{"unit":"px","top":"30","right":"0","bottom":"-15","left":"5","isLinked":""}},"elements":[],"isInner":false,"widgetType":"icon","elType":"widget"}],"isInner":"","elType":"column"},{"id":"33033cdf","settings":{"_column_size":"50","_inline_size_tablet":"100"},"elements":[{"id":"66c5f3ad","settings":{"selected_icon":{"value":{"id":16557,"url":"http:\/\/library.elementor.com\/lp\/wp-content\/uploads\/2021\/01\/15_Private_Tutor-Video_Footer.svg"},"library":"svg"},"primary_color":"#2EB560","hover_primary_color":"#FFFFFF","hover_animation":"shrink","size":{"unit":"px","size":"510","sizes":[]},"size_mobile":{"unit":"px","size":"250","sizes":[]},"_margin_tablet":{"unit":"px","top":"0","right":"0","bottom":"-95","left":"0","isLinked":""},"_margin_mobile":{"unit":"px","top":"0","right":"0","bottom":"-49","left":"0","isLinked":""}},"elements":[],"isInner":false,"widgetType":"icon","elType":"widget"}],"isInner":"","elType":"column"}],"isInner":"","elType":"section"},{"id":"16fe415d","settings":{"layout":"full_width","gap":"no","content_position":"middle","margin":{"unit":"%","top":"2","right":"0","bottom":"2","left":"0","isLinked":""},"padding":{"unit":"%","top":"0","right":"10","bottom":"0","left":"10","isLinked":""},"padding_mobile":{"unit":"%","top":"0","right":"5","bottom":"0","left":"5","isLinked":""},"_title":"Footer","margin_mobile":{"unit":"%","top":"5","right":"0","bottom":"5","left":"0","isLinked":""},"_timestamp_":"v1b1BCenZXN2gxUTBqb0JJSWxJTVlPZz09"},"elements":[{"id":"6f7045b0","settings":{"_column_size":"100","align":"space-between"},"elements":[{"id":"2eb45874","settings":{"image":{"id":16533,"url":"http:\/\/library.elementor.com\/lp\/wp-content\/uploads\/2021\/01\/15_Private_Tutor-Logo@2x.png"},"image_size":"full","width":{"unit":"px","size":"180","sizes":[]},"_element_width":"auto","_element_custom_width_mobile":{"unit":"px","size":"115","sizes":[]},"width_mobile":{"unit":"px","size":"105","sizes":[]},"width_tablet":{"unit":"px","size":"120","sizes":[]}},"elements":[],"isInner":false,"widgetType":"image","elType":"widget"},{"id":"494cd051","settings":{"title":"\u00a9 Tutorim 2021. All rights reserved","header_size":"p","title_color":"#191919","_element_width":"auto","__globals__":{"typography_typography":""},"__dynamic__":{"title":"[elementor-tag id=\"343a41d\" name=\"current-date-time\" settings=\"%7B%22date_format%22%3A%22custom%22%2C%22custom_format%22%3A%22Y%22%2C%22before%22%3A%22%C2%A9%20Tutorim%20%22%2C%22after%22%3A%22.%20All%20rights%20reserved%22%7D\"]"},"typography_typography":"custom","typography_font_family":"Questrial","typography_font_size":{"unit":"px","size":"14","sizes":[]},"typography_font_size_mobile":{"unit":"px","size":"12","sizes":[]},"typography_font_weight":"400","typography_text_transform":"none","typography_font_style":"normal","typography_text_decoration":"none","typography_line_height":{"unit":"em","size":"1.3","sizes":[]},"typography_letter_spacing":{"unit":"px","size":"-0.29","sizes":[]}},"elements":[],"isInner":false,"widgetType":"heading","elType":"widget"}],"isInner":"","elType":"column"}],"isInner":"","elType":"section"}]}