{"version":"0.4","title":"17079","type":"page","content":[{"id":"59c54695","settings":{"content_width":{"unit":"px","size":"1400","sizes":[]},"gap":"no","height":"min-height","custom_height":{"unit":"vh","size":"10","sizes":[]},"content_position":"middle","structure":"20","padding":{"unit":"%","top":"1","right":"4","bottom":"0","left":"4","isLinked":""},"custom_height_mobile":{"unit":"vh","size":"20","sizes":[]},"html_tag":"header","_title":"Header","_timestamp_":"v1b1BCenZXN2gxUTBqb0JJSWxJTVlPZz09"},"elements":[{"id":"6716ad7b","settings":{"_column_size":"50","_inline_size":"10.786","border_border":"solid","border_width":{"unit":"px","top":"0","right":"1","bottom":"0","left":"0","isLinked":""},"border_color":"#000000","border_radius":{"unit":"px","top":"0","right":"0","bottom":"0","left":"0","isLinked":"1"},"padding":{"unit":"px","top":"0","right":"20","bottom":"0","left":"0","isLinked":""},"border_width_mobile":{"unit":"px","top":"0","right":"0","bottom":"0","left":"0","isLinked":"1"},"padding_mobile":{"unit":"%","top":"0","right":"0","bottom":"4","left":"0","isLinked":""},"_inline_size_tablet":"15"},"elements":[{"id":"1cce7cc5","settings":{"image":{"id":17160,"url":"http:\/\/library.elementor.com\/lp\/wp-content\/uploads\/2021\/01\/BeGood-logo.png"},"align":"left","width":{"unit":"px","size":"124","sizes":[]},"align_mobile":"center","width_mobile":{"unit":"px","size":"101","sizes":[]}},"elements":[],"isInner":false,"widgetType":"image","elType":"widget"}],"isInner":"","elType":"column"},{"id":"44c4645f","settings":{"_column_size":"50","_inline_size":"89.214","padding":{"unit":"px","top":"0","right":"0","bottom":"0","left":"20","isLinked":""},"padding_mobile":{"unit":"px","top":"0","right":"0","bottom":"0","left":"0","isLinked":""},"_inline_size_tablet":"85","padding_tablet":{"unit":"px","top":"4","right":"0","bottom":"0","left":"18","isLinked":""}},"elements":[{"id":"24aaf5ad","settings":{"title":"Virtual Volunteers Program","header_size":"p","title_color":"#000000","typography_typography":"custom","typography_font_family":"Montserrat","typography_font_weight":"normal","typography_text_transform":"capitalize","typography_font_style":"normal","typography_text_decoration":"none","align_mobile":"center"},"elements":[],"isInner":false,"widgetType":"heading","elType":"widget"}],"isInner":"","elType":"column"}],"isInner":"","elType":"section"},{"id":"25d01b3b","settings":{"content_width":{"unit":"px","size":"1400","sizes":[]},"gap":"no","height":"min-height","custom_height":{"unit":"vh","size":"90","sizes":[]},"content_position":"middle","structure":"20","padding":{"unit":"%","top":"6","right":"4","bottom":"0","left":"4","isLinked":""},"margin_mobile":{"unit":"%","top":"","right":"0","bottom":"","left":"0","isLinked":"1"},"padding_mobile":{"unit":"%","top":"6","right":"6","bottom":"0","left":"6","isLinked":""},"_title":"Hero Section","column_position":"top","_timestamp_":"v1b1BCenZXN2gxUTBqb0JJSWxJTVlPZz09"},"elements":[{"id":"36c67291","settings":{"_column_size":"50","_inline_size":"47.286","space_between_widgets":"0","border_width":{"unit":"px","top":"0","right":"1","bottom":"0","left":"0","isLinked":""},"border_color":"#000000","border_radius":{"unit":"px","top":"0","right":"0","bottom":"0","left":"0","isLinked":"1"},"padding":{"unit":"%","top":"0","right":"26","bottom":"0","left":"0","isLinked":""},"_inline_size_tablet":"100","padding_tablet":{"unit":"%","top":"2","right":"26","bottom":"8","left":"0","isLinked":""},"padding_mobile":{"unit":"px","top":"0","right":"0","bottom":"0","left":"0","isLinked":""}},"elements":[{"id":"59f3bc0a","settings":{"editor":"<p>Be a <strong>Telefriend<\/strong> for Our <strong>Seniors<\/strong><\/p>","text_color":"#000000","typography_typography":"custom","typography_font_family":"Montserrat","typography_font_size":{"unit":"px","size":"65","sizes":[]},"typography_line_height":{"unit":"px","size":"75","sizes":[]},"_margin":{"unit":"%","top":"0","right":"0","bottom":"12","left":"0","isLinked":""},"_padding":{"unit":"%","top":"0","right":"0","bottom":"0","left":"0","isLinked":""},"align_mobile":"center","typography_font_size_tablet":{"unit":"px","size":"50","sizes":[]},"typography_font_size_mobile":{"unit":"px","size":"42","sizes":[]},"typography_line_height_tablet":{"unit":"em","size":"1","sizes":[]},"_margin_tablet":{"unit":"%","top":"0","right":"0","bottom":"10","left":"-1","isLinked":""},"_animation":"fadeIn","animation_duration":"fast"},"elements":[],"isInner":false,"widgetType":"text-editor","elType":"widget"},{"id":"1d0fba72","settings":{"editor":"<p>Connect with seniors and help them with their loneliness and isolation from their families during this Covid-19 time. It\u2019s time to help others and volunteer for this important project that may save lives and provide encouragement to seniors, so they have a better future.<\/p>","text_color":"#000000","typography_typography":"custom","typography_font_family":"Montserrat","typography_font_size":{"unit":"px","size":"16","sizes":[]},"typography_font_weight":"normal","typography_text_transform":"none","typography_font_style":"normal","typography_text_decoration":"none","typography_line_height":{"unit":"px","size":"25","sizes":[]},"_margin":{"unit":"%","top":"0","right":"0","bottom":"12","left":"0","isLinked":""},"_padding":{"unit":"%","top":"","right":"","bottom":"","left":"","isLinked":"1"},"align_mobile":"center","typography_font_size_tablet":{"unit":"px","size":"15","sizes":[]},"typography_line_height_tablet":{"unit":"em","size":"1.5","sizes":[]},"_margin_tablet":{"unit":"%","top":"0","right":"0","bottom":"10","left":"0","isLinked":""},"_animation":"fadeIn","_animation_delay":"200"},"elements":[],"isInner":false,"widgetType":"text-editor","elType":"widget"},{"id":"5204d6d3","settings":{"text":"Apply to volunteer \u27f6","typography_typography":"custom","typography_font_family":"Montserrat","typography_font_size":{"unit":"px","size":"16","sizes":[]},"typography_font_weight":"bold","typography_text_transform":"none","typography_font_style":"normal","typography_text_decoration":"none","typography_line_height":{"unit":"em","size":"1","sizes":[]},"button_text_color":"#000000","background_color":"#DACBB4","hover_color":"#FAF7F2","button_background_hover_color":"#000000","button_hover_border_color":"#000000","border_border":"solid","border_width":{"unit":"px","top":"1","right":"1","bottom":"1","left":"1","isLinked":"1"},"border_color":"#DACBB4","border_radius":{"unit":"px","top":"5","right":"5","bottom":"5","left":"5","isLinked":"1"},"text_padding":{"unit":"px","top":"19","right":"44","bottom":"19","left":"44","isLinked":""},"align_mobile":"center","typography_font_size_tablet":{"unit":"px","size":"15","sizes":[]},"_animation":"fadeIn","animation_duration":"slow","_animation_delay":"400"},"elements":[],"isInner":false,"widgetType":"button","elType":"widget"}],"isInner":"","elType":"column"},{"id":"7225f047","settings":{"_column_size":"50","_inline_size":"52.714","border_width":{"unit":"px","top":"0","right":"1","bottom":"0","left":"0","isLinked":""},"border_color":"#000000","border_radius":{"unit":"px","top":"0","right":"0","bottom":"0","left":"0","isLinked":"1"},"padding":{"unit":"%","top":"","right":"","bottom":"","left":"","isLinked":""},"_inline_size_tablet":"100","margin_mobile":{"unit":"%","top":"40","right":"0","bottom":"14","left":"0","isLinked":""}},"elements":[{"id":"4286d29f","settings":{"image":{"id":17162,"url":"http:\/\/library.elementor.com\/lp\/wp-content\/uploads\/2021\/01\/hero-senior-friend-pic.jpg"},"width":{"unit":"px","size":"260","sizes":[]},"image_border_border":"solid","image_border_width":{"unit":"px","top":"5","right":"5","bottom":"5","left":"5","isLinked":"1"},"image_border_color":"#FFFFFF","image_border_radius":{"unit":"px","top":"300","right":"300","bottom":"300","left":"300","isLinked":"1"},"_background_background":"classic","_element_width":"auto","_position":"absolute","width_mobile":{"unit":"px","size":"127","sizes":[]},"_offset_x_tablet":{"unit":"%","size":"65","sizes":[]},"_offset_x_mobile":{"unit":"px","size":"0","sizes":[]},"_offset_y_tablet":{"unit":"%","size":"-18","sizes":[]},"_margin":{"unit":"%","top":"0","right":"0","bottom":"0","left":"0","isLinked":"1"},"_padding":{"unit":"%","top":"0","right":"0","bottom":"0","left":"0","isLinked":"1"},"motion_fx_motion_fx_scrolling":"yes","motion_fx_rotateZ_effect":"yes","motion_fx_rotateZ_speed":{"unit":"px","size":"0.1","sizes":[]},"_offset_y_mobile":{"unit":"%","size":"-19","sizes":[]}},"elements":[],"isInner":false,"widgetType":"image","elType":"widget"},{"id":"2a1b463b","settings":{"image":{"id":17164,"url":"http:\/\/library.elementor.com\/lp\/wp-content\/uploads\/2021\/01\/hero-senior-pic2.jpg"},"align":"right","width":{"unit":"px","size":"600","sizes":[]},"image_border_border":"solid","image_border_width":{"unit":"px","top":"5","right":"5","bottom":"5","left":"5","isLinked":"1"},"image_border_color":"#FFFFFF","image_border_radius":{"unit":"px","top":"300","right":"300","bottom":"300","left":"300","isLinked":"1"},"_background_background":"classic","width_tablet":{"unit":"%","size":"80","sizes":[]},"_margin":{"unit":"%","top":"2","right":"0","bottom":"0","left":"0","isLinked":""},"_margin_tablet":{"unit":"%","top":"2","right":"8","bottom":"0","left":"0","isLinked":""},"_margin_mobile":{"unit":"px","top":"0","right":"0","bottom":"0","left":"0","isLinked":""},"motion_fx_motion_fx_scrolling":"yes","motion_fx_rotateZ_effect":"yes","motion_fx_rotateZ_direction":"negative","motion_fx_rotateZ_speed":{"unit":"px","size":"0.1","sizes":[]}},"elements":[],"isInner":false,"widgetType":"image","elType":"widget"}],"isInner":"","elType":"column"}],"isInner":"","elType":"section"},{"id":"62504a80","settings":{"content_width":{"unit":"px","size":"1400","sizes":[]},"gap":"no","height":"min-height","custom_height":{"unit":"px","size":"510","sizes":[]},"content_position":"top","structure":"20","padding":{"unit":"%","top":"0","right":"4","bottom":"0","left":"4","isLinked":""},"margin_mobile":{"unit":"%","top":"24","right":"0","bottom":"24","left":"0","isLinked":""},"padding_mobile":{"unit":"%","top":"6","right":"6","bottom":"0","left":"6","isLinked":""},"_title":"About &amp; Why","column_position":"stretch","margin":{"unit":"%","top":"2","right":"0","bottom":"14","left":"0","isLinked":""},"margin_tablet":{"unit":"%","top":"18","right":"0","bottom":"18","left":"0","isLinked":"1"},"_timestamp_":"v1b1BCenZXN2gxUTBqb0JJSWxJTVlPZz09"},"elements":[{"id":"6d32e906","settings":{"_column_size":"50","space_between_widgets":"0","border_width":{"unit":"px","top":"5","right":"5","bottom":"5","left":"5","isLinked":"1"},"border_color":"#FFFFFF","border_radius":{"unit":"px","top":"15","right":"15","bottom":"15","left":"15","isLinked":"1"},"padding":{"unit":"%","top":"0","right":"0","bottom":"0","left":"0","isLinked":"1"},"_inline_size_tablet":"50","padding_tablet":{"unit":"%","top":"","right":"","bottom":"","left":"","isLinked":"1"},"padding_mobile":{"unit":"px","top":"0","right":"0","bottom":"0","left":"0","isLinked":""},"border_border":"solid","margin":{"unit":"px","top":"0","right":"25","bottom":"0","left":"0","isLinked":""},"margin_tablet":{"unit":"%","top":"0","right":"6","bottom":"0","left":"0","isLinked":""},"margin_mobile":{"unit":"%","top":"0","right":"0","bottom":"20","left":"0","isLinked":""}},"elements":[{"id":"58545a8d","settings":{"title":"About the Telefriend Program by BeGood","align":"center","align_mobile":"center","title_color":"#000000","typography_typography":"custom","typography_font_family":"Montserrat","typography_font_size":{"unit":"px","size":"35","sizes":[]},"typography_font_size_tablet":{"unit":"px","size":"26","sizes":[]},"typography_font_size_mobile":{"unit":"px","size":"22","sizes":[]},"typography_font_weight":"normal","typography_line_height":{"unit":"px","size":"50","sizes":[]},"typography_line_height_tablet":{"unit":"em","size":"1.3","sizes":[]},"_margin":{"unit":"%","top":"0","right":"0","bottom":"0","left":"0","isLinked":""},"_margin_tablet":{"unit":"%","top":"0","right":"0","bottom":"0","left":"0","isLinked":""},"_padding":{"unit":"px","top":"53","right":"120","bottom":"38","left":"120","isLinked":""},"_padding_tablet":{"unit":"px","top":"30","right":"30","bottom":"30","left":"30","isLinked":"1"},"_padding_mobile":{"unit":"%","top":"","right":"","bottom":"","left":"","isLinked":""},"_background_background":"classic","_background_color":"#F1E8DD","_border_radius":{"unit":"px","top":"15","right":"15","bottom":"0","left":"0","isLinked":""}},"elements":[],"isInner":false,"widgetType":"heading","elType":"widget"},{"id":"5c5b56d3","settings":{"editor":"<p>We are here to do good in the world and to help others in their time of need. We are facing weird times and many people are more isolated than ever. Make a change and join our Telefriend Program and make phone calls to seniors. It's time to show everyone that each person is important, and we all need to be connected, especially now.<\/p>","align":"center","text_color":"#000000","typography_typography":"custom","typography_font_family":"Montserrat","typography_font_size":{"unit":"px","size":"16","sizes":[]},"typography_font_size_tablet":{"unit":"px","size":"15","sizes":[]},"typography_font_weight":"normal","typography_text_transform":"none","typography_font_style":"normal","typography_text_decoration":"none","typography_line_height":{"unit":"px","size":"25","sizes":[]},"typography_line_height_tablet":{"unit":"em","size":"1.5","sizes":[]},"_padding":{"unit":"px","top":"75","right":"87","bottom":"70","left":"87","isLinked":""},"_padding_tablet":{"unit":"%","top":"10","right":"10","bottom":"9","left":"10","isLinked":""}},"elements":[],"isInner":false,"widgetType":"text-editor","elType":"widget"}],"isInner":"","elType":"column"},{"id":"b0e0e25","settings":{"_column_size":"50","space_between_widgets":"0","border_width":{"unit":"px","top":"5","right":"5","bottom":"5","left":"5","isLinked":"1"},"border_color":"#FFFFFF","border_radius":{"unit":"px","top":"15","right":"15","bottom":"15","left":"15","isLinked":"1"},"padding":{"unit":"%","top":"0","right":"0","bottom":"0","left":"0","isLinked":"1"},"_inline_size_tablet":"50","padding_tablet":{"unit":"%","top":"","right":"","bottom":"","left":"","isLinked":"1"},"padding_mobile":{"unit":"px","top":"0","right":"0","bottom":"0","left":"0","isLinked":""},"content_position":"top","border_border":"solid","margin":{"unit":"px","top":"0","right":"0","bottom":"0","left":"25","isLinked":""},"margin_tablet":{"unit":"%","top":"0","right":"0","bottom":"0","left":"6","isLinked":""},"margin_mobile":{"unit":"px","top":"0","right":"0","bottom":"0","left":"0","isLinked":""}},"elements":[{"id":"1733b17","settings":{"title":"Why become a volunteer for the elderly","align":"center","align_mobile":"center","title_color":"#000000","typography_typography":"custom","typography_font_family":"Montserrat","typography_font_size":{"unit":"px","size":"35","sizes":[]},"typography_font_size_tablet":{"unit":"px","size":"26","sizes":[]},"typography_font_size_mobile":{"unit":"px","size":"22","sizes":[]},"typography_font_weight":"normal","typography_line_height":{"unit":"px","size":"50","sizes":[]},"typography_line_height_tablet":{"unit":"em","size":"1.3","sizes":[]},"_margin":{"unit":"%","top":"0","right":"0","bottom":"0","left":"0","isLinked":""},"_margin_tablet":{"unit":"%","top":"0","right":"0","bottom":"0","left":"0","isLinked":""},"_padding":{"unit":"px","top":"53","right":"120","bottom":"38","left":"120","isLinked":""},"_padding_tablet":{"unit":"px","top":"30","right":"30","bottom":"30","left":"30","isLinked":"1"},"_padding_mobile":{"unit":"%","top":"","right":"","bottom":"","left":"","isLinked":""},"_background_background":"classic","_background_color":"#F1E8DD","_border_radius":{"unit":"px","top":"15","right":"15","bottom":"0","left":"0","isLinked":""}},"elements":[],"isInner":false,"widgetType":"heading","elType":"widget"},{"id":"27ff51ef","settings":{"editor":"<p>Becoming a Telefriend will impact on seniors tremendously. Having someone that listens, talks, or helps, can change the life of an elderly person.\u00a0 Covid-19 has changed the way we live our lives, and it has affected more the 3rd age. If you free just 45 minutes of your time every week, you will make someone on the other side of the phone very happy.<\/p><div class=\"docos-input docos-docoview-input-pane docos-anchoreddocoview-input-pane hide-on-readonly\" dir=\"ltr\">\u00a0<\/div>","align":"center","text_color":"#000000","typography_typography":"custom","typography_font_family":"Montserrat","typography_font_size":{"unit":"px","size":"16","sizes":[]},"typography_font_size_tablet":{"unit":"px","size":"15","sizes":[]},"typography_font_weight":"normal","typography_text_transform":"none","typography_font_style":"normal","typography_text_decoration":"none","typography_line_height":{"unit":"px","size":"25","sizes":[]},"typography_line_height_tablet":{"unit":"em","size":"1.5","sizes":[]},"_padding":{"unit":"px","top":"75","right":"87","bottom":"70","left":"87","isLinked":""},"_padding_tablet":{"unit":"%","top":"10","right":"10","bottom":"9","left":"10","isLinked":""}},"elements":[],"isInner":false,"widgetType":"text-editor","elType":"widget"}],"isInner":"","elType":"column"}],"isInner":"","elType":"section"},{"id":"7dfb4d26","settings":{"content_width":{"unit":"px","size":"1000","sizes":[]},"gap":"no","custom_height":{"unit":"px","size":"590","sizes":[]},"content_position":"top","structure":"20","padding":{"unit":"%","top":"0","right":"4","bottom":"0","left":"4","isLinked":""},"margin_mobile":{"unit":"%","top":"20","right":"0","bottom":"0","left":"0","isLinked":""},"padding_mobile":{"unit":"%","top":"6","right":"6","bottom":"0","left":"6","isLinked":""},"_title":"What Expected From You","column_position":"stretch","margin_tablet":{"unit":"%","top":"16","right":"0","bottom":"0","left":"0","isLinked":""},"_timestamp_":"v1b1BCenZXN2gxUTBqb0JJSWxJTVlPZz09"},"elements":[{"id":"61917b07","settings":{"_column_size":"50","space_between_widgets":"0","border_color":"#FFFFFF","border_radius":{"unit":"px","top":"","right":"","bottom":"","left":"","isLinked":"1"},"padding":{"unit":"%","top":"0","right":"10","bottom":"0","left":"0","isLinked":""},"_inline_size_tablet":"50","padding_tablet":{"unit":"%","top":"","right":"","bottom":"","left":"","isLinked":"1"},"padding_mobile":{"unit":"px","top":"0","right":"0","bottom":"0","left":"0","isLinked":""},"margin":{"unit":"px","top":"0","right":"0","bottom":"0","left":"0","isLinked":"1"},"margin_tablet":{"unit":"%","top":"0","right":"6","bottom":"0","left":"0","isLinked":""},"margin_mobile":{"unit":"%","top":"0","right":"0","bottom":"0","left":"0","isLinked":""}},"elements":[{"id":"77cb3031","settings":{"title":"What is expected from our volunteers\n","align":"left","align_mobile":"center","title_color":"#000000","typography_typography":"custom","typography_font_family":"Montserrat","typography_font_size":{"unit":"px","size":"35","sizes":[]},"typography_font_size_tablet":{"unit":"px","size":"26","sizes":[]},"typography_font_size_mobile":{"unit":"px","size":"22","sizes":[]},"typography_font_weight":"normal","typography_line_height":{"unit":"px","size":"50","sizes":[]},"typography_line_height_tablet":{"unit":"em","size":"1.3","sizes":[]},"_margin":{"unit":"%","top":"-2","right":"0","bottom":"0","left":"0","isLinked":""},"_margin_tablet":{"unit":"%","top":"0","right":"0","bottom":"0","left":"0","isLinked":""},"_padding_tablet":{"unit":"px","top":"0","right":"30","bottom":"0","left":"0","isLinked":""},"_padding_mobile":{"unit":"%","top":"0","right":"0","bottom":"0","left":"0","isLinked":"1"},"_background_background":"classic","_border_radius":{"unit":"px","top":"15","right":"15","bottom":"0","left":"0","isLinked":""},"_animation":"fadeIn","_margin_mobile":{"unit":"%","top":"0","right":"0","bottom":"8","left":"0","isLinked":""}},"elements":[],"isInner":false,"widgetType":"heading","elType":"widget"}],"isInner":"","elType":"column"},{"id":"30472aa8","settings":{"_column_size":"50","space_between_widgets":"0","border_color":"#FFFFFF","border_radius":{"unit":"px","top":"","right":"","bottom":"","left":"","isLinked":"1"},"padding":{"unit":"%","top":"","right":"","bottom":"","left":"","isLinked":"1"},"_inline_size_tablet":"50","padding_tablet":{"unit":"%","top":"","right":"","bottom":"","left":"","isLinked":"1"},"padding_mobile":{"unit":"px","top":"0","right":"0","bottom":"0","left":"0","isLinked":""},"margin_tablet":{"unit":"%","top":"0","right":"6","bottom":"0","left":"0","isLinked":""},"margin_mobile":{"unit":"%","top":"0","right":"0","bottom":"0","left":"0","isLinked":""},"content_position":"bottom"},"elements":[{"id":"785f22cf","settings":{"editor":"As a volunteer, you will be assigned to be a friend of a senior. You will need to make a connection with them by listening, being loyal, and just by being there, as a Telefriend.","text_color":"#000000","typography_typography":"custom","typography_font_family":"Montserrat","typography_font_size":{"unit":"px","size":"16","sizes":[]},"typography_font_weight":"normal","typography_text_transform":"none","typography_font_style":"normal","typography_text_decoration":"none","typography_line_height":{"unit":"px","size":"25","sizes":[]},"_margin":{"unit":"%","top":"0","right":"0","bottom":"0","left":"0","isLinked":""},"_padding":{"unit":"%","top":"","right":"","bottom":"","left":"","isLinked":"1"},"align_mobile":"center","typography_font_size_tablet":{"unit":"px","size":"15","sizes":[]},"typography_line_height_tablet":{"unit":"em","size":"1.5","sizes":[]},"_margin_tablet":{"unit":"%","top":"0","right":"0","bottom":"10","left":"0","isLinked":""},"_animation":"fadeIn","_animation_delay":"200"},"elements":[],"isInner":false,"widgetType":"text-editor","elType":"widget"}],"isInner":"","elType":"column"}],"isInner":"","elType":"section"},{"id":"7bc2d9b0","settings":{"content_width":{"unit":"px","size":"1400","sizes":[]},"gap":"no","height":"min-height","custom_height":{"unit":"px","size":"430","sizes":[]},"content_position":"middle","padding":{"unit":"%","top":"0","right":"4","bottom":"0","left":"4","isLinked":""},"margin_mobile":{"unit":"%","top":"0","right":"0","bottom":"20","left":"0","isLinked":""},"padding_mobile":{"unit":"%","top":"6","right":"4","bottom":"0","left":"4","isLinked":""},"_title":"Expectation List","custom_height_tablet":{"unit":"px","size":"425","sizes":[]},"custom_height_mobile":{"unit":"px","size":"710","sizes":[]},"column_position":"stretch","margin_tablet":{"unit":"%","top":"4","right":"0","bottom":"16","left":"0","isLinked":""},"_timestamp_":"v1b1BCenZXN2gxUTBqb0JJSWxJTVlPZz09"},"elements":[{"id":"6d23d332","settings":{"_column_size":"100","content_position_tablet":"space-between","space_between_widgets":"0","padding":{"unit":"%","top":"","right":"","bottom":"","left":"","isLinked":"1"}},"elements":[{"id":"14276dfa","settings":{"image":{"id":17166,"url":"http:\/\/library.elementor.com\/lp\/wp-content\/uploads\/2021\/01\/volunteer_pic2b.jpg"},"align":"left","width":{"unit":"px","size":"184","sizes":[]},"width_tablet":{"unit":"px","size":"125","sizes":[]},"image_border_border":"solid","image_border_width":{"unit":"px","top":"5","right":"5","bottom":"5","left":"5","isLinked":"1"},"image_border_color":"#FFFFFF","image_border_radius":{"unit":"px","top":"150","right":"150","bottom":"150","left":"150","isLinked":"1"},"_padding":{"unit":"%","top":"","right":"","bottom":"","left":"","isLinked":"1"},"_z_index":"20"},"elements":[],"isInner":false,"widgetType":"image","elType":"widget"},{"id":"7deb9efd","settings":{"content_width":{"unit":"px","size":"1150","sizes":[]},"gap":"no","height_inner":"min-height","custom_height_inner":{"unit":"px","size":"200","sizes":[]},"content_position":"middle","structure":"20","background_background":"classic","margin":{"unit":"px","top":"-93","right":"0","bottom":"0","left":"0","isLinked":""},"padding_tablet":{"unit":"%","top":"0","right":"10","bottom":"0","left":"10","isLinked":""},"padding_mobile":{"unit":"%","top":"0","right":"7","bottom":"0","left":"7","isLinked":""}},"elements":[{"id":"6d3ab9e3","settings":{"_column_size":"50","_inline_size_tablet":"100","background_background":"classic","background_color":"#F1E8DD","border_color":"#001F68","border_radius":{"unit":"px","top":"15","right":"0","bottom":"0","left":"15","isLinked":""},"border_radius_tablet":{"unit":"px","top":"15","right":"15","bottom":"0","left":"0","isLinked":""},"padding":{"unit":"%","top":"0","right":"11","bottom":"0","left":"19","isLinked":""},"padding_tablet":{"unit":"%","top":"5","right":"5","bottom":"2.5","left":"12","isLinked":""},"padding_mobile":{"unit":"%","top":"30","right":"7","bottom":"4","left":"7","isLinked":""}},"elements":[{"id":"1fc1c21f","settings":{"icon_list":[{"text":"You need to be aged 18 or more","_id":"feacbed"},{"text":"Volunteer in our program for at least one year","_id":"57a54ae"},{"text":"Helping and supporting other volunteers","_id":"3317186"},{"text":"An organized, responsible, and punctual person","_id":"8c22ab0"}],"space_between":{"unit":"px","size":"12","sizes":[]},"icon_color":"#C6B397","icon_size":{"unit":"px","size":"15","sizes":[]},"text_color":"#000000","text_indent":{"unit":"px","size":"10","sizes":[]},"icon_typography_typography":"custom","icon_typography_font_size":{"unit":"px","size":"15","sizes":[]},"icon_typography_font_weight":"400","icon_typography_line_height":{"unit":"em","size":"1.3","sizes":[]}},"elements":[],"isInner":false,"widgetType":"icon-list","elType":"widget"}],"isInner":"1","elType":"column"},{"id":"4482e892","settings":{"_column_size":"50","_inline_size_tablet":"100","background_background":"classic","background_color":"#F1E8DD","border_color":"#001F68","border_radius":{"unit":"px","top":"0","right":"15","bottom":"15","left":"0","isLinked":""},"border_radius_tablet":{"unit":"px","top":"0","right":"0","bottom":"15","left":"15","isLinked":""},"padding":{"unit":"%","top":"0","right":"10","bottom":"0","left":"0","isLinked":""},"padding_tablet":{"unit":"%","top":"0","right":"5","bottom":"5","left":"12","isLinked":""},"padding_mobile":{"unit":"%","top":"0","right":"7","bottom":"30","left":"7","isLinked":""}},"elements":[{"id":"7799fa6c","settings":{"icon_list":[{"text":"Communication skills and a caring personality","_id":"feacbed"},{"text":"Free your time for a 45 minutes call every week","_id":"57a54ae"},{"text":"Willing to take part in seminars &amp; professional training","_id":"8c22ab0"},{"text":"Experience with the elderly is a big advantage","_id":"62b59d2"}],"space_between":{"unit":"px","size":"12","sizes":[]},"icon_color":"#C6B397","icon_size":{"unit":"px","size":"15","sizes":[]},"text_color":"#000000","text_indent":{"unit":"px","size":"10","sizes":[]},"icon_typography_typography":"custom","icon_typography_font_size":{"unit":"px","size":"15","sizes":[]},"icon_typography_font_weight":"400","icon_typography_line_height":{"unit":"em","size":"1.3","sizes":[]}},"elements":[],"isInner":false,"widgetType":"icon-list","elType":"widget"}],"isInner":"1","elType":"column"}],"isInner":"1","elType":"section"},{"id":"2daa8d62","settings":{"image":{"id":17168,"url":"http:\/\/library.elementor.com\/lp\/wp-content\/uploads\/2021\/01\/volunteer_pic1b.jpg"},"align":"right","width":{"unit":"px","size":"217","sizes":[]},"width_tablet":{"unit":"px","size":"150","sizes":[]},"image_border_border":"solid","image_border_width":{"unit":"px","top":"5","right":"5","bottom":"5","left":"5","isLinked":"1"},"image_border_color":"#FFFFFF","image_border_radius":{"unit":"px","top":"150","right":"150","bottom":"150","left":"150","isLinked":"1"},"text_color":"#000000","_margin":{"unit":"px","top":"-60","right":"0","bottom":"0","left":"0","isLinked":false}},"elements":[],"isInner":false,"widgetType":"image","elType":"widget"}],"isInner":"","elType":"column"}],"isInner":"","elType":"section"},{"id":"742d5c44","settings":{"content_width":{"unit":"px","size":"357","sizes":[]},"gap":"no","custom_height":{"unit":"px","size":"590","sizes":[]},"content_position":"top","padding":{"unit":"%","top":"0","right":"4","bottom":"0","left":"4","isLinked":""},"margin_mobile":{"unit":"%","top":"20","right":"0","bottom":"0","left":"0","isLinked":""},"padding_mobile":{"unit":"%","top":"6","right":"6","bottom":"0","left":"6","isLinked":""},"_title":"Three Easy Steps","column_position":"stretch","margin":{"unit":"%","top":"10","right":"0","bottom":"4","left":"0","isLinked":""},"margin_tablet":{"unit":"%","top":"16","right":"0","bottom":"0","left":"0","isLinked":""},"padding_tablet":{"unit":"%","top":"","right":"","bottom":"","left":"","isLinked":"1"},"_timestamp_":"v1b1BCenZXN2gxUTBqb0JJSWxJTVlPZz09"},"elements":[{"id":"624b265c","settings":{"_column_size":"100","space_between_widgets":"0","border_color":"#FFFFFF","border_radius":{"unit":"px","top":"","right":"","bottom":"","left":"","isLinked":"1"},"padding":{"unit":"%","top":"0","right":"0","bottom":"0","left":"0","isLinked":""},"padding_tablet":{"unit":"%","top":"","right":"","bottom":"","left":"","isLinked":"1"},"padding_mobile":{"unit":"px","top":"0","right":"0","bottom":"0","left":"0","isLinked":""},"margin":{"unit":"px","top":"0","right":"0","bottom":"0","left":"0","isLinked":"1"},"margin_tablet":{"unit":"%","top":"","right":"","bottom":"","left":"","isLinked":"1"},"margin_mobile":{"unit":"%","top":"0","right":"0","bottom":"0","left":"0","isLinked":""}},"elements":[{"id":"6d1bdef0","settings":{"title":"Three easy steps to become a telefriend","align":"center","align_mobile":"center","title_color":"#000000","typography_typography":"custom","typography_font_family":"Montserrat","typography_font_size":{"unit":"px","size":"35","sizes":[]},"typography_font_size_tablet":{"unit":"px","size":"26","sizes":[]},"typography_font_size_mobile":{"unit":"px","size":"22","sizes":[]},"typography_font_weight":"normal","typography_line_height":{"unit":"px","size":"50","sizes":[]},"typography_line_height_tablet":{"unit":"em","size":"1.3","sizes":[]},"_margin":{"unit":"%","top":"0","right":"0","bottom":"0","left":"0","isLinked":""},"_margin_tablet":{"unit":"%","top":"0","right":"0","bottom":"0","left":"0","isLinked":""},"_padding_tablet":{"unit":"px","top":"30","right":"30","bottom":"30","left":"30","isLinked":"1"},"_padding_mobile":{"unit":"%","top":"","right":"","bottom":"","left":"","isLinked":""},"_background_background":"classic","_border_radius":{"unit":"px","top":"15","right":"15","bottom":"0","left":"0","isLinked":""}},"elements":[],"isInner":false,"widgetType":"heading","elType":"widget"}],"isInner":"","elType":"column"}],"isInner":"","elType":"section"},{"id":"31aaf3ab","settings":{"content_width":{"unit":"px","size":"1400","sizes":[]},"gap":"no","custom_height":{"unit":"px","size":"590","sizes":[]},"content_position":"top","structure":"30","padding":{"unit":"%","top":"0","right":"4","bottom":"0","left":"4","isLinked":""},"margin_mobile":{"unit":"%","top":"0","right":"0","bottom":"20","left":"0","isLinked":""},"padding_mobile":{"unit":"%","top":"6","right":"6","bottom":"0","left":"6","isLinked":""},"_title":"Steps Info","column_position":"stretch","margin":{"unit":"%","top":"0","right":"0","bottom":"0","left":"0","isLinked":""},"margin_tablet":{"unit":"%","top":"2","right":"0","bottom":"0","left":"0","isLinked":""},"_timestamp_":"v1b1BCenZXN2gxUTBqb0JJSWxJTVlPZz09"},"elements":[{"id":"7cfea9e0","settings":{"_column_size":"33","space_between_widgets":"0","border_color":"#FFFFFF","border_radius":{"unit":"px","top":"","right":"","bottom":"","left":"","isLinked":"1"},"padding":{"unit":"%","top":"0","right":"14","bottom":"0","left":"14","isLinked":""},"_inline_size_tablet":"33.3","padding_tablet":{"unit":"%","top":"0","right":"16","bottom":"0","left":"0","isLinked":""},"padding_mobile":{"unit":"px","top":"0","right":"0","bottom":"0","left":"0","isLinked":""},"margin":{"unit":"px","top":"0","right":"0","bottom":"0","left":"0","isLinked":"1"},"margin_tablet":{"unit":"%","top":"","right":"","bottom":"","left":"","isLinked":"1"},"margin_mobile":{"unit":"%","top":"0","right":"0","bottom":"20","left":"0","isLinked":""}},"elements":[{"id":"1c6181e6","settings":{"selected_icon":{"value":{"id":17170,"url":"http:\/\/library.elementor.com\/lp\/wp-content\/uploads\/2021\/01\/step_icon1.svg"},"library":"svg"},"view":"framed","shape":"square","title_text":"Register for telefriend","description_text":"Start your journey with BE-GOOD by filling the registration form and continue with the registration steps.","primary_color":"#000000","secondary_color":"#F1E8DD","icon_space":{"unit":"px","size":"30","sizes":[]},"icon_size":{"unit":"px","size":"49","sizes":[]},"icon_padding":{"unit":"px","size":"30","sizes":[]},"border_width":{"unit":"px","top":"0","right":"0","bottom":"0","left":"0","isLinked":"1"},"border_radius":{"unit":"px","top":"15","right":"15","bottom":"15","left":"15","isLinked":"1"},"title_bottom_space":{"unit":"px","size":"15","sizes":[]},"title_color":"#000000","title_typography_typography":"custom","title_typography_font_family":"Montserrat","title_typography_font_size":{"unit":"px","size":"18","sizes":[]},"title_typography_font_size_tablet":{"unit":"px","size":"17","sizes":[]},"title_typography_font_weight":"500","title_typography_text_transform":"none","title_typography_font_style":"normal","title_typography_text_decoration":"none","title_typography_line_height":{"unit":"em","size":"1","sizes":[]},"description_color":"#000000","description_typography_typography":"custom","description_typography_font_family":"Montserrat","description_typography_font_size":{"unit":"px","size":"16","sizes":[]},"description_typography_font_size_tablet":{"unit":"px","size":"14","sizes":[]},"description_typography_font_weight":"normal","description_typography_text_transform":"none","description_typography_font_style":"normal","description_typography_text_decoration":"none","description_typography_line_height":{"unit":"px","size":"25","sizes":[]},"description_typography_line_height_tablet":{"unit":"em","size":"1.4","sizes":[]},"_animation":"fadeIn"},"elements":[],"isInner":false,"widgetType":"icon-box","elType":"widget"}],"isInner":"","elType":"column"},{"id":"d36b01a","settings":{"_column_size":"33","space_between_widgets":"0","border_color":"#FFFFFF","border_radius":{"unit":"px","top":"","right":"","bottom":"","left":"","isLinked":"1"},"padding":{"unit":"%","top":"0","right":"14","bottom":"0","left":"14","isLinked":""},"_inline_size_tablet":"33.3","padding_tablet":{"unit":"%","top":"0","right":"8","bottom":"0","left":"8","isLinked":""},"padding_mobile":{"unit":"px","top":"0","right":"0","bottom":"0","left":"0","isLinked":""},"margin":{"unit":"px","top":"0","right":"0","bottom":"0","left":"0","isLinked":"1"},"margin_tablet":{"unit":"%","top":"0","right":"0","bottom":"0","left":"0","isLinked":""},"margin_mobile":{"unit":"%","top":"0","right":"0","bottom":"20","left":"0","isLinked":""}},"elements":[{"id":"401b95b9","settings":{"selected_icon":{"value":{"id":17172,"url":"http:\/\/library.elementor.com\/lp\/wp-content\/uploads\/2021\/01\/step_icon2.svg"},"library":"svg"},"view":"framed","shape":"square","title_text":"Get a buddy senior","description_text":"After you will finish all the admissions steps, we will find for you the perfect elderly person","primary_color":"#000000","secondary_color":"#F1E8DD","icon_space":{"unit":"px","size":"30","sizes":[]},"icon_size":{"unit":"px","size":"49","sizes":[]},"icon_padding":{"unit":"px","size":"30","sizes":[]},"border_width":{"unit":"px","top":"0","right":"0","bottom":"0","left":"0","isLinked":"1"},"border_radius":{"unit":"px","top":"15","right":"15","bottom":"15","left":"15","isLinked":"1"},"title_bottom_space":{"unit":"px","size":"15","sizes":[]},"title_color":"#000000","title_typography_typography":"custom","title_typography_font_family":"Montserrat","title_typography_font_size":{"unit":"px","size":"18","sizes":[]},"title_typography_font_size_tablet":{"unit":"px","size":"17","sizes":[]},"title_typography_font_weight":"500","title_typography_text_transform":"none","title_typography_font_style":"normal","title_typography_text_decoration":"none","title_typography_line_height":{"unit":"em","size":"1","sizes":[]},"description_color":"#000000","description_typography_typography":"custom","description_typography_font_family":"Montserrat","description_typography_font_size":{"unit":"px","size":"16","sizes":[]},"description_typography_font_size_tablet":{"unit":"px","size":"14","sizes":[]},"description_typography_font_weight":"normal","description_typography_text_transform":"none","description_typography_font_style":"normal","description_typography_text_decoration":"none","description_typography_line_height":{"unit":"px","size":"25","sizes":[]},"description_typography_line_height_tablet":{"unit":"em","size":"1.4","sizes":[]},"_animation":"fadeIn","_animation_delay":"100"},"elements":[],"isInner":false,"widgetType":"icon-box","elType":"widget"}],"isInner":"","elType":"column"},{"id":"103e5bf","settings":{"_column_size":"33","space_between_widgets":"0","border_color":"#FFFFFF","border_radius":{"unit":"px","top":"","right":"","bottom":"","left":"","isLinked":"1"},"padding":{"unit":"%","top":"0","right":"14","bottom":"0","left":"14","isLinked":""},"_inline_size_tablet":"33.3","padding_tablet":{"unit":"%","top":"0","right":"0","bottom":"0","left":"16","isLinked":""},"padding_mobile":{"unit":"px","top":"0","right":"0","bottom":"0","left":"0","isLinked":""},"margin":{"unit":"px","top":"0","right":"0","bottom":"0","left":"0","isLinked":"1"},"margin_tablet":{"unit":"%","top":"0","right":"0","bottom":"0","left":"0","isLinked":""},"margin_mobile":{"unit":"%","top":"0","right":"0","bottom":"0","left":"0","isLinked":""}},"elements":[{"id":"11aeec4c","settings":{"selected_icon":{"value":{"id":17174,"url":"http:\/\/library.elementor.com\/lp\/wp-content\/uploads\/2021\/01\/step_icon3.svg"},"library":"svg"},"view":"framed","shape":"square","title_text":"Call and chat","description_text":"Make your first call, and meet a friend for a lifetime. Telefriend will be the best decision you ever made.","primary_color":"#000000","secondary_color":"#F1E8DD","icon_space":{"unit":"px","size":"30","sizes":[]},"icon_size":{"unit":"px","size":"49","sizes":[]},"icon_padding":{"unit":"px","size":"30","sizes":[]},"border_width":{"unit":"px","top":"0","right":"0","bottom":"0","left":"0","isLinked":"1"},"border_radius":{"unit":"px","top":"15","right":"15","bottom":"15","left":"15","isLinked":"1"},"title_bottom_space":{"unit":"px","size":"15","sizes":[]},"title_color":"#000000","title_typography_typography":"custom","title_typography_font_family":"Montserrat","title_typography_font_size":{"unit":"px","size":"18","sizes":[]},"title_typography_font_size_tablet":{"unit":"px","size":"17","sizes":[]},"title_typography_font_weight":"500","title_typography_text_transform":"none","title_typography_font_style":"normal","title_typography_text_decoration":"none","title_typography_line_height":{"unit":"em","size":"1","sizes":[]},"description_color":"#000000","description_typography_typography":"custom","description_typography_font_family":"Montserrat","description_typography_font_size":{"unit":"px","size":"16","sizes":[]},"description_typography_font_size_tablet":{"unit":"px","size":"14","sizes":[]},"description_typography_font_weight":"normal","description_typography_text_transform":"none","description_typography_font_style":"normal","description_typography_text_decoration":"none","description_typography_line_height":{"unit":"px","size":"25","sizes":[]},"description_typography_line_height_tablet":{"unit":"em","size":"1.4","sizes":[]},"_animation":"fadeIn","_animation_delay":"200"},"elements":[],"isInner":false,"widgetType":"icon-box","elType":"widget"}],"isInner":"","elType":"column"}],"isInner":"","elType":"section"},{"id":"560af20c","settings":{"content_width":{"unit":"px","size":"1160","sizes":[]},"gap":"no","custom_height":{"unit":"px","size":"590","sizes":[]},"content_position":"middle","structure":"20","padding":{"unit":"%","top":"0","right":"4","bottom":"0","left":"4","isLinked":""},"margin_mobile":{"unit":"%","top":"30","right":"0","bottom":"0","left":"0","isLinked":""},"padding_mobile":{"unit":"%","top":"6","right":"6","bottom":"0","left":"6","isLinked":""},"_title":"Plato Qaute","column_position":"stretch","margin":{"unit":"%","top":"15","right":"0","bottom":"0","left":"0","isLinked":""},"margin_tablet":{"unit":"%","top":"16","right":"0","bottom":"0","left":"0","isLinked":""},"padding_tablet":{"unit":"%","top":"","right":"","bottom":"","left":"","isLinked":"1"},"_timestamp_":"v1b1BCenZXN2gxUTBqb0JJSWxJTVlPZz09"},"elements":[{"id":"2dfa09e9","settings":{"_column_size":"50","_inline_size":"45","space_between_widgets":"0","border_color":"#FFFFFF","border_radius":{"unit":"px","top":"","right":"","bottom":"","left":"","isLinked":"1"},"padding":{"unit":"%","top":"0","right":"0","bottom":"0","left":"0","isLinked":""},"_inline_size_tablet":"50","padding_tablet":{"unit":"%","top":"","right":"","bottom":"","left":"","isLinked":"1"},"padding_mobile":{"unit":"px","top":"0","right":"0","bottom":"0","left":"0","isLinked":""},"margin":{"unit":"px","top":"0","right":"0","bottom":"0","left":"0","isLinked":"1"},"margin_tablet":{"unit":"%","top":"","right":"","bottom":"","left":"","isLinked":"1"},"margin_mobile":{"unit":"%","top":"0","right":"0","bottom":"0","left":"0","isLinked":""}},"elements":[{"id":"3726f0e","settings":{"image":{"id":17176,"url":"http:\/\/library.elementor.com\/lp\/wp-content\/uploads\/2021\/01\/Plato-quate-img.jpg"},"align":"left","width":{"unit":"px","size":"462","sizes":[]},"width_tablet":{"unit":"%","size":"100","sizes":[]},"image_border_border":"solid","image_border_width":{"unit":"px","top":"5","right":"5","bottom":"5","left":"5","isLinked":"1"},"image_border_color":"#FFFFFF","image_border_radius":{"unit":"px","top":"300","right":"300","bottom":"300","left":"300","isLinked":"1"},"_margin":{"unit":"%","top":"","right":"","bottom":"","left":"","isLinked":"1"},"_margin_tablet":{"unit":"%","top":"0","right":"8","bottom":"0","left":"0","isLinked":""},"_margin_mobile":{"unit":"px","top":"0","right":"0","bottom":"0","left":"0","isLinked":""},"_background_background":"classic"},"elements":[],"isInner":false,"widgetType":"image","elType":"widget"}],"isInner":"","elType":"column"},{"id":"7438c2fd","settings":{"_column_size":"50","_inline_size":"54.958","space_between_widgets":"0","border_color":"#FFFFFF","border_radius":{"unit":"px","top":"","right":"","bottom":"","left":"","isLinked":"1"},"padding":{"unit":"%","top":"0","right":"0","bottom":"0","left":"8","isLinked":""},"_inline_size_tablet":"50","padding_tablet":{"unit":"%","top":"","right":"","bottom":"","left":"","isLinked":"1"},"padding_mobile":{"unit":"%","top":"12","right":"0","bottom":"0","left":"0","isLinked":""},"content_position":"center","margin":{"unit":"px","top":"0","right":"0","bottom":"0","left":"0","isLinked":"1"},"margin_tablet":{"unit":"%","top":"","right":"","bottom":"","left":"","isLinked":"1"},"margin_mobile":{"unit":"%","top":"0","right":"0","bottom":"0","left":"0","isLinked":""}},"elements":[{"id":"221ecb89","settings":{"editor":"<p>\u201c<strong>Caring<\/strong> for the happiness of others, we find <strong>our own<\/strong>\u201d<\/p>","text_color":"#000000","typography_typography":"custom","typography_font_family":"Montserrat","typography_font_size":{"unit":"px","size":"50","sizes":[]},"typography_line_height":{"unit":"px","size":"60","sizes":[]},"_margin":{"unit":"%","top":"0","right":"0","bottom":"8","left":"0","isLinked":""},"_padding":{"unit":"%","top":"0","right":"0","bottom":"0","left":"0","isLinked":""},"align_mobile":"center","typography_font_size_tablet":{"unit":"px","size":"30","sizes":[]},"typography_line_height_tablet":{"unit":"em","size":"1.3","sizes":[]},"_margin_tablet":{"unit":"%","top":"0","right":"0","bottom":"10","left":"0","isLinked":""}},"elements":[],"isInner":false,"widgetType":"text-editor","elType":"widget"},{"id":"527ac173","settings":{"title":"Plato","align":"left","align_mobile":"center","title_color":"#000000","typography_typography":"custom","typography_font_family":"Montserrat","typography_font_size":{"unit":"px","size":"20","sizes":[]},"typography_font_size_tablet":{"unit":"px","size":"26","sizes":[]},"typography_font_size_mobile":{"unit":"px","size":"22","sizes":[]},"typography_font_weight":"300","typography_line_height":{"unit":"px","size":"22","sizes":[]},"typography_line_height_tablet":{"unit":"em","size":"1.3","sizes":[]},"_margin":{"unit":"%","top":"0","right":"0","bottom":"0","left":"0","isLinked":""},"_margin_tablet":{"unit":"%","top":"0","right":"0","bottom":"0","left":"0","isLinked":""},"header_size":"h6","_padding_tablet":{"unit":"px","top":"00","right":"00","bottom":"00","left":"00","isLinked":"1"},"_padding_mobile":{"unit":"%","top":"","right":"","bottom":"","left":"","isLinked":""},"_background_background":"classic","_border_radius":{"unit":"px","top":"15","right":"15","bottom":"0","left":"0","isLinked":""}},"elements":[],"isInner":false,"widgetType":"heading","elType":"widget"}],"isInner":"","elType":"column"}],"isInner":"","elType":"section"},{"id":"6ba6ca09","settings":{"content_width":{"unit":"px","size":"1400","sizes":[]},"gap":"no","height":"min-height","custom_height":{"unit":"px","size":"750","sizes":[]},"column_position":"stretch","content_position":"middle","margin":{"unit":"%","top":"15","right":"0","bottom":"0","left":"0","isLinked":""},"margin_tablet":{"unit":"%","top":"16","right":"0","bottom":"0","left":"0","isLinked":""},"margin_mobile":{"unit":"%","top":"30","right":"0","bottom":"0","left":"0","isLinked":""},"padding":{"unit":"%","top":"0","right":"4","bottom":"0","left":"4","isLinked":""},"padding_tablet":{"unit":"%","top":"","right":"","bottom":"","left":"","isLinked":"1"},"padding_mobile":{"unit":"%","top":"6","right":"6","bottom":"0","left":"6","isLinked":""},"_title":"Registration Form","_timestamp_":"v1b1BCenZXN2gxUTBqb0JJSWxJTVlPZz09"},"elements":[{"id":"607789c4","settings":{"_column_size":"100","space_between_widgets":"0","background_background":"classic","background_color":"#F1E8DD","border_border":"solid","border_width":{"unit":"px","top":"5","right":"5","bottom":"5","left":"5","isLinked":"1"},"border_color":"#FFFFFF","border_radius":{"unit":"px","top":"15","right":"15","bottom":"15","left":"15","isLinked":"1"},"padding":{"unit":"%","top":"0","right":"18","bottom":"0","left":"18","isLinked":""},"padding_tablet":{"unit":"%","top":"0","right":"10","bottom":"0","left":"10","isLinked":""},"padding_mobile":{"unit":"%","top":"10","right":"6","bottom":"10","left":"6","isLinked":""}},"elements":[{"id":"580cc92c","settings":{"editor":"<p><strong>Make a difference<\/strong>\u00a0the lives of elderly people by becoming a <strong>telefriend volunteer<\/strong><\/p>","text_color":"#000000","typography_typography":"custom","typography_font_family":"Montserrat","typography_font_size":{"unit":"px","size":"50","sizes":[]},"typography_line_height":{"unit":"px","size":"60","sizes":[]},"_margin":{"unit":"%","top":"0","right":"0","bottom":"5","left":"0","isLinked":""},"_padding":{"unit":"%","top":"0","right":"0","bottom":"0","left":"0","isLinked":""},"align_mobile":"center","typography_font_size_tablet":{"unit":"px","size":"30","sizes":[]},"typography_line_height_tablet":{"unit":"em","size":"1.3","sizes":[]},"_margin_tablet":{"unit":"%","top":"0","right":"0","bottom":"10","left":"0","isLinked":""},"align":"center","typography_font_size_mobile":{"unit":"px","size":"22","sizes":[]},"typography_line_height_mobile":{"unit":"em","size":"1.4","sizes":[]},"_animation":"fadeIn","animation_duration":"fast"},"elements":[],"isInner":false,"widgetType":"text-editor","elType":"widget"},{"id":"1ac7eed5","settings":{"editor":"<p>Please fill in the registration form and we will contact you shortly with all the information you need<\/p><div class=\"docos-input docos-docoview-input-pane docos-anchoreddocoview-input-pane hide-on-readonly\" dir=\"ltr\">\u00a0<\/div>","text_color":"#000000","typography_typography":"custom","typography_font_family":"Montserrat","typography_font_size":{"unit":"px","size":"16","sizes":[]},"typography_font_weight":"normal","typography_text_transform":"none","typography_font_style":"normal","typography_text_decoration":"none","typography_line_height":{"unit":"px","size":"25","sizes":[]},"_margin":{"unit":"%","top":"0","right":"0","bottom":"0","left":"0","isLinked":""},"_padding":{"unit":"%","top":"0","right":"22","bottom":"5","left":"22","isLinked":""},"align_mobile":"center","typography_font_size_tablet":{"unit":"px","size":"15","sizes":[]},"typography_line_height_tablet":{"unit":"em","size":"1.5","sizes":[]},"_margin_tablet":{"unit":"%","top":"0","right":"0","bottom":"10","left":"0","isLinked":""},"align":"center","_padding_tablet":{"unit":"%","top":"0","right":"8","bottom":"0","left":"8","isLinked":""},"_padding_mobile":{"unit":"px","top":"0","right":"0","bottom":"0","left":"0","isLinked":""},"_animation":"fadeIn","_animation_delay":"200"},"elements":[],"isInner":false,"widgetType":"text-editor","elType":"widget"},{"id":"1777a77","settings":{"form_name":"Registration Form","form_fields":[{"custom_id":"name","field_label":"First Name","placeholder":"First Name","width":"50","_id":"c1eedaf","rows":"4","file_sizes":"","file_types":"","allow_multiple_upload":"","max_files":"","acceptance_text":"","checked_by_default":"","field_min":"","field_max":"","min_date":"","max_date":"","use_native_date":"","use_native_time":"","previous_button":"","next_button":""},{"custom_id":"field_8fe3f08","field_label":"Last Name","placeholder":"Last Name","width":"50","rows":"4","_id":"8fe3f08","file_sizes":"","file_types":"","allow_multiple_upload":"","max_files":"","acceptance_text":"","checked_by_default":"","field_min":"","field_max":"","min_date":"","max_date":"","use_native_date":"","use_native_time":"","previous_button":"","next_button":""},{"custom_id":"email","field_type":"email","required":"true","field_label":"Email","placeholder":"Email","width":"50","_id":"0918c40","rows":"4","file_sizes":"","file_types":"","allow_multiple_upload":"","max_files":"","acceptance_text":"","checked_by_default":"","field_min":"","field_max":"","min_date":"","max_date":"","use_native_date":"","use_native_time":"","previous_button":"","next_button":""},{"field_type":"tel","field_label":"Phone","placeholder":"Phone","required":"true","width":"50","rows":"4","custom_id":"field_17fa9cb","_id":"17fa9cb","file_sizes":"","file_types":"","allow_multiple_upload":"","max_files":"","acceptance_text":"","checked_by_default":"","field_min":"","field_max":"","min_date":"","max_date":"","use_native_date":"","use_native_time":"","previous_button":"","next_button":""},{"field_type":"acceptance","field_label":"Over 18 Check","required":"true","acceptance_text":"I\u2019m Over 18 and I Agree to BeGood Terms of Service\n","checked_by_default":"","width":"66","width_tablet":"100","rows":"4","custom_id":"field_5956669","_id":"5956669","file_sizes":"","file_types":"","allow_multiple_upload":"","max_files":"","field_min":"","field_max":"","min_date":"","max_date":"","use_native_date":"","use_native_time":"","previous_button":"","next_button":""}],"input_size":"md","show_labels":"","button_size":"md","button_align":"center","step_next_label":"Next","step_previous_label":"Previous","button_text":"Apply to volunteer \u27f6","email_content":"[all-fields]","email_content_2":"[all-fields]","success_message":"The form was sent successfully.","error_message":"An error occured.","required_field_message":"This field is required.","invalid_message":"There's something wrong. The form is invalid.","column_gap":{"unit":"px","size":"30","sizes":[]},"row_gap":{"unit":"px","size":"30","sizes":[]},"field_text_color":"#000000","field_typography_typography":"custom","field_typography_font_family":"Montserrat","field_typography_font_size":{"unit":"px","size":"16","sizes":[]},"field_typography_font_weight":"normal","field_typography_text_transform":"capitalize","field_typography_font_style":"normal","field_typography_text_decoration":"none","field_typography_line_height":{"unit":"em","size":"1","sizes":[]},"field_border_color":"rgba(255, 255, 255, 0)","field_border_width":{"unit":"px","top":"0","right":"0","bottom":"0","left":"0","isLinked":"1"},"field_border_radius":{"unit":"px","top":"5","right":"5","bottom":"5","left":"5","isLinked":"1"},"button_typography_typography":"custom","button_typography_font_family":"Montserrat","button_typography_font_size":{"unit":"px","size":"16","sizes":[]},"button_typography_font_weight":"bold","button_typography_text_transform":"none","button_typography_font_style":"normal","button_typography_text_decoration":"none","button_typography_line_height":{"unit":"em","size":"1","sizes":[]},"button_background_color":"#DACBB4","button_text_color":"#000000","previous_button_background_color":"#DACBB4","previous_button_text_color":"#000000","button_border_radius":{"unit":"px","top":"5","right":"5","bottom":"5","left":"5","isLinked":"1"},"button_text_padding":{"unit":"px","top":"18","right":"44","bottom":"15","left":"44","isLinked":""},"_padding":{"unit":"%","top":"0","right":"10","bottom":"0","left":"10","isLinked":""},"_padding_tablet":{"unit":"%","top":"0","right":"5","bottom":"0","left":"5","isLinked":""},"button_align_mobile":"stretch","field_typography_font_size_tablet":{"unit":"px","size":"15","sizes":[]},"field_typography_font_size_mobile":{"unit":"px","size":"14","sizes":[]},"field_typography_line_height_mobile":{"unit":"em","size":"1.3","sizes":[]},"button_typography_font_size_mobile":{"unit":"px","size":"14","sizes":[]},"button_background_hover_color":"#000000","button_hover_color":"#FAF7F2","previous_button_background_color_hover":"#000000","previous_button_text_color_hover":"#FAF7F2","_padding_mobile":{"unit":"px","top":"0","right":"0","bottom":"0","left":"0","isLinked":""},"label_color":"#000000","label_typography_typography":"custom","label_typography_font_family":"Montserrat","label_typography_font_size":{"unit":"px","size":"15","sizes":[]},"label_typography_line_height":{"unit":"em","size":"1.3","sizes":[]},"message_typography_typography":"custom","message_typography_font_family":"Montserrat","message_typography_font_size":{"unit":"px","size":"16","sizes":[]},"message_typography_font_weight":"normal","message_typography_text_transform":"none","message_typography_font_style":"normal","message_typography_text_decoration":"none","message_typography_line_height":{"unit":"em","size":"1.3","sizes":[]},"success_message_color":"#000000","error_message_color":"#000000","inline_message_color":"#DACBB4"},"elements":[],"isInner":false,"widgetType":"form","elType":"widget"}],"isInner":"","elType":"column"}],"isInner":"","elType":"section"},{"id":"248c3614","settings":{"content_width":{"unit":"px","size":"1400","sizes":[]},"height":"min-height","custom_height":{"unit":"vh","size":"12","sizes":[]},"padding":{"unit":"%","top":"0","right":"4","bottom":"0","left":"4","isLinked":""},"custom_height_mobile":{"unit":"vh","size":"16","sizes":[]},"html_tag":"footer","_title":"Footer","_timestamp_":"v1b1BCenZXN2gxUTBqb0JJSWxJTVlPZz09"},"elements":[{"id":"75c35cb7","settings":{"_column_size":"100"},"elements":[{"id":"23f224b1","settings":{"title":"\u00a9 copyright BeGood 2021 ","align":"center","align_mobile":"center","title_color":"#000000","typography_typography":"custom","typography_font_family":"Montserrat","typography_font_size":{"unit":"px","size":"15","sizes":[]},"typography_font_size_tablet":{"unit":"px","size":"14","sizes":[]},"typography_font_size_mobile":{"unit":"px","size":"13","sizes":[]},"typography_font_weight":"300","typography_line_height":{"unit":"px","size":"22","sizes":[]},"typography_line_height_tablet":{"unit":"em","size":"1","sizes":[]},"_margin":{"unit":"%","top":"0","right":"0","bottom":"0","left":"0","isLinked":""},"_margin_tablet":{"unit":"%","top":"0","right":"0","bottom":"0","left":"0","isLinked":""},"size":"small","header_size":"p","_padding_tablet":{"unit":"px","top":"00","right":"00","bottom":"00","left":"00","isLinked":"1"},"_padding_mobile":{"unit":"%","top":"","right":"","bottom":"","left":"","isLinked":""},"_background_background":"classic","_border_radius":{"unit":"px","top":"15","right":"15","bottom":"0","left":"0","isLinked":""}},"elements":[],"isInner":false,"widgetType":"heading","elType":"widget"}],"isInner":"","elType":"column"}],"isInner":"","elType":"section"}]}