{"version":"0.4","title":"17095","type":"page","content":[{"id":"33d938a7","settings":{"layout":"full_width","gap":"no","height":"min-height","custom_height":{"unit":"vh","size":"90","sizes":[]},"column_position":"stretch","structure":"20","background_background":"classic","background_image":{"id":17064,"url":"http:\/\/library.elementor.com\/lp\/wp-content\/uploads\/2021\/01\/22_Mobile_pet_grooming-Hero_BG.jpg"},"background_position":"center center","background_repeat":"no-repeat","background_size":"cover","background_overlay_background":"classic","background_overlay_color":"#FFFFFF","padding":{"unit":"px","top":"50","right":"50","bottom":"50","left":"50","isLinked":"1"},"padding_tablet":{"unit":"px","top":"30","right":"30","bottom":"30","left":"30","isLinked":"1"},"_title":"Hero","padding_mobile":{"unit":"px","top":"50","right":"20","bottom":"50","left":"20","isLinked":""}},"elements":[{"id":"4a6e5b5f","settings":{"_column_size":"50","_inline_size":"40.047","background_background":"classic","background_color":"#FFEDD6","_inline_size_tablet":"60","space_between_widgets":"50","space_between_widgets_tablet":"30","padding":{"unit":"%","top":"5","right":"20","bottom":"25","left":"20","isLinked":""},"padding_tablet":{"unit":"%","top":"5","right":"10","bottom":"5","left":"10","isLinked":""},"space_between_widgets_mobile":"20","padding_mobile":{"unit":"%","top":"10","right":"10","bottom":"10","left":"10","isLinked":"1"}},"elements":[{"id":"70471b90","settings":{"image":{"id":17060,"url":"http:\/\/library.elementor.com\/lp\/wp-content\/uploads\/2021\/01\/22_Mobile_pet_grooming-Logo.png"},"image_size":"full","align":"left","width":{"unit":"px","size":"163","sizes":[]}},"elements":[],"isInner":false,"widgetType":"image","elType":"widget"},{"id":"7c8d8815","settings":{"title":"In-home professional dog grooming ","header_size":"h1","title_color":"#363636","typography_typography":"custom","typography_font_family":"Montserrat","typography_font_size":{"unit":"px","size":"100","sizes":[]},"typography_font_weight":"700","typography_text_transform":"none","typography_font_style":"normal","typography_text_decoration":"none","typography_line_height":{"unit":"em","size":"1.1","sizes":[]},"typography_letter_spacing":{"unit":"px","size":"0","sizes":[]},"typography_font_size_tablet":{"unit":"px","size":"65","sizes":[]},"_margin":{"unit":"%","top":"15","right":"0","bottom":"0","left":"-100","isLinked":""},"_margin_tablet":{"unit":"%","top":"5","right":"-50","bottom":"0","left":"0","isLinked":""},"typography_font_size_mobile":{"unit":"px","size":"35","sizes":[]},"_margin_mobile":{"unit":"%","top":"3","right":"0","bottom":"0","left":"0","isLinked":""}},"elements":[],"isInner":false,"widgetType":"heading","elType":"widget"},{"id":"1897b043","settings":{"editor":"Pamper your dog in the convenience of your own home with our skilled and patient pet groomers","text_color":"#363636","__globals__":{"typography_typography":""},"typography_typography":"custom","typography_font_family":"Montserrat","typography_font_size":{"unit":"px","size":"16","sizes":[]},"typography_font_size_tablet":{"unit":"px","size":"14","sizes":[]},"typography_font_size_mobile":{"unit":"px","size":"12","sizes":[]},"typography_font_weight":"400","typography_text_transform":"none","typography_font_style":"normal","typography_text_decoration":"none","typography_line_height":{"unit":"em","size":"1.4","sizes":[]},"typography_letter_spacing":{"unit":"px","size":"0","sizes":[]}},"elements":[],"isInner":false,"widgetType":"text-editor","elType":"widget"},{"id":"695485c6","settings":{"text":"Schedule Appointment","button_text_color":"#FFFFFF","background_color":"#363636","hover_color":"#363636","button_background_hover_color":"#FFFFFF00","hover_animation":"push","border_border":"solid","border_width":{"unit":"px","top":"1","right":"1","bottom":"1","left":"1","isLinked":"1"},"border_color":"#363636","border_radius":{"unit":"px","top":"0","right":"0","bottom":"0","left":"0","isLinked":""},"text_padding":{"unit":"px","top":"18","right":"25","bottom":"18","left":"25","isLinked":""},"__globals__":{"typography_typography":""},"text_padding_mobile":{"unit":"px","top":"13","right":"18","bottom":"13","left":"18","isLinked":""},"typography_typography":"custom","typography_font_family":"Montserrat","typography_font_size":{"unit":"px","size":"16","sizes":[]},"typography_font_size_tablet":{"unit":"px","size":"14","sizes":[]},"typography_font_weight":"600","typography_text_transform":"capitalize","typography_font_style":"normal","typography_text_decoration":"none","typography_line_height":{"unit":"em","size":"1","sizes":[]},"typography_letter_spacing":{"unit":"px","size":"0","sizes":[]}},"elements":[],"isInner":false,"widgetType":"button","elType":"widget"}],"isInner":"","elType":"column"},{"id":"50d61f1a","settings":{"_column_size":"50","_inline_size":"59.751","_inline_size_tablet":"100","content_position":"space-between","align":"flex-end","align_tablet":"flex-start","border_border":"solid","border_width":{"unit":"px","top":"1","right":"1","bottom":"1","left":"0","isLinked":""},"border_width_tablet":{"unit":"px","top":"1","right":"1","bottom":"1","left":"1","isLinked":""},"border_color":"#FFFFFF","border_width_mobile":{"unit":"px","top":"0","right":"0","bottom":"0","left":"0","isLinked":""},"margin_mobile":{"unit":"%","top":"15","right":"0","bottom":"0","left":"0","isLinked":""}},"elements":[{"id":"62003169","settings":{"title":"10% off for new customers","header_size":"h5","align":"center","title_color":"#363636","typography_typography":"custom","typography_font_family":"Montserrat","typography_font_size":{"unit":"px","size":"25","sizes":[]},"typography_font_size_tablet":{"unit":"px","size":"20","sizes":[]},"typography_font_weight":"600","typography_text_transform":"none","typography_font_style":"normal","typography_text_decoration":"none","typography_letter_spacing":{"unit":"px","size":"0","sizes":[]},"_padding":{"unit":"px","top":"8","right":"0","bottom":"8","left":"0","isLinked":""},"_animation":"headShake","_background_background":"classic","_background_color":"#FFFFFF","_element_width":"initial","_element_width_tablet":"initial","_element_custom_width":{"unit":"px","size":"425","sizes":[]},"_element_custom_width_tablet":{"unit":"%","size":"60","sizes":[]},"__globals__":{"typography_typography":""},"typography_font_size_mobile":{"unit":"px","size":"18","sizes":[]},"_element_width_mobile":"inherit"},"elements":[],"isInner":false,"widgetType":"heading","elType":"widget"},{"id":"77fb75be","settings":{"image":{"id":17062,"url":"http:\/\/library.elementor.com\/lp\/wp-content\/uploads\/2021\/01\/22_Mobile_pet_grooming-Hero.jpg"},"image_size":"full","align":"right","width":{"unit":"px","size":"425","sizes":[]},"width_tablet":{"unit":"px","size":"225","sizes":[]},"image_border_border":"solid","image_border_width":{"unit":"px","top":"20","right":"20","bottom":"20","left":"20","isLinked":"1"},"image_border_color":"#FFEDD6","_margin":{"unit":"px","top":"0","right":"-1","bottom":"-1","left":"0","isLinked":""},"_border_width":{"unit":"px","top":"20","right":"20","bottom":"20","left":"20","isLinked":"1"},"_border_color":"#FFEDD6","_element_custom_width":{"unit":"px","size":"425","sizes":[]},"width_mobile":{"unit":"%","size":"100","sizes":[]},"_margin_mobile":{"unit":"px","top":"0","right":"0","bottom":"0","left":"0","isLinked":""}},"elements":[],"isInner":false,"widgetType":"image","elType":"widget"}],"isInner":"","elType":"column"}],"isInner":"","elType":"section"},{"id":"4987b03a","settings":{"content_width":{"unit":"px","size":"1200","sizes":[]},"gap":"no","margin":{"unit":"%","top":"15","right":"0","bottom":"0","left":"0","isLinked":""},"padding":{"unit":"%","top":"","right":"","bottom":"","left":"","isLinked":"1"},"padding_tablet":{"unit":"%","top":"0","right":"10","bottom":"0","left":"10","isLinked":""},"_title":"Services","margin_tablet":{"unit":"%","top":"20","right":"0","bottom":"0","left":"0","isLinked":""},"margin_mobile":{"unit":"%","top":"35","right":"0","bottom":"0","left":"0","isLinked":""}},"elements":[{"id":"5c5831e4","settings":{"_column_size":"100","align":"center"},"elements":[{"id":"40b95c7c","settings":{"title":"","percent":{"unit":"%","size":"100","sizes":[]},"display_percentage":"hide","inner_text":"Your dog deserves it!","bar_color":"#FFEDD600","bar_bg_color":"#02010100","bar_height":{"unit":"px","size":"35","sizes":[]},"bar_border_radius":{"unit":"px","size":"0","sizes":[]},"bar_inline_color":"#363636","bar_inner_typography_typography":"custom","bar_inner_typography_font_family":"Montserrat","bar_inner_typography_font_size":{"unit":"px","size":"25","sizes":[]},"bar_inner_typography_font_size_tablet":{"unit":"px","size":"20","sizes":[]},"bar_inner_typography_font_weight":"600","bar_inner_typography_text_transform":"none","bar_inner_typography_font_style":"normal","bar_inner_typography_text_decoration":"none","bar_inner_typography_letter_spacing":{"unit":"px","size":"0","sizes":[]},"_padding":{"unit":"px","top":"3","right":"24","bottom":"3","left":"12","isLinked":""},"_background_background":"classic","_background_color":"#FFEDD6","_element_width":"auto","bar_inner_typography_font_size_mobile":{"unit":"px","size":"18","sizes":[]}},"elements":[],"isInner":false,"widgetType":"progress","elType":"widget"},{"id":"5422610b","settings":{"title":"Explore our<br>grooming services","align":"center","title_color":"#363636","typography_typography":"custom","typography_font_family":"Montserrat","typography_font_size":{"unit":"px","size":"55","sizes":[]},"typography_font_size_tablet":{"unit":"px","size":"45","sizes":[]},"typography_font_weight":"700","typography_text_transform":"none","typography_font_style":"normal","typography_text_decoration":"none","typography_line_height":{"unit":"em","size":"1.1","sizes":[]},"typography_letter_spacing":{"unit":"px","size":"0","sizes":[]},"_margin":{"unit":"%","top":"3","right":"0","bottom":"0","left":"0","isLinked":""},"typography_font_size_mobile":{"unit":"px","size":"35","sizes":[]},"_margin_mobile":{"unit":"%","top":"10","right":"0","bottom":"0","left":"0","isLinked":""}},"elements":[],"isInner":false,"widgetType":"heading","elType":"widget"},{"id":"36278d84","settings":{"layout":"full_width","gap":"no","height_inner":"min-height","custom_height_inner":{"unit":"px","size":"285","sizes":[]},"custom_height_inner_tablet":{"unit":"px","size":"500","sizes":[]},"margin":{"unit":"%","top":"5","right":"0","bottom":"0","left":"0","isLinked":""},"custom_height_inner_mobile":{"unit":"px","size":"1000","sizes":[]}},"elements":[{"id":"45df0575","settings":{"_column_size":"100","content_position":"space-between","align":"space-between","space_between_widgets":"0","align_mobile":"center"},"elements":[{"id":"220d0634","settings":{"title":"Full <br>groom","header_size":"h6","title_color":"#4A4A4A","_padding":{"unit":"px","top":"22","right":"50","bottom":"22","left":"30","isLinked":""},"_border_border":"solid","_border_width":{"unit":"px","top":"1","right":"1","bottom":"1","left":"35","isLinked":""},"_border_color":"#FFEDD6","_border_hover_border":"solid","_border_hover_width":{"unit":"px","top":"1","right":"35","bottom":"1","left":"1","isLinked":""},"_border_hover_color":"#4A4A4A","_element_width":"initial","_element_custom_width":{"unit":"px","size":"245","sizes":[]},"__globals__":{"typography_typography":""},"typography_typography":"custom","typography_font_family":"Montserrat","typography_font_size":{"unit":"px","size":"22","sizes":[]},"typography_font_size_tablet":{"unit":"px","size":"18","sizes":[]},"typography_font_size_mobile":{"unit":"px","size":"16","sizes":[]},"typography_font_weight":"500","typography_text_transform":"none","typography_font_style":"normal","typography_text_decoration":"none","typography_line_height":{"unit":"em","size":"1.4","sizes":[]},"typography_letter_spacing":{"unit":"px","size":"0","sizes":[]}},"elements":[],"isInner":false,"widgetType":"heading","elType":"widget"},{"id":"13d5cc4c","settings":{"title":"Baths and cleaning","header_size":"h6","title_color":"#4A4A4A","_padding":{"unit":"px","top":"22","right":"50","bottom":"22","left":"30","isLinked":""},"_border_border":"solid","_border_width":{"unit":"px","top":"1","right":"1","bottom":"1","left":"35","isLinked":""},"_border_color":"#FFEDD6","_border_hover_border":"solid","_border_hover_width":{"unit":"px","top":"1","right":"35","bottom":"1","left":"1","isLinked":""},"_border_hover_color":"#4A4A4A","_element_width":"initial","_element_custom_width":{"unit":"px","size":"245","sizes":[]},"__globals__":{"typography_typography":""},"typography_typography":"custom","typography_font_family":"Montserrat","typography_font_size":{"unit":"px","size":"22","sizes":[]},"typography_font_size_tablet":{"unit":"px","size":"18","sizes":[]},"typography_font_size_mobile":{"unit":"px","size":"16","sizes":[]},"typography_font_weight":"500","typography_text_transform":"none","typography_font_style":"normal","typography_text_decoration":"none","typography_line_height":{"unit":"em","size":"1.4","sizes":[]},"typography_letter_spacing":{"unit":"px","size":"0","sizes":[]}},"elements":[],"isInner":false,"widgetType":"heading","elType":"widget"},{"id":"57dae73","settings":{"title":"Haircuts<br>\n&amp; grooming\n","header_size":"h6","title_color":"#4A4A4A","_padding":{"unit":"px","top":"22","right":"40","bottom":"22","left":"30","isLinked":""},"_border_border":"solid","_border_width":{"unit":"px","top":"1","right":"1","bottom":"1","left":"35","isLinked":""},"_border_color":"#FFEDD6","_border_hover_border":"solid","_border_hover_width":{"unit":"px","top":"1","right":"35","bottom":"1","left":"1","isLinked":""},"_border_hover_color":"#4A4A4A","_element_width":"initial","_element_custom_width":{"unit":"px","size":"245","sizes":[]},"__globals__":{"typography_typography":""},"typography_typography":"custom","typography_font_family":"Montserrat","typography_font_size":{"unit":"px","size":"22","sizes":[]},"typography_font_size_tablet":{"unit":"px","size":"18","sizes":[]},"typography_font_size_mobile":{"unit":"px","size":"16","sizes":[]},"typography_font_weight":"500","typography_text_transform":"none","typography_font_style":"normal","typography_text_decoration":"none","typography_line_height":{"unit":"em","size":"1.4","sizes":[]},"typography_letter_spacing":{"unit":"px","size":"0","sizes":[]}},"elements":[],"isInner":false,"widgetType":"heading","elType":"widget"},{"id":"1579bb75","settings":{"title":"Nail<br>\ntrimming","header_size":"h6","title_color":"#4A4A4A","_padding":{"unit":"px","top":"22","right":"50","bottom":"22","left":"30","isLinked":""},"_border_border":"solid","_border_width":{"unit":"px","top":"1","right":"1","bottom":"1","left":"35","isLinked":""},"_border_color":"#FFEDD6","_border_hover_border":"solid","_border_hover_width":{"unit":"px","top":"1","right":"35","bottom":"1","left":"1","isLinked":""},"_border_hover_color":"#4A4A4A","_element_width":"initial","_element_custom_width":{"unit":"px","size":"245","sizes":[]},"__globals__":{"typography_typography":""},"typography_typography":"custom","typography_font_family":"Montserrat","typography_font_size":{"unit":"px","size":"22","sizes":[]},"typography_font_size_tablet":{"unit":"px","size":"18","sizes":[]},"typography_font_size_mobile":{"unit":"px","size":"16","sizes":[]},"typography_font_weight":"500","typography_text_transform":"none","typography_font_style":"normal","typography_text_decoration":"none","typography_line_height":{"unit":"em","size":"1.4","sizes":[]},"typography_letter_spacing":{"unit":"px","size":"0","sizes":[]}},"elements":[],"isInner":false,"widgetType":"heading","elType":"widget"},{"id":"7042e158","settings":{"title":"Fleas and <br>ticks","header_size":"h6","title_color":"#4A4A4A","_padding":{"unit":"px","top":"22","right":"50","bottom":"22","left":"30","isLinked":""},"_border_border":"solid","_border_width":{"unit":"px","top":"1","right":"1","bottom":"1","left":"35","isLinked":""},"_border_color":"#FFEDD6","_border_hover_border":"solid","_border_hover_width":{"unit":"px","top":"1","right":"35","bottom":"1","left":"1","isLinked":""},"_border_hover_color":"#4A4A4A","_element_width":"initial","_element_custom_width":{"unit":"px","size":"245","sizes":[]},"__globals__":{"typography_typography":""},"typography_typography":"custom","typography_font_family":"Montserrat","typography_font_size":{"unit":"px","size":"22","sizes":[]},"typography_font_size_tablet":{"unit":"px","size":"18","sizes":[]},"typography_font_size_mobile":{"unit":"px","size":"16","sizes":[]},"typography_font_weight":"500","typography_text_transform":"none","typography_font_style":"normal","typography_text_decoration":"none","typography_line_height":{"unit":"em","size":"1.4","sizes":[]},"typography_letter_spacing":{"unit":"px","size":"0","sizes":[]}},"elements":[],"isInner":false,"widgetType":"heading","elType":"widget"},{"id":"71effd93","settings":{"title":"Teeth <br>cleaning","header_size":"h6","title_color":"#4A4A4A","_padding":{"unit":"px","top":"22","right":"50","bottom":"22","left":"30","isLinked":""},"_border_border":"solid","_border_width":{"unit":"px","top":"1","right":"1","bottom":"1","left":"35","isLinked":""},"_border_color":"#FFEDD6","_border_hover_border":"solid","_border_hover_width":{"unit":"px","top":"1","right":"35","bottom":"1","left":"1","isLinked":""},"_border_hover_color":"#4A4A4A","_element_width":"initial","_element_custom_width":{"unit":"px","size":"245","sizes":[]},"__globals__":{"typography_typography":""},"typography_typography":"custom","typography_font_family":"Montserrat","typography_font_size":{"unit":"px","size":"22","sizes":[]},"typography_font_size_tablet":{"unit":"px","size":"18","sizes":[]},"typography_font_size_mobile":{"unit":"px","size":"16","sizes":[]},"typography_font_weight":"500","typography_text_transform":"none","typography_font_style":"normal","typography_text_decoration":"none","typography_line_height":{"unit":"em","size":"1.4","sizes":[]},"typography_letter_spacing":{"unit":"px","size":"0","sizes":[]}},"elements":[],"isInner":false,"widgetType":"heading","elType":"widget"},{"id":"68900a79","settings":{"title":"Spa and<br> health","header_size":"h6","title_color":"#4A4A4A","_padding":{"unit":"px","top":"22","right":"50","bottom":"22","left":"30","isLinked":""},"_border_border":"solid","_border_width":{"unit":"px","top":"1","right":"1","bottom":"1","left":"35","isLinked":""},"_border_color":"#FFEDD6","_border_hover_border":"solid","_border_hover_width":{"unit":"px","top":"1","right":"35","bottom":"1","left":"1","isLinked":""},"_border_hover_color":"#4A4A4A","_element_width":"initial","_element_custom_width":{"unit":"px","size":"245","sizes":[]},"__globals__":{"typography_typography":""},"typography_typography":"custom","typography_font_family":"Montserrat","typography_font_size":{"unit":"px","size":"22","sizes":[]},"typography_font_size_tablet":{"unit":"px","size":"18","sizes":[]},"typography_font_size_mobile":{"unit":"px","size":"16","sizes":[]},"typography_font_weight":"500","typography_text_transform":"none","typography_font_style":"normal","typography_text_decoration":"none","typography_line_height":{"unit":"em","size":"1.4","sizes":[]},"typography_letter_spacing":{"unit":"px","size":"0","sizes":[]}},"elements":[],"isInner":false,"widgetType":"heading","elType":"widget"},{"id":"9488db7","settings":{"title":"All inclusive <br>package","header_size":"h6","title_color":"#4A4A4A","_padding":{"unit":"px","top":"22","right":"30","bottom":"22","left":"30","isLinked":""},"_border_border":"solid","_border_width":{"unit":"px","top":"1","right":"1","bottom":"1","left":"35","isLinked":""},"_border_color":"#FFEDD6","_border_hover_border":"solid","_border_hover_width":{"unit":"px","top":"1","right":"35","bottom":"1","left":"1","isLinked":""},"_border_hover_color":"#4A4A4A","_element_width":"initial","_element_custom_width":{"unit":"px","size":"245","sizes":[]},"__globals__":{"typography_typography":""},"typography_typography":"custom","typography_font_family":"Montserrat","typography_font_size":{"unit":"px","size":"22","sizes":[]},"typography_font_size_tablet":{"unit":"px","size":"18","sizes":[]},"typography_font_size_mobile":{"unit":"px","size":"16","sizes":[]},"typography_font_weight":"500","typography_text_transform":"none","typography_font_style":"normal","typography_text_decoration":"none","typography_line_height":{"unit":"em","size":"1.4","sizes":[]},"typography_letter_spacing":{"unit":"px","size":"0","sizes":[]}},"elements":[],"isInner":false,"widgetType":"heading","elType":"widget"}],"isInner":"1","elType":"column"}],"isInner":"1","elType":"section"}],"isInner":"","elType":"column"}],"isInner":"","elType":"section"},{"id":"cdb1eba","settings":{"content_width":{"unit":"px","size":"1200","sizes":[]},"gap":"no","height":"min-height","custom_height":{"unit":"px","size":"305","sizes":[]},"column_position":"stretch","content_position":"middle","structure":"20","margin":{"unit":"%","top":"15","right":"0","bottom":"0","left":"0","isLinked":""},"padding":{"unit":"%","top":"","right":"","bottom":"","left":"","isLinked":"1"},"padding_tablet":{"unit":"%","top":"0","right":"10","bottom":"0","left":"10","isLinked":""},"_title":"Benefits","margin_tablet":{"unit":"%","top":"20","right":"0","bottom":"0","left":"0","isLinked":""},"margin_mobile":{"unit":"%","top":"35","right":"0","bottom":"0","left":"0","isLinked":""}},"elements":[{"id":"7c4611ed","settings":{"_column_size":"50","_inline_size_tablet":"100","background_background":"gradient","background_color":"#FFEDD6","background_color_stop":{"unit":"%","size":"45","sizes":[]},"background_color_b":"#FFFFFF00","background_color_b_stop":{"unit":"%","size":"45","sizes":[]},"background_gradient_angle":{"unit":"deg","size":"90","sizes":[]},"padding":{"unit":"%","top":"0","right":"10","bottom":"0","left":"15","isLinked":""},"padding_mobile":{"unit":"%","top":"5","right":"0","bottom":"5","left":"10","isLinked":""},"padding_tablet":{"unit":"%","top":"0","right":"20","bottom":"0","left":"15","isLinked":""}},"elements":[{"id":"7f43e383","settings":{"title":"What are the benefits of in-house dog grooming?","header_size":"h3","title_color":"#363636","__globals__":{"typography_typography":""},"typography_typography":"custom","typography_font_family":"Montserrat","typography_font_size":{"unit":"px","size":"40","sizes":[]},"typography_font_size_tablet":{"unit":"px","size":"28","sizes":[]},"typography_font_size_mobile":{"unit":"px","size":"24","sizes":[]},"typography_font_weight":"700","typography_text_transform":"none","typography_font_style":"normal","typography_text_decoration":"none","typography_line_height":{"unit":"em","size":"1.3","sizes":[]},"typography_line_height_mobile":{"unit":"em","size":"1.1","sizes":[]},"typography_letter_spacing":{"unit":"px","size":"0","sizes":[]}},"elements":[],"isInner":false,"widgetType":"heading","elType":"widget"}],"isInner":"","elType":"column"},{"id":"6dfdc7e7","settings":{"_column_size":"50","_inline_size_tablet":"100","margin_mobile":{"unit":"%","top":"15","right":"0","bottom":"0","left":"0","isLinked":""}},"elements":[{"id":"1331cd4f","settings":{"layout":"full_width","gap":"no","structure":"20","margin":{"unit":"px","top":"0","right":"0","bottom":"0","left":"0","isLinked":""}},"elements":[{"id":"d6dd97e","settings":{"_column_size":"50"},"elements":[{"id":"65eb4db6","settings":{"icon_list":[{"text":"Stress-free experience","_id":"b85655c"},{"text":"Time-saving","_id":"bd959e5"},{"text":"Convenience","_id":"6491995"},{"text":"Full attention - one-on-one","_id":"e79fb09"}],"space_between":{"unit":"px","size":"10","sizes":[]},"icon_color":"#363636","text_color":"#363636","text_indent":{"unit":"px","size":"6","sizes":[]},"__globals__":{"icon_typography_typography":""},"icon_typography_typography":"custom","icon_typography_font_family":"Montserrat","icon_typography_font_size":{"unit":"px","size":"16","sizes":[]},"icon_typography_font_size_tablet":{"unit":"px","size":"14","sizes":[]},"icon_typography_font_size_mobile":{"unit":"px","size":"12","sizes":[]},"icon_typography_font_weight":"400","icon_typography_text_transform":"none","icon_typography_font_style":"normal","icon_typography_text_decoration":"none","icon_typography_line_height":{"unit":"em","size":"1.4","sizes":[]},"icon_typography_letter_spacing":{"unit":"px","size":"0","sizes":[]}},"elements":[],"isInner":false,"widgetType":"icon-list","elType":"widget"}],"isInner":"1","elType":"column"},{"id":"6a5c8e6c","settings":{"_column_size":"50","margin_mobile":{"unit":"px","top":"10","right":"0","bottom":"0","left":"0","isLinked":""}},"elements":[{"id":"47e7a5fb","settings":{"icon_list":[{"text":"Part of your daily routine","_id":"b85655c"},{"text":"Dog spa right in your home","_id":"bd959e5"},{"text":"Complete comfort","_id":"6491995"},{"text":"Happy vibes","_id":"e79fb09"}],"space_between":{"unit":"px","size":"10","sizes":[]},"icon_color":"#363636","text_color":"#363636","text_indent":{"unit":"px","size":"6","sizes":[]},"__globals__":{"icon_typography_typography":""},"icon_typography_typography":"custom","icon_typography_font_family":"Montserrat","icon_typography_font_size":{"unit":"px","size":"16","sizes":[]},"icon_typography_font_size_tablet":{"unit":"px","size":"14","sizes":[]},"icon_typography_font_size_mobile":{"unit":"px","size":"12","sizes":[]},"icon_typography_font_weight":"400","icon_typography_text_transform":"none","icon_typography_font_style":"normal","icon_typography_text_decoration":"none","icon_typography_line_height":{"unit":"em","size":"1.4","sizes":[]},"icon_typography_letter_spacing":{"unit":"px","size":"0","sizes":[]}},"elements":[],"isInner":false,"widgetType":"icon-list","elType":"widget"}],"isInner":"1","elType":"column"}],"isInner":"1","elType":"section"}],"isInner":"","elType":"column"}],"isInner":"","elType":"section"},{"id":"6b93d589","settings":{"content_width":{"unit":"px","size":"1200","sizes":[]},"gap":"no","content_position":"middle","structure":"20","margin":{"unit":"%","top":"15","right":"0","bottom":"0","left":"0","isLinked":""},"_title":"Our Team","padding_tablet":{"unit":"%","top":"0","right":"10","bottom":"0","left":"10","isLinked":""},"margin_mobile":{"unit":"%","top":"35","right":"0","bottom":"0","left":"0","isLinked":""}},"elements":[{"id":"78fccce4","settings":{"_column_size":"50","background_background":"classic","background_image":{"id":17066,"url":"http:\/\/library.elementor.com\/lp\/wp-content\/uploads\/2021\/01\/22_Mobile_pet_grooming-OurTeam.jpg"},"background_position":"center center","background_repeat":"no-repeat","background_size":"cover","border_border":"solid","border_width":{"unit":"px","top":"20","right":"20","bottom":"20","left":"20","isLinked":"1"},"border_color":"#FFEDD6","margin":{"unit":"%","top":"0","right":"20","bottom":"0","left":"0","isLinked":""},"padding":{"unit":"%","top":"","right":"","bottom":"","left":"","isLinked":"1"},"_inline_size_tablet":"100","margin_tablet":{"unit":"px","top":"0","right":"0","bottom":"0","left":"0","isLinked":""}},"elements":[{"id":"583287c9","settings":{"space":{"unit":"px","size":"445","sizes":[]},"space_tablet":{"unit":"vh","size":"50","sizes":[]},"space_mobile":{"unit":"vh","size":"40","sizes":[]}},"elements":[],"isInner":false,"widgetType":"spacer","elType":"widget"}],"isInner":"","elType":"column"},{"id":"92af170","settings":{"_column_size":"50","space_between_widgets":"50","padding":{"unit":"%","top":"0","right":"6","bottom":"0","left":"0","isLinked":""},"_inline_size_tablet":"100","space_between_widgets_tablet":"30","margin_tablet":{"unit":"%","top":"10","right":"0","bottom":"0","left":"0","isLinked":""},"space_between_widgets_mobile":"20","margin_mobile":{"unit":"%","top":"15","right":"0","bottom":"0","left":"0","isLinked":""},"padding_mobile":{"unit":"px","top":"0","right":"0","bottom":"0","left":"0","isLinked":""}},"elements":[{"id":"1cd883f","settings":{"title":"Professional groomers will take care of your dogs","header_size":"h3","title_color":"#363636","__globals__":{"typography_typography":""},"typography_typography":"custom","typography_font_family":"Montserrat","typography_font_size":{"unit":"px","size":"40","sizes":[]},"typography_font_size_tablet":{"unit":"px","size":"28","sizes":[]},"typography_font_size_mobile":{"unit":"px","size":"24","sizes":[]},"typography_font_weight":"700","typography_text_transform":"none","typography_font_style":"normal","typography_text_decoration":"none","typography_line_height":{"unit":"em","size":"1.3","sizes":[]},"typography_line_height_mobile":{"unit":"em","size":"1.1","sizes":[]},"typography_letter_spacing":{"unit":"px","size":"0","sizes":[]}},"elements":[],"isInner":false,"widgetType":"heading","elType":"widget"},{"id":"16d620f8","settings":{"editor":"<p>Taking care of our four-legged friends is our mission in life, and we are here to make them prettier, healthier, and happier dogs.<\/p><p>Book an appointment today and you will have a clean and cheerful dog tomorrow.<\/p>","text_color":"#363636","__globals__":{"typography_typography":""},"typography_typography":"custom","typography_font_family":"Montserrat","typography_font_size":{"unit":"px","size":"16","sizes":[]},"typography_font_size_tablet":{"unit":"px","size":"14","sizes":[]},"typography_font_size_mobile":{"unit":"px","size":"12","sizes":[]},"typography_font_weight":"400","typography_text_transform":"none","typography_font_style":"normal","typography_text_decoration":"none","typography_line_height":{"unit":"em","size":"1.4","sizes":[]},"typography_letter_spacing":{"unit":"px","size":"0","sizes":[]}},"elements":[],"isInner":false,"widgetType":"text-editor","elType":"widget"},{"id":"5087e636","settings":{"text":"Schedule Appointment","button_text_color":"#FFFFFF","background_color":"#363636","hover_color":"#363636","button_background_hover_color":"#FFFFFF00","hover_animation":"push","border_border":"solid","border_width":{"unit":"px","top":"1","right":"1","bottom":"1","left":"1","isLinked":"1"},"border_color":"#363636","border_radius":{"unit":"px","top":"0","right":"0","bottom":"0","left":"0","isLinked":""},"text_padding":{"unit":"px","top":"18","right":"25","bottom":"18","left":"25","isLinked":""},"_animation":"headShake","__globals__":{"typography_typography":""},"text_padding_mobile":{"unit":"px","top":"13","right":"18","bottom":"13","left":"18","isLinked":""},"typography_typography":"custom","typography_font_family":"Montserrat","typography_font_size":{"unit":"px","size":"16","sizes":[]},"typography_font_size_tablet":{"unit":"px","size":"14","sizes":[]},"typography_font_weight":"600","typography_text_transform":"capitalize","typography_font_style":"normal","typography_text_decoration":"none","typography_line_height":{"unit":"em","size":"1","sizes":[]},"typography_letter_spacing":{"unit":"px","size":"0","sizes":[]}},"elements":[],"isInner":false,"widgetType":"button","elType":"widget"}],"isInner":"","elType":"column"}],"isInner":"","elType":"section"},{"id":"4defb79c","settings":{"content_width":{"unit":"px","size":"1200","sizes":[]},"gap":"no","margin":{"unit":"%","top":"15","right":"0","bottom":"0","left":"0","isLinked":""},"_title":"Testimonials","margin_tablet":{"unit":"%","top":"20","right":"0","bottom":"0","left":"0","isLinked":""},"padding_tablet":{"unit":"%","top":"0","right":"10","bottom":"0","left":"10","isLinked":""},"margin_mobile":{"unit":"%","top":"35","right":"0","bottom":"0","left":"0","isLinked":""}},"elements":[{"id":"30d6ff29","settings":{"_column_size":"100"},"elements":[{"id":"1495b3e1","settings":{"title":"Happy clients<br> all around","header_size":"h3","align":"center","title_color":"#363636","__globals__":{"typography_typography":""},"typography_typography":"custom","typography_font_family":"Montserrat","typography_font_size":{"unit":"px","size":"40","sizes":[]},"typography_font_size_tablet":{"unit":"px","size":"28","sizes":[]},"typography_font_size_mobile":{"unit":"px","size":"24","sizes":[]},"typography_font_weight":"700","typography_text_transform":"none","typography_font_style":"normal","typography_text_decoration":"none","typography_line_height":{"unit":"em","size":"1.3","sizes":[]},"typography_line_height_mobile":{"unit":"em","size":"1.1","sizes":[]},"typography_letter_spacing":{"unit":"px","size":"0","sizes":[]}},"elements":[],"isInner":false,"widgetType":"heading","elType":"widget"},{"id":"50cf0bb6","settings":{"layout":"full_width","gap":"no","content_position":"middle","structure":"20","margin":{"unit":"%","top":"3","right":"0","bottom":"0","left":"0","isLinked":""},"margin_tablet":{"unit":"%","top":"5","right":"0","bottom":"0","left":"0","isLinked":""}},"elements":[{"id":"10c9051d","settings":{"_column_size":"50","_inline_size_tablet":"100","align_mobile":"center"},"elements":[{"id":"5613fbfe","settings":{"image":{"id":17068,"url":"http:\/\/library.elementor.com\/lp\/wp-content\/uploads\/2021\/01\/22_Mobile_pet_grooming-Clients_1.jpg"},"image_size":"full","image_border_border":"solid","image_border_width":{"unit":"px","top":"10","right":"10","bottom":"10","left":"10","isLinked":"1"},"image_border_color":"#FFEDD6","_margin":{"unit":"px","top":"0","right":"30","bottom":"0","left":"0","isLinked":""},"_element_width":"auto","_margin_mobile":{"unit":"px","top":"0","right":"0","bottom":"0","left":"0","isLinked":""}},"elements":[],"isInner":false,"widgetType":"image","elType":"widget"},{"id":"180bbdba","settings":{"image":{"url":"","id":""},"title_text":"\u201cWhat an amazing service! It was a fabulous experience for my dog and me and all of that from my home. Thank you! it was great!\u201d","description_text":"Jennifer Williams, Phoenix, AZ","position":"left","title_size":"p","image_space":{"unit":"px","size":"10","sizes":[]},"image_size":{"unit":"%","size":"","sizes":[]},"text_align":"left","content_vertical_alignment":"middle","title_bottom_space":{"unit":"px","size":"10","sizes":[]},"title_color":"#4A4A4A","description_color":"#363636","_element_width":"initial","_element_custom_width":{"unit":"%","size":"65","sizes":[]},"__globals__":{"title_typography_typography":"","description_typography_typography":""},"text_align_mobile":"center","_margin_mobile":{"unit":"%","top":"5","right":"0","bottom":"0","left":"0","isLinked":""},"_element_width_mobile":"inherit","title_typography_typography":"custom","title_typography_font_family":"Montserrat","title_typography_font_size":{"unit":"px","size":"18","sizes":[]},"title_typography_font_size_tablet":{"unit":"px","size":"16","sizes":[]},"title_typography_font_size_mobile":{"unit":"px","size":"14","sizes":[]},"title_typography_font_weight":"400","title_typography_text_transform":"none","title_typography_font_style":"normal","title_typography_text_decoration":"none","title_typography_line_height":{"unit":"em","size":"1.4","sizes":[]},"title_typography_letter_spacing":{"unit":"px","size":"0","sizes":[]},"description_typography_typography":"custom","description_typography_font_family":"Montserrat","description_typography_font_size":{"unit":"px","size":"16","sizes":[]},"description_typography_font_size_tablet":{"unit":"px","size":"14","sizes":[]},"description_typography_font_size_mobile":{"unit":"px","size":"12","sizes":[]},"description_typography_font_weight":"300","description_typography_text_transform":"none","description_typography_font_style":"normal","description_typography_text_decoration":"none","description_typography_line_height":{"unit":"em","size":"1.4","sizes":[]},"description_typography_letter_spacing":{"unit":"px","size":"0","sizes":[]}},"elements":[],"isInner":false,"widgetType":"image-box","elType":"widget"}],"isInner":"1","elType":"column"},{"id":"5c4ea05c","settings":{"_column_size":"50","_inline_size_tablet":"100","margin_tablet":{"unit":"%","top":"8","right":"0","bottom":"0","left":"0","isLinked":""},"align_mobile":"center","margin_mobile":{"unit":"%","top":"20","right":"0","bottom":"0","left":"0","isLinked":""}},"elements":[{"id":"f6a63ac","settings":{"image":{"id":17070,"url":"http:\/\/library.elementor.com\/lp\/wp-content\/uploads\/2021\/01\/22_Mobile_pet_grooming-Clients_2.jpg"},"image_size":"full","image_border_border":"solid","image_border_width":{"unit":"px","top":"10","right":"10","bottom":"10","left":"10","isLinked":"1"},"image_border_color":"#FFEDD6","_margin":{"unit":"px","top":"0","right":"30","bottom":"0","left":"0","isLinked":""},"_element_width":"auto","_margin_mobile":{"unit":"px","top":"0","right":"0","bottom":"0","left":"0","isLinked":""}},"elements":[],"isInner":false,"widgetType":"image","elType":"widget"},{"id":"2b793a9e","settings":{"image":{"url":"","id":""},"title_text":"\u201cWe are usually finish grooming with stress and tears, but Johnny really loved the grooming process and was calm for the first time. I will definitely book again.\u201d","description_text":"Jennifer Williams, Phoenix, AZ","position":"left","title_size":"p","image_space":{"unit":"px","size":"10","sizes":[]},"image_size":{"unit":"%","size":"","sizes":[]},"text_align":"left","content_vertical_alignment":"middle","title_bottom_space":{"unit":"px","size":"10","sizes":[]},"title_color":"#4A4A4A","description_color":"#363636","_element_width":"initial","_element_custom_width":{"unit":"%","size":"65","sizes":[]},"__globals__":{"title_typography_typography":"","description_typography_typography":""},"text_align_mobile":"center","_margin_mobile":{"unit":"%","top":"5","right":"0","bottom":"0","left":"0","isLinked":""},"_element_width_mobile":"inherit","title_typography_typography":"custom","title_typography_font_family":"Montserrat","title_typography_font_size":{"unit":"px","size":"18","sizes":[]},"title_typography_font_size_tablet":{"unit":"px","size":"16","sizes":[]},"title_typography_font_size_mobile":{"unit":"px","size":"14","sizes":[]},"title_typography_font_weight":"400","title_typography_text_transform":"none","title_typography_font_style":"normal","title_typography_text_decoration":"none","title_typography_line_height":{"unit":"em","size":"1.4","sizes":[]},"title_typography_letter_spacing":{"unit":"px","size":"0","sizes":[]},"description_typography_typography":"custom","description_typography_font_family":"Montserrat","description_typography_font_size":{"unit":"px","size":"16","sizes":[]},"description_typography_font_size_tablet":{"unit":"px","size":"14","sizes":[]},"description_typography_font_size_mobile":{"unit":"px","size":"12","sizes":[]},"description_typography_font_weight":"300","description_typography_text_transform":"none","description_typography_font_style":"normal","description_typography_text_decoration":"none","description_typography_line_height":{"unit":"em","size":"1.4","sizes":[]},"description_typography_letter_spacing":{"unit":"px","size":"0","sizes":[]}},"elements":[],"isInner":false,"widgetType":"image-box","elType":"widget"}],"isInner":"1","elType":"column"}],"isInner":"1","elType":"section"},{"id":"410b7a73","settings":{"layout":"full_width","gap":"no","content_position":"middle","structure":"20","margin":{"unit":"%","top":"5","right":"0","bottom":"0","left":"0","isLinked":""},"margin_tablet":{"unit":"%","top":"8","right":"0","bottom":"0","left":"0","isLinked":""},"margin_mobile":{"unit":"%","top":"20","right":"0","bottom":"0","left":"0","isLinked":""}},"elements":[{"id":"b5831d0","settings":{"_column_size":"50","_inline_size_tablet":"100","align_mobile":"center"},"elements":[{"id":"29f599a4","settings":{"image":{"id":17072,"url":"http:\/\/library.elementor.com\/lp\/wp-content\/uploads\/2021\/01\/22_Mobile_pet_grooming-Clients_3.jpg"},"image_size":"full","image_border_border":"solid","image_border_width":{"unit":"px","top":"10","right":"10","bottom":"10","left":"10","isLinked":"1"},"image_border_color":"#FFEDD6","_margin":{"unit":"px","top":"0","right":"30","bottom":"0","left":"0","isLinked":""},"_element_width":"auto","_margin_mobile":{"unit":"px","top":"0","right":"0","bottom":"0","left":"0","isLinked":""}},"elements":[],"isInner":false,"widgetType":"image","elType":"widget"},{"id":"5d387058","settings":{"image":{"url":"","id":""},"title_text":"\u201cI really needed to look twice at my dog, Max. I didn't recognize him, he was so clean and tidy, and his smell was incredible. What a delight! \u201d","description_text":"Amanda Olivo, Minot, ND","position":"left","title_size":"p","image_space":{"unit":"px","size":"10","sizes":[]},"image_size":{"unit":"%","size":"","sizes":[]},"text_align":"left","content_vertical_alignment":"middle","title_bottom_space":{"unit":"px","size":"10","sizes":[]},"title_color":"#4A4A4A","description_color":"#363636","_element_width":"initial","_element_custom_width":{"unit":"%","size":"65","sizes":[]},"__globals__":{"title_typography_typography":"","description_typography_typography":""},"text_align_mobile":"center","_margin_mobile":{"unit":"%","top":"5","right":"0","bottom":"0","left":"0","isLinked":""},"_element_width_mobile":"inherit","title_typography_typography":"custom","title_typography_font_family":"Montserrat","title_typography_font_size":{"unit":"px","size":"18","sizes":[]},"title_typography_font_size_tablet":{"unit":"px","size":"16","sizes":[]},"title_typography_font_size_mobile":{"unit":"px","size":"14","sizes":[]},"title_typography_font_weight":"400","title_typography_text_transform":"none","title_typography_font_style":"normal","title_typography_text_decoration":"none","title_typography_line_height":{"unit":"em","size":"1.4","sizes":[]},"title_typography_letter_spacing":{"unit":"px","size":"0","sizes":[]},"description_typography_typography":"custom","description_typography_font_family":"Montserrat","description_typography_font_size":{"unit":"px","size":"16","sizes":[]},"description_typography_font_size_tablet":{"unit":"px","size":"14","sizes":[]},"description_typography_font_size_mobile":{"unit":"px","size":"12","sizes":[]},"description_typography_font_weight":"300","description_typography_text_transform":"none","description_typography_font_style":"normal","description_typography_text_decoration":"none","description_typography_line_height":{"unit":"em","size":"1.4","sizes":[]},"description_typography_letter_spacing":{"unit":"px","size":"0","sizes":[]}},"elements":[],"isInner":false,"widgetType":"image-box","elType":"widget"}],"isInner":"1","elType":"column"},{"id":"33d6b5dd","settings":{"_column_size":"50","_inline_size_tablet":"100","margin_tablet":{"unit":"%","top":"8","right":"0","bottom":"0","left":"0","isLinked":""},"align_mobile":"center","margin_mobile":{"unit":"%","top":"20","right":"0","bottom":"0","left":"0","isLinked":""}},"elements":[{"id":"51503580","settings":{"image":{"id":17074,"url":"http:\/\/library.elementor.com\/lp\/wp-content\/uploads\/2021\/01\/22_Mobile_pet_grooming-Clients_4.jpg"},"image_size":"full","image_border_border":"solid","image_border_width":{"unit":"px","top":"10","right":"10","bottom":"10","left":"10","isLinked":"1"},"image_border_color":"#FFEDD6","_margin":{"unit":"px","top":"0","right":"30","bottom":"0","left":"0","isLinked":""},"_element_width":"auto","_margin_mobile":{"unit":"px","top":"0","right":"0","bottom":"0","left":"0","isLinked":""}},"elements":[],"isInner":false,"widgetType":"image","elType":"widget"},{"id":"8887281","settings":{"image":{"url":"","id":""},"title_text":"\u201cOur in-house dog groomer, John, was gentle and loving. He took such care of our beloved dog, Oscar. We recommend him and the service to everyone.\u201d","description_text":"Allyson Brooks, Summit Lake, AK","position":"left","title_size":"p","image_space":{"unit":"px","size":"10","sizes":[]},"image_size":{"unit":"%","size":"","sizes":[]},"text_align":"left","content_vertical_alignment":"middle","title_bottom_space":{"unit":"px","size":"10","sizes":[]},"title_color":"#4A4A4A","description_color":"#363636","_element_width":"initial","_element_custom_width":{"unit":"%","size":"65","sizes":[]},"__globals__":{"title_typography_typography":"","description_typography_typography":""},"text_align_mobile":"center","_margin_mobile":{"unit":"%","top":"5","right":"0","bottom":"0","left":"0","isLinked":""},"_element_width_mobile":"inherit","title_typography_typography":"custom","title_typography_font_family":"Montserrat","title_typography_font_size":{"unit":"px","size":"18","sizes":[]},"title_typography_font_size_tablet":{"unit":"px","size":"16","sizes":[]},"title_typography_font_size_mobile":{"unit":"px","size":"14","sizes":[]},"title_typography_font_weight":"400","title_typography_text_transform":"none","title_typography_font_style":"normal","title_typography_text_decoration":"none","title_typography_line_height":{"unit":"em","size":"1.4","sizes":[]},"title_typography_letter_spacing":{"unit":"px","size":"0","sizes":[]},"description_typography_typography":"custom","description_typography_font_family":"Montserrat","description_typography_font_size":{"unit":"px","size":"16","sizes":[]},"description_typography_font_size_tablet":{"unit":"px","size":"14","sizes":[]},"description_typography_font_size_mobile":{"unit":"px","size":"12","sizes":[]},"description_typography_font_weight":"300","description_typography_text_transform":"none","description_typography_font_style":"normal","description_typography_text_decoration":"none","description_typography_line_height":{"unit":"em","size":"1.4","sizes":[]},"description_typography_letter_spacing":{"unit":"px","size":"0","sizes":[]}},"elements":[],"isInner":false,"widgetType":"image-box","elType":"widget"}],"isInner":"1","elType":"column"}],"isInner":"1","elType":"section"}],"isInner":"","elType":"column"}],"isInner":"","elType":"section"},{"id":"8fbbd2b","settings":{"layout":"full_width","gap":"no","custom_height":{"unit":"vh","size":"85","sizes":[]},"column_position":"stretch","structure":"20","background_background":"classic","background_image":{"id":17078,"url":"http:\/\/library.elementor.com\/lp\/wp-content\/uploads\/2021\/01\/22_Mobile_pet_grooming-Footer_BG.jpg"},"background_position":"center center","background_repeat":"no-repeat","background_size":"cover","background_overlay_background":"classic","background_overlay_color":"#FFFFFF","padding":{"unit":"px","top":"50","right":"50","bottom":"50","left":"50","isLinked":"1"},"content_position":"middle","margin":{"unit":"%","top":"15","right":"0","bottom":"0","left":"0","isLinked":""},"_title":"CTA","padding_tablet":{"unit":"px","top":"30","right":"30","bottom":"30","left":"30","isLinked":"1"},"padding_mobile":{"unit":"px","top":"50","right":"20","bottom":"50","left":"20","isLinked":""},"margin_mobile":{"unit":"%","top":"35","right":"0","bottom":"0","left":"0","isLinked":""}},"elements":[{"id":"40c5d59","settings":{"_column_size":"50","_inline_size":"40.047","background_background":"classic","background_color":"#FFEDD6","space_between_widgets":"50","padding":{"unit":"%","top":"0","right":"15","bottom":"0","left":"20","isLinked":""},"_inline_size_tablet":"60","space_between_widgets_tablet":"30","padding_tablet":{"unit":"%","top":"5","right":"10","bottom":"5","left":"10","isLinked":""},"padding_mobile":{"unit":"%","top":"10","right":"10","bottom":"10","left":"10","isLinked":"1"}},"elements":[{"id":"71a771e4","settings":{"title":"Professional, gentle, loving, and careful grooming","header_size":"h4","title_color":"#363636","typography_typography":"custom","typography_font_family":"Montserrat","typography_font_size":{"unit":"px","size":"65","sizes":[]},"typography_font_weight":"700","typography_text_transform":"none","typography_font_style":"normal","typography_text_decoration":"none","typography_line_height":{"unit":"em","size":"1.1","sizes":[]},"typography_letter_spacing":{"unit":"px","size":"0","sizes":[]},"_margin":{"unit":"%","top":"0","right":"-50","bottom":"0","left":"0","isLinked":""},"typography_font_size_tablet":{"unit":"px","size":"45","sizes":[]},"typography_font_size_mobile":{"unit":"px","size":"28","sizes":[]},"_margin_mobile":{"unit":"px","top":"0","right":"0","bottom":"0","left":"0","isLinked":""}},"elements":[],"isInner":false,"widgetType":"heading","elType":"widget"},{"id":"3582f11","settings":{"text":"Schedule Appointment","button_text_color":"#FFFFFF","background_color":"#363636","hover_color":"#363636","button_background_hover_color":"#FFFFFF00","hover_animation":"push","border_border":"solid","border_width":{"unit":"px","top":"1","right":"1","bottom":"1","left":"1","isLinked":"1"},"border_color":"#363636","border_radius":{"unit":"px","top":"0","right":"0","bottom":"0","left":"0","isLinked":""},"text_padding":{"unit":"px","top":"18","right":"25","bottom":"18","left":"25","isLinked":""},"_animation":"headShake","__globals__":{"typography_typography":""},"text_padding_mobile":{"unit":"px","top":"13","right":"18","bottom":"13","left":"18","isLinked":""},"typography_typography":"custom","typography_font_family":"Montserrat","typography_font_size":{"unit":"px","size":"16","sizes":[]},"typography_font_size_tablet":{"unit":"px","size":"14","sizes":[]},"typography_font_weight":"600","typography_text_transform":"capitalize","typography_font_style":"normal","typography_text_decoration":"none","typography_line_height":{"unit":"em","size":"1","sizes":[]},"typography_letter_spacing":{"unit":"px","size":"0","sizes":[]}},"elements":[],"isInner":false,"widgetType":"button","elType":"widget"}],"isInner":"","elType":"column"},{"id":"53fd32e2","settings":{"_column_size":"50","_inline_size":"59.751","content_position":"space-between","align":"flex-end","border_border":"solid","border_width":{"unit":"px","top":"1","right":"1","bottom":"1","left":"0","isLinked":""},"border_color":"#FFFFFF","_inline_size_tablet":"100","border_width_tablet":{"unit":"px","top":"0","right":"1","bottom":"1","left":"1","isLinked":""},"border_width_mobile":{"unit":"px","top":"0","right":"0","bottom":"0","left":"0","isLinked":""},"margin_mobile":{"unit":"%","top":"15","right":"0","bottom":"0","left":"0","isLinked":""}},"elements":[{"id":"13110c9b","settings":{"image":{"id":17076,"url":"http:\/\/library.elementor.com\/lp\/wp-content\/uploads\/2021\/01\/22_Mobile_pet_grooming-Footer.jpg"},"image_size":"full","align":"right","width":{"unit":"px","size":"","sizes":[]},"image_border_border":"solid","image_border_width":{"unit":"px","top":"20","right":"20","bottom":"20","left":"20","isLinked":"1"},"image_border_color":"#FFEDD6","_margin":{"unit":"px","top":"-1","right":"-1","bottom":"-1","left":"0","isLinked":""},"_border_width":{"unit":"px","top":"20","right":"20","bottom":"20","left":"20","isLinked":"1"},"_border_color":"#FFEDD6","_element_custom_width":{"unit":"px","size":"425","sizes":[]},"width_tablet":{"unit":"%","size":"40","sizes":[]},"width_mobile":{"unit":"%","size":"100","sizes":[]},"_margin_mobile":{"unit":"px","top":"0","right":"0","bottom":"0","left":"0","isLinked":""}},"elements":[],"isInner":false,"widgetType":"image","elType":"widget"}],"isInner":"","elType":"column"}],"isInner":"","elType":"section"},{"id":"587be673","settings":{"content_width":{"unit":"px","size":"1200","sizes":[]},"gap":"no","height":"min-height","custom_height":{"unit":"px","size":"50","sizes":[]},"content_position":"middle","margin":{"unit":"px","top":"-50","right":"0","bottom":"0","left":"0","isLinked":""},"_title":"Copyright Footer","custom_height_tablet":{"unit":"px","size":"30","sizes":[]},"margin_tablet":{"unit":"px","top":"-30","right":"0","bottom":"0","left":"0","isLinked":""},"custom_height_mobile":{"unit":"px","size":"50","sizes":[]},"margin_mobile":{"unit":"px","top":"-50","right":"0","bottom":"0","left":"0","isLinked":""}},"elements":[{"id":"142cafab","settings":{"_column_size":"100"},"elements":[{"id":"6d5f44d0","settings":{"title":"\u00a9 Copyright All About Dogs 2021 ","header_size":"p","align":"center","title_color":"#363636","__globals__":{"typography_typography":""},"typography_typography":"custom","typography_font_family":"Montserrat","typography_font_size":{"unit":"px","size":"16","sizes":[]},"typography_font_size_tablet":{"unit":"px","size":"14","sizes":[]},"typography_font_size_mobile":{"unit":"px","size":"12","sizes":[]},"typography_font_weight":"400","typography_text_transform":"none","typography_font_style":"normal","typography_text_decoration":"none","typography_line_height":{"unit":"em","size":"1.4","sizes":[]},"typography_letter_spacing":{"unit":"px","size":"0","sizes":[]}},"elements":[],"isInner":false,"widgetType":"heading","elType":"widget"}],"isInner":"","elType":"column"}],"isInner":"","elType":"section"}]}