{"version":"0.4","title":"17111","type":"page","content":[{"id":"60eeaafa","settings":{"layout":"full_width","gap":"no","height":"min-height","custom_height":{"unit":"vh","size":"100","sizes":[]},"column_position":"stretch","content_position":"middle","overflow":"hidden","structure":"20","reverse_order_tablet":"reverse-tablet","reverse_order_mobile":"reverse-mobile","_title":"Coupon Sale"},"elements":[{"id":"1857766a","settings":{"_column_size":"50","_inline_size":"53.073","_inline_size_tablet":"100","space_between_widgets":"0","padding":{"unit":"%","top":"0","right":"8","bottom":"0","left":"8","isLinked":""},"content_position":"space-between"},"elements":[{"id":"6c37427d","settings":{"image":{"id":17286,"url":"http:\/\/library.elementor.com\/lp\/wp-content\/uploads\/2021\/01\/BURBELLE-logo-white.png"},"align":"left","align_tablet":"center","width":{"unit":"px","size":"134","sizes":[]},"_margin_tablet":{"unit":"px","top":"-50","right":"0","bottom":"0","left":"0","isLinked":""},"_padding":{"unit":"%","top":"4","right":"0","bottom":"0","left":"0","isLinked":""},"_padding_tablet":{"unit":"px","top":"0","right":"0","bottom":"0","left":"0","isLinked":""},"_z_index":"50","_margin_mobile":{"unit":"%","top":"","right":"","bottom":"","left":"","isLinked":"1"}},"elements":[],"isInner":false,"widgetType":"image","elType":"widget"},{"id":"25d8fa11","settings":{"selected_icon":{"value":{"id":17288,"url":"http:\/\/library.elementor.com\/lp\/wp-content\/uploads\/2021\/01\/sunglasses-bg-path.svg"},"library":"svg"},"primary_color":"#AA7B91","size":{"unit":"px","size":"990","sizes":[]},"size_tablet":{"unit":"px","size":"650","sizes":[]},"_element_width":"auto","_position":"absolute","_offset_x":{"unit":"%","size":"-29","sizes":[]},"_offset_x_tablet":{"unit":"%","size":"-30","sizes":[]},"_offset_y_tablet":{"unit":"%","size":"","sizes":[]},"size_mobile":{"unit":"px","size":"500","sizes":[]},"_offset_x_mobile":{"unit":"%","size":"-64","sizes":[]}},"elements":[],"isInner":false,"widgetType":"icon","elType":"widget"},{"id":"bbdcc24","settings":{"content_width":{"unit":"px","size":"384","sizes":[]},"gap":"no","height_inner":"min-height","custom_height_inner":{"unit":"px","size":"664","sizes":[]},"custom_height_inner_tablet":{"unit":"px","size":"430","sizes":[]},"content_position":"middle","margin":{"unit":"%","top":"8","right":"0","bottom":"8","left":"0","isLinked":""},"z_index":"40","custom_height_inner_mobile":{"unit":"px","size":"350","sizes":[]}},"elements":[{"id":"6418bd66","settings":{"_column_size":"100","align":"center","space_between_widgets":"0","content_position_tablet":"space-between","content_position_mobile":"top"},"elements":[{"id":"65312343","settings":{"title":"Up to","header_size":"h4","title_color":"#FFFFFF","typography_typography":"custom","typography_font_family":"Cardo","typography_font_size":{"unit":"px","size":"34","sizes":[]},"typography_font_weight":"normal","typography_text_transform":"none","typography_font_style":"italic","typography_text_decoration":"none","typography_line_height":{"unit":"px","size":"46","sizes":[]},"typography_letter_spacing":{"unit":"px","size":"-0.1","sizes":[]},"_margin":{"unit":"px","top":"0","right":"0","bottom":"0","left":"0","isLinked":""},"align_mobile":"center","typography_font_size_tablet":{"unit":"px","size":"30","sizes":[]},"typography_line_height_tablet":{"unit":"em","size":"1.3","sizes":[]},"_padding_mobile":{"unit":"%","top":"0","right":"0","bottom":"1","left":"0","isLinked":""},"_animation":"fadeIn","animation_duration":"fast","align":"center","_padding":{"unit":"%","top":"0","right":"0","bottom":"2","left":"0","isLinked":""},"_padding_tablet":{"unit":"%","top":"0","right":"0","bottom":"1","left":"0","isLinked":""},"_margin_mobile":{"unit":"px","top":"0","right":"10","bottom":"0","left":"0","isLinked":""},"_element_width_tablet":"auto"},"elements":[],"isInner":false,"widgetType":"heading","elType":"widget"},{"id":"719991bf","settings":{"title":"30% Off","header_size":"h1","title_color":"#FFFFFF","typography_typography":"custom","typography_font_family":"Poppins","typography_font_size":{"unit":"px","size":"186","sizes":[]},"typography_font_weight":"300","typography_text_transform":"uppercase","typography_font_style":"normal","typography_text_decoration":"none","typography_line_height":{"unit":"px","size":"160","sizes":[]},"typography_letter_spacing":{"unit":"px","size":"0","sizes":[]},"typography_font_size_tablet":{"unit":"px","size":"98","sizes":[]},"typography_line_height_tablet":{"unit":"em","size":"1","sizes":[]},"_padding":{"unit":"%","top":"0","right":"0","bottom":"10","left":"0","isLinked":""},"align_mobile":"center","typography_font_size_mobile":{"unit":"px","size":"76","sizes":[]},"typography_letter_spacing_tablet":{"unit":"px","size":"-5","sizes":[]},"_animation":"fadeIn","_animation_delay":"200","align":"center","_padding_tablet":{"unit":"%","top":"0","right":"0","bottom":"2","left":"0","isLinked":""},"_element_width_tablet":"auto"},"elements":[],"isInner":false,"widgetType":"heading","elType":"widget"},{"id":"7bf49be8","settings":{"title":"Exclusive Online Offer","header_size":"p","title_color":"#FFFFFF","typography_typography":"custom","typography_font_family":"Arimo","typography_font_size":{"unit":"px","size":"22","sizes":[]},"typography_font_weight":"normal","typography_text_transform":"none","typography_font_style":"normal","typography_text_decoration":"none","typography_line_height":{"unit":"px","size":"25","sizes":[]},"typography_letter_spacing":{"unit":"px","size":"1","sizes":[]},"_margin":{"unit":"px","top":"0","right":"0","bottom":"0","left":"0","isLinked":""},"align_mobile":"center","typography_font_size_tablet":{"unit":"px","size":"20","sizes":[]},"typography_line_height_tablet":{"unit":"em","size":"1.3","sizes":[]},"_padding_mobile":{"unit":"%","top":"0","right":"0","bottom":"6","left":"0","isLinked":""},"_animation":"fadeIn","animation_duration":"fast","align":"center","_padding":{"unit":"%","top":"0","right":"0","bottom":"15","left":"0","isLinked":""},"_padding_tablet":{"unit":"%","top":"0","right":"0","bottom":"14","left":"0","isLinked":""},"_margin_mobile":{"unit":"px","top":"0","right":"10","bottom":"0","left":"0","isLinked":""}},"elements":[],"isInner":false,"widgetType":"heading","elType":"widget"},{"id":"769a8eb8","settings":{"title":"Use Code: Burb22","header_size":"h3","align":"center","align_mobile":"center","title_color":"#FFFFFF","typography_typography":"custom","typography_font_family":"Arimo","typography_font_size":{"unit":"px","size":"22","sizes":[]},"typography_font_size_tablet":{"unit":"px","size":"20","sizes":[]},"typography_font_weight":"normal","typography_text_transform":"uppercase","typography_font_style":"normal","typography_text_decoration":"none","typography_line_height":{"unit":"px","size":"25","sizes":[]},"typography_line_height_tablet":{"unit":"em","size":"1.3","sizes":[]},"typography_letter_spacing":{"unit":"px","size":"1","sizes":[]},"_margin":{"unit":"%","top":"0","right":"0","bottom":"0","left":"0","isLinked":""},"_padding":{"unit":"px","top":"14","right":"0","bottom":"14","left":"0","isLinked":""},"_padding_mobile":{"unit":"%","top":"4","right":"0","bottom":"3","left":"0","isLinked":""},"_animation":"zoomIn","animation_duration":"fast","_animation_delay":"300","_border_border":"solid","_border_width":{"unit":"px","top":"1","right":"0","bottom":"1","left":"0","isLinked":""},"_border_color":"#FFFFFF","_border_radius":{"unit":"px","top":"0","right":"0","bottom":"0","left":"0","isLinked":"1"},"_element_width":"auto","typography_font_size_mobile":{"unit":"px","size":"18","sizes":[]},"_margin_mobile":{"unit":"px","top":"20","right":"0","bottom":"35","left":"0","isLinked":""}},"elements":[],"isInner":false,"widgetType":"heading","elType":"widget"},{"id":"21352d86","settings":{"text":"SHOP NOW","align":"center","icon_indent":{"unit":"px","size":"0","sizes":[]},"typography_typography":"custom","typography_font_family":"Arimo","typography_font_size":{"unit":"px","size":"18","sizes":[]},"typography_font_weight":"normal","typography_text_transform":"uppercase","typography_font_style":"normal","typography_text_decoration":"none","typography_line_height":{"unit":"px","size":"20","sizes":[]},"typography_letter_spacing":{"unit":"px","size":"1.13","sizes":[]},"button_text_color":"#FFFFFF","background_color":"rgba(255, 255, 255, 0)","hover_color":"#101D27","button_background_hover_color":"#EBEBFC","button_hover_border_color":"#EBEBFC","border_border":"solid","border_width":{"unit":"px","top":"1","right":"1","bottom":"1","left":"1","isLinked":"1"},"border_color":"#FFFFFF","border_radius":{"unit":"%","top":"105","right":"105","bottom":"105","left":"105","isLinked":"1"},"text_padding":{"unit":"px","top":"36","right":"99","bottom":"36","left":"99","isLinked":""},"text_padding_tablet":{"unit":"px","top":"28","right":"70","bottom":"28","left":"70","isLinked":""},"_padding":{"unit":"%","top":"15","right":"0","bottom":"0","left":"0","isLinked":""},"_padding_tablet":{"unit":"%","top":"14","right":"0","bottom":"0","left":"0","isLinked":""},"_padding_mobile":{"unit":"%","top":"1","right":"0","bottom":"0","left":"0","isLinked":""},"text_padding_mobile":{"unit":"px","top":"20","right":"50","bottom":"20","left":"50","isLinked":""}},"elements":[],"isInner":false,"widgetType":"button","elType":"widget"}],"isInner":"1","elType":"column"}],"isInner":"1","elType":"section"},{"id":"f732c20","settings":{"editor":"<p>Cannot be combined with any other offers. Valid online only on selected items until 26\/2\/2022<\/p>","text_color":"#FFFFFF","typography_typography":"custom","typography_font_family":"Arimo","typography_font_size":{"unit":"px","size":"14","sizes":[]},"typography_font_weight":"normal","typography_font_style":"normal","typography_text_decoration":"none","typography_line_height":{"unit":"px","size":"22","sizes":[]},"typography_letter_spacing":{"unit":"px","size":"0.7","sizes":[]},"_padding":{"unit":"%","top":"0","right":"0","bottom":"4","left":"0","isLinked":""},"align_mobile":"center","typography_font_size_mobile":{"unit":"px","size":"11","sizes":[]},"typography_line_height_tablet":{"unit":"em","size":"1.3","sizes":[]},"typography_line_height_mobile":{"unit":"em","size":"1.2","sizes":[]},"typography_letter_spacing_tablet":{"unit":"px","size":"0.5","sizes":[]},"typography_letter_spacing_mobile":{"unit":"px","size":"0.4","sizes":[]},"align":"center","align_tablet":"center","_z_index":"40","_padding_mobile":{"unit":"%","top":"0","right":"0","bottom":"14","left":"0","isLinked":""}},"elements":[],"isInner":false,"widgetType":"text-editor","elType":"widget"}],"isInner":"","elType":"column"},{"id":"1db188aa","settings":{"_column_size":"50","_inline_size":"46.881","_inline_size_tablet":"100","background_background":"classic","background_image":{"id":17290,"url":"http:\/\/library.elementor.com\/lp\/wp-content\/uploads\/2021\/01\/sunglasses-cupoun-pic.jpg"},"background_position":"center center","background_position_tablet":"initial","background_xpos_tablet":{"unit":"%","size":"0","sizes":[]},"background_ypos_tablet":{"unit":"%","size":"22","sizes":[]},"background_repeat":"no-repeat","background_size":"cover","z_index":"40"},"elements":[{"id":"5b6bdacd","settings":{"space_tablet":{"unit":"vh","size":"40","sizes":[]}},"elements":[],"isInner":false,"widgetType":"spacer","elType":"widget"}],"isInner":"","elType":"column"}],"isInner":"","elType":"section"}]}