{"version":"0.4","title":"17232","type":"page","content":[{"id":"7767f39e","settings":{"content_width":{"unit":"px","size":"1660","sizes":[]},"gap":"no","height":"min-height","custom_height":{"unit":"vh","size":"14","sizes":[]},"content_position":"middle","structure":"20","padding":{"unit":"%","top":"0","right":"6","bottom":"0","left":"6","isLinked":""},"custom_height_mobile":{"unit":"vh","size":"20","sizes":[]},"html_tag":"header","_title":"Header","background_background":"classic","background_color":"#04112B","_timestamp_":"v1b1BCenZXN2gxUTBqb0JJSWxJTVlPZz09"},"elements":[{"id":"5d7ac6bc","settings":{"_column_size":"50","_inline_size":"12.169","border_border":"solid","border_width":{"unit":"px","top":"0","right":"4","bottom":"0","left":"0","isLinked":""},"border_color":"#DACBEB","border_radius":{"unit":"px","top":"0","right":"0","bottom":"0","left":"0","isLinked":"1"},"padding":{"unit":"px","top":"0","right":"17","bottom":"0","left":"0","isLinked":""},"border_width_mobile":{"unit":"px","top":"0","right":"0","bottom":"0","left":"0","isLinked":"1"},"padding_mobile":{"unit":"%","top":"0","right":"0","bottom":"4","left":"0","isLinked":""},"_inline_size_tablet":"28"},"elements":[{"id":"199ec28b","settings":{"image":{"id":16566,"url":"http:\/\/library.elementor.com\/lp\/wp-content\/uploads\/2021\/01\/MOLLY-ROGERS-logo.png"},"align":"left","width":{"unit":"px","size":"180","sizes":[]},"align_mobile":"center","width_mobile":{"unit":"px","size":"101","sizes":[]},"width_tablet":{"unit":"px","size":"170","sizes":[]}},"elements":[],"isInner":false,"widgetType":"image","elType":"widget"}],"isInner":"","elType":"column"},{"id":"36c89d5c","settings":{"_column_size":"50","_inline_size":"87.831","padding":{"unit":"px","top":"0","right":"0","bottom":"0","left":"17","isLinked":""},"padding_mobile":{"unit":"px","top":"0","right":"0","bottom":"0","left":"0","isLinked":""},"_inline_size_tablet":"72"},"elements":[{"id":"363c2d71","settings":{"title":"Life Coach","header_size":"p","title_color":"#FFFFFF","typography_typography":"custom","typography_font_family":"Montserrat","typography_font_weight":"300","typography_text_transform":"uppercase","typography_font_style":"normal","typography_text_decoration":"none","align_mobile":"center","typography_font_size":{"unit":"px","size":"20","sizes":[]},"typography_line_height":{"unit":"em","size":"1","sizes":[]},"typography_letter_spacing":{"unit":"px","size":"4.44","sizes":[]}},"elements":[],"isInner":false,"widgetType":"heading","elType":"widget"}],"isInner":"","elType":"column"}],"isInner":"","elType":"section"},{"id":"451638b8","settings":{"content_width":{"unit":"px","size":"1660","sizes":[]},"gap":"no","height":"min-height","custom_height":{"unit":"vh","size":"76","sizes":[]},"content_position":"middle","structure":"20","padding":{"unit":"%","top":"1","right":"6","bottom":"0","left":"6","isLinked":""},"margin_mobile":{"unit":"%","top":"","right":"0","bottom":"","left":"0","isLinked":"1"},"padding_mobile":{"unit":"%","top":"6","right":"6","bottom":"80","left":"6","isLinked":""},"_title":"Hero Section","column_position":"top","background_background":"classic","background_color":"#04112B","padding_tablet":{"unit":"%","top":"2","right":"6","bottom":"16","left":"6","isLinked":""},"_timestamp_":"v1b1BCenZXN2gxUTBqb0JJSWxJTVlPZz09"},"elements":[{"id":"ce33f4c","settings":{"_column_size":"50","_inline_size":"58.976","space_between_widgets":"0","border_width":{"unit":"px","top":"0","right":"1","bottom":"0","left":"0","isLinked":""},"border_color":"#000000","border_radius":{"unit":"px","top":"0","right":"0","bottom":"0","left":"0","isLinked":"1"},"padding":{"unit":"%","top":"10","right":"26","bottom":"0","left":"0","isLinked":""},"_inline_size_tablet":"100","padding_tablet":{"unit":"%","top":"0","right":"12","bottom":"0","left":"0","isLinked":""},"padding_mobile":{"unit":"px","top":"0","right":"0","bottom":"0","left":"0","isLinked":""}},"elements":[{"id":"41aaa896","settings":{"title":"60-min online session to become the happiest person you can be","header_size":"h1","title_color":"#FFFFFF","typography_typography":"custom","typography_font_family":"Playfair Display","typography_font_size":{"unit":"px","size":"64","sizes":[]},"typography_font_size_tablet":{"unit":"px","size":"50","sizes":[]},"typography_font_weight":"bold","typography_text_transform":"none","typography_font_style":"normal","typography_text_decoration":"none","typography_line_height":{"unit":"px","size":"68","sizes":[]},"typography_line_height_tablet":{"unit":"em","size":"1.2","sizes":[]},"typography_letter_spacing":{"unit":"px","size":"2","sizes":[]},"_padding":{"unit":"%","top":"0","right":"0","bottom":"8","left":"0","isLinked":""},"align_mobile":"center","typography_font_size_mobile":{"unit":"px","size":"30","sizes":[]},"_padding_tablet":{"unit":"%","top":"0","right":"0","bottom":"9","left":"0","isLinked":""},"_padding_mobile":{"unit":"%","top":"0","right":"0","bottom":"12","left":"0","isLinked":""},"_animation":"fadeIn","animation_duration":"fast"},"elements":[],"isInner":false,"widgetType":"heading","elType":"widget"},{"id":"1b61ecd9","settings":{"editor":"Invest in yourself and get the support you need to build a fullfiling and happier life. ","text_color":"#FFFFFF","typography_typography":"custom","typography_font_family":"Questrial","typography_font_size":{"unit":"px","size":"20","sizes":[]},"typography_font_weight":"normal","typography_text_transform":"none","typography_font_style":"normal","typography_text_decoration":"none","typography_line_height":{"unit":"px","size":"24","sizes":[]},"_margin":{"unit":"%","top":"","right":"","bottom":"","left":"","isLinked":"1"},"_padding":{"unit":"%","top":"0","right":"40","bottom":"0","left":"0","isLinked":""},"align_mobile":"center","typography_font_size_tablet":{"unit":"px","size":"18","sizes":[]},"typography_line_height_tablet":{"unit":"em","size":"1.5","sizes":[]},"_margin_tablet":{"unit":"%","top":"0","right":"0","bottom":"0","left":"0","isLinked":""},"_animation":"fadeIn","_animation_delay":"200","_padding_tablet":{"unit":"%","top":"0","right":"28","bottom":"0","left":"0","isLinked":""},"typography_letter_spacing":{"unit":"px","size":"0","sizes":[]},"typography_letter_spacing_tablet":{"unit":"px","size":"0","sizes":[]},"_padding_mobile":{"unit":"px","top":"0","right":"0","bottom":"0","left":"0","isLinked":""},"typography_font_size_mobile":{"unit":"px","size":"16","sizes":[]}},"elements":[],"isInner":false,"widgetType":"text-editor","elType":"widget"}],"isInner":"","elType":"column"},{"id":"5ba8242e","settings":{"_column_size":"50","_inline_size":"41.024","border_width":{"unit":"px","top":"0","right":"1","bottom":"0","left":"0","isLinked":""},"border_color":"#000000","border_radius":{"unit":"px","top":"0","right":"0","bottom":"0","left":"0","isLinked":"1"},"padding":{"unit":"%","top":"","right":"","bottom":"","left":"","isLinked":""},"_inline_size_tablet":"100","margin_mobile":{"unit":"%","top":"10","right":"0","bottom":"14","left":"0","isLinked":""},"align":"flex-end","box_shadow_box_shadow":{"horizontal":"0","vertical":"0","blur":"10","spread":"0","color":"#DACBEB"},"padding_tablet":{"unit":"%","top":"8","right":"0","bottom":"0","left":"0","isLinked":""}},"elements":[{"id":"9ff6574","settings":{"image":{"id":16568,"url":"http:\/\/library.elementor.com\/lp\/wp-content\/uploads\/2021\/01\/molly-rogers-pic.jpg"},"align":"right","image_box_shadow_box_shadow_type":"yes","image_box_shadow_box_shadow":{"horizontal":"-50","vertical":"60","blur":"0","spread":"0","color":"#04112B"},"_box_shadow_box_shadow_type":"yes","_box_shadow_box_shadow":{"horizontal":"-50","vertical":"60","blur":"0","spread":"8","color":"#DACBEB"},"_element_width":"auto","_element_width_tablet":"initial","_element_width_mobile":"initial","_element_custom_width_tablet":{"unit":"%","size":"60","sizes":[]},"_element_custom_width_mobile":{"unit":"%","size":"80","sizes":[]},"motion_fx_translateX_speed":{"unit":"px","size":"0.5","sizes":[]},"_animation_delay":"400"},"elements":[],"isInner":false,"widgetType":"image","elType":"widget"}],"isInner":"","elType":"column"}],"isInner":"","elType":"section"},{"id":"24e32ba5","settings":{"content_width":{"unit":"px","size":"1660","sizes":[]},"gap":"no","height":"min-height","custom_height":{"unit":"px","size":"242","sizes":[]},"column_position":"stretch","content_position":"middle","margin":{"unit":"px","top":"-116","right":"0","bottom":"0","left":"0","isLinked":""},"_title":"Schedule Form","margin_mobile":{"unit":"px","top":"-170","right":"0","bottom":"0","left":"0","isLinked":""},"padding":{"unit":"%","top":"0","right":"6","bottom":"0","left":"6","isLinked":""},"padding_tablet":{"unit":"%","top":"0","right":"8","bottom":"0","left":"8","isLinked":""},"animation":"fadeInUp","animation_duration":"slow","animation_delay":"400","_timestamp_":"v1b1BCenZXN2gxUTBqb0JJSWxJTVlPZz09"},"elements":[{"id":"25693659","settings":{"_column_size":"100","space_between_widgets":"0","background_background":"classic","background_color":"#DACBEB","padding":{"unit":"%","top":"0","right":"11","bottom":"1","left":"11","isLinked":""},"padding_tablet":{"unit":"%","top":"8","right":"8","bottom":"8","left":"8","isLinked":""},"padding_mobile":{"unit":"%","top":"10","right":"8","bottom":"10","left":"8","isLinked":""}},"elements":[{"id":"5c0f7f35","settings":{"title":"Schedule a Free Introductory Coaching Session Today","align":"center","title_color":"#010B1F","typography_typography":"custom","typography_font_family":"Playfair Display","typography_font_size":{"unit":"px","size":"28","sizes":[]},"typography_font_weight":"normal","typography_text_transform":"none","typography_font_style":"normal","typography_text_decoration":"none","typography_line_height":{"unit":"px","size":"32","sizes":[]},"typography_letter_spacing":{"unit":"px","size":"-0.44","sizes":[]},"_margin":{"unit":"%","top":"0","right":"0","bottom":"3","left":"0","isLinked":""},"_padding":{"unit":"%","top":"0","right":"0","bottom":"0","left":"0","isLinked":"1"},"header_size":"h4","typography_font_size_tablet":{"unit":"px","size":"22","sizes":[]},"typography_font_size_mobile":{"unit":"px","size":"20","sizes":[]},"typography_line_height_tablet":{"unit":"em","size":"1.2","sizes":[]},"typography_line_height_mobile":{"unit":"em","size":"1.3","sizes":[]},"_margin_tablet":{"unit":"%","top":"0","right":"0","bottom":"7","left":"0","isLinked":""},"_margin_mobile":{"unit":"%","top":"0","right":"0","bottom":"13","left":"0","isLinked":""}},"elements":[],"isInner":false,"widgetType":"heading","elType":"widget"},{"id":"16a6c4ae","settings":{"form_name":"Schedule Form","form_fields":[{"custom_id":"name","field_label":"Full Name","placeholder":"Full Name","width":"25","_id":"8e123dd","width_tablet":"50","rows":"4","previous_button":"","next_button":"","file_sizes":"","file_types":"","allow_multiple_upload":"","max_files":"","acceptance_text":"","checked_by_default":"","field_min":"","field_max":"","min_date":"","max_date":"","use_native_date":"","use_native_time":""},{"custom_id":"email","field_type":"email","required":"true","field_label":"Email","placeholder":"Email","width":"25","_id":"1d5ef52","width_tablet":"50","rows":"4","previous_button":"","next_button":"","file_sizes":"","file_types":"","allow_multiple_upload":"","max_files":"","acceptance_text":"","checked_by_default":"","field_min":"","field_max":"","min_date":"","max_date":"","use_native_date":"","use_native_time":""},{"custom_id":"message","field_type":"tel","field_label":"Phone","placeholder":"Phone","width":"25","_id":"0eb26f3","width_tablet":"50","rows":"4","previous_button":"","next_button":"","file_sizes":"","file_types":"","allow_multiple_upload":"","max_files":"","acceptance_text":"","checked_by_default":"","field_min":"","field_max":"","min_date":"","max_date":"","use_native_date":"","use_native_time":""}],"input_size":"md","show_labels":"","button_size":"md","button_width":"25","step_next_label":"Next","step_previous_label":"Previous","button_text":"Let\u2019s Talk ","email_content":"[all-fields]","email_content_2":"[all-fields]","success_message":"The form was sent successfully.","error_message":"An error occured.","required_field_message":"This field is required.","invalid_message":"There's something wrong. The form is invalid.","column_gap":{"unit":"px","size":"30","sizes":[]},"row_gap":{"unit":"px","size":"30","sizes":[]},"field_text_color":"#000000","field_typography_typography":"custom","field_typography_font_family":"Noto Sans","field_typography_font_size":{"unit":"px","size":"14","sizes":[]},"field_typography_font_weight":"300","field_typography_text_transform":"capitalize","field_typography_font_style":"normal","field_typography_text_decoration":"none","field_typography_line_height":{"unit":"em","size":"1.3","sizes":[]},"field_border_width":{"unit":"px","top":"2","right":"2","bottom":"2","left":"2","isLinked":"1"},"field_border_radius":{"unit":"px","top":"0","right":"0","bottom":"0","left":"0","isLinked":"1"},"button_typography_typography":"custom","button_typography_font_family":"Helvetica","button_typography_font_size":{"unit":"px","size":"16","sizes":[]},"button_typography_font_weight":"bold","button_typography_line_height":{"unit":"em","size":"1","sizes":[]},"button_background_color":"#04112B","previous_button_background_color":"#04112B","button_border_radius":{"unit":"px","top":"0","right":"0","bottom":"0","left":"0","isLinked":"1"},"button_width_tablet":"50","field_border_color":"#FFFFFF","button_border_border":"solid","button_border_width":{"unit":"px","top":"1","right":"1","bottom":"1","left":"1","isLinked":"1"},"button_border_color":"#04112B","previous_button_border_color":"#04112B","button_background_hover_color":"#DACBEB","button_hover_color":"#04112B","button_hover_border_color":"#04112B","previous_button_background_color_hover":"#DACBEB","previous_button_text_color_hover":"#04112B","previous_button_border_color_hover":"#04112B","message_typography_typography":"custom","message_typography_font_family":"Questrial","message_typography_font_size":{"unit":"px","size":"15","sizes":[]},"message_typography_font_weight":"normal","message_typography_text_transform":"none","message_typography_font_style":"normal","message_typography_text_decoration":"none","message_typography_line_height":{"unit":"em","size":"1.3","sizes":[]},"success_message_color":"#04112B","error_message_color":"#010B1F","inline_message_color":"#010B1F"},"elements":[],"isInner":false,"widgetType":"form","elType":"widget"}],"isInner":"","elType":"column"}],"isInner":"","elType":"section"},{"id":"502dd87f","settings":{"content_width":{"unit":"px","size":"908","sizes":[]},"gap":"no","height":"min-height","custom_height":{"unit":"px","size":"343","sizes":[]},"custom_height_tablet":{"unit":"px","size":"240","sizes":[]},"padding":{"unit":"%","top":"0","right":"6","bottom":"0","left":"6","isLinked":""},"padding_tablet":{"unit":"%","top":"8","right":"4","bottom":"0","left":"4","isLinked":""},"padding_mobile":{"unit":"%","top":"20","right":"6","bottom":"4","left":"6","isLinked":""},"_title":"Discover What Is Holding You Back","_timestamp_":"v1b1BCenZXN2gxUTBqb0JJSWxJTVlPZz09"},"elements":[{"id":"7e7ec8fa","settings":{"_column_size":"100"},"elements":[{"id":"72e863f5","settings":{"title":"Discover what is holding you back and take a step closer to achieving your goals","align":"center","title_color":"#010B1F","typography_typography":"custom","typography_font_family":"Playfair Display","typography_font_size":{"unit":"px","size":"45","sizes":[]},"typography_font_weight":"bold","typography_text_transform":"none","typography_font_style":"normal","typography_text_decoration":"none","typography_line_height":{"unit":"px","size":"54","sizes":[]},"typography_letter_spacing":{"unit":"px","size":"1.4","sizes":[]},"_margin":{"unit":"%","top":"0","right":"0","bottom":"0","left":"0","isLinked":""},"_padding":{"unit":"%","top":"0","right":"0","bottom":"0","left":"0","isLinked":"1"},"typography_font_size_tablet":{"unit":"px","size":"32","sizes":[]},"typography_font_size_mobile":{"unit":"px","size":"26","sizes":[]},"typography_line_height_tablet":{"unit":"em","size":"1.4","sizes":[]},"typography_line_height_mobile":{"unit":"em","size":"1.3","sizes":[]},"typography_letter_spacing_tablet":{"unit":"px","size":"1","sizes":[]},"_margin_tablet":{"unit":"%","top":"0","right":"0","bottom":"0","left":"0","isLinked":""}},"elements":[],"isInner":false,"widgetType":"heading","elType":"widget"}],"isInner":"","elType":"column"}],"isInner":"","elType":"section"},{"id":"466cd467","settings":{"content_width":{"unit":"px","size":"1660","sizes":[]},"gap":"no","structure":"40","padding":{"unit":"%","top":"0","right":"6","bottom":"10","left":"6","isLinked":""},"_title":"What You Will Earn","padding_tablet":{"unit":"%","top":"0","right":"6","bottom":"12","left":"6","isLinked":""},"_timestamp_":"v1b1BCenZXN2gxUTBqb0JJSWxJTVlPZz09"},"elements":[{"id":"23ee5397","settings":{"_column_size":"25","_inline_size_tablet":"50","padding":{"unit":"%","top":"0","right":"36","bottom":"0","left":"0","isLinked":""},"padding_tablet":{"unit":"%","top":"0","right":"4","bottom":"16","left":"4","isLinked":""},"padding_mobile":{"unit":"%","top":"0","right":"4","bottom":"22","left":"4","isLinked":""}},"elements":[{"id":"6958135","settings":{"selected_icon":{"value":{"id":16570,"url":"http:\/\/library.elementor.com\/lp\/wp-content\/uploads\/2021\/01\/check-mark-icon.svg"},"library":"svg"},"title_text":"Clarify Your Goals","description_text":"Ut sea accumsan interpretaris, viderer pertinax repudiandae ne ius, qui ne porro","primary_color":"#010B1F","icon_space":{"unit":"px","size":"37","sizes":[]},"icon_size":{"unit":"px","size":"50","sizes":[]},"text_align":"center","title_bottom_space":{"unit":"px","size":"23","sizes":[]},"title_color":"#000000","title_typography_typography":"custom","title_typography_font_family":"PT Serif Caption","title_typography_font_size":{"unit":"px","size":"18","sizes":[]},"title_typography_line_height":{"unit":"em","size":"1","sizes":[]},"description_color":"#010B1F","description_typography_typography":"custom","description_typography_font_family":"Questrial","description_typography_font_size":{"unit":"px","size":"14","sizes":[]},"description_typography_font_weight":"normal","description_typography_text_transform":"none","description_typography_font_style":"normal","description_typography_text_decoration":"none","description_typography_line_height":{"unit":"px","size":"20","sizes":[]},"description_typography_letter_spacing":{"unit":"px","size":"0","sizes":[]}},"elements":[],"isInner":false,"widgetType":"icon-box","elType":"widget"}],"isInner":"","elType":"column"},{"id":"70c110e4","settings":{"_column_size":"25","_inline_size_tablet":"50","padding":{"unit":"%","top":"0","right":"24","bottom":"0","left":"12","isLinked":""},"padding_tablet":{"unit":"%","top":"0","right":"4","bottom":"16","left":"4","isLinked":""},"padding_mobile":{"unit":"%","top":"0","right":"4","bottom":"22","left":"4","isLinked":""}},"elements":[{"id":"988d597","settings":{"selected_icon":{"value":{"id":16570,"url":"http:\/\/library.elementor.com\/lp\/wp-content\/uploads\/2021\/01\/check-mark-icon.svg"},"library":"svg"},"title_text":"Identify Obstacles","description_text":"Ut sea accumsan interpretaris, viderer pertinax repudiandae ne ius, qui ne porro","primary_color":"#010B1F","icon_space":{"unit":"px","size":"37","sizes":[]},"icon_size":{"unit":"px","size":"50","sizes":[]},"text_align":"center","title_bottom_space":{"unit":"px","size":"23","sizes":[]},"title_color":"#000000","title_typography_typography":"custom","title_typography_font_family":"PT Serif Caption","title_typography_font_size":{"unit":"px","size":"18","sizes":[]},"title_typography_line_height":{"unit":"em","size":"1","sizes":[]},"description_color":"#010B1F","description_typography_typography":"custom","description_typography_font_family":"Questrial","description_typography_font_size":{"unit":"px","size":"14","sizes":[]},"description_typography_font_weight":"normal","description_typography_text_transform":"none","description_typography_font_style":"normal","description_typography_text_decoration":"none","description_typography_line_height":{"unit":"px","size":"20","sizes":[]},"description_typography_letter_spacing":{"unit":"px","size":"0","sizes":[]}},"elements":[],"isInner":false,"widgetType":"icon-box","elType":"widget"}],"isInner":"","elType":"column"},{"id":"17073501","settings":{"_column_size":"25","_inline_size_tablet":"50","padding":{"unit":"%","top":"0","right":"12","bottom":"0","left":"24","isLinked":""},"padding_tablet":{"unit":"px","top":"0","right":"0","bottom":"0","left":"0","isLinked":""},"padding_mobile":{"unit":"%","top":"0","right":"4","bottom":"22","left":"4","isLinked":""}},"elements":[{"id":"47b0b732","settings":{"selected_icon":{"value":{"id":16570,"url":"http:\/\/library.elementor.com\/lp\/wp-content\/uploads\/2021\/01\/check-mark-icon.svg"},"library":"svg"},"title_text":"Plan Action Strategy","description_text":"Ut sea accumsan interpretaris, viderer pertinax repudiandae ne ius, qui ne porro","primary_color":"#010B1F","icon_space":{"unit":"px","size":"37","sizes":[]},"icon_size":{"unit":"px","size":"50","sizes":[]},"text_align":"center","title_bottom_space":{"unit":"px","size":"23","sizes":[]},"title_color":"#000000","title_typography_typography":"custom","title_typography_font_family":"PT Serif Caption","title_typography_font_size":{"unit":"px","size":"18","sizes":[]},"title_typography_line_height":{"unit":"em","size":"1","sizes":[]},"description_color":"#010B1F","description_typography_typography":"custom","description_typography_font_family":"Questrial","description_typography_font_size":{"unit":"px","size":"14","sizes":[]},"description_typography_font_weight":"normal","description_typography_text_transform":"none","description_typography_font_style":"normal","description_typography_text_decoration":"none","description_typography_line_height":{"unit":"px","size":"20","sizes":[]},"description_typography_letter_spacing":{"unit":"px","size":"0","sizes":[]}},"elements":[],"isInner":false,"widgetType":"icon-box","elType":"widget"}],"isInner":"","elType":"column"},{"id":"7cfc2af4","settings":{"_column_size":"25","_inline_size_tablet":"50","padding":{"unit":"%","top":"0","right":"0","bottom":"0","left":"36","isLinked":""},"padding_tablet":{"unit":"px","top":"0","right":"0","bottom":"0","left":"0","isLinked":""},"padding_mobile":{"unit":"%","top":"0","right":"4","bottom":"0","left":"4","isLinked":""}},"elements":[{"id":"1a364c25","settings":{"selected_icon":{"value":{"id":16570,"url":"http:\/\/library.elementor.com\/lp\/wp-content\/uploads\/2021\/01\/check-mark-icon.svg"},"library":"svg"},"title_text":"Improve Your Life","description_text":"Ut sea accumsan interpretaris, viderer pertinax repudiandae ne ius, qui ne porro","primary_color":"#010B1F","icon_space":{"unit":"px","size":"37","sizes":[]},"icon_size":{"unit":"px","size":"50","sizes":[]},"text_align":"center","title_bottom_space":{"unit":"px","size":"23","sizes":[]},"title_color":"#000000","title_typography_typography":"custom","title_typography_font_family":"PT Serif Caption","title_typography_font_size":{"unit":"px","size":"18","sizes":[]},"title_typography_line_height":{"unit":"em","size":"1","sizes":[]},"description_color":"#010B1F","description_typography_typography":"custom","description_typography_font_family":"Questrial","description_typography_font_size":{"unit":"px","size":"14","sizes":[]},"description_typography_font_weight":"normal","description_typography_text_transform":"none","description_typography_font_style":"normal","description_typography_text_decoration":"none","description_typography_line_height":{"unit":"px","size":"20","sizes":[]},"description_typography_letter_spacing":{"unit":"px","size":"0","sizes":[]}},"elements":[],"isInner":false,"widgetType":"icon-box","elType":"widget"}],"isInner":"","elType":"column"}],"isInner":"","elType":"section"},{"id":"65947e55","settings":{"content_width":{"unit":"px","size":"1660","sizes":[]},"gap":"no","custom_height":{"unit":"px","size":"","sizes":[]},"content_position":"middle","structure":"20","padding":{"unit":"%","top":"0","right":"6","bottom":"17","left":"6","isLinked":""},"margin_mobile":{"unit":"%","top":"","right":"0","bottom":"","left":"0","isLinked":"1"},"padding_mobile":{"unit":"%","top":"26","right":"6","bottom":"12","left":"6","isLinked":""},"_title":"About Molly","column_position":"top","background_background":"classic","padding_tablet":{"unit":"%","top":"2","right":"6","bottom":"12","left":"6","isLinked":""},"_timestamp_":"v1b1BCenZXN2gxUTBqb0JJSWxJTVlPZz09"},"elements":[{"id":"7ebb2f7c","settings":{"_column_size":"50","_inline_size":"40.181","border_width":{"unit":"px","top":"0","right":"1","bottom":"0","left":"0","isLinked":""},"border_color":"#000000","border_radius":{"unit":"px","top":"0","right":"0","bottom":"0","left":"0","isLinked":"1"},"padding":{"unit":"%","top":"","right":"","bottom":"","left":"","isLinked":""},"_inline_size_tablet":"100","margin_mobile":{"unit":"%","top":"0","right":"0","bottom":"20","left":"0","isLinked":""},"align":"flex-end","box_shadow_box_shadow":{"horizontal":"0","vertical":"0","blur":"10","spread":"0","color":"#DACBEB"},"content_position":"top","padding_tablet":{"unit":"%","top":"8","right":"0","bottom":"20","left":"0","isLinked":""}},"elements":[{"id":"17943866","settings":{"image":{"id":16572,"url":"http:\/\/library.elementor.com\/lp\/wp-content\/uploads\/2021\/01\/molly-rogers-pic2.jpg"},"align":"right","image_box_shadow_box_shadow_type":"yes","image_box_shadow_box_shadow":{"horizontal":"-50","vertical":"60","blur":"0","spread":"0","color":"#FFFFFF"},"_box_shadow_box_shadow_type":"yes","_box_shadow_box_shadow":{"horizontal":"-50","vertical":"60","blur":"0","spread":"8","color":"#DACBEB"},"_element_width":"auto","_element_width_tablet":"initial","_element_width_mobile":"initial","_element_custom_width_tablet":{"unit":"%","size":"60","sizes":[]},"_element_custom_width_mobile":{"unit":"%","size":"80","sizes":[]}},"elements":[],"isInner":false,"widgetType":"image","elType":"widget"}],"isInner":"","elType":"column"},{"id":"1fa8434a","settings":{"_column_size":"50","_inline_size":"59.819","space_between_widgets":"0","border_width":{"unit":"px","top":"0","right":"1","bottom":"0","left":"0","isLinked":""},"border_color":"#000000","border_radius":{"unit":"px","top":"0","right":"0","bottom":"0","left":"0","isLinked":"1"},"padding":{"unit":"%","top":"6","right":"10","bottom":"0","left":"28","isLinked":""},"_inline_size_tablet":"100","padding_tablet":{"unit":"%","top":"0","right":"12","bottom":"0","left":"0","isLinked":""},"padding_mobile":{"unit":"px","top":"0","right":"0","bottom":"0","left":"0","isLinked":""}},"elements":[{"id":"3990d946","settings":{"title":"Molly Rogers, Your Career\n&amp; Personal Growth Coach","title_color":"#010B1F","typography_typography":"custom","typography_font_family":"Playfair Display","typography_font_size":{"unit":"px","size":"45","sizes":[]},"typography_font_size_tablet":{"unit":"px","size":"32","sizes":[]},"typography_font_weight":"bold","typography_text_transform":"none","typography_font_style":"normal","typography_text_decoration":"none","typography_line_height":{"unit":"px","size":"54","sizes":[]},"typography_line_height_tablet":{"unit":"em","size":"1.4","sizes":[]},"typography_letter_spacing":{"unit":"px","size":"1.4","sizes":[]},"_padding":{"unit":"%","top":"0","right":"0","bottom":"6","left":"0","isLinked":""},"align":"left","typography_font_size_mobile":{"unit":"px","size":"26","sizes":[]},"typography_line_height_mobile":{"unit":"em","size":"1.3","sizes":[]},"typography_letter_spacing_tablet":{"unit":"px","size":"1","sizes":[]},"_margin":{"unit":"%","top":"0","right":"0","bottom":"0","left":"0","isLinked":""},"_margin_tablet":{"unit":"%","top":"0","right":"0","bottom":"0","left":"0","isLinked":""},"_padding_tablet":{"unit":"%","top":"","right":"","bottom":"","left":"","isLinked":"1"},"_padding_mobile":{"unit":"%","top":"0","right":"0","bottom":"12","left":"0","isLinked":""},"_animation":"fadeIn","_animation_tablet":"none","animation_duration":"fast"},"elements":[],"isInner":false,"widgetType":"heading","elType":"widget"},{"id":"1577aecb","settings":{"editor":"Lorem ipsum dolor sit amet, te has solet postea. Voluptua quaestio dissentias has ex, no eum aliquid tibique petentium, agam mucius liberavisse eos id. Ut sea accumsan interpretaris, viderer pertinax repudiandae ne ius, qui ne porro insolens instructior. Graece euripidis instructior an vix, eum et equidem expetenda concludaturque, ut est Ex est dicit graeco consequat, mel rebum placerat et. Facer recusabo reprehendunt vel at. Delenit repudiare in mei, mazim assentior voluptaria et pri. Ad tempor tritani qui, et elitr consequat assentior has. Eos at urbanitas rationibus, id erant mollis prodesset per. Suas sanctus referrentur no sed, ad vis dolor utroque, in alienum dissentiunt ius. Temporibus suscipiantur in quo, cu eos praesent.","text_color":"#010B1F","typography_typography":"custom","typography_font_family":"Questrial","typography_font_size":{"unit":"px","size":"14","sizes":[]},"typography_font_weight":"normal","typography_text_transform":"none","typography_font_style":"normal","typography_text_decoration":"none","typography_line_height":{"unit":"px","size":"20","sizes":[]},"_margin":{"unit":"%","top":"","right":"","bottom":"","left":"","isLinked":"1"},"_padding":{"unit":"%","top":"0","right":"0","bottom":"0","left":"0","isLinked":""},"align_mobile":"left","typography_font_size_tablet":{"unit":"px","size":"14","sizes":[]},"typography_line_height_tablet":{"unit":"em","size":"1.5","sizes":[]},"_margin_tablet":{"unit":"%","top":"0","right":"0","bottom":"0","left":"0","isLinked":""},"_animation":"fadeIn","_animation_delay":"200","_padding_tablet":{"unit":"%","top":"0","right":"0","bottom":"0","left":"0","isLinked":""},"typography_letter_spacing":{"unit":"px","size":"0","sizes":[]},"_padding_mobile":{"unit":"px","top":"0","right":"0","bottom":"0","left":"0","isLinked":""},"_animation_tablet":"none"},"elements":[],"isInner":false,"widgetType":"text-editor","elType":"widget"}],"isInner":"","elType":"column"}],"isInner":"","elType":"section"},{"id":"7077c0c9","settings":{"content_width":{"unit":"px","size":"1660","sizes":[]},"gap":"no","custom_height":{"unit":"px","size":"","sizes":[]},"content_position":"middle","structure":"20","padding":{"unit":"%","top":"0","right":"6","bottom":"14","left":"6","isLinked":""},"margin_mobile":{"unit":"%","top":"","right":"0","bottom":"","left":"0","isLinked":"1"},"padding_mobile":{"unit":"%","top":"26","right":"6","bottom":"12","left":"6","isLinked":""},"_title":"Benefits Of Online Life Coaching","column_position":"top","background_background":"classic","padding_tablet":{"unit":"%","top":"2","right":"6","bottom":"12","left":"6","isLinked":""},"reverse_order_tablet":"reverse-tablet","_timestamp_":"v1b1BCenZXN2gxUTBqb0JJSWxJTVlPZz09"},"elements":[{"id":"720bb787","settings":{"_column_size":"50","_inline_size":"57.349","space_between_widgets":"0","border_width":{"unit":"px","top":"0","right":"1","bottom":"0","left":"0","isLinked":""},"border_color":"#000000","border_radius":{"unit":"px","top":"0","right":"0","bottom":"0","left":"0","isLinked":"1"},"padding":{"unit":"%","top":"0","right":"22","bottom":"0","left":"0","isLinked":""},"_inline_size_tablet":"100","padding_tablet":{"unit":"%","top":"0","right":"12","bottom":"0","left":"0","isLinked":""},"padding_mobile":{"unit":"px","top":"0","right":"0","bottom":"0","left":"0","isLinked":""},"content_position":"top"},"elements":[{"id":"1a5437bf","settings":{"title":"Benefits of Online Life Coaching","title_color":"#010B1F","typography_typography":"custom","typography_font_family":"Playfair Display","typography_font_size":{"unit":"px","size":"45","sizes":[]},"typography_font_size_tablet":{"unit":"px","size":"32","sizes":[]},"typography_font_weight":"bold","typography_text_transform":"none","typography_font_style":"normal","typography_text_decoration":"none","typography_line_height":{"unit":"px","size":"54","sizes":[]},"typography_line_height_tablet":{"unit":"em","size":"1.4","sizes":[]},"typography_letter_spacing":{"unit":"px","size":"1.4","sizes":[]},"_padding":{"unit":"%","top":"0","right":"0","bottom":"5","left":"0","isLinked":""},"align":"left","align_mobile":"left","typography_font_size_mobile":{"unit":"px","size":"26","sizes":[]},"typography_line_height_mobile":{"unit":"em","size":"1.3","sizes":[]},"typography_letter_spacing_tablet":{"unit":"px","size":"1","sizes":[]},"_margin":{"unit":"%","top":"0","right":"0","bottom":"0","left":"0","isLinked":""},"_margin_tablet":{"unit":"%","top":"0","right":"0","bottom":"0","left":"0","isLinked":""},"_padding_tablet":{"unit":"%","top":"","right":"","bottom":"","left":"","isLinked":"1"},"_padding_mobile":{"unit":"%","top":"0","right":"0","bottom":"12","left":"0","isLinked":""},"_animation":"fadeIn","_animation_tablet":"none"},"elements":[],"isInner":false,"widgetType":"heading","elType":"widget"},{"id":"9119273","settings":{"editor":"Lorem ipsum dolor sit amet, te has solet postea. Voluptua quaestio dissentias has ex, no eum aliquid tibique petentium, agam mucius liberavisse eos id. Ut sea accumsan interpretaris, viderer pertinax repudiandae ne ius, qui ne porro insolens ","text_color":"#010B1F","typography_typography":"custom","typography_font_family":"Questrial","typography_font_size":{"unit":"px","size":"14","sizes":[]},"typography_font_weight":"normal","typography_text_transform":"none","typography_font_style":"normal","typography_text_decoration":"none","typography_line_height":{"unit":"px","size":"20","sizes":[]},"_margin":{"unit":"%","top":"","right":"","bottom":"","left":"","isLinked":"1"},"_padding":{"unit":"%","top":"0","right":"4","bottom":"9","left":"0","isLinked":""},"align_mobile":"left","typography_font_size_tablet":{"unit":"px","size":"14","sizes":[]},"typography_line_height_tablet":{"unit":"em","size":"1.5","sizes":[]},"_margin_tablet":{"unit":"%","top":"0","right":"0","bottom":"0","left":"0","isLinked":""},"_animation":"fadeIn","_animation_delay":"200","_padding_tablet":{"unit":"%","top":"0","right":"0","bottom":"8","left":"0","isLinked":""},"typography_letter_spacing":{"unit":"px","size":"0","sizes":[]},"_padding_mobile":{"unit":"%","top":"0","right":"0","bottom":"18","left":"0","isLinked":""},"_animation_tablet":"none"},"elements":[],"isInner":false,"widgetType":"text-editor","elType":"widget"},{"id":"4a172b6b","settings":{"selected_icon":{"value":"fas fa-square-full","library":"fa-solid"},"title_text":"Available Worldwide","description_text":"Ut sea accumsan interpretaris, viderer pertinax repudiandae ne ius  qui ne porro.","position":"left","title_size":"h4","primary_color":"#DACBEB","icon_space":{"unit":"px","size":"19","sizes":[]},"icon_size":{"unit":"px","size":"16","sizes":[]},"text_align_mobile":"left","title_bottom_space":{"unit":"px","size":"20","sizes":[]},"title_color":"#000000","title_typography_typography":"custom","title_typography_font_family":"Playfair Display","title_typography_font_size":{"unit":"px","size":"18","sizes":[]},"title_typography_font_weight":"bold","title_typography_line_height":{"unit":"px","size":"1","sizes":[]},"description_color":"#010B1F","description_typography_typography":"custom","description_typography_font_family":"Questrial","description_typography_font_size":{"unit":"px","size":"14","sizes":[]},"description_typography_font_weight":"normal","description_typography_text_transform":"none","description_typography_font_style":"normal","description_typography_text_decoration":"none","description_typography_line_height":{"unit":"px","size":"18","sizes":[]},"description_typography_letter_spacing":{"unit":"px","size":"0","sizes":[]},"_padding":{"unit":"%","top":"0","right":"0","bottom":"6","left":"0","isLinked":""},"_padding_mobile":{"unit":"%","top":"0","right":"0","bottom":"14","left":"0","isLinked":""}},"elements":[],"isInner":false,"widgetType":"icon-box","elType":"widget"},{"id":"57084cd5","settings":{"selected_icon":{"value":"fas fa-square-full","library":"fa-solid"},"title_text":"Convenience &amp; Flexibility","description_text":"Ut sea accumsan interpretaris, viderer pertinax repudiandae ne ius  qui ne porro.","position":"left","title_size":"h4","primary_color":"#DACBEB","icon_space":{"unit":"px","size":"19","sizes":[]},"icon_size":{"unit":"px","size":"16","sizes":[]},"text_align_mobile":"left","title_bottom_space":{"unit":"px","size":"20","sizes":[]},"title_color":"#000000","title_typography_typography":"custom","title_typography_font_family":"Playfair Display","title_typography_font_size":{"unit":"px","size":"18","sizes":[]},"title_typography_font_weight":"bold","title_typography_line_height":{"unit":"px","size":"1","sizes":[]},"description_color":"#010B1F","description_typography_typography":"custom","description_typography_font_family":"Questrial","description_typography_font_size":{"unit":"px","size":"14","sizes":[]},"description_typography_font_weight":"normal","description_typography_text_transform":"none","description_typography_font_style":"normal","description_typography_text_decoration":"none","description_typography_line_height":{"unit":"px","size":"18","sizes":[]},"description_typography_letter_spacing":{"unit":"px","size":"0","sizes":[]},"_padding":{"unit":"%","top":"0","right":"0","bottom":"6","left":"0","isLinked":""},"_padding_mobile":{"unit":"%","top":"0","right":"0","bottom":"14","left":"0","isLinked":""}},"elements":[],"isInner":false,"widgetType":"icon-box","elType":"widget"},{"id":"22461d4a","settings":{"selected_icon":{"value":"fas fa-square-full","library":"fa-solid"},"title_text":"Safety &amp; Privacy","description_text":"Ut sea accumsan interpretaris, viderer pertinax repudiandae ne ius  qui ne porro.","position":"left","title_size":"h4","primary_color":"#DACBEB","icon_space":{"unit":"px","size":"19","sizes":[]},"icon_size":{"unit":"px","size":"16","sizes":[]},"text_align_mobile":"left","title_bottom_space":{"unit":"px","size":"20","sizes":[]},"title_color":"#000000","title_typography_typography":"custom","title_typography_font_family":"Playfair Display","title_typography_font_size":{"unit":"px","size":"18","sizes":[]},"title_typography_font_weight":"bold","title_typography_line_height":{"unit":"px","size":"1","sizes":[]},"description_color":"#010B1F","description_typography_typography":"custom","description_typography_font_family":"Questrial","description_typography_font_size":{"unit":"px","size":"14","sizes":[]},"description_typography_font_weight":"normal","description_typography_text_transform":"none","description_typography_font_style":"normal","description_typography_text_decoration":"none","description_typography_line_height":{"unit":"px","size":"18","sizes":[]},"description_typography_letter_spacing":{"unit":"px","size":"0","sizes":[]},"_padding":{"unit":"%","top":"0","right":"0","bottom":"6","left":"0","isLinked":""},"_padding_mobile":{"unit":"%","top":"0","right":"0","bottom":"14","left":"0","isLinked":""}},"elements":[],"isInner":false,"widgetType":"icon-box","elType":"widget"},{"id":"3de6536d","settings":{"selected_icon":{"value":"fas fa-square-full","library":"fa-solid"},"title_text":"Recorded Sessions","description_text":"Ut sea accumsan interpretaris, viderer pertinax repudiandae ne ius  qui ne porro.","position":"left","title_size":"h4","primary_color":"#DACBEB","icon_space":{"unit":"px","size":"19","sizes":[]},"icon_size":{"unit":"px","size":"16","sizes":[]},"text_align_mobile":"left","title_bottom_space":{"unit":"px","size":"20","sizes":[]},"title_color":"#000000","title_typography_typography":"custom","title_typography_font_family":"Playfair Display","title_typography_font_size":{"unit":"px","size":"18","sizes":[]},"title_typography_font_weight":"bold","title_typography_line_height":{"unit":"px","size":"1","sizes":[]},"description_color":"#010B1F","description_typography_typography":"custom","description_typography_font_family":"Questrial","description_typography_font_size":{"unit":"px","size":"14","sizes":[]},"description_typography_font_weight":"normal","description_typography_text_transform":"none","description_typography_font_style":"normal","description_typography_text_decoration":"none","description_typography_line_height":{"unit":"px","size":"18","sizes":[]},"description_typography_letter_spacing":{"unit":"px","size":"0","sizes":[]},"_padding":{"unit":"%","top":"","right":"","bottom":"","left":"","isLinked":"1"},"_padding_mobile":{"unit":"%","top":"0","right":"0","bottom":"0","left":"0","isLinked":""}},"elements":[],"isInner":false,"widgetType":"icon-box","elType":"widget"}],"isInner":"","elType":"column"},{"id":"193fdfe8","settings":{"_column_size":"50","_inline_size":"42.651","border_width":{"unit":"px","top":"0","right":"1","bottom":"0","left":"0","isLinked":""},"border_color":"#000000","border_radius":{"unit":"px","top":"0","right":"0","bottom":"0","left":"0","isLinked":"1"},"padding":{"unit":"%","top":"","right":"","bottom":"","left":"","isLinked":""},"_inline_size_tablet":"100","margin_mobile":{"unit":"%","top":"10","right":"0","bottom":"20","left":"0","isLinked":""},"box_shadow_box_shadow":{"horizontal":"0","vertical":"0","blur":"10","spread":"0","color":"#DACBEB"},"content_position":"top","align_tablet":"flex-start","padding_tablet":{"unit":"%","top":"8","right":"0","bottom":"20","left":"0","isLinked":""}},"elements":[{"id":"3bd243e5","settings":{"image":{"id":16574,"url":"http:\/\/library.elementor.com\/lp\/wp-content\/uploads\/2021\/01\/Benefits_pic.jpg"},"align":"left","image_box_shadow_box_shadow_type":"yes","image_box_shadow_box_shadow":{"horizontal":"72","vertical":"61","blur":"0","spread":"0","color":"#FFFFFF"},"_box_shadow_box_shadow_type":"yes","_box_shadow_box_shadow":{"horizontal":"72","vertical":"61","blur":"0","spread":"8","color":"#DACBEB"},"_element_width":"auto","_element_width_tablet":"initial","_element_width_mobile":"initial","_element_custom_width_tablet":{"unit":"%","size":"60","sizes":[]},"_element_custom_width_mobile":{"unit":"%","size":"76","sizes":[]}},"elements":[],"isInner":false,"widgetType":"image","elType":"widget"}],"isInner":"","elType":"column"}],"isInner":"","elType":"section"},{"id":"5ee812c0","settings":{"content_width":{"unit":"px","size":"736","sizes":[]},"gap":"no","custom_height":{"unit":"px","size":"343","sizes":[]},"custom_height_tablet":{"unit":"px","size":"240","sizes":[]},"padding":{"unit":"%","top":"0","right":"6","bottom":"5","left":"6","isLinked":""},"padding_tablet":{"unit":"%","top":"14","right":"10","bottom":"6","left":"10","isLinked":""},"padding_mobile":{"unit":"%","top":"20","right":"6","bottom":"10","left":"6","isLinked":""},"_title":"Read What My Clients Say","_timestamp_":"v1b1BCenZXN2gxUTBqb0JJSWxJTVlPZz09"},"elements":[{"id":"143b894c","settings":{"_column_size":"100"},"elements":[{"id":"47350a61","settings":{"title":"Read What My Clients Say About Their Coaching Experience","align":"center","title_color":"#010B1F","typography_typography":"custom","typography_font_family":"Playfair Display","typography_font_size":{"unit":"px","size":"45","sizes":[]},"typography_font_weight":"bold","typography_text_transform":"none","typography_font_style":"normal","typography_text_decoration":"none","typography_line_height":{"unit":"px","size":"54","sizes":[]},"typography_letter_spacing":{"unit":"px","size":"1.4","sizes":[]},"_margin":{"unit":"%","top":"0","right":"0","bottom":"0","left":"0","isLinked":""},"_padding":{"unit":"%","top":"0","right":"0","bottom":"0","left":"0","isLinked":"1"},"align_tablet":"left","typography_font_size_tablet":{"unit":"px","size":"32","sizes":[]},"typography_font_size_mobile":{"unit":"px","size":"26","sizes":[]},"typography_line_height_tablet":{"unit":"em","size":"1.4","sizes":[]},"typography_line_height_mobile":{"unit":"em","size":"1.3","sizes":[]},"typography_letter_spacing_tablet":{"unit":"px","size":"1","sizes":[]},"_margin_tablet":{"unit":"%","top":"0","right":"0","bottom":"0","left":"0","isLinked":""},"_animation":"fadeIn","_animation_tablet":"none"},"elements":[],"isInner":false,"widgetType":"heading","elType":"widget"}],"isInner":"","elType":"column"}],"isInner":"","elType":"section"},{"id":"2d4c1143","settings":{"content_width":{"unit":"px","size":"1390","sizes":[]},"gap":"no","structure":"20","padding":{"unit":"%","top":"0","right":"4","bottom":"12","left":"4","isLinked":""},"padding_mobile":{"unit":"%","top":"0","right":"6","bottom":"44","left":"6","isLinked":""},"_title":"Testimonials","padding_tablet":{"unit":"%","top":"0","right":"10","bottom":"30","left":"10","isLinked":""},"margin":{"unit":"%","top":"","right":"0","bottom":"","left":"0","isLinked":"1"},"_timestamp_":"v1b1BCenZXN2gxUTBqb0JJSWxJTVlPZz09"},"elements":[{"id":"4aa1dbda","settings":{"_column_size":"50","_inline_size_tablet":"100","space_between_widgets":"0","padding":{"unit":"%","top":"0","right":"9","bottom":"0","left":"0","isLinked":""},"padding_tablet":{"unit":"%","top":"0","right":"0","bottom":"18","left":"0","isLinked":""},"padding_mobile":{"unit":"%","top":"0","right":"0","bottom":"20","left":"0","isLinked":""}},"elements":[{"id":"13a9f45d","settings":{"selected_icon":{"value":{"id":16576,"url":"http:\/\/library.elementor.com\/lp\/wp-content\/uploads\/2021\/01\/quate-mark.svg"},"library":"svg"},"align":"left","align_tablet":"left","primary_color":"#DACBEB","size":{"unit":"px","size":"46","sizes":[]},"_padding":{"unit":"%","top":"0","right":"0","bottom":"3","left":"0","isLinked":""}},"elements":[],"isInner":false,"widgetType":"icon","elType":"widget"},{"id":"769dd234","settings":{"blockquote_skin":"clean","alignment":"left","blockquote_content":"Molly Rogers created a safe and non-judgmental space for me to talk about my struggles in life and challenged me to answer difficult questions that have helped me take a deep look at myself and the life I truly want. She provided me valuable tools to overcome my obstacles and bad habits, and <span style=\"color: rgb(60, 64, 67); letter-spacing: 0.2px; font-family: Roboto, RobotoDraft, Helvetica, Arial, sans-serif; white-space: normal; background-color: transparent;\">she has guided&nbsp;<\/span><span style=\"letter-spacing: 0px; background-color: transparent;\">me in taking better decisions that will lead me in the right direction to achieving my life goals. I\u2019m looking forward to our next session.<\/span><span style=\"letter-spacing: 0px; background-color: transparent;\"><\/span>","author_name":"Dennis P.","tweet_button":"","tweet_button_label":"Tweet","content_text_color":"#010B1F","content_typography_typography":"custom","content_typography_font_family":"Questrial","content_typography_font_size":{"unit":"px","size":"14","sizes":[]},"content_typography_font_weight":"normal","content_typography_text_transform":"none","content_typography_font_style":"normal","content_typography_text_decoration":"none","content_typography_line_height":{"unit":"px","size":"20","sizes":[]},"content_gap":{"unit":"px","size":"30","sizes":[]},"author_text_color":"#DACBEB","author_typography_typography":"custom","author_typography_font_family":"Playfair Display","author_typography_font_size":{"unit":"px","size":"16","sizes":[]},"author_typography_font_size_tablet":{"unit":"px","size":"14","sizes":[]},"author_typography_font_weight":"bold","author_typography_text_transform":"capitalize","author_typography_font_style":"normal","author_typography_text_decoration":"none","author_typography_line_height":{"unit":"px","size":"24","sizes":[]},"author_typography_line_height_tablet":{"unit":"em","size":"1.4","sizes":[]},"content_typography_letter_spacing":{"unit":"px","size":"0","sizes":[]},"author_typography_letter_spacing":{"unit":"px","size":"0","sizes":[]}},"elements":[],"isInner":false,"widgetType":"blockquote","elType":"widget"}],"isInner":"","elType":"column"},{"id":"d3f950d","settings":{"_column_size":"50","_inline_size_tablet":"100","space_between_widgets":"0","padding":{"unit":"%","top":"0","right":"0","bottom":"0","left":"9","isLinked":""},"padding_tablet":{"unit":"%","top":"0","right":"0","bottom":"0","left":"0","isLinked":""},"padding_mobile":{"unit":"%","top":"0","right":"0","bottom":"0","left":"0","isLinked":""}},"elements":[{"id":"6b250d10","settings":{"selected_icon":{"value":{"id":16576,"url":"http:\/\/library.elementor.com\/lp\/wp-content\/uploads\/2021\/01\/quate-mark.svg"},"library":"svg"},"align":"left","align_tablet":"left","primary_color":"#DACBEB","size":{"unit":"px","size":"46","sizes":[]},"_padding":{"unit":"%","top":"0","right":"0","bottom":"3","left":"0","isLinked":""}},"elements":[],"isInner":false,"widgetType":"icon","elType":"widget"},{"id":"57f15543","settings":{"blockquote_skin":"clean","alignment":"left","blockquote_content":"Before working with Molly I felt stuck. I wasn\u2019t enjoying my job and my relationship was in a bad place. I wasn\u2019t sure what I wanted to do with my life. During coaching with Billy I regained my self-confidence and got clarity about what I value and what I want to achieve. As a result, I changed my career and I now live my life to the fullest. I\u2019m very grateful for Billy's guidance, and recommend him to anyone who needs help in changing their life.\u201d","author_name":"Amanda K.","tweet_button":"","tweet_button_label":"Tweet","content_text_color":"#010B1F","content_typography_typography":"custom","content_typography_font_family":"Questrial","content_typography_font_size":{"unit":"px","size":"14","sizes":[]},"content_typography_font_weight":"normal","content_typography_text_transform":"none","content_typography_font_style":"normal","content_typography_text_decoration":"none","content_typography_line_height":{"unit":"px","size":"20","sizes":[]},"content_gap":{"unit":"px","size":"30","sizes":[]},"author_text_color":"#DACBEB","author_typography_typography":"custom","author_typography_font_family":"Playfair Display","author_typography_font_size":{"unit":"px","size":"16","sizes":[]},"author_typography_font_size_tablet":{"unit":"px","size":"14","sizes":[]},"author_typography_font_weight":"bold","author_typography_text_transform":"capitalize","author_typography_font_style":"normal","author_typography_text_decoration":"none","author_typography_line_height":{"unit":"px","size":"24","sizes":[]},"author_typography_line_height_tablet":{"unit":"em","size":"1.4","sizes":[]},"content_typography_letter_spacing":{"unit":"px","size":"0","sizes":[]},"author_typography_letter_spacing":{"unit":"px","size":"0","sizes":[]}},"elements":[],"isInner":false,"widgetType":"blockquote","elType":"widget"}],"isInner":"","elType":"column"}],"isInner":"","elType":"section"},{"id":"3eb61bf2","settings":{"content_width":{"unit":"px","size":"634","sizes":[]},"gap":"no","background_background":"classic","background_color":"#04112B","padding":{"unit":"%","top":"4","right":"6","bottom":"0","left":"6","isLinked":""},"padding_tablet":{"unit":"%","top":"8","right":"0","bottom":"0","left":"0","isLinked":""},"padding_mobile":{"unit":"%","top":"20","right":"6","bottom":"0","left":"6","isLinked":""},"_title":"Call To Action","_timestamp_":"v1b1BCenZXN2gxUTBqb0JJSWxJTVlPZz09"},"elements":[{"id":"642c5b82","settings":{"_column_size":"100","space_between_widgets_tablet":"0","padding_mobile":{"unit":"px","top":"0","right":"0","bottom":"0","left":"0","isLinked":""}},"elements":[{"id":"3c4177d8","settings":{"title":"Schedule a Free Introductory Coaching Session and Start Changing Your Life","align":"center","title_color":"#FFFFFF","typography_typography":"custom","typography_font_family":"Playfair Display","typography_font_size":{"unit":"px","size":"34","sizes":[]},"typography_font_weight":"normal","typography_text_transform":"none","typography_font_style":"normal","typography_text_decoration":"none","typography_line_height":{"unit":"px","size":"40","sizes":[]},"typography_letter_spacing":{"unit":"px","size":"-0.53","sizes":[]},"_margin":{"unit":"%","top":"0","right":"0","bottom":"4","left":"0","isLinked":""},"_padding":{"unit":"%","top":"0","right":"0","bottom":"0","left":"0","isLinked":"1"},"header_size":"h3","typography_font_size_tablet":{"unit":"px","size":"30","sizes":[]},"typography_font_size_mobile":{"unit":"px","size":"28","sizes":[]},"typography_line_height_tablet":{"unit":"em","size":"1.4","sizes":[]},"typography_line_height_mobile":{"unit":"em","size":"1.3","sizes":[]},"_margin_tablet":{"unit":"%","top":"0","right":"0","bottom":"5","left":"0","isLinked":""},"_margin_mobile":{"unit":"%","top":"0","right":"0","bottom":"13","left":"0","isLinked":""},"_animation":"fadeIn","_animation_tablet":"none"},"elements":[],"isInner":false,"widgetType":"heading","elType":"widget"},{"id":"6f146299","settings":{"editor":"<p>Leave your details and I will get back to you within 24 hours to schedule our one-on-one Introductory session. I\u2019m looking forward to meeting you!<\/p>","text_color":"#FFFFFF","typography_typography":"custom","typography_font_family":"Questrial","typography_font_size":{"unit":"px","size":"16","sizes":[]},"typography_font_weight":"normal","typography_text_transform":"none","typography_font_style":"normal","typography_text_decoration":"none","typography_line_height":{"unit":"px","size":"24","sizes":[]},"_margin":{"unit":"%","top":"","right":"","bottom":"","left":"","isLinked":"1"},"_padding":{"unit":"%","top":"0","right":"4","bottom":"8","left":"0","isLinked":""},"align_mobile":"center","typography_font_size_tablet":{"unit":"px","size":"15","sizes":[]},"typography_line_height_tablet":{"unit":"em","size":"1.5","sizes":[]},"_margin_tablet":{"unit":"%","top":"0","right":"0","bottom":"0","left":"0","isLinked":""},"_animation":"fadeIn","_animation_delay":"200","_padding_tablet":{"unit":"%","top":"0","right":"8","bottom":"10","left":"8","isLinked":""},"align":"center","typography_letter_spacing":{"unit":"px","size":"0","sizes":[]},"_padding_mobile":{"unit":"%","top":"0","right":"0","bottom":"18","left":"0","isLinked":""},"_animation_tablet":"none"},"elements":[],"isInner":false,"widgetType":"text-editor","elType":"widget"}],"isInner":"","elType":"column"}],"isInner":"","elType":"section"},{"id":"6a73f022","settings":{"content_width":{"unit":"px","size":"1660","sizes":[]},"gap":"no","height":"min-height","custom_height":{"unit":"px","size":"242","sizes":[]},"column_position":"stretch","content_position":"middle","background_background":"classic","background_color":"#04112B","padding":{"unit":"%","top":"0","right":"6","bottom":"0","left":"6","isLinked":""},"padding_mobile":{"unit":"%","top":"","right":"","bottom":"","left":"","isLinked":"1"},"_title":"Schedule Form","padding_tablet":{"unit":"%","top":"0","right":"8","bottom":"0","left":"8","isLinked":""},"_timestamp_":"v1b1BCenZXN2gxUTBqb0JJSWxJTVlPZz09"},"elements":[{"id":"5cb2aa84","settings":{"_column_size":"100","space_between_widgets":"0","background_background":"classic","background_color":"#DACBEB","padding":{"unit":"%","top":"0","right":"11","bottom":"1","left":"11","isLinked":""},"padding_tablet":{"unit":"%","top":"8","right":"8","bottom":"8","left":"8","isLinked":""},"padding_mobile":{"unit":"%","top":"10","right":"8","bottom":"10","left":"8","isLinked":""}},"elements":[{"id":"51651671","settings":{"title":"Schedule Free Introductory Coaching Session Today","align":"center","title_color":"#010B1F","typography_typography":"custom","typography_font_family":"Playfair Display","typography_font_size":{"unit":"px","size":"28","sizes":[]},"typography_font_weight":"normal","typography_text_transform":"none","typography_font_style":"normal","typography_text_decoration":"none","typography_line_height":{"unit":"px","size":"32","sizes":[]},"typography_letter_spacing":{"unit":"px","size":"-0.44","sizes":[]},"_margin":{"unit":"%","top":"0","right":"0","bottom":"3","left":"0","isLinked":""},"_padding":{"unit":"%","top":"0","right":"0","bottom":"0","left":"0","isLinked":"1"},"header_size":"h4","typography_font_size_tablet":{"unit":"px","size":"22","sizes":[]},"typography_font_size_mobile":{"unit":"px","size":"20","sizes":[]},"typography_line_height_tablet":{"unit":"em","size":"1.2","sizes":[]},"typography_line_height_mobile":{"unit":"em","size":"1.3","sizes":[]},"_margin_tablet":{"unit":"%","top":"0","right":"0","bottom":"7","left":"0","isLinked":""},"_margin_mobile":{"unit":"%","top":"0","right":"0","bottom":"13","left":"0","isLinked":""}},"elements":[],"isInner":false,"widgetType":"heading","elType":"widget"},{"id":"170e8b5d","settings":{"form_name":"Schedule Form","form_fields":[{"custom_id":"name","field_label":"Full Name","placeholder":"Full Name","width":"25","_id":"8e123dd","width_tablet":"50","rows":"4","previous_button":"","next_button":"","file_sizes":"","file_types":"","allow_multiple_upload":"","max_files":"","acceptance_text":"","checked_by_default":"","field_min":"","field_max":"","min_date":"","max_date":"","use_native_date":"","use_native_time":""},{"custom_id":"email","field_type":"email","required":"true","field_label":"Email","placeholder":"Email","width":"25","_id":"1d5ef52","width_tablet":"50","rows":"4","previous_button":"","next_button":"","file_sizes":"","file_types":"","allow_multiple_upload":"","max_files":"","acceptance_text":"","checked_by_default":"","field_min":"","field_max":"","min_date":"","max_date":"","use_native_date":"","use_native_time":""},{"custom_id":"message","field_type":"tel","field_label":"Phone","placeholder":"Phone","width":"25","_id":"0eb26f3","width_tablet":"50","rows":"4","previous_button":"","next_button":"","file_sizes":"","file_types":"","allow_multiple_upload":"","max_files":"","acceptance_text":"","checked_by_default":"","field_min":"","field_max":"","min_date":"","max_date":"","use_native_date":"","use_native_time":""}],"input_size":"md","show_labels":"","button_size":"md","button_width":"25","step_next_label":"Next","step_previous_label":"Previous","button_text":"Let\u2019s Talk ","email_content":"[all-fields]","email_content_2":"[all-fields]","success_message":"The form was sent successfully.","error_message":"An error occured.","required_field_message":"This field is required.","invalid_message":"There's something wrong. The form is invalid.","column_gap":{"unit":"px","size":"30","sizes":[]},"row_gap":{"unit":"px","size":"30","sizes":[]},"field_text_color":"#000000","field_typography_typography":"custom","field_typography_font_family":"Noto Sans","field_typography_font_size":{"unit":"px","size":"14","sizes":[]},"field_typography_font_weight":"300","field_typography_text_transform":"capitalize","field_typography_font_style":"normal","field_typography_text_decoration":"none","field_typography_line_height":{"unit":"em","size":"1.3","sizes":[]},"field_border_width":{"unit":"px","top":"2","right":"2","bottom":"2","left":"2","isLinked":"1"},"field_border_radius":{"unit":"px","top":"0","right":"0","bottom":"0","left":"0","isLinked":"1"},"button_typography_typography":"custom","button_typography_font_family":"Helvetica","button_typography_font_size":{"unit":"px","size":"16","sizes":[]},"button_typography_font_weight":"bold","button_typography_line_height":{"unit":"em","size":"1","sizes":[]},"button_background_color":"#04112B","previous_button_background_color":"#04112B","button_border_radius":{"unit":"px","top":"0","right":"0","bottom":"0","left":"0","isLinked":"1"},"button_width_tablet":"50","field_border_color":"#FFFFFF","button_border_border":"solid","button_border_width":{"unit":"px","top":"1","right":"1","bottom":"1","left":"1","isLinked":"1"},"button_border_color":"#04112B","previous_button_border_color":"#04112B","button_background_hover_color":"#DACBEB","button_hover_color":"#04112B","button_hover_border_color":"#04112B","previous_button_background_color_hover":"#DACBEB","previous_button_text_color_hover":"#04112B","previous_button_border_color_hover":"#04112B","message_typography_typography":"custom","message_typography_font_family":"Questrial","message_typography_font_size":{"unit":"px","size":"15","sizes":[]},"message_typography_font_weight":"normal","message_typography_text_transform":"none","message_typography_font_style":"normal","message_typography_text_decoration":"none","message_typography_line_height":{"unit":"em","size":"1.3","sizes":[]},"success_message_color":"#04112B","error_message_color":"#010B1F","inline_message_color":"#010B1F"},"elements":[],"isInner":false,"widgetType":"form","elType":"widget"}],"isInner":"","elType":"column"}],"isInner":"","elType":"section"},{"id":"1cc3219f","settings":{"content_width":{"unit":"px","size":"1660","sizes":[]},"gap":"no","height":"min-height","custom_height":{"unit":"vh","size":"11","sizes":[]},"content_position":"middle","padding":{"unit":"%","top":"2","right":"6","bottom":"3","left":"6","isLinked":""},"_title":"Footer","structure":"20","margin":{"unit":"%","top":"","right":"0","bottom":"","left":"0","isLinked":"1"},"padding_mobile":{"unit":"%","top":"26","right":"8","bottom":"24","left":"8","isLinked":""},"margin_mobile":{"unit":"px","top":"0","right":"0","bottom":"0","left":"0","isLinked":""},"column_position":"bottom","background_background":"classic","background_color":"#04112B","padding_tablet":{"unit":"%","top":"0","right":"4","bottom":"6","left":"4","isLinked":""},"custom_height_tablet":{"unit":"vh","size":"13","sizes":[]},"_timestamp_":"v1b1BCenZXN2gxUTBqb0JJSWxJTVlPZz09"},"elements":[{"id":"77dd37d3","settings":{"_column_size":"50","padding_mobile":{"unit":"%","top":"0","right":"0","bottom":"10","left":"0","isLinked":""},"border_border":"solid","border_width":{"unit":"px","top":"1","right":"0","bottom":"0","left":"0","isLinked":""},"border_width_mobile":{"unit":"px","top":"0","right":"0","bottom":"0","left":"0","isLinked":""},"border_color":"#67537F","padding":{"unit":"%","top":"3","right":"0","bottom":"0","left":"0","isLinked":""},"padding_tablet":{"unit":"%","top":"6","right":"0","bottom":"0","left":"0","isLinked":""}},"elements":[{"id":"67c05737","settings":{"editor":"Billy Rogers Life Coach 2021. All rights reserved","text_color":"#FFFFFF","typography_typography":"custom","typography_font_family":"Helvetica","typography_font_size":{"unit":"px","size":"16","sizes":[]},"typography_font_weight":"normal","typography_text_transform":"none","typography_font_style":"normal","typography_text_decoration":"none","typography_line_height":{"unit":"px","size":"24","sizes":[]},"_margin":{"unit":"%","top":"","right":"","bottom":"","left":"","isLinked":"1"},"_padding":{"unit":"%","top":"0","right":"4","bottom":"0","left":"0","isLinked":""},"align_mobile":"center","typography_font_size_tablet":{"unit":"px","size":"15","sizes":[]},"typography_line_height_tablet":{"unit":"em","size":"1.5","sizes":[]},"_margin_tablet":{"unit":"%","top":"0","right":"0","bottom":"0","left":"0","isLinked":""},"_animation":"none","_padding_tablet":{"unit":"%","top":"0","right":"0","bottom":"0","left":"0","isLinked":""},"align":"left","typography_letter_spacing":{"unit":"px","size":"0","sizes":[]},"_padding_mobile":{"unit":"%","top":"0","right":"16","bottom":"0","left":"16","isLinked":""}},"elements":[],"isInner":false,"widgetType":"text-editor","elType":"widget"}],"isInner":"","elType":"column"},{"id":"31973d32","settings":{"_column_size":"50","align":"flex-end","align_mobile":"center","border_border":"solid","border_width":{"unit":"px","top":"1","right":"0","bottom":"0","left":"0","isLinked":""},"border_color":"#67537F","padding":{"unit":"%","top":"3","right":"0","bottom":"0","left":"0","isLinked":""},"padding_tablet":{"unit":"%","top":"6","right":"0","bottom":"0","left":"0","isLinked":""},"padding_mobile":{"unit":"%","top":"10","right":"0","bottom":"0","left":"0","isLinked":""}},"elements":[{"id":"1d50c672","settings":{"social_icon_list":[{"social_icon":{"value":{"id":16578,"url":"http:\/\/library.elementor.com\/lp\/wp-content\/uploads\/2021\/01\/insta-icon-1.svg"},"library":"svg"},"_id":"6e688e7"},{"social_icon":{"value":"fab fa-facebook-f","library":"fa-brands"},"_id":"13b2c35"},{"social_icon":{"value":"fab fa-youtube","library":"fa-brands"},"_id":"b8326fb"},{"social_icon":{"value":"fab fa-linkedin-in","library":"fa-brands"},"_id":"449bdb2"}],"align":"right","icon_color":"custom","icon_primary_color":"rgba(255, 255, 255, 0)","icon_secondary_color":"#FFFFFF","icon_size":{"unit":"px","size":"24","sizes":[]},"icon_padding":{"unit":"em","size":"0","sizes":[]},"icon_spacing":{"unit":"px","size":"30","sizes":[]},"hover_primary_color":"rgba(255, 255, 255, 0)","hover_secondary_color":"#DACBEB","align_mobile":"center","_element_width_mobile":"auto","icon_size_tablet":{"unit":"px","size":"18","sizes":[]}},"elements":[],"isInner":false,"widgetType":"social-icons","elType":"widget"}],"isInner":"","elType":"column"}],"isInner":"","elType":"section"}]}