{"version":"0.4","title":"17245","type":"page","content":[{"id":"3b2133f1","settings":{"layout":"full_width","gap":"no","margin":{"unit":"%","top":"","right":"0","bottom":"","left":"0","isLinked":"1"},"padding":{"unit":"%","top":"0","right":"8","bottom":"0","left":"8","isLinked":""},"content_position":"middle","_title":"Header","height":"min-height","custom_height":{"unit":"px","size":"125","sizes":[]},"custom_height_tablet":{"unit":"px","size":"80","sizes":[]},"custom_height_mobile":{"unit":"px","size":"50","sizes":[]},"column_position":"bottom","z_index":"2"},"elements":[{"id":"4e4295b4","settings":{"_column_size":"100"},"elements":[{"id":"3a9e5a35","settings":{"image":{"id":17087,"url":"http:\/\/library.elementor.com\/lp\/wp-content\/uploads\/2021\/01\/24_Marketing_1-1_course-Logo-11012021.png"},"image_size":"full","align":"left","width":{"unit":"px","size":"241","sizes":[]},"width_tablet":{"unit":"px","size":"210","sizes":[]},"width_mobile":{"unit":"px","size":"185","sizes":[]}},"elements":[],"isInner":false,"widgetType":"image","elType":"widget"}],"isInner":"","elType":"column"}],"isInner":"","elType":"section"},{"id":"115b8dfe","settings":{"layout":"full_width","gap":"no","structure":"22","margin":{"unit":"px","top":"-125","right":"0","bottom":"0","left":"0","isLinked":""},"padding":{"unit":"%","top":"0","right":"0","bottom":"0","left":"8","isLinked":""},"height":"min-height","custom_height":{"unit":"vh","size":"100","sizes":[]},"column_position":"stretch","content_position":"middle","_title":"Hero","custom_height_tablet":{"unit":"vh","size":"90","sizes":[]},"custom_height_mobile":{"unit":"px","size":"0","sizes":[]},"margin_mobile":{"unit":"%","top":"10","right":"0","bottom":"0","left":"0","isLinked":""},"margin_tablet":{"unit":"px","top":"0","right":"0","bottom":"0","left":"0","isLinked":""}},"elements":[{"id":"3806ab20","settings":{"_column_size":"66","_inline_size":"58.041","padding":{"unit":"%","top":"0","right":"15","bottom":"0","left":"0","isLinked":""},"_inline_size_tablet":"100","padding_mobile":{"unit":"%","top":"0","right":"8","bottom":"0","left":"0","isLinked":""}},"elements":[{"id":"3db541f9","settings":{"layout":"full_width","gap":"no","content_position":"middle","margin":{"unit":"px","top":"0","right":"0","bottom":"0","left":"0","isLinked":""},"margin_tablet":{"unit":"px","top":"","right":"0","bottom":"","left":"0","isLinked":"1"}},"elements":[{"id":"57269ca9","settings":{"_column_size":"100","space_between_widgets":"30","padding":{"unit":"%","top":"","right":"","bottom":"","left":"","isLinked":"1"},"_inline_size_tablet":"100","space_between_widgets_mobile":"20","padding_mobile":{"unit":"px","top":"0","right":"0","bottom":"0","left":"0","isLinked":""}},"elements":[{"id":"6ad5a107","settings":{"title":"one-on-one","header_size":"h4","title_color":"#FFFFFF","typography_typography":"custom","typography_font_family":"Poppins","typography_font_size":{"unit":"px","size":"16","sizes":[]},"typography_font_weight":"500","typography_text_transform":"uppercase","typography_font_style":"normal","typography_text_decoration":"none","typography_letter_spacing":{"unit":"px","size":"2.12","sizes":[]},"_margin":{"unit":"px","top":"0","right":"8","bottom":"0","left":"0","isLinked":""},"_padding":{"unit":"px","top":"16","right":"16","bottom":"16","left":"16","isLinked":"1"},"_background_background":"classic","_background_color":"#EEAE9B","_element_width":"auto","typography_font_size_tablet":{"unit":"px","size":"14","sizes":[]},"_padding_tablet":{"unit":"px","top":"10","right":"10","bottom":"10","left":"10","isLinked":"1"},"_padding_mobile":{"unit":"px","top":"5","right":"10","bottom":"5","left":"10","isLinked":""}},"elements":[],"isInner":false,"widgetType":"heading","elType":"widget"},{"id":"23409938","settings":{"title":"online private lessons","header_size":"h4","title_color":"#A5ACCB","typography_typography":"custom","typography_font_family":"Poppins","typography_font_size":{"unit":"px","size":"16","sizes":[]},"typography_font_weight":"500","typography_text_transform":"uppercase","typography_font_style":"normal","typography_text_decoration":"none","typography_letter_spacing":{"unit":"px","size":"2.12","sizes":[]},"_element_width":"auto","_element_vertical_align":"center","typography_font_size_tablet":{"unit":"px","size":"14","sizes":[]},"_margin_mobile":{"unit":"px","top":"5","right":"0","bottom":"0","left":"0","isLinked":""}},"elements":[],"isInner":false,"widgetType":"heading","elType":"widget"},{"id":"12f85b4a","settings":{"title":"Learn PPC fundamentals\u2028 for your business growth","header_size":"h1","title_color":"#0D0D0D","typography_typography":"custom","typography_font_family":"Poppins","typography_font_size":{"unit":"px","size":"60","sizes":[]},"typography_font_weight":"600","typography_text_transform":"none","typography_font_style":"normal","typography_text_decoration":"none","typography_line_height":{"unit":"em","size":"1","sizes":[]},"typography_letter_spacing":{"unit":"px","size":"1.09","sizes":[]},"_margin":{"unit":"%","top":"5","right":"0","bottom":"0","left":"0","isLinked":""},"typography_font_size_tablet":{"unit":"px","size":"45","sizes":[]},"typography_font_size_mobile":{"unit":"px","size":"35","sizes":[]}},"elements":[],"isInner":false,"widgetType":"heading","elType":"widget"},{"id":"7fec1c1a","settings":{"editor":"Tailored lessons that will help grow your business and make you an expert in marketing and paid media. This course was created for those who want to learn effective PPC methodologies with advanced techniques and easy learning.","text_color":"#000000","__globals__":{"typography_typography":""},"typography_typography":"custom","typography_font_family":"Poppins","typography_font_size":{"unit":"px","size":"16","sizes":[]},"typography_font_size_tablet":{"unit":"px","size":"14","sizes":[]},"typography_font_weight":"200","typography_text_transform":"none","typography_font_style":"normal","typography_text_decoration":"none","typography_line_height":{"unit":"em","size":"1.3","sizes":[]},"typography_letter_spacing":{"unit":"px","size":"0","sizes":[]}},"elements":[],"isInner":false,"widgetType":"text-editor","elType":"widget"},{"id":"103b31f3","settings":{"text":"Book a Lesson","button_text_color":"#213388","background_color":"#D7E1EF","button_hover_border_color":"#D7E1EF","border_border":"solid","border_width":{"unit":"px","top":"0","right":"5","bottom":"5","left":"0","isLinked":""},"border_color":"#FFFFFF","border_radius":{"unit":"px","top":"0","right":"0","bottom":"0","left":"0","isLinked":""},"button_box_shadow_box_shadow":{"horizontal":"-3","vertical":"-3","blur":"0","spread":"3","color":"#FFFFFF"},"button_box_shadow_box_shadow_position":"inset","text_padding":{"unit":"px","top":"15","right":"42","bottom":"10","left":"42","isLinked":""},"_border_border":"solid","_border_width":{"unit":"px","top":"2","right":"2","bottom":"2","left":"2","isLinked":"1"},"_border_color":"#213388","_box_shadow_box_shadow_type":"yes","_box_shadow_box_shadow":{"horizontal":"-7","vertical":"-7","blur":"0","spread":"0","color":"#D7E1EF"},"_box_shadow_hover_box_shadow_type":"yes","_box_shadow_hover_box_shadow":{"horizontal":"0","vertical":"0","blur":"10","spread":"0","color":"rgba(0, 0, 0, 0)"},"_element_width":"auto","__globals__":{"typography_typography":""},"_margin":{"unit":"px","top":"0","right":"0","bottom":"0","left":"7","isLinked":""},"typography_typography":"custom","typography_font_family":"Poppins","typography_font_size":{"unit":"px","size":"16","sizes":[]},"typography_font_weight":"600","typography_text_transform":"uppercase","typography_font_style":"normal","typography_text_decoration":"none","typography_line_height":{"unit":"em","size":"1","sizes":[]},"typography_letter_spacing":{"unit":"px","size":"0","sizes":[]}},"elements":[],"isInner":false,"widgetType":"button","elType":"widget"}],"isInner":"1","elType":"column"}],"isInner":"1","elType":"section"}],"isInner":"","elType":"column"},{"id":"4f06257d","settings":{"_column_size":"33","_inline_size":"41.822","background_background":"classic","background_color":"#D7E1EF","margin":{"unit":"%","top":"0","right":"0","bottom":"0","left":"15","isLinked":""},"_inline_size_tablet":"100","margin_tablet":{"unit":"%","top":"0","right":"0","bottom":"0","left":"50","isLinked":""},"margin_mobile":{"unit":"%","top":"20","right":"0","bottom":"0","left":"20","isLinked":""}},"elements":[{"id":"8056e9f","settings":{"space":{"unit":"vh","size":"45","sizes":[]},"_border_border":"solid","_border_width":{"unit":"px","top":"0","right":"0","bottom":"9","left":"9","isLinked":""},"_border_color":"#F1F6FD","_border_radius":{"unit":"%","top":"0","right":"0","bottom":"0","left":"90","isLinked":""},"_element_width":"initial","_element_custom_width":{"unit":"%","size":"80","sizes":[]},"_position":"absolute","_offset_orientation_h":"end","_animation":"bounceInUp","space_tablet":{"unit":"px","size":"160","sizes":[]},"_animation_tablet":"none","_element_width_tablet":"initial","_element_custom_width_tablet":{"unit":"px","size":"210","sizes":[]}},"elements":[],"isInner":false,"widgetType":"spacer","elType":"widget"},{"id":"d9cc34e","settings":{"space":{"unit":"vh","size":"40","sizes":[]},"_border_border":"solid","_border_width":{"unit":"px","top":"9","right":"9","bottom":"0","left":"0","isLinked":""},"_border_color":"#F1F6FD","_border_radius":{"unit":"%","top":"0","right":"100","bottom":"0","left":"0","isLinked":""},"_element_width":"initial","_element_custom_width":{"unit":"%","size":"70","sizes":[]},"_position":"absolute","_offset_orientation_v":"end","_animation":"bounceInDown","space_tablet":{"unit":"px","size":"100","sizes":[]},"_animation_tablet":"none","_element_width_tablet":"initial","_element_custom_width_tablet":{"unit":"px","size":"150","sizes":[]}},"elements":[],"isInner":false,"widgetType":"spacer","elType":"widget"},{"id":"1fa739bc","settings":{"image":{"id":17089,"url":"http:\/\/library.elementor.com\/lp\/wp-content\/uploads\/2021\/01\/24_Marketing_1-1_course-Hero-11012021.jpg"},"image_size":"full","image_border_border":"solid","image_border_width":{"unit":"px","top":"10","right":"10","bottom":"10","left":"10","isLinked":"1"},"image_border_color":"#FFFFFF","image_box_shadow_box_shadow_type":"yes","image_box_shadow_box_shadow":{"horizontal":"14","vertical":"14","blur":"40","spread":"0","color":"rgba(0, 0, 0, 0.14)"},"_margin":{"unit":"%","top":"0","right":"15","bottom":"0","left":"-40","isLinked":""},"_z_index":"1","_margin_tablet":{"unit":"%","top":"0","right":"40","bottom":"0","left":"-80","isLinked":""},"_animation_tablet":"fadeInRight","_margin_mobile":{"unit":"%","top":"18","right":"15","bottom":"18","left":"-25","isLinked":""},"_animation_mobile":"zoomIn"},"elements":[],"isInner":false,"widgetType":"image","elType":"widget"}],"isInner":"","elType":"column"}],"isInner":"","elType":"section"},{"id":"c4de934","settings":{"gap":"no","margin":{"unit":"%","top":"15","right":"0","bottom":"0","left":"0","isLinked":""},"content_width":{"unit":"px","size":"860","sizes":[]},"_title":"Subjects","margin_tablet":{"unit":"%","top":"25","right":"0","bottom":"0","left":"0","isLinked":""},"padding_tablet":{"unit":"%","top":"0","right":"8","bottom":"0","left":"8","isLinked":""},"margin_mobile":{"unit":"%","top":"35","right":"0","bottom":"0","left":"0","isLinked":""}},"elements":[{"id":"3f43fafe","settings":{"_column_size":"100"},"elements":[{"id":"4cbdc163","settings":{"title":"What you will learn","title_color":"#0D0D0D","align":"center","_margin":{"unit":"%","top":"","right":"","bottom":"","left":"","isLinked":"1"},"__globals__":{"typography_typography":""},"typography_typography":"custom","typography_font_family":"Poppins","typography_font_size":{"unit":"px","size":"45","sizes":[]},"typography_font_size_tablet":{"unit":"px","size":"32","sizes":[]},"typography_font_size_mobile":{"unit":"px","size":"28","sizes":[]},"typography_font_weight":"600","typography_text_transform":"none","typography_font_style":"normal","typography_text_decoration":"none","typography_line_height":{"unit":"em","size":"1","sizes":[]},"typography_letter_spacing":{"unit":"px","size":"1.09","sizes":[]}},"elements":[],"isInner":false,"widgetType":"heading","elType":"widget"},{"id":"4e1e806d","settings":{"layout":"full_width","structure":"20","margin":{"unit":"%","top":"5","right":"0","bottom":"0","left":"0","isLinked":""},"gap":"no"},"elements":[{"id":"473a37a1","settings":{"_column_size":"50","padding":{"unit":"%","top":"0","right":"10","bottom":"0","left":"0","isLinked":""},"padding_mobile":{"unit":"px","top":"0","right":"0","bottom":"0","left":"0","isLinked":""}},"elements":[{"id":"6565bc40","settings":{"icon_list":[{"text":"PPC terminology from basic to expert","_id":"a564ce0","selected_icon":{"value":{"id":17091,"url":"http:\/\/library.elementor.com\/lp\/wp-content\/uploads\/2021\/01\/24_Marketing_1-1_course-ListIcon.svg"},"library":"svg"}},{"text":"Best practice usage","selected_icon":{"value":{"id":17091,"url":"http:\/\/library.elementor.com\/lp\/wp-content\/uploads\/2021\/01\/24_Marketing_1-1_course-ListIcon.svg"},"library":"svg"},"_id":"dc18afd"},{"text":"Create a PPC strategy for your business","selected_icon":{"value":{"id":17091,"url":"http:\/\/library.elementor.com\/lp\/wp-content\/uploads\/2021\/01\/24_Marketing_1-1_course-ListIcon.svg"},"library":"svg"},"_id":"2376cf2"},{"text":"Building campaigns ","selected_icon":{"value":{"id":17091,"url":"http:\/\/library.elementor.com\/lp\/wp-content\/uploads\/2021\/01\/24_Marketing_1-1_course-ListIcon.svg"},"library":"svg"},"_id":"0b4599e"}],"space_between":{"unit":"px","size":"20","sizes":[]},"icon_color":"#213388","icon_size":{"unit":"px","size":"30","sizes":[]},"text_color":"#000000","text_indent":{"unit":"px","size":"25","sizes":[]},"__globals__":{"icon_typography_typography":""},"icon_size_tablet":{"unit":"px","size":"25","sizes":[]},"icon_typography_typography":"custom","icon_typography_font_family":"Poppins","icon_typography_font_size":{"unit":"px","size":"18","sizes":[]},"icon_typography_font_size_tablet":{"unit":"px","size":"16","sizes":[]},"icon_typography_font_weight":"200","icon_typography_text_transform":"none","icon_typography_font_style":"normal","icon_typography_text_decoration":"none","icon_typography_line_height":{"unit":"em","size":"1.3","sizes":[]},"icon_typography_letter_spacing":{"unit":"px","size":"0","sizes":[]}},"elements":[],"isInner":false,"widgetType":"icon-list","elType":"widget"}],"isInner":"1","elType":"column"},{"id":"6c10302b","settings":{"_column_size":"50","padding":{"unit":"%","top":"0","right":"0","bottom":"0","left":"10","isLinked":""},"margin_mobile":{"unit":"px","top":"20","right":"0","bottom":"0","left":"0","isLinked":""},"padding_mobile":{"unit":"px","top":"0","right":"0","bottom":"0","left":"0","isLinked":""}},"elements":[{"id":"40352307","settings":{"icon_list":[{"text":"Targeting audiences","_id":"a564ce0","selected_icon":{"value":{"id":17091,"url":"http:\/\/library.elementor.com\/lp\/wp-content\/uploads\/2021\/01\/24_Marketing_1-1_course-ListIcon.svg"},"library":"svg"}},{"text":"Analytics and statistics","selected_icon":{"value":{"id":17091,"url":"http:\/\/library.elementor.com\/lp\/wp-content\/uploads\/2021\/01\/24_Marketing_1-1_course-ListIcon.svg"},"library":"svg"},"_id":"dc18afd"},{"text":"Case studies and exercises","selected_icon":{"value":{"id":17091,"url":"http:\/\/library.elementor.com\/lp\/wp-content\/uploads\/2021\/01\/24_Marketing_1-1_course-ListIcon.svg"},"library":"svg"},"_id":"2376cf2"},{"text":"Optimize campaigns for better results","selected_icon":{"value":{"id":17091,"url":"http:\/\/library.elementor.com\/lp\/wp-content\/uploads\/2021\/01\/24_Marketing_1-1_course-ListIcon.svg"},"library":"svg"},"_id":"0b4599e"}],"space_between":{"unit":"px","size":"20","sizes":[]},"icon_color":"#213388","icon_size":{"unit":"px","size":"30","sizes":[]},"text_color":"#000000","text_indent":{"unit":"px","size":"25","sizes":[]},"__globals__":{"icon_typography_typography":""},"icon_size_tablet":{"unit":"px","size":"25","sizes":[]},"icon_typography_typography":"custom","icon_typography_font_family":"Poppins","icon_typography_font_size":{"unit":"px","size":"18","sizes":[]},"icon_typography_font_size_tablet":{"unit":"px","size":"16","sizes":[]},"icon_typography_font_weight":"200","icon_typography_text_transform":"none","icon_typography_font_style":"normal","icon_typography_text_decoration":"none","icon_typography_line_height":{"unit":"em","size":"1.3","sizes":[]},"icon_typography_letter_spacing":{"unit":"px","size":"0","sizes":[]}},"elements":[],"isInner":false,"widgetType":"icon-list","elType":"widget"}],"isInner":"1","elType":"column"}],"isInner":"1","elType":"section"}],"isInner":"","elType":"column"}],"isInner":"","elType":"section"},{"id":"7b86a731","settings":{"gap":"no","margin":{"unit":"%","top":"15","right":"0","bottom":"0","left":"0","isLinked":""},"content_width":{"unit":"px","size":"760","sizes":[]},"height":"min-height","custom_height":{"unit":"px","size":"585","sizes":[]},"content_position":"middle","background_background":"classic","background_color":"#D7E1EF","_title":"Pricing","padding_tablet":{"unit":"%","top":"0","right":"8","bottom":"0","left":"8","isLinked":""},"custom_height_mobile":{"unit":"px","size":"480","sizes":[]},"margin_mobile":{"unit":"%","top":"25","right":"0","bottom":"0","left":"0","isLinked":""}},"elements":[{"id":"5ee96fc5","settings":{"_column_size":"100"},"elements":[{"id":"6f98a7d4","settings":{"title":"Let\u2019s talk business<br>\nHow much do lessons cost?","title_color":"#0D0D0D","align":"center","_margin":{"unit":"%","top":"","right":"","bottom":"","left":"","isLinked":"1"},"__globals__":{"typography_typography":""},"typography_typography":"custom","typography_font_family":"Poppins","typography_font_size":{"unit":"px","size":"45","sizes":[]},"typography_font_size_tablet":{"unit":"px","size":"32","sizes":[]},"typography_font_size_mobile":{"unit":"px","size":"28","sizes":[]},"typography_font_weight":"600","typography_text_transform":"none","typography_font_style":"normal","typography_text_decoration":"none","typography_line_height":{"unit":"em","size":"1","sizes":[]},"typography_letter_spacing":{"unit":"px","size":"1.09","sizes":[]}},"elements":[],"isInner":false,"widgetType":"heading","elType":"widget"},{"id":"5b106ebb","settings":{"layout":"full_width","margin":{"unit":"%","top":"3","right":"0","bottom":"0","left":"0","isLinked":""},"gap":"no","height_inner":"min-height","custom_height_inner":{"unit":"px","size":"90","sizes":[]},"content_position":"middle","background_background":"classic","background_color":"#EEF3FA","border_width":{"unit":"px","top":"4","right":"4","bottom":"4","left":"4","isLinked":"1"},"border_color":"#EEAE9B","box_shadow_box_shadow_type":"yes","box_shadow_box_shadow":{"horizontal":"0","vertical":"0","blur":"0","spread":"0","color":"#EEAE9B"},"padding":{"unit":"%","top":"","right":"","bottom":"","left":"","isLinked":"1"},"margin_tablet":{"unit":"px","top":"","right":"0","bottom":"","left":"0","isLinked":"1"},"padding_tablet":{"unit":"%","top":"","right":"","bottom":"","left":"","isLinked":"1"},"custom_height_inner_mobile":{"unit":"px","size":"140","sizes":[]}},"elements":[{"id":"7599b88c","settings":{"_column_size":"100","align":"center","border_border":"solid","border_width":{"unit":"px","top":"4","right":"4","bottom":"4","left":"4","isLinked":"1"},"border_color":"#EEAE9B","margin":{"unit":"px","top":"15","right":"-15","bottom":"-15","left":"15","isLinked":""},"animation":"headShake","margin_tablet":{"unit":"px","top":"10","right":"-10","bottom":"-10","left":"10","isLinked":""}},"elements":[{"id":"7ff3bf7b","settings":{"title":"Prices start\n at","header_size":"h3","title_color":"#213388","typography_typography":"custom","typography_font_family":"Poppins","typography_font_size":{"unit":"px","size":"28","sizes":[]},"typography_font_weight":"600","typography_text_transform":"none","typography_font_style":"normal","typography_text_decoration":"none","typography_line_height":{"unit":"em","size":"1","sizes":[]},"typography_letter_spacing":{"unit":"px","size":"0","sizes":[]},"_element_width":"auto","__globals__":{"typography_typography":""},"typography_font_size_tablet":{"unit":"px","size":"22","sizes":[]},"align_mobile":"center","typography_font_size_mobile":{"unit":"px","size":"20","sizes":[]},"_element_width_mobile":"inherit"},"elements":[],"isInner":false,"widgetType":"heading","elType":"widget"},{"id":"54087dcb","settings":{"title":"$90","title_color":"#213388","typography_typography":"custom","typography_font_family":"Poppins","typography_font_size":{"unit":"px","size":"40","sizes":[]},"typography_font_weight":"600","typography_text_transform":"none","typography_font_style":"normal","typography_text_decoration":"none","typography_line_height":{"unit":"em","size":"1","sizes":[]},"typography_letter_spacing":{"unit":"px","size":"0","sizes":[]},"_margin":{"unit":"px","top":"0","right":"15","bottom":"0","left":"15","isLinked":""},"_element_width":"auto","__globals__":{"typography_typography":""},"typography_font_size_tablet":{"unit":"px","size":"32","sizes":[]},"typography_font_size_mobile":{"unit":"px","size":"28","sizes":[]},"_margin_mobile":{"unit":"px","top":"3","right":"0","bottom":"3","left":"0","isLinked":""}},"elements":[],"isInner":false,"widgetType":"heading","elType":"widget"},{"id":"606ae349","settings":{"title":"for one private lesson","header_size":"h3","title_color":"#213388","typography_typography":"custom","typography_font_family":"Poppins","typography_font_size":{"unit":"px","size":"28","sizes":[]},"typography_font_weight":"600","typography_text_transform":"none","typography_font_style":"normal","typography_text_decoration":"none","typography_line_height":{"unit":"em","size":"1","sizes":[]},"typography_letter_spacing":{"unit":"px","size":"0","sizes":[]},"_element_width":"auto","__globals__":{"typography_typography":""},"typography_font_size_tablet":{"unit":"px","size":"22","sizes":[]},"align_mobile":"center","typography_font_size_mobile":{"unit":"px","size":"20","sizes":[]},"_element_width_mobile":"inherit"},"elements":[],"isInner":false,"widgetType":"heading","elType":"widget"}],"isInner":"1","elType":"column"}],"isInner":"1","elType":"section"},{"id":"4646e92d","settings":{"selected_icon":{"value":{"id":17093,"url":"http:\/\/library.elementor.com\/lp\/wp-content\/uploads\/2021\/01\/24_Marketing_1-1_course-Mouse.svg"},"library":"svg"},"align":"right","primary_color":"#F1F6FD","hover_animation":"shrink","size":{"unit":"px","size":"65","sizes":[]},"_margin":{"unit":"px","top":"0","right":"-100","bottom":"0","left":"0","isLinked":""},"_animation":"fadeIn","_margin_tablet":{"unit":"px","top":"0","right":"0","bottom":"0","left":"0","isLinked":""},"size_mobile":{"unit":"px","size":"50","sizes":[]}},"elements":[],"isInner":false,"widgetType":"icon","elType":"widget"},{"id":"34c2039a","settings":{"title":"Let\u2019s talk and find the right learning plan for you. It\u2019s your time to master the PPC world.","title_color":"#0D0D0D","align":"center","_margin":{"unit":"%","top":"","right":"","bottom":"","left":"","isLinked":"1"},"__globals__":{"typography_typography":""},"header_size":"p","typography_typography":"custom","typography_font_family":"Poppins","typography_font_size":{"unit":"px","size":"18","sizes":[]},"typography_font_size_tablet":{"unit":"px","size":"16","sizes":[]},"typography_font_weight":"300","typography_text_transform":"none","typography_font_style":"normal","typography_text_decoration":"none","typography_line_height":{"unit":"em","size":"1.3","sizes":[]},"typography_letter_spacing":{"unit":"px","size":"0","sizes":[]}},"elements":[],"isInner":false,"widgetType":"heading","elType":"widget"}],"isInner":"","elType":"column"}],"isInner":"","elType":"section"},{"id":"298f52da","settings":{"layout":"full_width","gap":"no","margin":{"unit":"%","top":"15","right":"0","bottom":"0","left":"0","isLinked":""},"padding":{"unit":"%","top":"0","right":"18","bottom":"0","left":"18","isLinked":""},"_title":"Video","padding_tablet":{"unit":"%","top":"0","right":"8","bottom":"0","left":"8","isLinked":""},"margin_mobile":{"unit":"%","top":"25","right":"0","bottom":"0","left":"0","isLinked":""}},"elements":[{"id":"6528f4ca","settings":{"_column_size":"100"},"elements":[{"id":"1bb461b1","settings":{"youtube_url":"https:\/\/www.youtube.com\/watch?v=XHOmBV4js_E","vimeo_url":"https:\/\/vimeo.com\/235215203","dailymotion_url":"https:\/\/www.dailymotion.com\/video\/x6tqhqb","show_image_overlay":"yes","image_overlay":{"id":17095,"url":"http:\/\/library.elementor.com\/lp\/wp-content\/uploads\/2021\/01\/24_Marketing_1-1_course-Overlay_Video.jpg"},"css_filters_css_filter":"custom","css_filters_brightness":{"unit":"px","size":"90","sizes":[]},"play_icon_size":{"unit":"px","size":"85","sizes":[]},"_border_border":"solid","_border_width":{"unit":"px","top":"0","right":"0","bottom":"30","left":"0","isLinked":""},"_border_color":"#D7E1EF","play_icon_size_tablet":{"unit":"px","size":"65","sizes":[]},"_border_width_mobile":{"unit":"px","top":"0","right":"0","bottom":"15","left":"0","isLinked":""}},"elements":[],"isInner":false,"widgetType":"video","elType":"widget"}],"isInner":"","elType":"column"}],"isInner":"","elType":"section"},{"id":"2255317e","settings":{"layout":"full_width","gap":"no","structure":"20","margin":{"unit":"%","top":"5","right":"0","bottom":"0","left":"0","isLinked":""},"padding":{"unit":"%","top":"0","right":"18","bottom":"0","left":"18","isLinked":""},"_title":"About Me","padding_tablet":{"unit":"%","top":"0","right":"8","bottom":"0","left":"8","isLinked":""}},"elements":[{"id":"593351b2","settings":{"_column_size":"50","_inline_size":"44.942","padding":{"unit":"%","top":"0","right":"24","bottom":"0","left":"0","isLinked":""},"padding_tablet":{"unit":"%","top":"0","right":"10","bottom":"0","left":"0","isLinked":""}},"elements":[{"id":"644e9379","settings":{"title":"Nice to meet you,\u2028I\u2019m Kelly Brown","title_color":"#0D0D0D","_margin":{"unit":"%","top":"","right":"","bottom":"","left":"","isLinked":"1"},"__globals__":{"typography_typography":""},"typography_typography":"custom","typography_font_family":"Poppins","typography_font_size":{"unit":"px","size":"45","sizes":[]},"typography_font_size_tablet":{"unit":"px","size":"32","sizes":[]},"typography_font_size_mobile":{"unit":"px","size":"28","sizes":[]},"typography_font_weight":"600","typography_text_transform":"none","typography_font_style":"normal","typography_text_decoration":"none","typography_line_height":{"unit":"em","size":"1","sizes":[]},"typography_letter_spacing":{"unit":"px","size":"1.09","sizes":[]}},"elements":[],"isInner":false,"widgetType":"heading","elType":"widget"},{"id":"15030d98","settings":{"editor":"Working together to achieve your goals and understand the marketing world and PPC. You will have complete guidance and support from me throughout all processes.","text_color":"#000000","__globals__":{"typography_typography":""},"typography_typography":"custom","typography_font_family":"Poppins","typography_font_size":{"unit":"px","size":"16","sizes":[]},"typography_font_size_tablet":{"unit":"px","size":"14","sizes":[]},"typography_font_weight":"200","typography_text_transform":"none","typography_font_style":"normal","typography_text_decoration":"none","typography_line_height":{"unit":"em","size":"1.3","sizes":[]},"typography_letter_spacing":{"unit":"px","size":"0","sizes":[]}},"elements":[],"isInner":false,"widgetType":"text-editor","elType":"widget"},{"id":"56a1c87e","settings":{"text":"Book a Lesson","button_text_color":"#213388","background_color":"#D7E1EF","button_hover_border_color":"#D7E1EF","border_border":"solid","border_width":{"unit":"px","top":"0","right":"5","bottom":"5","left":"0","isLinked":""},"border_color":"#FFFFFF","border_radius":{"unit":"px","top":"0","right":"0","bottom":"0","left":"0","isLinked":""},"button_box_shadow_box_shadow":{"horizontal":"-3","vertical":"-3","blur":"0","spread":"3","color":"#FFFFFF"},"button_box_shadow_box_shadow_position":"inset","text_padding":{"unit":"px","top":"15","right":"42","bottom":"10","left":"42","isLinked":""},"_border_border":"solid","_border_width":{"unit":"px","top":"2","right":"2","bottom":"2","left":"2","isLinked":"1"},"_border_color":"#213388","_box_shadow_box_shadow_type":"yes","_box_shadow_box_shadow":{"horizontal":"-7","vertical":"-7","blur":"0","spread":"0","color":"#D7E1EF"},"_box_shadow_hover_box_shadow_type":"yes","_box_shadow_hover_box_shadow":{"horizontal":"0","vertical":"0","blur":"10","spread":"0","color":"rgba(0, 0, 0, 0)"},"_element_width":"auto","__globals__":{"typography_typography":""},"_margin":{"unit":"px","top":"40","right":"0","bottom":"0","left":"7","isLinked":""},"_margin_tablet":{"unit":"%","top":"0","right":"0","bottom":"0","left":"0","isLinked":""},"typography_typography":"custom","typography_font_family":"Poppins","typography_font_size":{"unit":"px","size":"16","sizes":[]},"typography_font_weight":"600","typography_text_transform":"uppercase","typography_font_style":"normal","typography_text_decoration":"none","typography_line_height":{"unit":"em","size":"1","sizes":[]},"typography_letter_spacing":{"unit":"px","size":"0","sizes":[]}},"elements":[],"isInner":false,"widgetType":"button","elType":"widget"}],"isInner":"","elType":"column"},{"id":"62098a5f","settings":{"_column_size":"50","_inline_size":"55.035","margin_mobile":{"unit":"%","top":"20","right":"0","bottom":"0","left":"0","isLinked":""}},"elements":[{"id":"1beb734c","settings":{"layout":"full_width","margin":{"unit":"%","top":"0","right":"0","bottom":"0","left":"0","isLinked":""},"gap":"no","height_inner":"min-height","custom_height_inner":{"unit":"px","size":"200","sizes":[]},"content_position":"middle","background_background":"classic","background_color":"#EEF3FA","border_width":{"unit":"px","top":"4","right":"4","bottom":"4","left":"4","isLinked":"1"},"border_color":"#EEAE9B","box_shadow_box_shadow_type":"yes","box_shadow_box_shadow":{"horizontal":"0","vertical":"0","blur":"0","spread":"0","color":"#EEAE9B"},"padding":{"unit":"%","top":"","right":"","bottom":"","left":"","isLinked":"1"}},"elements":[{"id":"103408ac","settings":{"_column_size":"100","align":"center","border_border":"solid","border_width":{"unit":"px","top":"4","right":"4","bottom":"4","left":"4","isLinked":"1"},"border_color":"#EEAE9B","margin":{"unit":"px","top":"15","right":"-15","bottom":"-15","left":"15","isLinked":""},"margin_tablet":{"unit":"px","top":"10","right":"-10","bottom":"-10","left":"10","isLinked":""}},"elements":[{"id":"d1634a5","settings":{"selected_icon":{"value":{"id":17097,"url":"http:\/\/library.elementor.com\/lp\/wp-content\/uploads\/2021\/01\/24_Marketing_1-1_course-Quotation.svg"},"library":"svg"},"title_text":"I have always loved the marketing world, and I\u2019m really passionate about PPC. Benefit from my vast experience and knowledge.","description_text":"","primary_color":"#FFFFFF","icon_space":{"unit":"px","size":"-10","sizes":[]},"text_align":"left","title_color":"#213388","title_typography_typography":"custom","title_typography_font_family":"Poppins","title_typography_font_size":{"unit":"px","size":"20","sizes":[]},"title_typography_font_weight":"400","title_typography_text_transform":"none","title_typography_font_style":"normal","title_typography_text_decoration":"none","title_typography_line_height":{"unit":"em","size":"1.4","sizes":[]},"title_typography_letter_spacing":{"unit":"px","size":"0.36","sizes":[]},"description_color":"#213388","description_typography_typography":"custom","description_typography_font_family":"DM Sans","description_typography_font_size":{"unit":"px","size":"20","sizes":[]},"description_typography_font_weight":"500","description_typography_text_transform":"none","description_typography_font_style":"normal","description_typography_text_decoration":"none","description_typography_letter_spacing":{"unit":"px","size":"0.36","sizes":[]},"_element_width":"initial","_element_custom_width":{"unit":"%","size":"70","sizes":[]},"__globals__":{"description_typography_typography":"","title_typography_typography":""},"title_typography_font_size_tablet":{"unit":"px","size":"18","sizes":[]},"description_typography_font_size_tablet":{"unit":"px","size":"18","sizes":[]},"_element_width_mobile":"initial","_element_custom_width_mobile":{"unit":"%","size":"83","sizes":[]}},"elements":[],"isInner":false,"widgetType":"icon-box","elType":"widget"}],"isInner":"1","elType":"column"}],"isInner":"1","elType":"section"}],"isInner":"","elType":"column"}],"isInner":"","elType":"section"},{"id":"53e3b67b","settings":{"gap":"no","margin":{"unit":"%","top":"15","right":"0","bottom":"0","left":"0","isLinked":""},"layout":"full_width","content_width":{"unit":"px","size":"760","sizes":[]},"padding":{"unit":"%","top":"0","right":"18","bottom":"0","left":"18","isLinked":""},"_title":"Testimonials","margin_tablet":{"unit":"%","top":"25","right":"0","bottom":"0","left":"0","isLinked":""},"padding_tablet":{"unit":"%","top":"0","right":"8","bottom":"0","left":"8","isLinked":""},"margin_mobile":{"unit":"%","top":"35","right":"0","bottom":"0","left":"0","isLinked":""}},"elements":[{"id":"2cc71c94","settings":{"_column_size":"100","align":"center"},"elements":[{"id":"4c519312","settings":{"title":"Learn from previous students &amp; hear what they say about PPC lessons","title_color":"#0D0D0D","align":"center","_margin":{"unit":"%","top":"","right":"","bottom":"","left":"","isLinked":"1"},"__globals__":{"typography_typography":""},"_element_width":"initial","_element_custom_width":{"unit":"px","size":"1000","sizes":[]},"typography_typography":"custom","typography_font_family":"Poppins","typography_font_size":{"unit":"px","size":"45","sizes":[]},"typography_font_size_tablet":{"unit":"px","size":"32","sizes":[]},"typography_font_size_mobile":{"unit":"px","size":"28","sizes":[]},"typography_font_weight":"600","typography_text_transform":"none","typography_font_style":"normal","typography_text_decoration":"none","typography_line_height":{"unit":"em","size":"1","sizes":[]},"typography_letter_spacing":{"unit":"px","size":"1.09","sizes":[]}},"elements":[],"isInner":false,"widgetType":"heading","elType":"widget"},{"id":"557a2bd0","settings":{"layout":"full_width","structure":"30","margin":{"unit":"%","top":"8","right":"0","bottom":"0","left":"0","isLinked":""},"gap":"no","margin_mobile":{"unit":"%","top":"15","right":"0","bottom":"0","left":"0","isLinked":""}},"elements":[{"id":"182929f9","settings":{"_column_size":"33","border_border":"solid","border_width":{"unit":"px","top":"0","right":"0","bottom":"3","left":"0","isLinked":""},"border_color":"#EEAE9B","margin":{"unit":"%","top":"0","right":"24","bottom":"0","left":"0","isLinked":""},"padding":{"unit":"%","top":"0","right":"0","bottom":"10","left":"0","isLinked":""},"margin_tablet":{"unit":"%","top":"0","right":"10","bottom":"0","left":"0","isLinked":""},"margin_mobile":{"unit":"px","top":"0","right":"0","bottom":"0","left":"0","isLinked":""}},"elements":[{"id":"6ad636ba","settings":{"testimonial_content":"\u201cJohn came at the right time. I wanted to start promoting my business, and he led me directly to success.\u201d","testimonial_image":{"url":"","id":""},"testimonial_name":"Wayne R.","testimonial_job":"","testimonial_alignment":"left","content_content_color":"#000000","content_typography_typography":"custom","content_typography_font_family":"Poppins","content_typography_font_size":{"unit":"px","size":"16","sizes":[]},"content_typography_font_weight":"300","content_typography_text_transform":"none","content_typography_font_style":"normal","content_typography_text_decoration":"none","content_typography_line_height":{"unit":"em","size":"1.3","sizes":[]},"content_typography_letter_spacing":{"unit":"px","size":"0","sizes":[]},"name_text_color":"#213388","__globals__":{"content_typography_typography":"","name_typography_typography":""},"content_typography_font_size_tablet":{"unit":"px","size":"14","sizes":[]},"name_typography_typography":"custom","name_typography_font_family":"Poppins","name_typography_font_size":{"unit":"px","size":"16","sizes":[]},"name_typography_font_size_tablet":{"unit":"px","size":"14","sizes":[]},"name_typography_font_weight":"400","name_typography_text_transform":"none","name_typography_font_style":"normal","name_typography_text_decoration":"none","name_typography_line_height":{"unit":"em","size":"1.3","sizes":[]},"name_typography_letter_spacing":{"unit":"px","size":"0.29","sizes":[]}},"elements":[],"isInner":false,"widgetType":"testimonial","elType":"widget"}],"isInner":"1","elType":"column"},{"id":"549a1066","settings":{"_column_size":"33","border_border":"solid","border_width":{"unit":"px","top":"0","right":"0","bottom":"3","left":"0","isLinked":""},"border_color":"#EEAE9B","margin":{"unit":"%","top":"0","right":"12","bottom":"0","left":"12","isLinked":""},"padding":{"unit":"%","top":"0","right":"0","bottom":"10","left":"0","isLinked":""},"margin_tablet":{"unit":"%","top":"0","right":"5","bottom":"0","left":"5","isLinked":""},"margin_mobile":{"unit":"%","top":"10","right":"0","bottom":"0","left":"0","isLinked":""}},"elements":[{"id":"18f15796","settings":{"testimonial_content":"\u201cI learned so much in this course and can now start building PPC campaigns easily.\u201d","testimonial_image":{"url":"","id":""},"testimonial_name":"John S.","testimonial_job":"","testimonial_alignment":"left","content_content_color":"#000000","content_typography_typography":"custom","content_typography_font_family":"Poppins","content_typography_font_size":{"unit":"px","size":"16","sizes":[]},"content_typography_font_weight":"300","content_typography_text_transform":"none","content_typography_font_style":"normal","content_typography_text_decoration":"none","content_typography_line_height":{"unit":"em","size":"1.3","sizes":[]},"content_typography_letter_spacing":{"unit":"px","size":"0","sizes":[]},"name_text_color":"#213388","__globals__":{"content_typography_typography":"","name_typography_typography":""},"content_typography_font_size_tablet":{"unit":"px","size":"14","sizes":[]},"name_typography_typography":"custom","name_typography_font_family":"Poppins","name_typography_font_size":{"unit":"px","size":"16","sizes":[]},"name_typography_font_size_tablet":{"unit":"px","size":"14","sizes":[]},"name_typography_font_weight":"400","name_typography_text_transform":"none","name_typography_font_style":"normal","name_typography_text_decoration":"none","name_typography_line_height":{"unit":"em","size":"1.3","sizes":[]},"name_typography_letter_spacing":{"unit":"px","size":"0.29","sizes":[]}},"elements":[],"isInner":false,"widgetType":"testimonial","elType":"widget"}],"isInner":"1","elType":"column"},{"id":"7d19bac9","settings":{"_column_size":"33","border_border":"solid","border_width":{"unit":"px","top":"0","right":"0","bottom":"3","left":"0","isLinked":""},"border_color":"#EEAE9B","margin":{"unit":"%","top":"0","right":"0","bottom":"0","left":"24","isLinked":""},"padding":{"unit":"%","top":"0","right":"0","bottom":"10","left":"0","isLinked":""},"margin_tablet":{"unit":"%","top":"0","right":"0","bottom":"0","left":"10","isLinked":""},"margin_mobile":{"unit":"%","top":"10","right":"0","bottom":"0","left":"0","isLinked":""}},"elements":[{"id":"40cb3d9a","settings":{"testimonial_content":"\u201cStop looking for another course. John's one-on-one course is the best on the market.\u201d","testimonial_image":{"url":"","id":""},"testimonial_name":"Helen B.","testimonial_job":"","testimonial_alignment":"left","content_content_color":"#000000","content_typography_typography":"custom","content_typography_font_family":"Poppins","content_typography_font_size":{"unit":"px","size":"16","sizes":[]},"content_typography_font_weight":"300","content_typography_text_transform":"none","content_typography_font_style":"normal","content_typography_text_decoration":"none","content_typography_line_height":{"unit":"em","size":"1.3","sizes":[]},"content_typography_letter_spacing":{"unit":"px","size":"0","sizes":[]},"name_text_color":"#213388","__globals__":{"content_typography_typography":"","name_typography_typography":""},"content_typography_font_size_tablet":{"unit":"px","size":"14","sizes":[]},"name_typography_typography":"custom","name_typography_font_family":"Poppins","name_typography_font_size":{"unit":"px","size":"16","sizes":[]},"name_typography_font_size_tablet":{"unit":"px","size":"14","sizes":[]},"name_typography_font_weight":"400","name_typography_text_transform":"none","name_typography_font_style":"normal","name_typography_text_decoration":"none","name_typography_line_height":{"unit":"em","size":"1.3","sizes":[]},"name_typography_letter_spacing":{"unit":"px","size":"0.29","sizes":[]}},"elements":[],"isInner":false,"widgetType":"testimonial","elType":"widget"}],"isInner":"1","elType":"column"}],"isInner":"1","elType":"section"},{"id":"730970f8","settings":{"layout":"full_width","structure":"30","margin":{"unit":"%","top":"4","right":"0","bottom":"0","left":"0","isLinked":""},"gap":"no","margin_mobile":{"unit":"%","top":"10","right":"0","bottom":"0","left":"0","isLinked":""}},"elements":[{"id":"153f60d0","settings":{"_column_size":"33","margin":{"unit":"%","top":"0","right":"24","bottom":"0","left":"0","isLinked":""},"padding":{"unit":"%","top":"","right":"","bottom":"","left":"","isLinked":"1"},"margin_tablet":{"unit":"%","top":"0","right":"10","bottom":"0","left":"0","isLinked":""},"border_border":"solid","border_width":{"unit":"px","top":"0","right":"0","bottom":"0","left":"0","isLinked":""},"border_width_mobile":{"unit":"px","top":"0","right":"0","bottom":"3","left":"0","isLinked":""},"border_color":"#EEAE9B","margin_mobile":{"unit":"px","top":"0","right":"0","bottom":"0","left":"0","isLinked":""},"padding_mobile":{"unit":"%","top":"0","right":"0","bottom":"10","left":"0","isLinked":""}},"elements":[{"id":"90efb0c","settings":{"testimonial_content":"\u201cVery informative course! And the best thing was that I learned it online from the comfort of my home.\u201d","testimonial_image":{"url":"","id":""},"testimonial_name":"Nancy P.","testimonial_job":"","testimonial_alignment":"left","content_content_color":"#000000","content_typography_typography":"custom","content_typography_font_family":"Poppins","content_typography_font_size":{"unit":"px","size":"16","sizes":[]},"content_typography_font_weight":"300","content_typography_text_transform":"none","content_typography_font_style":"normal","content_typography_text_decoration":"none","content_typography_line_height":{"unit":"em","size":"1.3","sizes":[]},"content_typography_letter_spacing":{"unit":"px","size":"0","sizes":[]},"name_text_color":"#213388","__globals__":{"content_typography_typography":"","name_typography_typography":""},"content_typography_font_size_tablet":{"unit":"px","size":"14","sizes":[]},"name_typography_typography":"custom","name_typography_font_family":"Poppins","name_typography_font_size":{"unit":"px","size":"16","sizes":[]},"name_typography_font_size_tablet":{"unit":"px","size":"14","sizes":[]},"name_typography_font_weight":"400","name_typography_text_transform":"none","name_typography_font_style":"normal","name_typography_text_decoration":"none","name_typography_line_height":{"unit":"em","size":"1.3","sizes":[]},"name_typography_letter_spacing":{"unit":"px","size":"0.29","sizes":[]}},"elements":[],"isInner":false,"widgetType":"testimonial","elType":"widget"}],"isInner":"1","elType":"column"},{"id":"1bc122fe","settings":{"_column_size":"33","margin":{"unit":"%","top":"0","right":"12","bottom":"0","left":"12","isLinked":""},"padding":{"unit":"%","top":"","right":"","bottom":"","left":"","isLinked":"1"},"margin_tablet":{"unit":"%","top":"0","right":"5","bottom":"0","left":"5","isLinked":""},"border_border":"solid","border_width":{"unit":"px","top":"0","right":"0","bottom":"0","left":"0","isLinked":""},"border_width_mobile":{"unit":"px","top":"0","right":"0","bottom":"3","left":"0","isLinked":""},"border_color":"#EEAE9B","margin_mobile":{"unit":"%","top":"10","right":"0","bottom":"0","left":"0","isLinked":""},"padding_mobile":{"unit":"%","top":"0","right":"0","bottom":"10","left":"0","isLinked":""}},"elements":[{"id":"192791f8","settings":{"testimonial_content":"\u201cI have a small business, and I want new clients. This PPC course taught me how to do this.\u201d","testimonial_image":{"url":"","id":""},"testimonial_name":"Darlene M.","testimonial_job":"","testimonial_alignment":"left","content_content_color":"#000000","content_typography_typography":"custom","content_typography_font_family":"Poppins","content_typography_font_size":{"unit":"px","size":"16","sizes":[]},"content_typography_font_weight":"300","content_typography_text_transform":"none","content_typography_font_style":"normal","content_typography_text_decoration":"none","content_typography_line_height":{"unit":"em","size":"1.3","sizes":[]},"content_typography_letter_spacing":{"unit":"px","size":"0","sizes":[]},"name_text_color":"#213388","__globals__":{"content_typography_typography":"","name_typography_typography":""},"content_typography_font_size_tablet":{"unit":"px","size":"14","sizes":[]},"name_typography_typography":"custom","name_typography_font_family":"Poppins","name_typography_font_size":{"unit":"px","size":"16","sizes":[]},"name_typography_font_size_tablet":{"unit":"px","size":"14","sizes":[]},"name_typography_font_weight":"400","name_typography_text_transform":"none","name_typography_font_style":"normal","name_typography_text_decoration":"none","name_typography_line_height":{"unit":"em","size":"1.3","sizes":[]},"name_typography_letter_spacing":{"unit":"px","size":"0.29","sizes":[]}},"elements":[],"isInner":false,"widgetType":"testimonial","elType":"widget"}],"isInner":"1","elType":"column"},{"id":"3ef1f71a","settings":{"_column_size":"33","margin":{"unit":"%","top":"0","right":"0","bottom":"0","left":"24","isLinked":""},"padding":{"unit":"%","top":"","right":"","bottom":"","left":"","isLinked":"1"},"margin_tablet":{"unit":"%","top":"0","right":"0","bottom":"0","left":"10","isLinked":""},"border_border":"solid","border_width":{"unit":"px","top":"0","right":"0","bottom":"0","left":"0","isLinked":""},"border_width_mobile":{"unit":"px","top":"0","right":"0","bottom":"3","left":"0","isLinked":""},"border_color":"#EEAE9B","margin_mobile":{"unit":"%","top":"10","right":"0","bottom":"0","left":"0","isLinked":""},"padding_mobile":{"unit":"%","top":"0","right":"0","bottom":"10","left":"0","isLinked":""}},"elements":[{"id":"30e9d2d8","settings":{"testimonial_content":"\u201cThe course was tailored just for me. John scheduled a perfect plan and I learned PPC in no time.\u201d","testimonial_image":{"url":"","id":""},"testimonial_name":"Brian L.","testimonial_job":"","testimonial_alignment":"left","content_content_color":"#000000","content_typography_typography":"custom","content_typography_font_family":"Poppins","content_typography_font_size":{"unit":"px","size":"16","sizes":[]},"content_typography_font_weight":"300","content_typography_text_transform":"none","content_typography_font_style":"normal","content_typography_text_decoration":"none","content_typography_line_height":{"unit":"em","size":"1.3","sizes":[]},"content_typography_letter_spacing":{"unit":"px","size":"0","sizes":[]},"name_text_color":"#213388","__globals__":{"content_typography_typography":"","name_typography_typography":""},"content_typography_font_size_tablet":{"unit":"px","size":"14","sizes":[]},"name_typography_typography":"custom","name_typography_font_family":"Poppins","name_typography_font_size":{"unit":"px","size":"16","sizes":[]},"name_typography_font_size_tablet":{"unit":"px","size":"14","sizes":[]},"name_typography_font_weight":"400","name_typography_text_transform":"none","name_typography_font_style":"normal","name_typography_text_decoration":"none","name_typography_line_height":{"unit":"em","size":"1.3","sizes":[]},"name_typography_letter_spacing":{"unit":"px","size":"0.29","sizes":[]}},"elements":[],"isInner":false,"widgetType":"testimonial","elType":"widget"}],"isInner":"1","elType":"column"}],"isInner":"1","elType":"section"}],"isInner":"","elType":"column"}],"isInner":"","elType":"section"},{"id":"58df3eeb","settings":{"gap":"no","margin":{"unit":"%","top":"15","right":"0","bottom":"0","left":"0","isLinked":""},"layout":"full_width","content_width":{"unit":"px","size":"760","sizes":[]},"height":"min-height","custom_height":{"unit":"px","size":"410","sizes":[]},"column_position":"stretch","content_position":"middle","overflow":"hidden","background_background":"classic","background_color":"#D7E1EF","_title":"CTA","margin_mobile":{"unit":"%","top":"35","right":"0","bottom":"0","left":"0","isLinked":""}},"elements":[{"id":"19e5dd14","settings":{"_column_size":"100"},"elements":[{"id":"343e2895","settings":{"space":{"unit":"vh","size":"33","sizes":[]},"_border_border":"solid","_border_width":{"unit":"px","top":"0","right":"0","bottom":"9","left":"9","isLinked":""},"_border_color":"#F1F6FD","_border_radius":{"unit":"%","top":"0","right":"0","bottom":"0","left":"90","isLinked":""},"_element_width":"initial","_element_custom_width":{"unit":"%","size":"20","sizes":[]},"_position":"absolute","_offset_orientation_h":"end","space_tablet":{"unit":"px","size":"245","sizes":[]},"_element_width_tablet":"initial","_element_custom_width_tablet":{"unit":"px","size":"280","sizes":[]},"space_mobile":{"unit":"px","size":"165","sizes":[]},"_element_width_mobile":"initial","_element_custom_width_mobile":{"unit":"px","size":"205","sizes":[]}},"elements":[],"isInner":false,"widgetType":"spacer","elType":"widget"},{"id":"67ceeaa9","settings":{"space":{"unit":"vh","size":"30","sizes":[]},"_border_border":"solid","_border_width":{"unit":"px","top":"9","right":"9","bottom":"0","left":"0","isLinked":""},"_border_color":"#F1F6FD","_border_radius":{"unit":"%","top":"0","right":"100","bottom":"0","left":"0","isLinked":""},"_element_width":"initial","_element_custom_width":{"unit":"%","size":"25","sizes":[]},"_position":"absolute","_offset_orientation_v":"end","space_tablet":{"unit":"px","size":"185","sizes":[]},"_element_width_tablet":"initial","_element_custom_width_tablet":{"unit":"px","size":"210","sizes":[]},"space_mobile":{"unit":"px","size":"95","sizes":[]},"_element_width_mobile":"initial","_element_custom_width_mobile":{"unit":"px","size":"110","sizes":[]}},"elements":[],"isInner":false,"widgetType":"spacer","elType":"widget"},{"id":"5eedd28b","settings":{"content_width":{"unit":"px","size":"670","sizes":[]},"gap":"no","content_position":"middle","margin":{"unit":"px","top":"0","right":"0","bottom":"0","left":"0","isLinked":""},"padding_tablet":{"unit":"%","top":"0","right":"8","bottom":"0","left":"8","isLinked":""},"z_index":"1"},"elements":[{"id":"5392a064","settings":{"_column_size":"100","align":"center"},"elements":[{"id":"170879de","settings":{"title":"Let\u2019s talk and make you a PPC ninja in no time","title_color":"#0D0D0D","align":"center","_margin":{"unit":"%","top":"","right":"","bottom":"","left":"","isLinked":"1"},"__globals__":{"typography_typography":""},"typography_typography":"custom","typography_font_family":"Poppins","typography_font_size":{"unit":"px","size":"45","sizes":[]},"typography_font_size_tablet":{"unit":"px","size":"32","sizes":[]},"typography_font_size_mobile":{"unit":"px","size":"28","sizes":[]},"typography_font_weight":"600","typography_text_transform":"none","typography_font_style":"normal","typography_text_decoration":"none","typography_line_height":{"unit":"em","size":"1","sizes":[]},"typography_letter_spacing":{"unit":"px","size":"1.09","sizes":[]}},"elements":[],"isInner":false,"widgetType":"heading","elType":"widget"},{"id":"796eab1a","settings":{"text":"Book a Lesson","button_text_color":"#213388","background_color":"#F1F6FD","button_hover_border_color":"#F1F6FD","border_border":"solid","border_width":{"unit":"px","top":"0","right":"5","bottom":"5","left":"0","isLinked":""},"border_color":"#D7E1EF","border_radius":{"unit":"px","top":"0","right":"0","bottom":"0","left":"0","isLinked":""},"button_box_shadow_box_shadow":{"horizontal":"-3","vertical":"-3","blur":"0","spread":"3","color":"#FFFFFF"},"button_box_shadow_box_shadow_position":"inset","text_padding":{"unit":"px","top":"15","right":"42","bottom":"10","left":"42","isLinked":""},"_border_border":"solid","_border_width":{"unit":"px","top":"2","right":"2","bottom":"2","left":"2","isLinked":"1"},"_border_color":"#213388","_box_shadow_box_shadow_type":"yes","_box_shadow_box_shadow":{"horizontal":"-7","vertical":"-7","blur":"0","spread":"0","color":"#F1F6FD"},"_box_shadow_hover_box_shadow_type":"yes","_box_shadow_hover_box_shadow":{"horizontal":"0","vertical":"0","blur":"10","spread":"0","color":"rgba(0, 0, 0, 0)"},"_element_width":"auto","__globals__":{"typography_typography":""},"_margin":{"unit":"%","top":"8","right":"0","bottom":"0","left":"0","isLinked":""},"typography_typography":"custom","typography_font_family":"Poppins","typography_font_size":{"unit":"px","size":"16","sizes":[]},"typography_font_weight":"600","typography_text_transform":"uppercase","typography_font_style":"normal","typography_text_decoration":"none","typography_line_height":{"unit":"em","size":"1","sizes":[]},"typography_letter_spacing":{"unit":"px","size":"0","sizes":[]}},"elements":[],"isInner":false,"widgetType":"button","elType":"widget"},{"id":"7a068ded","settings":{"selected_icon":{"value":{"id":17093,"url":"http:\/\/library.elementor.com\/lp\/wp-content\/uploads\/2021\/01\/24_Marketing_1-1_course-Mouse.svg"},"library":"svg"},"primary_color":"#F1F6FD","hover_animation":"shrink","size":{"unit":"px","size":"65","sizes":[]},"_margin":{"unit":"px","top":"-15","right":"0","bottom":"0","left":"310","isLinked":""},"_animation":"pulse","_element_custom_width":{"unit":"px","size":"441","sizes":[]},"size_mobile":{"unit":"px","size":"50","sizes":[]},"_margin_mobile":{"unit":"px","top":"-15","right":"0","bottom":"0","left":"250","isLinked":""}},"elements":[],"isInner":false,"widgetType":"icon","elType":"widget"}],"isInner":"1","elType":"column"}],"isInner":"1","elType":"section"}],"isInner":"","elType":"column"}],"isInner":"","elType":"section"},{"id":"66e66bbe","settings":{"content_width":{"unit":"px","size":"760","sizes":[]},"gap":"no","height":"min-height","custom_height":{"unit":"px","size":"47","sizes":[]},"content_position":"middle","_title":"Footer"},"elements":[{"id":"78b05610","settings":{"_column_size":"100"},"elements":[{"id":"2482d8b0","settings":{"title":"\u00a9 copyright Kelly Brown 2021 ","header_size":"p","align":"center","title_color":"#000000","__globals__":{"typography_typography":""},"typography_typography":"custom","typography_font_family":"Poppins","typography_font_size":{"unit":"px","size":"16","sizes":[]},"typography_font_size_tablet":{"unit":"px","size":"14","sizes":[]},"typography_font_weight":"300","typography_text_transform":"none","typography_font_style":"normal","typography_text_decoration":"none","typography_line_height":{"unit":"em","size":"1.3","sizes":[]},"typography_letter_spacing":{"unit":"px","size":"0","sizes":[]}},"elements":[],"isInner":false,"widgetType":"heading","elType":"widget"}],"isInner":"","elType":"column"}],"isInner":"","elType":"section"}]}