{"version":"0.4","title":"17258","type":"page","content":[{"id":"5f7b0b18","settings":{"height":"min-height","custom_height":{"unit":"vh","size":"15","sizes":[]},"column_position":"stretch","background_background":"classic","custom_height_tablet":{"unit":"vh","size":"12","sizes":[]},"custom_height_mobile":{"unit":"vh","size":"14","sizes":[]},"_title":"Logo"},"elements":[{"id":"5657ce91","settings":{"_column_size":"100","content_position":"top","margin":{"unit":"%","top":"","right":"","bottom":"","left":"","isLinked":"1"},"padding":{"unit":"%","top":"4","right":"0","bottom":"0","left":"0","isLinked":""},"padding_tablet":{"unit":"%","top":"6","right":"0","bottom":"0","left":"0","isLinked":""},"padding_mobile":{"unit":"%","top":"8","right":"0","bottom":"0","left":"0","isLinked":""}},"elements":[{"id":"4a5e251d","settings":{"image":{"id":17271,"url":"http:\/\/library.elementor.com\/lp\/wp-content\/uploads\/2021\/01\/Camour-Logo.png"},"image_size":"full"},"elements":[],"isInner":false,"widgetType":"image","elType":"widget"}],"isInner":"","elType":"column"}],"isInner":"","elType":"section"},{"id":"f2096de","settings":{"layout":"full_width","height":"min-height","custom_height":{"unit":"vh","size":"85","sizes":[]},"column_position":"stretch","structure":"20","margin":{"unit":"%","top":"0","right":"0","bottom":"0","left":"0","isLinked":""},"padding_tablet":{"unit":"%","top":"0","right":"10","bottom":"0","left":"10","isLinked":""},"padding_mobile":{"unit":"%","top":"0","right":"0","bottom":"0","left":"0","isLinked":""},"_title":"Buy 1 Get 1 Deal","reverse_order_tablet":"reverse-tablet","reverse_order_mobile":"reverse-mobile"},"elements":[{"id":"39c00fce","settings":{"_column_size":"50","_inline_size":"51.969","content_position":"top","padding":{"unit":"%","top":"0","right":"15","bottom":"0","left":"15","isLinked":""},"space_between_widgets":"17","_inline_size_tablet":"100","space_between_widgets_tablet":"22","padding_tablet":{"unit":"%","top":"5","right":"15","bottom":"0","left":"15","isLinked":""},"padding_mobile":{"unit":"%","top":"15","right":"8","bottom":"0","left":"8","isLinked":""},"content_position_tablet":"center"},"elements":[{"id":"35ec37d","settings":{"title":"It\u2019s a Sale You Don\u2019t Want to Miss!\n","title_color":"#FFE0D2","typography_typography":"custom","typography_font_family":"Montserrat","typography_font_size":{"unit":"px","size":"25","sizes":[]},"typography_font_weight":"300","typography_letter_spacing":{"unit":"px","size":"3","sizes":[]},"align_tablet":"center","typography_font_size_tablet":{"unit":"px","size":"18","sizes":[]},"typography_font_size_mobile":{"unit":"px","size":"18","sizes":[]},"typography_line_height_tablet":{"unit":"em","size":"1.3","sizes":[]},"typography_text_transform":"none","typography_font_style":"normal","typography_text_decoration":"none","_animation":"fadeIn","_animation_tablet":"none","animation_duration":"fast"},"elements":[],"isInner":false,"widgetType":"heading","elType":"widget"},{"id":"229a2185","settings":{"title":"Buy One Get One","title_color":"#FFE0D2","typography_typography":"custom","typography_font_family":"Playfair Display","typography_font_size":{"unit":"vw","size":8.5,"sizes":[]},"typography_font_weight":"100","typography_text_transform":"uppercase","typography_letter_spacing":{"unit":"px","size":"1","sizes":[]},"align_tablet":"center","typography_font_size_tablet":{"unit":"px","size":"70","sizes":[]},"typography_font_size_mobile":{"unit":"px","size":"66","sizes":[]},"typography_line_height_mobile":{"unit":"em","size":"1","sizes":[]},"header_size":"h1","typography_font_style":"normal","typography_text_decoration":"none","_animation":"fadeIn","_animation_tablet":"none","_animation_delay":"200"},"elements":[],"isInner":false,"widgetType":"heading","elType":"widget"},{"id":"2425439f","settings":{"title":"On All Lip Glam Products","title_color":"#FFE0D2","typography_typography":"custom","typography_font_family":"Montserrat","typography_font_size":{"unit":"px","size":"25","sizes":[]},"typography_font_weight":"300","typography_letter_spacing":{"unit":"px","size":"3","sizes":[]},"align_tablet":"center","typography_font_size_tablet":{"unit":"px","size":"18","sizes":[]},"typography_font_size_mobile":{"unit":"px","size":"18","sizes":[]},"typography_line_height_tablet":{"unit":"em","size":"1.3","sizes":[]},"typography_text_transform":"capitalize","typography_font_style":"normal","typography_text_decoration":"none","_animation":"fadeIn","_animation_tablet":"none","animation_duration":"slow","_animation_delay":"400"},"elements":[],"isInner":false,"widgetType":"heading","elType":"widget"},{"id":"6140929e","settings":{"text":"Shop Now","selected_icon":{"value":{"id":17273,"url":"http:\/\/library.elementor.com\/lp\/wp-content\/uploads\/2021\/01\/button-icon.svg"},"library":"svg"},"icon_align":"right","icon_indent":{"unit":"px","size":"10","sizes":[]},"typography_typography":"custom","typography_font_family":"Playfair Display","typography_font_size":{"unit":"px","size":"20","sizes":[]},"typography_font_weight":"700","typography_letter_spacing":{"unit":"px","size":"1","sizes":[]},"button_text_color":"#B42133","background_color":"#FFE0D2","hover_color":"#FFE0D2","button_background_hover_color":"rgba(255, 255, 255, 0)","button_hover_border_color":"#FFE0D2","border_border":"solid","border_width":{"unit":"px","top":"1","right":"1","bottom":"1","left":"1","isLinked":"1"},"border_color":"#F2D6CB","border_radius":{"unit":"px","top":"0","right":"0","bottom":"0","left":"0","isLinked":"1"},"text_padding":{"unit":"%","top":"2","right":"6","bottom":"2","left":"6","isLinked":""},"_margin":{"unit":"px","top":"50","right":"0","bottom":"40","left":"0","isLinked":""},"align_tablet":"center","text_padding_tablet":{"unit":"%","top":"3","right":"8","bottom":"3","left":"8","isLinked":""},"text_padding_mobile":{"unit":"%","top":"6","right":"11","bottom":"6","left":"11","isLinked":""},"_margin_tablet":{"unit":"px","top":"20","right":"0","bottom":"20","left":"0","isLinked":""},"typography_text_transform":"capitalize","typography_font_style":"normal","typography_text_decoration":"none"},"elements":[],"isInner":false,"widgetType":"button","elType":"widget"},{"id":"5756f9ea","settings":{"image":{"id":17275,"url":"http:\/\/library.elementor.com\/lp\/wp-content\/uploads\/2021\/01\/Lipstick-Pic.png"},"image_size":"full","align":"left","align_tablet":"center"},"elements":[],"isInner":false,"widgetType":"image","elType":"widget"}],"isInner":"","elType":"column"},{"id":"3803c517","settings":{"_column_size":"50","_inline_size":"48","background_background":"classic","background_image":{"id":17277,"url":"http:\/\/library.elementor.com\/lp\/wp-content\/uploads\/2021\/01\/Main-Pic.png"},"background_position":"center center","background_repeat":"no-repeat","background_size":"cover","padding":{"unit":"px","top":"0","right":"0","bottom":"0","left":"0","isLinked":"1"},"_inline_size_tablet":"100","background_position_tablet":"center center"},"elements":[{"id":"3b1695be","settings":{"space_tablet":{"unit":"vh","size":"50","sizes":[]},"space_mobile":{"unit":"vh","size":"50","sizes":[]}},"elements":[],"isInner":false,"widgetType":"spacer","elType":"widget"}],"isInner":"","elType":"column"}],"isInner":"","elType":"section"},{"id":"48c69af0","settings":{"height":"min-height","custom_height":{"unit":"vh","size":"10","sizes":[]},"custom_height_tablet":{"unit":"vh","size":"13","sizes":[]},"padding":{"unit":"%","top":"0","right":"4","bottom":"0","left":"4","isLinked":""},"padding_mobile":{"unit":"%","top":"6","right":"6","bottom":"6","left":"6","isLinked":""},"_title":"More Info"},"elements":[{"id":"786a9106","settings":{"_column_size":"100"},"elements":[{"id":"366db86e","settings":{"title":"*Participating products only, online & in-store. Sale Ends 30.12.2022","title_color":"#FFE0D2","typography_typography":"custom","typography_font_family":"Montserrat","typography_font_size":{"unit":"px","size":"14","sizes":[]},"typography_font_weight":"300","typography_letter_spacing":{"unit":"px","size":"0.5","sizes":[]},"align":"center","header_size":"p","typography_font_size_tablet":{"unit":"px","size":"13","sizes":[]},"typography_font_size_mobile":{"unit":"px","size":"12","sizes":[]},"typography_line_height":{"unit":"em","size":"1.3","sizes":[]},"typography_line_height_mobile":{"unit":"em","size":"1.5","sizes":[]}},"elements":[],"isInner":false,"widgetType":"heading","elType":"widget"}],"isInner":"","elType":"column"}],"isInner":"","elType":"section"}]}