{"version":"0.4","title":"17269","type":"page","content":[{"id":"204b8eb9","settings":{"layout":"full_width","gap":"no","height":"min-height","custom_height":{"unit":"px","size":"60","sizes":[]},"column_position":"stretch","content_position":"bottom","z_index":"1","padding":{"unit":"%","top":"0","right":"62","bottom":"0","left":"0","isLinked":""},"padding_tablet":{"unit":"px","top":"0","right":"0","bottom":"0","left":"0","isLinked":""},"_title":"Logo","custom_height_tablet":{"unit":"px","size":"45","sizes":[]},"_timestamp_":"v1b1BCenZXN2gxUTBqb0JJSWxJTVlPZz09"},"elements":[{"id":"1f6c7aeb","settings":{"_column_size":"100","_inline_size_tablet":"100","margin":{"unit":"%","top":"","right":"","bottom":"","left":"","isLinked":"1"}},"elements":[{"id":"5a303451","settings":{"image":{"id":16647,"url":"http:\/\/library.elementor.com\/lp\/wp-content\/uploads\/2021\/01\/27_Electronics_Product-Logo.png"},"image_size":"full","width":{"unit":"px","size":"121","sizes":[]}},"elements":[],"isInner":false,"widgetType":"image","elType":"widget"}],"isInner":"","elType":"column"}],"isInner":"","elType":"section"},{"id":"5492bd26","settings":{"layout":"full_width","gap":"no","height":"min-height","custom_height":{"unit":"vh","size":"100","sizes":[]},"column_position":"stretch","structure":"21","margin":{"unit":"px","top":"-60","right":"0","bottom":"0","left":"0","isLinked":""},"margin_tablet":{"unit":"px","top":"-45","right":"0","bottom":"0","left":"0","isLinked":""},"_title":"Hero","custom_height_tablet":{"unit":"px","size":"1300","sizes":[]},"custom_height_mobile":{"unit":"px","size":"830","sizes":[]},"margin_mobile":{"unit":"px","top":"","right":"0","bottom":"","left":"0","isLinked":"1"},"_timestamp_":"v1b1BCenZXN2gxUTBqb0JJSWxJTVlPZz09"},"elements":[{"id":"7cf126e8","settings":{"_column_size":"33","content_position":"center","_inline_size":"38.018","_inline_size_tablet":"100"},"elements":[{"id":"7605833e","settings":{"title":"All brands up to","header_size":"p","align":"center","title_color":"#000000","typography_typography":"custom","typography_font_family":"Montserrat","typography_font_size":{"unit":"px","size":"15","sizes":[]},"typography_font_weight":"400","typography_text_transform":"uppercase","typography_font_style":"normal","typography_text_decoration":"none","typography_letter_spacing":{"unit":"px","size":"0","sizes":[]},"typography_font_size_mobile":{"unit":"px","size":"14","sizes":[]}},"elements":[],"isInner":false,"widgetType":"heading","elType":"widget"},{"id":"790e58e6","settings":{"width":{"unit":"px","size":"85","sizes":[]},"align":"center","text":"Divider","gap":{"unit":"px","size":"0","sizes":[]}},"elements":[],"isInner":false,"widgetType":"divider","elType":"widget"},{"id":"2c551754","settings":{"title":"60%<br>OFF","header_size":"h1","align":"center","title_color":"#000000","typography_typography":"custom","typography_font_family":"Montserrat","typography_font_size":{"unit":"px","size":"180","sizes":[]},"typography_font_weight":"300","typography_text_transform":"uppercase","typography_font_style":"normal","typography_text_decoration":"none","typography_line_height":{"unit":"em","size":"0.85","sizes":[]},"typography_letter_spacing":{"unit":"px","size":"-3.51","sizes":[]},"typography_font_size_tablet":{"unit":"px","size":"150","sizes":[]},"typography_font_size_mobile":{"unit":"px","size":"85","sizes":[]}},"elements":[],"isInner":false,"widgetType":"heading","elType":"widget"},{"id":"340b91bc","settings":{"title":"+ FREE SHIPPING","header_size":"p","align":"center","title_color":"#000000","typography_typography":"custom","typography_font_family":"Montserrat","typography_font_size":{"unit":"px","size":"20","sizes":[]},"typography_font_weight":"400","typography_text_transform":"uppercase","typography_font_style":"normal","typography_text_decoration":"none","typography_letter_spacing":{"unit":"px","size":"0","sizes":[]},"_animation":"pulse","typography_font_size_mobile":{"unit":"px","size":"16","sizes":[]}},"elements":[],"isInner":false,"widgetType":"heading","elType":"widget"},{"id":"2250a791","settings":{"text":"Shop Online","align":"center","_margin":{"unit":"%","top":"10","right":"0","bottom":"0","left":"0","isLinked":""},"button_text_color":"#FFFFFF","background_color":"#0361FF","border_border":"solid","border_width":{"unit":"px","top":"1","right":"1","bottom":"1","left":"1","isLinked":"1"},"border_color":"#0361FF","border_radius":{"unit":"px","top":"50","right":"50","bottom":"50","left":"50","isLinked":"1"},"__globals__":{"typography_typography":""},"typography_typography":"custom","typography_font_family":"Montserrat","typography_font_size":{"unit":"px","size":"20","sizes":[]},"typography_font_weight":"400","typography_text_transform":"capitalize","typography_font_style":"normal","typography_text_decoration":"none","typography_line_height":{"unit":"em","size":"1","sizes":[]},"typography_letter_spacing":{"unit":"px","size":"0","sizes":[]},"hover_color":"#0361FF","button_background_hover_color":"#02010100","button_hover_border_color":"#0361FF","text_padding":{"unit":"px","top":"20","right":"45","bottom":"20","left":"45","isLinked":""},"text_padding_mobile":{"unit":"px","top":"15","right":"30","bottom":"15","left":"30","isLinked":""},"_margin_tablet":{"unit":"%","top":"5","right":"0","bottom":"0","left":"0","isLinked":""},"typography_font_size_mobile":{"unit":"px","size":"16","sizes":[]}},"elements":[],"isInner":false,"widgetType":"button","elType":"widget"}],"isInner":"","elType":"column"},{"id":"6b4280dc","settings":{"_column_size":"66","background_background":"classic","background_image":{"id":16651,"url":"http:\/\/library.elementor.com\/lp\/wp-content\/uploads\/2021\/01\/27_Electronics_Product-Hero.jpg"},"background_position":"center center","background_repeat":"no-repeat","background_size":"cover","z_index":"1","_inline_size":"61.982","content_position":"space-between","padding":{"unit":"%","top":"0","right":"5","bottom":"3","left":"0","isLinked":""},"align":"flex-end","space_between_widgets":"0","_inline_size_tablet":"100","background_ypos_mobile":{"unit":"px","size":"24","sizes":[]}},"elements":[{"id":"6f5f844c","settings":{"bg_image":{"url":"","id":""},"title":"CRAZY","description":"Work from home","title_tag":"span","button":"SALE","vertical_position":"middle","padding":{"unit":"px","top":"25","right":"0","bottom":"15","left":"0","isLinked":""},"title_typography_typography":"custom","title_typography_font_family":"Montserrat","title_typography_font_size":{"unit":"px","size":"50","sizes":[]},"title_typography_font_weight":"400","title_typography_text_transform":"uppercase","title_typography_font_style":"normal","title_typography_text_decoration":"none","title_typography_line_height":{"unit":"em","size":"1","sizes":[]},"title_typography_letter_spacing":{"unit":"px","size":"8.41","sizes":[]},"title_spacing":{"unit":"px","size":"10","sizes":[]},"description_typography_typography":"custom","description_typography_font_family":"Montserrat","description_typography_font_size":{"unit":"px","size":"20","sizes":[]},"description_typography_font_weight":"400","description_typography_text_transform":"uppercase","description_typography_font_style":"normal","description_typography_text_decoration":"none","description_typography_line_height":{"unit":"em","size":"1","sizes":[]},"description_typography_letter_spacing":{"unit":"px","size":"0.77","sizes":[]},"description_spacing":{"unit":"px","size":"0","sizes":[]},"content_bg_color":"#000000","title_color":"#FFFFFF","description_color":"#FFFFFF","button_color":"#FFFFFF","button_size":"xs","button_typography_typography":"custom","button_typography_font_family":"Montserrat","button_typography_font_size":{"unit":"px","size":"50","sizes":[]},"button_typography_font_weight":"400","button_typography_text_transform":"uppercase","button_typography_font_style":"normal","button_typography_text_decoration":"none","button_typography_line_height":{"unit":"em","size":"1","sizes":[]},"button_typography_letter_spacing":{"unit":"px","size":"8.41","sizes":[]},"button_border_width":{"unit":"px","size":"0","sizes":[]},"button_border_radius":{"unit":"px","size":"0","sizes":[]},"_border_border":"solid","_border_width":{"unit":"px","top":"0","right":"1","bottom":"1","left":"1","isLinked":""},"_border_color":"#FFFFFF","_element_width":"initial","_element_custom_width":{"unit":"px","size":"255","sizes":[]},"__globals__":{"title_typography_typography":"","description_typography_typography":"","button_typography_typography":""},"_animation":"fadeInDown","padding_mobile":{"unit":"px","top":"20","right":"0","bottom":"10","left":"0","isLinked":""},"title_typography_font_size_tablet":{"unit":"px","size":"30","sizes":[]},"title_typography_font_size_mobile":{"unit":"px","size":"20","sizes":[]},"description_typography_font_size_tablet":{"unit":"px","size":"14","sizes":[]},"description_typography_font_size_mobile":{"unit":"px","size":"11","sizes":[]},"button_typography_font_size_tablet":{"unit":"px","size":"30","sizes":[]},"button_typography_font_size_mobile":{"unit":"px","size":"20","sizes":[]},"button_typography_line_height_mobile":{"unit":"em","size":"0.5","sizes":[]},"_animation_tablet":"none","_element_width_tablet":"initial","_element_width_mobile":"initial","_element_custom_width_tablet":{"unit":"px","size":"195","sizes":[]},"_element_custom_width_mobile":{"unit":"px","size":"145","sizes":[]},"graphic_image":{"id":16649,"url":"http:\/\/library.elementor.com\/lp\/wp-content\/uploads\/2021\/01\/placeholder-2.png"},"title_typography_letter_spacing_mobile":{"unit":"px","size":"4","sizes":[]},"title_spacing_mobile":{"unit":"px","size":"6","sizes":[]},"description_spacing_mobile":{"unit":"px","size":"-5","sizes":[]},"button_typography_letter_spacing_mobile":{"unit":"px","size":"4","sizes":[]},"_margin_tablet":{"unit":"%","top":"","right":"","bottom":"","left":"","isLinked":"1"},"_margin_mobile":{"unit":"%","top":"0","right":"0","bottom":"20","left":"0","isLinked":""}},"elements":[],"isInner":false,"widgetType":"call-to-action","elType":"widget"},{"id":"45638f56","settings":{"title":"One Week Sale.  Online Only.  23 - 27 June 2022","header_size":"p","align":"right","title_color":"#FFFFFF","typography_typography":"custom","typography_font_family":"Montserrat","typography_font_size":{"unit":"px","size":"14","sizes":[]},"typography_font_weight":"400","typography_text_transform":"capitalize","typography_font_style":"normal","typography_text_decoration":"none","typography_letter_spacing":{"unit":"px","size":"0","sizes":[]},"__globals__":{"typography_typography":""},"typography_font_size_mobile":{"unit":"px","size":"11","sizes":[]},"_margin_tablet":{"unit":"%","top":"","right":"","bottom":"","left":"","isLinked":"1"}},"elements":[],"isInner":false,"widgetType":"heading","elType":"widget"}],"isInner":"","elType":"column"}],"isInner":"","elType":"section"},{"id":"23363048","settings":{"content_width":{"unit":"px","size":"1140","sizes":[]},"gap":"no","margin":{"unit":"%","top":"10","right":"0","bottom":"0","left":"0","isLinked":""},"_title":"Products Section (title)","margin_mobile":{"unit":"%","top":"35","right":"0","bottom":"0","left":"0","isLinked":""},"padding_tablet":{"unit":"%","top":"0","right":"5","bottom":"0","left":"5","isLinked":""},"_timestamp_":"v1b1BCenZXN2gxUTBqb0JJSWxJTVlPZz09"},"elements":[{"id":"77cb68da","settings":{"_column_size":"100"},"elements":[{"id":"76a4f4b","settings":{"title":"Set up the complete perfect office for your home","align":"center","title_color":"#000000","typography_typography":"custom","typography_font_family":"Montserrat","typography_font_size":{"unit":"px","size":"44","sizes":[]},"typography_font_weight":"300","typography_text_transform":"none","typography_font_style":"normal","typography_text_decoration":"none","typography_letter_spacing":{"unit":"px","size":"-2.16","sizes":[]},"typography_line_height":{"unit":"em","size":"1.4","sizes":[]},"typography_font_size_tablet":{"unit":"px","size":"32","sizes":[]},"typography_font_size_mobile":{"unit":"px","size":"24","sizes":[]}},"elements":[],"isInner":false,"widgetType":"heading","elType":"widget"}],"isInner":"","elType":"column"}],"isInner":"","elType":"section"},{"id":"772637fe","settings":{"layout":"full_width","content_width":{"unit":"px","size":"1140","sizes":[]},"gap":"no","custom_height":{"unit":"px","size":"587","sizes":[]},"column_position":"stretch","content_position":"bottom","structure":"30","margin":{"unit":"%","top":"10","right":"0","bottom":"0","left":"0","isLinked":""},"padding":{"unit":"%","top":"0","right":"5","bottom":"0","left":"5","isLinked":""},"overflow":"hidden","_title":"Product Section (part 1)","margin_mobile":{"unit":"%","top":"35","right":"0","bottom":"0","left":"0","isLinked":""},"padding_tablet":{"unit":"%","top":"","right":"","bottom":"","left":"","isLinked":"1"},"_timestamp_":"v1b1BCenZXN2gxUTBqb0JJSWxJTVlPZz09"},"elements":[{"id":"2dba8e5d","settings":{"_column_size":"33","background_position":"center center","background_repeat":"no-repeat","background_size":"cover","space_between_widgets":"0","z_index":"3","_inline_size_tablet":"100"},"elements":[{"id":"6034ba18","settings":{"bg_image":{"id":16653,"url":"http:\/\/library.elementor.com\/lp\/wp-content\/uploads\/2021\/01\/27_Electronics_Product-Products-Product_1.jpg"},"title":"","description":"","button":"","image_min_height":{"unit":"vh","size":"50","sizes":[]},"bg_image_size":"full","image_min_height_tablet":{"unit":"vh","size":"","sizes":[]},"graphic_image":{"id":16649,"url":"http:\/\/library.elementor.com\/lp\/wp-content\/uploads\/2021\/01\/placeholder-2.png"}},"elements":[],"isInner":false,"widgetType":"call-to-action","elType":"widget"},{"id":"1b6edd77","settings":{"heading":"","sub_heading":"","price":"499.99","currency_format":",","sale":"yes","original_price":"599.99","period":"","features_list":[{"item_text":"","selected_item_icon":{"value":"","library":""},"_id":"4bb5568"}],"button_text":"","link":{"url":"","is_external":"","nofollow":"","custom_attributes":""},"footer_additional_info":"","show_ribbon":"","ribbon_title":"Popular","header_padding":{"unit":"px","top":"0","right":"0","bottom":"0","left":"0","isLinked":""},"pricing_element_bg_color":"#0361FF","pricing_element_padding":{"unit":"px","top":"20","right":"25","bottom":"20","left":"25","isLinked":""},"price_color":"#FFFFFF","currency_size":{"unit":"px","size":"100","sizes":[]},"fractional-part_size":{"unit":"px","size":"100","sizes":[]},"original_price_color":"#C0C0C0","original_price_vertical_position":"","features_list_padding":{"unit":"px","top":"0","right":"0","bottom":"0","left":"0","isLinked":"1"},"features_list_typography_typography":"custom","features_list_typography_font_family":"Roboto","features_list_typography_font_size":{"unit":"px","size":"0","sizes":[]},"features_list_typography_font_weight":"400","item_width":{"unit":"px","size":"0","sizes":[]},"list_divider":"","divider_weight":{"unit":"px","size":"0","sizes":[]},"divider_width":{"unit":"px","size":"0","sizes":[]},"divider_gap":{"unit":"px","size":"0","sizes":[]},"_z_index":"1","_element_width":"auto","_position":"absolute","_offset_orientation_v":"end","_offset_y":{"unit":"px","size":"74","sizes":[]},"_offset_y_end":{"unit":"px","size":"62","sizes":[]},"__globals__":{"price_typography_typography":"","original_price_typography_typography":"","sub_heading_typography_typography":"globals\/typography?id=f28fec0","heading_typography_typography":""},"heading_typography_typography":"custom","heading_typography_font_family":"Montserrat","heading_typography_font_size":{"unit":"px","size":"20","sizes":[]},"heading_typography_font_weight":"300","heading_typography_text_transform":"none","heading_typography_font_style":"normal","heading_typography_text_decoration":"line-through","heading_typography_line_height":{"unit":"em","size":"1","sizes":[]},"heading_typography_letter_spacing":{"unit":"px","size":"-0.31","sizes":[]},"sub_heading_typography_typography":"custom","sub_heading_typography_font_family":"Montserrat","sub_heading_typography_font_size":{"unit":"px","size":"26","sizes":[]},"sub_heading_typography_font_weight":"400","sub_heading_typography_text_transform":"capitalize","sub_heading_typography_font_style":"normal","sub_heading_typography_text_decoration":"none","sub_heading_typography_line_height":{"unit":"em","size":"1","sizes":[]},"sub_heading_typography_letter_spacing":{"unit":"px","size":"-0.41","sizes":[]},"fractional_part_vertical_position":"","original_original_price_typography_typography":"custom","original_original_price_typography_font_family":"Montserrat","original_original_price_typography_font_size":{"unit":"px","size":"20","sizes":[]},"original_original_price_typography_font_weight":"300","original_original_price_typography_text_transform":"none","original_original_price_typography_font_style":"normal","original_original_price_typography_text_decoration":"line-through","original_original_price_typography_line_height":{"unit":"em","size":"1","sizes":[]},"original_original_price_typography_letter_spacing":{"unit":"px","size":"-0.31","sizes":[]},"original_sub_heading_typography_typography":"custom","original_sub_heading_typography_font_family":"Montserrat","original_sub_heading_typography_font_size":{"unit":"px","size":"20","sizes":[]},"original_sub_heading_typography_font_weight":"300","original_sub_heading_typography_text_transform":"none","original_sub_heading_typography_font_style":"normal","original_sub_heading_typography_text_decoration":"line-through","original_sub_heading_typography_line_height":{"unit":"em","size":"1","sizes":[]},"original_sub_heading_typography_letter_spacing":{"unit":"px","size":"-0.31","sizes":[]},"_animation":"bounceInUp","pricing_element_padding_mobile":{"unit":"px","top":"10","right":"15","bottom":"10","left":"15","isLinked":""},"_offset_y_end_mobile":{"unit":"px","size":"48","sizes":[]},"sub_heading_typography_font_size_mobile":{"unit":"px","size":"20","sizes":[]},"price_typography_typography":"custom","price_typography_font_family":"Montserrat","price_typography_font_size":{"unit":"px","size":"26","sizes":[]},"price_typography_font_size_mobile":{"unit":"px","size":"20","sizes":[]},"price_typography_font_weight":"400","price_typography_text_transform":"capitalize","price_typography_font_style":"normal","price_typography_text_decoration":"none","price_typography_line_height":{"unit":"em","size":"1","sizes":[]},"price_typography_letter_spacing":{"unit":"px","size":"-0.41","sizes":[]},"original_price_typography_typography":"custom","original_price_typography_font_family":"Montserrat","original_price_typography_font_size":{"unit":"px","size":"20","sizes":[]},"original_price_typography_font_size_mobile":{"unit":"px","size":"14","sizes":[]},"original_price_typography_font_weight":"300","original_price_typography_text_transform":"none","original_price_typography_font_style":"normal","original_price_typography_text_decoration":"line-through","original_price_typography_line_height":{"unit":"em","size":"1","sizes":[]},"original_price_typography_letter_spacing":{"unit":"px","size":"-0.31","sizes":[]}},"elements":[],"isInner":false,"widgetType":"price-table","elType":"widget"},{"id":"1f14062b","settings":{"title":"16\u201d Laptop Ultra Silver","header_size":"h3","title_color":"#161616","typography_typography":"custom","typography_font_family":"Montserrat","typography_font_size":{"unit":"px","size":"22","sizes":[]},"typography_font_weight":"300","typography_text_transform":"capitalize","typography_font_style":"normal","typography_text_decoration":"none","typography_letter_spacing":{"unit":"px","size":"-0.35","sizes":[]},"_padding":{"unit":"px","top":"20","right":"20","bottom":"20","left":"20","isLinked":"1"},"_z_index":"1","_background_background":"classic","_background_color":"#FFFFFF","_element_width":"auto","_position":"absolute","_offset_y":{"unit":"px","size":"","sizes":[]},"__globals__":{"typography_typography":""},"_animation":"fadeInLeft","animation_duration":"fast","typography_font_size_mobile":{"unit":"px","size":"18","sizes":[]},"_padding_mobile":{"unit":"px","top":"15","right":"15","bottom":"15","left":"15","isLinked":"1"}},"elements":[],"isInner":false,"widgetType":"heading","elType":"widget"}],"isInner":"","elType":"column"},{"id":"7081094d","settings":{"_column_size":"33","background_position":"center center","background_repeat":"no-repeat","background_size":"cover","space_between_widgets":"0","z_index":"2","_inline_size_tablet":"100"},"elements":[{"id":"42340ec5","settings":{"bg_image":{"id":16655,"url":"http:\/\/library.elementor.com\/lp\/wp-content\/uploads\/2021\/01\/27_Electronics_Product-Products-Product_2.jpg"},"title":"","description":"","button":"","image_min_height":{"unit":"vh","size":"50","sizes":[]},"bg_image_size":"full","graphic_image":{"id":16649,"url":"http:\/\/library.elementor.com\/lp\/wp-content\/uploads\/2021\/01\/placeholder-2.png"}},"elements":[],"isInner":false,"widgetType":"call-to-action","elType":"widget"},{"id":"8d4fbc5","settings":{"heading":"","sub_heading":"","price":"120.00","currency_format":",","sale":"yes","original_price":"599.99","period":"","features_list":[{"item_text":"","selected_item_icon":{"value":"","library":""},"_id":"4bb5568"}],"button_text":"","link":{"url":"","is_external":"","nofollow":"","custom_attributes":""},"footer_additional_info":"","show_ribbon":"","ribbon_title":"Popular","header_padding":{"unit":"px","top":"0","right":"0","bottom":"0","left":"0","isLinked":""},"pricing_element_bg_color":"#0361FF","pricing_element_padding":{"unit":"px","top":"20","right":"25","bottom":"20","left":"25","isLinked":""},"price_color":"#FFFFFF","currency_size":{"unit":"px","size":"100","sizes":[]},"fractional-part_size":{"unit":"px","size":"100","sizes":[]},"original_price_color":"#C0C0C0","original_price_vertical_position":"","features_list_padding":{"unit":"px","top":"0","right":"0","bottom":"0","left":"0","isLinked":"1"},"features_list_typography_typography":"custom","features_list_typography_font_family":"Roboto","features_list_typography_font_size":{"unit":"px","size":"0","sizes":[]},"features_list_typography_font_weight":"400","item_width":{"unit":"px","size":"0","sizes":[]},"list_divider":"","divider_weight":{"unit":"px","size":"0","sizes":[]},"divider_width":{"unit":"px","size":"0","sizes":[]},"divider_gap":{"unit":"px","size":"0","sizes":[]},"_z_index":"1","_element_width":"auto","_position":"absolute","_offset_orientation_v":"end","_offset_y":{"unit":"px","size":"74","sizes":[]},"_offset_y_end":{"unit":"px","size":"62","sizes":[]},"__globals__":{"price_typography_typography":"","original_price_typography_typography":"","sub_heading_typography_typography":"globals\/typography?id=f28fec0","heading_typography_typography":""},"heading_typography_typography":"custom","heading_typography_font_family":"Montserrat","heading_typography_font_size":{"unit":"px","size":"20","sizes":[]},"heading_typography_font_weight":"300","heading_typography_text_transform":"none","heading_typography_font_style":"normal","heading_typography_text_decoration":"line-through","heading_typography_line_height":{"unit":"em","size":"1","sizes":[]},"heading_typography_letter_spacing":{"unit":"px","size":"-0.31","sizes":[]},"sub_heading_typography_typography":"custom","sub_heading_typography_font_family":"Montserrat","sub_heading_typography_font_size":{"unit":"px","size":"26","sizes":[]},"sub_heading_typography_font_weight":"400","sub_heading_typography_text_transform":"capitalize","sub_heading_typography_font_style":"normal","sub_heading_typography_text_decoration":"none","sub_heading_typography_line_height":{"unit":"em","size":"1","sizes":[]},"sub_heading_typography_letter_spacing":{"unit":"px","size":"-0.41","sizes":[]},"fractional_part_vertical_position":"","original_original_price_typography_typography":"custom","original_original_price_typography_font_family":"Montserrat","original_original_price_typography_font_size":{"unit":"px","size":"20","sizes":[]},"original_original_price_typography_font_weight":"300","original_original_price_typography_text_transform":"none","original_original_price_typography_font_style":"normal","original_original_price_typography_text_decoration":"line-through","original_original_price_typography_line_height":{"unit":"em","size":"1","sizes":[]},"original_original_price_typography_letter_spacing":{"unit":"px","size":"-0.31","sizes":[]},"original_sub_heading_typography_typography":"custom","original_sub_heading_typography_font_family":"Montserrat","original_sub_heading_typography_font_size":{"unit":"px","size":"20","sizes":[]},"original_sub_heading_typography_font_weight":"300","original_sub_heading_typography_text_transform":"none","original_sub_heading_typography_font_style":"normal","original_sub_heading_typography_text_decoration":"line-through","original_sub_heading_typography_line_height":{"unit":"em","size":"1","sizes":[]},"original_sub_heading_typography_letter_spacing":{"unit":"px","size":"-0.31","sizes":[]},"_animation":"bounceInUp","_animation_delay":"200","pricing_element_padding_mobile":{"unit":"px","top":"10","right":"15","bottom":"10","left":"15","isLinked":""},"_offset_y_end_mobile":{"unit":"px","size":"48","sizes":[]},"sub_heading_typography_font_size_mobile":{"unit":"px","size":"20","sizes":[]},"price_typography_typography":"custom","price_typography_font_family":"Montserrat","price_typography_font_size":{"unit":"px","size":"26","sizes":[]},"price_typography_font_size_mobile":{"unit":"px","size":"20","sizes":[]},"price_typography_font_weight":"400","price_typography_text_transform":"capitalize","price_typography_font_style":"normal","price_typography_text_decoration":"none","price_typography_line_height":{"unit":"em","size":"1","sizes":[]},"price_typography_letter_spacing":{"unit":"px","size":"-0.41","sizes":[]},"original_price_typography_typography":"custom","original_price_typography_font_family":"Montserrat","original_price_typography_font_size":{"unit":"px","size":"20","sizes":[]},"original_price_typography_font_size_mobile":{"unit":"px","size":"14","sizes":[]},"original_price_typography_font_weight":"300","original_price_typography_text_transform":"none","original_price_typography_font_style":"normal","original_price_typography_text_decoration":"line-through","original_price_typography_line_height":{"unit":"em","size":"1","sizes":[]},"original_price_typography_letter_spacing":{"unit":"px","size":"-0.31","sizes":[]}},"elements":[],"isInner":false,"widgetType":"price-table","elType":"widget"},{"id":"3421bad9","settings":{"title":"Earbuds With Microphone","header_size":"h3","title_color":"#161616","typography_typography":"custom","typography_font_family":"Montserrat","typography_font_size":{"unit":"px","size":"22","sizes":[]},"typography_font_weight":"300","typography_text_transform":"capitalize","typography_font_style":"normal","typography_text_decoration":"none","typography_letter_spacing":{"unit":"px","size":"-0.35","sizes":[]},"_padding":{"unit":"px","top":"20","right":"20","bottom":"20","left":"20","isLinked":"1"},"_z_index":"1","_background_background":"classic","_background_color":"#FFFFFF","_element_width":"auto","_position":"absolute","_offset_y":{"unit":"px","size":"","sizes":[]},"__globals__":{"typography_typography":""},"_animation":"fadeInLeft","animation_duration":"fast","_animation_delay":"200","typography_font_size_mobile":{"unit":"px","size":"18","sizes":[]},"_padding_mobile":{"unit":"px","top":"15","right":"15","bottom":"15","left":"15","isLinked":"1"}},"elements":[],"isInner":false,"widgetType":"heading","elType":"widget"}],"isInner":"","elType":"column"},{"id":"38051bd","settings":{"_column_size":"33","background_position":"center center","background_repeat":"no-repeat","background_size":"cover","space_between_widgets":"0","_inline_size_tablet":"100"},"elements":[{"id":"75a35189","settings":{"bg_image":{"id":16657,"url":"http:\/\/library.elementor.com\/lp\/wp-content\/uploads\/2021\/01\/27_Electronics_Product-Products-Product_3.jpg"},"title":"","description":"","button":"","image_min_height":{"unit":"vh","size":"50","sizes":[]},"bg_image_size":"full","graphic_image":{"id":16649,"url":"http:\/\/library.elementor.com\/lp\/wp-content\/uploads\/2021\/01\/placeholder-2.png"}},"elements":[],"isInner":false,"widgetType":"call-to-action","elType":"widget"},{"id":"4dcda194","settings":{"heading":"","sub_heading":"","price":"65.00","currency_format":",","sale":"yes","original_price":"85.99","period":"","features_list":[{"item_text":"","selected_item_icon":{"value":"","library":""},"_id":"4bb5568"}],"button_text":"","link":{"url":"","is_external":"","nofollow":"","custom_attributes":""},"footer_additional_info":"","show_ribbon":"","ribbon_title":"Popular","header_padding":{"unit":"px","top":"0","right":"0","bottom":"0","left":"0","isLinked":""},"pricing_element_bg_color":"#0361FF","pricing_element_padding":{"unit":"px","top":"20","right":"25","bottom":"20","left":"25","isLinked":""},"price_color":"#FFFFFF","currency_size":{"unit":"px","size":"100","sizes":[]},"fractional-part_size":{"unit":"px","size":"100","sizes":[]},"original_price_color":"#C0C0C0","original_price_vertical_position":"","features_list_padding":{"unit":"px","top":"0","right":"0","bottom":"0","left":"0","isLinked":"1"},"features_list_typography_typography":"custom","features_list_typography_font_family":"Roboto","features_list_typography_font_size":{"unit":"px","size":"0","sizes":[]},"features_list_typography_font_weight":"400","item_width":{"unit":"px","size":"0","sizes":[]},"list_divider":"","divider_weight":{"unit":"px","size":"0","sizes":[]},"divider_width":{"unit":"px","size":"0","sizes":[]},"divider_gap":{"unit":"px","size":"0","sizes":[]},"_z_index":"1","_element_width":"auto","_position":"absolute","_offset_orientation_v":"end","_offset_y":{"unit":"px","size":"74","sizes":[]},"_offset_y_end":{"unit":"px","size":"62","sizes":[]},"__globals__":{"price_typography_typography":"","original_price_typography_typography":"","sub_heading_typography_typography":"globals\/typography?id=f28fec0","heading_typography_typography":""},"heading_typography_typography":"custom","heading_typography_font_family":"Montserrat","heading_typography_font_size":{"unit":"px","size":"20","sizes":[]},"heading_typography_font_weight":"300","heading_typography_text_transform":"none","heading_typography_font_style":"normal","heading_typography_text_decoration":"line-through","heading_typography_line_height":{"unit":"em","size":"1","sizes":[]},"heading_typography_letter_spacing":{"unit":"px","size":"-0.31","sizes":[]},"sub_heading_typography_typography":"custom","sub_heading_typography_font_family":"Montserrat","sub_heading_typography_font_size":{"unit":"px","size":"26","sizes":[]},"sub_heading_typography_font_weight":"400","sub_heading_typography_text_transform":"capitalize","sub_heading_typography_font_style":"normal","sub_heading_typography_text_decoration":"none","sub_heading_typography_line_height":{"unit":"em","size":"1","sizes":[]},"sub_heading_typography_letter_spacing":{"unit":"px","size":"-0.41","sizes":[]},"fractional_part_vertical_position":"","original_original_price_typography_typography":"custom","original_original_price_typography_font_family":"Montserrat","original_original_price_typography_font_size":{"unit":"px","size":"20","sizes":[]},"original_original_price_typography_font_weight":"300","original_original_price_typography_text_transform":"none","original_original_price_typography_font_style":"normal","original_original_price_typography_text_decoration":"line-through","original_original_price_typography_line_height":{"unit":"em","size":"1","sizes":[]},"original_original_price_typography_letter_spacing":{"unit":"px","size":"-0.31","sizes":[]},"original_sub_heading_typography_typography":"custom","original_sub_heading_typography_font_family":"Montserrat","original_sub_heading_typography_font_size":{"unit":"px","size":"20","sizes":[]},"original_sub_heading_typography_font_weight":"300","original_sub_heading_typography_text_transform":"none","original_sub_heading_typography_font_style":"normal","original_sub_heading_typography_text_decoration":"line-through","original_sub_heading_typography_line_height":{"unit":"em","size":"1","sizes":[]},"original_sub_heading_typography_letter_spacing":{"unit":"px","size":"-0.31","sizes":[]},"_animation":"bounceInUp","_animation_delay":"400","pricing_element_padding_mobile":{"unit":"px","top":"10","right":"15","bottom":"10","left":"15","isLinked":""},"_offset_y_end_mobile":{"unit":"px","size":"48","sizes":[]},"sub_heading_typography_font_size_mobile":{"unit":"px","size":"20","sizes":[]},"price_typography_typography":"custom","price_typography_font_family":"Montserrat","price_typography_font_size":{"unit":"px","size":"26","sizes":[]},"price_typography_font_size_mobile":{"unit":"px","size":"20","sizes":[]},"price_typography_font_weight":"400","price_typography_text_transform":"capitalize","price_typography_font_style":"normal","price_typography_text_decoration":"none","price_typography_line_height":{"unit":"em","size":"1","sizes":[]},"price_typography_letter_spacing":{"unit":"px","size":"-0.41","sizes":[]},"original_price_typography_typography":"custom","original_price_typography_font_family":"Montserrat","original_price_typography_font_size":{"unit":"px","size":"20","sizes":[]},"original_price_typography_font_size_mobile":{"unit":"px","size":"14","sizes":[]},"original_price_typography_font_weight":"300","original_price_typography_text_transform":"none","original_price_typography_font_style":"normal","original_price_typography_text_decoration":"line-through","original_price_typography_line_height":{"unit":"em","size":"1","sizes":[]},"original_price_typography_letter_spacing":{"unit":"px","size":"-0.31","sizes":[]}},"elements":[],"isInner":false,"widgetType":"price-table","elType":"widget"},{"id":"2871380c","settings":{"title":"4\u201d Digital Drawing Pad ","header_size":"h3","title_color":"#161616","typography_typography":"custom","typography_font_family":"Montserrat","typography_font_size":{"unit":"px","size":"22","sizes":[]},"typography_font_weight":"300","typography_text_transform":"capitalize","typography_font_style":"normal","typography_text_decoration":"none","typography_letter_spacing":{"unit":"px","size":"-0.35","sizes":[]},"_padding":{"unit":"px","top":"20","right":"20","bottom":"20","left":"20","isLinked":"1"},"_z_index":"1","_background_background":"classic","_background_color":"#FFFFFF","_element_width":"auto","_position":"absolute","_offset_y":{"unit":"px","size":"","sizes":[]},"__globals__":{"typography_typography":""},"_animation":"fadeInLeft","animation_duration":"fast","_animation_delay":"400","typography_font_size_mobile":{"unit":"px","size":"18","sizes":[]},"_padding_mobile":{"unit":"px","top":"15","right":"15","bottom":"15","left":"15","isLinked":"1"}},"elements":[],"isInner":false,"widgetType":"heading","elType":"widget"}],"isInner":"","elType":"column"}],"isInner":"","elType":"section"},{"id":"182f42b6","settings":{"layout":"full_width","content_width":{"unit":"px","size":"1140","sizes":[]},"gap":"no","custom_height":{"unit":"px","size":"587","sizes":[]},"column_position":"stretch","content_position":"bottom","structure":"30","margin":{"unit":"%","top":"","right":"0","bottom":"","left":"0","isLinked":"1"},"padding":{"unit":"%","top":"0","right":"5","bottom":"0","left":"5","isLinked":""},"_title":"Product Section (part 2)","padding_tablet":{"unit":"%","top":"","right":"","bottom":"","left":"","isLinked":"1"},"overflow":"hidden","_timestamp_":"v1b1BCenZXN2gxUTBqb0JJSWxJTVlPZz09"},"elements":[{"id":"64022cef","settings":{"_column_size":"33","background_position":"center center","background_repeat":"no-repeat","background_size":"cover","space_between_widgets":"0","z_index":"3","_inline_size_tablet":"100"},"elements":[{"id":"205855af","settings":{"bg_image":{"id":16659,"url":"http:\/\/library.elementor.com\/lp\/wp-content\/uploads\/2021\/01\/27_Electronics_Product-Products-Product_4.jpg"},"title":"","description":"","button":"","image_min_height":{"unit":"vh","size":"50","sizes":[]},"bg_image_size":"full","graphic_image":{"id":16649,"url":"http:\/\/library.elementor.com\/lp\/wp-content\/uploads\/2021\/01\/placeholder-2.png"}},"elements":[],"isInner":false,"widgetType":"call-to-action","elType":"widget"},{"id":"9c137b1","settings":{"heading":"","sub_heading":"","price":"20.99","currency_format":",","sale":"yes","original_price":"35.99","period":"","features_list":[{"item_text":"","selected_item_icon":{"value":"","library":""},"_id":"4bb5568"}],"button_text":"","link":{"url":"","is_external":"","nofollow":"","custom_attributes":""},"footer_additional_info":"","show_ribbon":"","ribbon_title":"Popular","header_padding":{"unit":"px","top":"0","right":"0","bottom":"0","left":"0","isLinked":""},"pricing_element_bg_color":"#0361FF","pricing_element_padding":{"unit":"px","top":"20","right":"25","bottom":"20","left":"25","isLinked":""},"price_color":"#FFFFFF","currency_size":{"unit":"px","size":"100","sizes":[]},"fractional-part_size":{"unit":"px","size":"100","sizes":[]},"original_price_color":"#C0C0C0","original_price_vertical_position":"","features_list_padding":{"unit":"px","top":"0","right":"0","bottom":"0","left":"0","isLinked":"1"},"features_list_typography_typography":"custom","features_list_typography_font_family":"Roboto","features_list_typography_font_size":{"unit":"px","size":"0","sizes":[]},"features_list_typography_font_weight":"400","item_width":{"unit":"px","size":"0","sizes":[]},"list_divider":"","divider_weight":{"unit":"px","size":"0","sizes":[]},"divider_width":{"unit":"px","size":"0","sizes":[]},"divider_gap":{"unit":"px","size":"0","sizes":[]},"_z_index":"1","_element_width":"auto","_position":"absolute","_offset_orientation_v":"end","_offset_y":{"unit":"px","size":"74","sizes":[]},"_offset_y_end":{"unit":"px","size":"62","sizes":[]},"__globals__":{"price_typography_typography":"","original_price_typography_typography":"","sub_heading_typography_typography":"globals\/typography?id=f28fec0","heading_typography_typography":""},"heading_typography_typography":"custom","heading_typography_font_family":"Montserrat","heading_typography_font_size":{"unit":"px","size":"20","sizes":[]},"heading_typography_font_weight":"300","heading_typography_text_transform":"none","heading_typography_font_style":"normal","heading_typography_text_decoration":"line-through","heading_typography_line_height":{"unit":"em","size":"1","sizes":[]},"heading_typography_letter_spacing":{"unit":"px","size":"-0.31","sizes":[]},"sub_heading_typography_typography":"custom","sub_heading_typography_font_family":"Montserrat","sub_heading_typography_font_size":{"unit":"px","size":"26","sizes":[]},"sub_heading_typography_font_weight":"400","sub_heading_typography_text_transform":"capitalize","sub_heading_typography_font_style":"normal","sub_heading_typography_text_decoration":"none","sub_heading_typography_line_height":{"unit":"em","size":"1","sizes":[]},"sub_heading_typography_letter_spacing":{"unit":"px","size":"-0.41","sizes":[]},"fractional_part_vertical_position":"","original_original_price_typography_typography":"custom","original_original_price_typography_font_family":"Montserrat","original_original_price_typography_font_size":{"unit":"px","size":"20","sizes":[]},"original_original_price_typography_font_weight":"300","original_original_price_typography_text_transform":"none","original_original_price_typography_font_style":"normal","original_original_price_typography_text_decoration":"line-through","original_original_price_typography_line_height":{"unit":"em","size":"1","sizes":[]},"original_original_price_typography_letter_spacing":{"unit":"px","size":"-0.31","sizes":[]},"original_sub_heading_typography_typography":"custom","original_sub_heading_typography_font_family":"Montserrat","original_sub_heading_typography_font_size":{"unit":"px","size":"20","sizes":[]},"original_sub_heading_typography_font_weight":"300","original_sub_heading_typography_text_transform":"none","original_sub_heading_typography_font_style":"normal","original_sub_heading_typography_text_decoration":"line-through","original_sub_heading_typography_line_height":{"unit":"em","size":"1","sizes":[]},"original_sub_heading_typography_letter_spacing":{"unit":"px","size":"-0.31","sizes":[]},"_animation":"bounceInUp","_animation_delay":"600","pricing_element_padding_mobile":{"unit":"px","top":"10","right":"15","bottom":"10","left":"15","isLinked":""},"_offset_y_end_mobile":{"unit":"px","size":"48","sizes":[]},"sub_heading_typography_font_size_mobile":{"unit":"px","size":"20","sizes":[]},"price_typography_typography":"custom","price_typography_font_family":"Montserrat","price_typography_font_size":{"unit":"px","size":"26","sizes":[]},"price_typography_font_size_mobile":{"unit":"px","size":"20","sizes":[]},"price_typography_font_weight":"400","price_typography_text_transform":"capitalize","price_typography_font_style":"normal","price_typography_text_decoration":"none","price_typography_line_height":{"unit":"em","size":"1","sizes":[]},"price_typography_letter_spacing":{"unit":"px","size":"-0.41","sizes":[]},"original_price_typography_typography":"custom","original_price_typography_font_family":"Montserrat","original_price_typography_font_size":{"unit":"px","size":"20","sizes":[]},"original_price_typography_font_size_mobile":{"unit":"px","size":"14","sizes":[]},"original_price_typography_font_weight":"300","original_price_typography_text_transform":"none","original_price_typography_font_style":"normal","original_price_typography_text_decoration":"line-through","original_price_typography_line_height":{"unit":"em","size":"1","sizes":[]},"original_price_typography_letter_spacing":{"unit":"px","size":"-0.31","sizes":[]}},"elements":[],"isInner":false,"widgetType":"price-table","elType":"widget"},{"id":"48321831","settings":{"title":"Wireless Rechargeable Mouse","header_size":"h3","title_color":"#161616","typography_typography":"custom","typography_font_family":"Montserrat","typography_font_size":{"unit":"px","size":"22","sizes":[]},"typography_font_weight":"300","typography_text_transform":"capitalize","typography_font_style":"normal","typography_text_decoration":"none","typography_letter_spacing":{"unit":"px","size":"-0.35","sizes":[]},"_padding":{"unit":"px","top":"20","right":"20","bottom":"20","left":"20","isLinked":"1"},"_z_index":"1","_background_background":"classic","_background_color":"#FFFFFF","_element_width":"auto","_position":"absolute","_offset_y":{"unit":"px","size":"","sizes":[]},"__globals__":{"typography_typography":""},"_animation":"fadeInLeft","animation_duration":"fast","_animation_delay":"600","typography_font_size_mobile":{"unit":"px","size":"18","sizes":[]},"_padding_mobile":{"unit":"px","top":"15","right":"15","bottom":"15","left":"15","isLinked":"1"}},"elements":[],"isInner":false,"widgetType":"heading","elType":"widget"}],"isInner":"","elType":"column"},{"id":"4f13170f","settings":{"_column_size":"33","background_position":"center center","background_repeat":"no-repeat","background_size":"cover","space_between_widgets":"0","z_index":"2","_inline_size_tablet":"100"},"elements":[{"id":"53769c3e","settings":{"bg_image":{"id":16661,"url":"http:\/\/library.elementor.com\/lp\/wp-content\/uploads\/2021\/01\/27_Electronics_Product-Products-Product_5.jpg"},"title":"","description":"","button":"","image_min_height":{"unit":"vh","size":"50","sizes":[]},"bg_image_size":"full","graphic_image":{"id":16649,"url":"http:\/\/library.elementor.com\/lp\/wp-content\/uploads\/2021\/01\/placeholder-2.png"}},"elements":[],"isInner":false,"widgetType":"call-to-action","elType":"widget"},{"id":"417d83f7","settings":{"heading":"","sub_heading":"","price":"75.00","currency_format":",","sale":"yes","original_price":"89.99","period":"","features_list":[{"item_text":"","selected_item_icon":{"value":"","library":""},"_id":"4bb5568"}],"button_text":"","link":{"url":"","is_external":"","nofollow":"","custom_attributes":""},"footer_additional_info":"","show_ribbon":"","ribbon_title":"Popular","header_padding":{"unit":"px","top":"0","right":"0","bottom":"0","left":"0","isLinked":""},"pricing_element_bg_color":"#0361FF","pricing_element_padding":{"unit":"px","top":"20","right":"25","bottom":"20","left":"25","isLinked":""},"price_color":"#FFFFFF","currency_size":{"unit":"px","size":"100","sizes":[]},"fractional-part_size":{"unit":"px","size":"100","sizes":[]},"original_price_color":"#C0C0C0","original_price_vertical_position":"","features_list_padding":{"unit":"px","top":"0","right":"0","bottom":"0","left":"0","isLinked":"1"},"features_list_typography_typography":"custom","features_list_typography_font_family":"Roboto","features_list_typography_font_size":{"unit":"px","size":"0","sizes":[]},"features_list_typography_font_weight":"400","item_width":{"unit":"px","size":"0","sizes":[]},"list_divider":"","divider_weight":{"unit":"px","size":"0","sizes":[]},"divider_width":{"unit":"px","size":"0","sizes":[]},"divider_gap":{"unit":"px","size":"0","sizes":[]},"_z_index":"1","_element_width":"auto","_position":"absolute","_offset_orientation_v":"end","_offset_y":{"unit":"px","size":"74","sizes":[]},"_offset_y_end":{"unit":"px","size":"62","sizes":[]},"__globals__":{"price_typography_typography":"","original_price_typography_typography":"","sub_heading_typography_typography":"globals\/typography?id=f28fec0","heading_typography_typography":""},"heading_typography_typography":"custom","heading_typography_font_family":"Montserrat","heading_typography_font_size":{"unit":"px","size":"20","sizes":[]},"heading_typography_font_weight":"300","heading_typography_text_transform":"none","heading_typography_font_style":"normal","heading_typography_text_decoration":"line-through","heading_typography_line_height":{"unit":"em","size":"1","sizes":[]},"heading_typography_letter_spacing":{"unit":"px","size":"-0.31","sizes":[]},"sub_heading_typography_typography":"custom","sub_heading_typography_font_family":"Montserrat","sub_heading_typography_font_size":{"unit":"px","size":"26","sizes":[]},"sub_heading_typography_font_weight":"400","sub_heading_typography_text_transform":"capitalize","sub_heading_typography_font_style":"normal","sub_heading_typography_text_decoration":"none","sub_heading_typography_line_height":{"unit":"em","size":"1","sizes":[]},"sub_heading_typography_letter_spacing":{"unit":"px","size":"-0.41","sizes":[]},"fractional_part_vertical_position":"","original_original_price_typography_typography":"custom","original_original_price_typography_font_family":"Montserrat","original_original_price_typography_font_size":{"unit":"px","size":"20","sizes":[]},"original_original_price_typography_font_weight":"300","original_original_price_typography_text_transform":"none","original_original_price_typography_font_style":"normal","original_original_price_typography_text_decoration":"line-through","original_original_price_typography_line_height":{"unit":"em","size":"1","sizes":[]},"original_original_price_typography_letter_spacing":{"unit":"px","size":"-0.31","sizes":[]},"original_sub_heading_typography_typography":"custom","original_sub_heading_typography_font_family":"Montserrat","original_sub_heading_typography_font_size":{"unit":"px","size":"20","sizes":[]},"original_sub_heading_typography_font_weight":"300","original_sub_heading_typography_text_transform":"none","original_sub_heading_typography_font_style":"normal","original_sub_heading_typography_text_decoration":"line-through","original_sub_heading_typography_line_height":{"unit":"em","size":"1","sizes":[]},"original_sub_heading_typography_letter_spacing":{"unit":"px","size":"-0.31","sizes":[]},"_animation":"bounceInUp","_animation_delay":"800","pricing_element_padding_mobile":{"unit":"px","top":"10","right":"15","bottom":"10","left":"15","isLinked":""},"_offset_y_end_mobile":{"unit":"px","size":"48","sizes":[]},"sub_heading_typography_font_size_mobile":{"unit":"px","size":"20","sizes":[]},"price_typography_typography":"custom","price_typography_font_family":"Montserrat","price_typography_font_size":{"unit":"px","size":"26","sizes":[]},"price_typography_font_size_mobile":{"unit":"px","size":"20","sizes":[]},"price_typography_font_weight":"400","price_typography_text_transform":"capitalize","price_typography_font_style":"normal","price_typography_text_decoration":"none","price_typography_line_height":{"unit":"em","size":"1","sizes":[]},"price_typography_letter_spacing":{"unit":"px","size":"-0.41","sizes":[]},"original_price_typography_typography":"custom","original_price_typography_font_family":"Montserrat","original_price_typography_font_size":{"unit":"px","size":"20","sizes":[]},"original_price_typography_font_size_mobile":{"unit":"px","size":"14","sizes":[]},"original_price_typography_font_weight":"300","original_price_typography_text_transform":"none","original_price_typography_font_style":"normal","original_price_typography_text_decoration":"line-through","original_price_typography_line_height":{"unit":"em","size":"1","sizes":[]},"original_price_typography_letter_spacing":{"unit":"px","size":"-0.31","sizes":[]}},"elements":[],"isInner":false,"widgetType":"price-table","elType":"widget"},{"id":"5098b01d","settings":{"title":"USB-Powered Speakers","header_size":"h3","title_color":"#161616","typography_typography":"custom","typography_font_family":"Montserrat","typography_font_size":{"unit":"px","size":"22","sizes":[]},"typography_font_weight":"300","typography_text_transform":"capitalize","typography_font_style":"normal","typography_text_decoration":"none","typography_letter_spacing":{"unit":"px","size":"-0.35","sizes":[]},"_padding":{"unit":"px","top":"20","right":"20","bottom":"20","left":"20","isLinked":"1"},"_z_index":"1","_background_background":"classic","_background_color":"#FFFFFF","_element_width":"auto","_position":"absolute","_offset_y":{"unit":"px","size":"","sizes":[]},"__globals__":{"typography_typography":""},"_animation":"fadeInLeft","animation_duration":"fast","_animation_delay":"800","typography_font_size_mobile":{"unit":"px","size":"18","sizes":[]},"_padding_mobile":{"unit":"px","top":"15","right":"15","bottom":"15","left":"15","isLinked":"1"}},"elements":[],"isInner":false,"widgetType":"heading","elType":"widget"}],"isInner":"","elType":"column"},{"id":"3f44c6a4","settings":{"_column_size":"33","background_position":"center center","background_repeat":"no-repeat","background_size":"cover","space_between_widgets":"0","_inline_size_tablet":"100"},"elements":[{"id":"76b31697","settings":{"bg_image":{"id":16663,"url":"http:\/\/library.elementor.com\/lp\/wp-content\/uploads\/2021\/01\/27_Electronics_Product-Products-Product_6.jpg"},"title":"","description":"","button":"","image_min_height":{"unit":"vh","size":"50","sizes":[]},"bg_image_size":"full","graphic_image":{"id":16649,"url":"http:\/\/library.elementor.com\/lp\/wp-content\/uploads\/2021\/01\/placeholder-2.png"}},"elements":[],"isInner":false,"widgetType":"call-to-action","elType":"widget"},{"id":"4ddfb5f","settings":{"heading":"","sub_heading":"","price":"55.00","currency_format":",","sale":"yes","original_price":"70.99","period":"","features_list":[{"item_text":"","selected_item_icon":{"value":"","library":""},"_id":"4bb5568"}],"button_text":"","link":{"url":"","is_external":"","nofollow":"","custom_attributes":""},"footer_additional_info":"","show_ribbon":"","ribbon_title":"Popular","header_padding":{"unit":"px","top":"0","right":"0","bottom":"0","left":"0","isLinked":""},"pricing_element_bg_color":"#0361FF","pricing_element_padding":{"unit":"px","top":"20","right":"25","bottom":"20","left":"25","isLinked":""},"price_color":"#FFFFFF","currency_size":{"unit":"px","size":"100","sizes":[]},"fractional-part_size":{"unit":"px","size":"100","sizes":[]},"original_price_color":"#C0C0C0","original_price_vertical_position":"","features_list_padding":{"unit":"px","top":"0","right":"0","bottom":"0","left":"0","isLinked":"1"},"features_list_typography_typography":"custom","features_list_typography_font_family":"Roboto","features_list_typography_font_size":{"unit":"px","size":"0","sizes":[]},"features_list_typography_font_weight":"400","item_width":{"unit":"px","size":"0","sizes":[]},"list_divider":"","divider_weight":{"unit":"px","size":"0","sizes":[]},"divider_width":{"unit":"px","size":"0","sizes":[]},"divider_gap":{"unit":"px","size":"0","sizes":[]},"_z_index":"1","_element_width":"auto","_position":"absolute","_offset_orientation_v":"end","_offset_y":{"unit":"px","size":"74","sizes":[]},"_offset_y_end":{"unit":"px","size":"62","sizes":[]},"__globals__":{"price_typography_typography":"","original_price_typography_typography":"","sub_heading_typography_typography":"globals\/typography?id=f28fec0","heading_typography_typography":""},"heading_typography_typography":"custom","heading_typography_font_family":"Montserrat","heading_typography_font_size":{"unit":"px","size":"20","sizes":[]},"heading_typography_font_weight":"300","heading_typography_text_transform":"none","heading_typography_font_style":"normal","heading_typography_text_decoration":"line-through","heading_typography_line_height":{"unit":"em","size":"1","sizes":[]},"heading_typography_letter_spacing":{"unit":"px","size":"-0.31","sizes":[]},"sub_heading_typography_typography":"custom","sub_heading_typography_font_family":"Montserrat","sub_heading_typography_font_size":{"unit":"px","size":"26","sizes":[]},"sub_heading_typography_font_weight":"400","sub_heading_typography_text_transform":"capitalize","sub_heading_typography_font_style":"normal","sub_heading_typography_text_decoration":"none","sub_heading_typography_line_height":{"unit":"em","size":"1","sizes":[]},"sub_heading_typography_letter_spacing":{"unit":"px","size":"-0.41","sizes":[]},"fractional_part_vertical_position":"","original_original_price_typography_typography":"custom","original_original_price_typography_font_family":"Montserrat","original_original_price_typography_font_size":{"unit":"px","size":"20","sizes":[]},"original_original_price_typography_font_weight":"300","original_original_price_typography_text_transform":"none","original_original_price_typography_font_style":"normal","original_original_price_typography_text_decoration":"line-through","original_original_price_typography_line_height":{"unit":"em","size":"1","sizes":[]},"original_original_price_typography_letter_spacing":{"unit":"px","size":"-0.31","sizes":[]},"original_sub_heading_typography_typography":"custom","original_sub_heading_typography_font_family":"Montserrat","original_sub_heading_typography_font_size":{"unit":"px","size":"20","sizes":[]},"original_sub_heading_typography_font_weight":"300","original_sub_heading_typography_text_transform":"none","original_sub_heading_typography_font_style":"normal","original_sub_heading_typography_text_decoration":"line-through","original_sub_heading_typography_line_height":{"unit":"em","size":"1","sizes":[]},"original_sub_heading_typography_letter_spacing":{"unit":"px","size":"-0.31","sizes":[]},"_animation":"bounceInUp","_animation_delay":"1000","pricing_element_padding_mobile":{"unit":"px","top":"10","right":"15","bottom":"10","left":"15","isLinked":""},"_offset_y_end_mobile":{"unit":"px","size":"48","sizes":[]},"sub_heading_typography_font_size_mobile":{"unit":"px","size":"20","sizes":[]},"price_typography_typography":"custom","price_typography_font_family":"Montserrat","price_typography_font_size":{"unit":"px","size":"26","sizes":[]},"price_typography_font_size_mobile":{"unit":"px","size":"20","sizes":[]},"price_typography_font_weight":"400","price_typography_text_transform":"capitalize","price_typography_font_style":"normal","price_typography_text_decoration":"none","price_typography_line_height":{"unit":"em","size":"1","sizes":[]},"price_typography_letter_spacing":{"unit":"px","size":"-0.41","sizes":[]},"original_price_typography_typography":"custom","original_price_typography_font_family":"Montserrat","original_price_typography_font_size":{"unit":"px","size":"20","sizes":[]},"original_price_typography_font_size_mobile":{"unit":"px","size":"14","sizes":[]},"original_price_typography_font_weight":"300","original_price_typography_text_transform":"none","original_price_typography_font_style":"normal","original_price_typography_text_decoration":"line-through","original_price_typography_line_height":{"unit":"em","size":"1","sizes":[]},"original_price_typography_letter_spacing":{"unit":"px","size":"-0.31","sizes":[]}},"elements":[],"isInner":false,"widgetType":"price-table","elType":"widget"},{"id":"5af44180","settings":{"title":"BLK Stereo Headphones","header_size":"h3","title_color":"#161616","typography_typography":"custom","typography_font_family":"Montserrat","typography_font_size":{"unit":"px","size":"22","sizes":[]},"typography_font_weight":"300","typography_text_transform":"capitalize","typography_font_style":"normal","typography_text_decoration":"none","typography_letter_spacing":{"unit":"px","size":"-0.35","sizes":[]},"_padding":{"unit":"px","top":"20","right":"20","bottom":"20","left":"20","isLinked":"1"},"_z_index":"1","_background_background":"classic","_background_color":"#FFFFFF","_element_width":"auto","_position":"absolute","_offset_y":{"unit":"px","size":"","sizes":[]},"__globals__":{"typography_typography":""},"_animation":"fadeInLeft","animation_duration":"fast","_animation_delay":"1000","typography_font_size_mobile":{"unit":"px","size":"18","sizes":[]},"_padding_mobile":{"unit":"px","top":"15","right":"15","bottom":"15","left":"15","isLinked":"1"}},"elements":[],"isInner":false,"widgetType":"heading","elType":"widget"}],"isInner":"","elType":"column"}],"isInner":"","elType":"section"},{"id":"32551562","settings":{"content_width":{"unit":"px","size":"1140","sizes":[]},"gap":"no","margin":{"unit":"%","top":"10","right":"0","bottom":"0","left":"0","isLinked":""},"_title":"CTA Title","margin_mobile":{"unit":"%","top":"35","right":"0","bottom":"0","left":"0","isLinked":""},"padding_tablet":{"unit":"%","top":"0","right":"5","bottom":"0","left":"5","isLinked":""},"_timestamp_":"v1b1BCenZXN2gxUTBqb0JJSWxJTVlPZz09"},"elements":[{"id":"2a246a0e","settings":{"_column_size":"100"},"elements":[{"id":"9336985","settings":{"title":"Crazy sale - up to 60% off for all brands and accessories","align":"center","title_color":"#000000","typography_typography":"custom","typography_font_family":"Montserrat","typography_font_size":{"unit":"px","size":"44","sizes":[]},"typography_font_weight":"300","typography_text_transform":"none","typography_font_style":"normal","typography_text_decoration":"none","typography_letter_spacing":{"unit":"px","size":"-2.16","sizes":[]},"typography_line_height":{"unit":"em","size":"1.4","sizes":[]},"typography_font_size_tablet":{"unit":"px","size":"32","sizes":[]},"typography_font_size_mobile":{"unit":"px","size":"24","sizes":[]}},"elements":[],"isInner":false,"widgetType":"heading","elType":"widget"}],"isInner":"","elType":"column"}],"isInner":"","elType":"section"},{"id":"77e34ba5","settings":{"layout":"full_width","gap":"no","height":"min-height","custom_height":{"unit":"px","size":"560","sizes":[]},"column_position":"stretch","content_position":"middle","margin":{"unit":"%","top":"10","right":"0","bottom":"0","left":"0","isLinked":""},"padding":{"unit":"%","top":"0","right":"5","bottom":"0","left":"5","isLinked":""},"motion_fx_scale_effect":"yes","motion_fx_scale_direction":"in-out","motion_fx_scale_speed":{"unit":"px","size":"10","sizes":[]},"motion_fx_scale_range":{"unit":"%","size":"","sizes":{"start":"0","end":"70"}},"_title":"CTA","custom_height_mobile":{"unit":"px","size":"355","sizes":[]},"margin_mobile":{"unit":"%","top":"35","right":"0","bottom":"0","left":"0","isLinked":""},"overflow":"hidden","_timestamp_":"v1b1BCenZXN2gxUTBqb0JJSWxJTVlPZz09"},"elements":[{"id":"73b35676","settings":{"_column_size":"100","space_between_widgets":"0","background_background":"classic","background_color":"#0361FF","padding":{"unit":"%","top":"","right":"","bottom":"","left":"","isLinked":"1"},"motion_fx_scale_direction":"in-out","motion_fx_scale_speed":{"unit":"px","size":"2","sizes":[]},"background_motion_fx_scale_direction":"in-out","background_motion_fx_scale_speed":{"unit":"px","size":"20","sizes":[]},"background_motion_fx_scale_range":{"unit":"%","size":"","sizes":{"start":"0","end":"70"}},"motion_fx_scale_effect":"yes","motion_fx_scale_range":{"unit":"%","size":"","sizes":{"start":"0","end":"50"}},"motion_fx_motion_fx_scrolling":"yes"},"elements":[{"id":"30a96095","settings":{"title":"One Week Sale","header_size":"h3","align":"center","title_color":"#FFFFFF","typography_typography":"custom","typography_font_family":"Montserrat","typography_font_size":{"unit":"px","size":"30","sizes":[]},"typography_font_weight":"300","typography_text_transform":"capitalize","typography_font_style":"normal","typography_text_decoration":"none","typography_letter_spacing":{"unit":"px","size":"0","sizes":[]},"typography_font_size_tablet":{"unit":"px","size":"20","sizes":[]},"typography_font_size_mobile":{"unit":"px","size":"16","sizes":[]}},"elements":[],"isInner":false,"widgetType":"heading","elType":"widget"},{"id":"d49de09","settings":{"width":{"unit":"px","size":"85","sizes":[]},"align":"center","text":"Divider","color":"#FFFFFF"},"elements":[],"isInner":false,"widgetType":"divider","elType":"widget"},{"id":"747037f5","settings":{"title":"Don\u2019t Miss Out","align":"center","title_color":"#FFFFFF","typography_typography":"custom","typography_font_family":"Montserrat","typography_font_size":{"unit":"px","size":"70","sizes":[]},"typography_font_weight":"700","typography_text_transform":"uppercase","typography_font_style":"normal","typography_text_decoration":"none","typography_line_height":{"unit":"em","size":"1.1","sizes":[]},"typography_letter_spacing":{"unit":"px","size":"-0.7","sizes":[]},"typography_font_size_tablet":{"unit":"px","size":"50","sizes":[]},"typography_font_size_mobile":{"unit":"px","size":"30","sizes":[]}},"elements":[],"isInner":false,"widgetType":"heading","elType":"widget"},{"id":"7baa6fb8","settings":{"title":"ON THE BEST DEALS!","align":"center","title_color":"#FFFFFF","typography_typography":"custom","typography_font_family":"Montserrat","typography_font_size":{"unit":"px","size":"70","sizes":[]},"typography_font_weight":"300","typography_text_transform":"uppercase","typography_font_style":"normal","typography_text_decoration":"none","typography_line_height":{"unit":"em","size":"1.1","sizes":[]},"typography_letter_spacing":{"unit":"px","size":"-1.7","sizes":[]},"typography_font_size_tablet":{"unit":"px","size":"50","sizes":[]},"typography_font_size_mobile":{"unit":"px","size":"30","sizes":[]},"typography_letter_spacing_mobile":{"unit":"px","size":"-1.1","sizes":[]}},"elements":[],"isInner":false,"widgetType":"heading","elType":"widget"},{"id":"238281e9","settings":{"text":"Shop Online","align":"center","_margin":{"unit":"%","top":"3","right":"0","bottom":"0","left":"0","isLinked":""},"button_text_color":"#0361FF","background_color":"#FFFFFF","border_border":"solid","border_width":{"unit":"px","top":"1","right":"1","bottom":"1","left":"1","isLinked":"1"},"border_color":"#FFFFFF","border_radius":{"unit":"px","top":"50","right":"50","bottom":"50","left":"50","isLinked":"1"},"__globals__":{"typography_typography":""},"typography_typography":"custom","typography_font_family":"Montserrat","typography_font_size":{"unit":"px","size":"20","sizes":[]},"typography_font_weight":"400","typography_text_transform":"capitalize","typography_font_style":"normal","typography_text_decoration":"none","typography_line_height":{"unit":"em","size":"1","sizes":[]},"typography_letter_spacing":{"unit":"px","size":"0","sizes":[]},"hover_color":"#FFFFFF","button_background_hover_color":"#02010100","button_hover_border_color":"#FFFFFF","text_padding":{"unit":"px","top":"20","right":"45","bottom":"20","left":"45","isLinked":""},"text_padding_tablet":{"unit":"px","top":"15","right":"30","bottom":"15","left":"30","isLinked":""},"_margin_mobile":{"unit":"%","top":"10","right":"0","bottom":"0","left":"0","isLinked":""},"typography_font_size_mobile":{"unit":"px","size":"16","sizes":[]}},"elements":[],"isInner":false,"widgetType":"button","elType":"widget"}],"isInner":"","elType":"column"}],"isInner":"","elType":"section"},{"id":"71535811","settings":{"content_width":{"unit":"px","size":"1140","sizes":[]},"gap":"no","margin":{"unit":"%","top":"3","right":"0","bottom":"3","left":"0","isLinked":""},"layout":"full_width","content_position":"middle","padding":{"unit":"%","top":"0","right":"5","bottom":"0","left":"5","isLinked":""},"_title":"Footer","margin_mobile":{"unit":"%","top":"10","right":"0","bottom":"10","left":"0","isLinked":""},"padding_mobile":{"unit":"%","top":"0","right":"5","bottom":"0","left":"5","isLinked":""},"_timestamp_":"v1b1BCenZXN2gxUTBqb0JJSWxJTVlPZz09"},"elements":[{"id":"481c4761","settings":{"_column_size":"100","align":"space-between"},"elements":[{"id":"70d56383","settings":{"title":"\u00a9 Putermax. All rights reserved 2021","align":"left","title_color":"#000000","typography_typography":"custom","typography_font_family":"Montserrat","typography_font_size":{"unit":"px","size":"16","sizes":[]},"typography_font_weight":"400","typography_text_transform":"uppercase","typography_font_style":"normal","typography_text_decoration":"none","typography_letter_spacing":{"unit":"px","size":"0","sizes":[]},"header_size":"p","_element_width":"auto","__dynamic__":{"title":"[elementor-tag id=\"5892d2b\" name=\"current-date-time\" settings=\"%7B%22date_format%22%3A%22custom%22%2C%22custom_format%22%3A%22Y%22%2C%22before%22%3A%22%C2%A9%20%22%2C%22after%22%3A%22%20Putermax.%20All%20rights%20reserved%22%7D\"]"},"align_mobile":"center","typography_font_size_tablet":{"unit":"px","size":"14","sizes":[]},"typography_font_size_mobile":{"unit":"px","size":"12","sizes":[]},"_element_width_mobile":"inherit"},"elements":[],"isInner":false,"widgetType":"heading","elType":"widget"},{"id":"2ec9a036","settings":{"social_icon_list":[{"social_icon":{"value":"fab fa-facebook-f","library":"fa-brands"},"_id":"22ca479"},{"social_icon":{"value":"fab fa-instagram","library":"fa-brands"},"_id":"61b5178"},{"social_icon":{"value":"fab fa-twitter","library":"fa-brands"},"_id":"a3465fc"}],"align":"right","icon_color":"custom","icon_primary_color":"#02010100","icon_secondary_color":"#161616","icon_size":{"unit":"px","size":"16","sizes":[]},"icon_padding":{"unit":"em","size":"0","sizes":[]},"icon_spacing":{"unit":"px","size":"25","sizes":[]},"hover_secondary_color":"#0361FF","align_mobile":"center","_margin_mobile":{"unit":"%","top":"4","right":"0","bottom":"0","left":"0","isLinked":""},"_element_width":"auto","_element_width_mobile":"inherit","row_gap":{"unit":"px","size":"0","sizes":[]}},"elements":[],"isInner":false,"widgetType":"social-icons","elType":"widget"}],"isInner":"","elType":"column"}],"isInner":"","elType":"section"}]}