{"version":"0.4","title":"17284","type":"page","content":[{"id":"6c55e9bc","settings":{"layout":"full_width","gap":"no","custom_height":{"unit":"vh","size":"100","sizes":[]},"column_position":"stretch","content_position":"middle","background_background":"classic","background_color":"#EAE7E1","margin":{"unit":"%","top":"","right":"0","bottom":"","left":"0","isLinked":"1"},"overflow":"hidden","padding":{"unit":"%","top":"5","right":"0","bottom":"5","left":"0","isLinked":""},"padding_tablet":{"unit":"%","top":"5","right":"0","bottom":"10","left":"0","isLinked":""},"_title":"Hero","padding_mobile":{"unit":"%","top":"5","right":"0","bottom":"20","left":"0","isLinked":""},"_timestamp_":"v1b1BCenZXN2gxUTBqb0JJSWxJTVlPZz09"},"elements":[{"id":"35add089","settings":{"_column_size":"100","align":"center"},"elements":[{"id":"3ead8a03","settings":{"space":{"unit":"px","size":"700","sizes":[]},"motion_fx_rotateZ_affectedRange":{"unit":"%","size":"","sizes":{"start":"0","end":"0"}},"_background_background":"classic","_background_color":"#F3F1EC","_border_radius":{"unit":"px","top":"800","right":"800","bottom":"800","left":"800","isLinked":"1"},"_element_width":"initial","_element_custom_width":{"unit":"px","size":"260","sizes":[]},"_position":"absolute","_offset_x":{"unit":"px","size":"-180","sizes":[]},"_offset_y":{"unit":"px","size":"-80","sizes":[]},"motion_fx_motion_fx_scrolling":"yes","motion_fx_rotateZ_effect":"yes","motion_fx_rotateZ_speed":{"unit":"px","size":"1.1","sizes":[]},"space_tablet":{"unit":"px","size":"500","sizes":[]},"space_mobile":{"unit":"px","size":"360","sizes":[]},"_element_width_tablet":"initial","_element_width_mobile":"initial","_element_custom_width_tablet":{"unit":"px","size":"150","sizes":[]},"_element_custom_width_mobile":{"unit":"px","size":"100","sizes":[]},"_offset_x_tablet":{"unit":"px","size":"-50","sizes":[]},"_offset_y_tablet":{"unit":"px","size":"0","sizes":[]}},"elements":[],"isInner":false,"widgetType":"spacer","elType":"widget"},{"id":"5c3e80a2","settings":{"space":{"unit":"px","size":"1200","sizes":[]},"motion_fx_rotateZ_affectedRange":{"unit":"%","size":"","sizes":{"start":"0","end":"0"}},"_background_background":"classic","_background_color":"#F3F1EC","_border_radius":{"unit":"px","top":"800","right":"800","bottom":"800","left":"800","isLinked":"1"},"_element_width":"initial","_element_custom_width":{"unit":"px","size":"260","sizes":[]},"_position":"absolute","_offset_x":{"unit":"px","size":"","sizes":[]},"_offset_y":{"unit":"px","size":"","sizes":[]},"motion_fx_motion_fx_scrolling":"yes","motion_fx_rotateZ_effect":"yes","motion_fx_rotateZ_speed":{"unit":"px","size":"1.1","sizes":[]},"space_tablet":{"unit":"px","size":"500","sizes":[]},"space_mobile":{"unit":"px","size":"360","sizes":[]},"_element_width_tablet":"initial","_element_width_mobile":"initial","_element_custom_width_tablet":{"unit":"px","size":"150","sizes":[]},"_element_custom_width_mobile":{"unit":"px","size":"100","sizes":[]}},"elements":[],"isInner":false,"widgetType":"spacer","elType":"widget"},{"id":"3154f17","settings":{"space":{"unit":"px","size":"700","sizes":[]},"motion_fx_rotateZ_affectedRange":{"unit":"%","size":"","sizes":{"start":"0","end":"0"}},"_background_background":"classic","_background_color":"#F3F1EC","_border_radius":{"unit":"px","top":"800","right":"800","bottom":"800","left":"800","isLinked":"1"},"_element_width":"initial","_element_custom_width":{"unit":"px","size":"260","sizes":[]},"_position":"absolute","_offset_x":{"unit":"px","size":"-180","sizes":[]},"_offset_y":{"unit":"px","size":"195","sizes":[]},"motion_fx_motion_fx_scrolling":"yes","motion_fx_rotateZ_effect":"yes","motion_fx_rotateZ_speed":{"unit":"px","size":"1.1","sizes":[]},"space_tablet":{"unit":"px","size":"500","sizes":[]},"space_mobile":{"unit":"px","size":"360","sizes":[]},"_element_width_tablet":"initial","_element_width_mobile":"initial","_element_custom_width_tablet":{"unit":"px","size":"150","sizes":[]},"_element_custom_width_mobile":{"unit":"px","size":"100","sizes":[]},"_offset_x_tablet":{"unit":"px","size":"-51","sizes":[]},"_offset_y_tablet":{"unit":"px","size":"0","sizes":[]},"_offset_orientation_h":"end","_offset_x_end":{"unit":"px","size":"-180","sizes":[]},"_offset_orientation_v":"end","_offset_x_end_tablet":{"unit":"px","size":"-50","sizes":[]}},"elements":[],"isInner":false,"widgetType":"spacer","elType":"widget"},{"id":"6838e36e","settings":{"layout":"full_width","gap":"no","margin":{"unit":"px","top":"0","right":"0","bottom":"0","left":"0","isLinked":""},"padding":{"unit":"%","top":"0","right":"12","bottom":"0","left":"12","isLinked":""},"z_index":"1","padding_tablet":{"unit":"%","top":"0","right":"10","bottom":"0","left":"10","isLinked":""}},"elements":[{"id":"db66060","settings":{"_column_size":"100","align":"center","space_between_widgets":"50","space_between_widgets_mobile":"30"},"elements":[{"id":"3f73894e","settings":{"image":{"id":16851,"url":"http:\/\/library.elementor.com\/lp\/wp-content\/uploads\/2021\/01\/28_Dietitian-Logo.png"},"image_size":"full","width":{"unit":"px","size":"207","sizes":[]},"width_tablet":{"unit":"px","size":"","sizes":[]},"width_mobile":{"unit":"px","size":"145","sizes":[]}},"elements":[],"isInner":false,"widgetType":"image","elType":"widget"},{"id":"1867af0e","settings":{"title":"Want to lose weight &amp; lead a healthy lifestyle?<br> Book a free online initial nutrition consultation now","header_size":"h1","align":"center","title_color":"#044E49","typography_typography":"custom","typography_font_family":"Questrial","typography_font_size":{"unit":"px","size":"55","sizes":[]},"typography_font_weight":"400","typography_text_transform":"none","typography_font_style":"normal","typography_text_decoration":"none","typography_line_height":{"unit":"em","size":"1","sizes":[]},"typography_letter_spacing":{"unit":"px","size":"1.69","sizes":[]},"_margin":{"unit":"%","top":"6","right":"0","bottom":"0","left":"0","isLinked":""},"typography_font_size_tablet":{"unit":"px","size":"45","sizes":[]},"typography_font_size_mobile":{"unit":"px","size":"32","sizes":[]},"_margin_mobile":{"unit":"px","top":"0","right":"0","bottom":"0","left":"0","isLinked":""}},"elements":[],"isInner":false,"widgetType":"heading","elType":"widget"},{"id":"1e19f332","settings":{"form_name":"Contact Form","form_fields":[{"custom_id":"name","field_label":"Name","placeholder":"Name","width":"33","_id":"76f98ba","rows":"4","previous_button":"","next_button":"","file_sizes":"","file_types":"","allow_multiple_upload":"","max_files":"","acceptance_text":"","checked_by_default":"","field_min":"","field_max":"","min_date":"","max_date":"","use_native_date":"","use_native_time":""},{"custom_id":"email","field_type":"email","required":"true","field_label":"Email","placeholder":"Email","width":"33","_id":"66b3954","rows":"4","previous_button":"","next_button":"","file_sizes":"","file_types":"","allow_multiple_upload":"","max_files":"","acceptance_text":"","checked_by_default":"","field_min":"","field_max":"","min_date":"","max_date":"","use_native_date":"","use_native_time":""}],"show_labels":"","button_width":"33","step_next_label":"Next","step_previous_label":"Previous","button_text":"Let\u2019s Talk  ","email_content":"[all-fields]","email_content_2":"[all-fields]","success_message":"The form was sent successfully.","error_message":"An error occurred.","required_field_message":"This field is required.","invalid_message":"There's something wrong. The form is invalid.","_element_width":"initial","_element_custom_width":{"unit":"%","size":"70","sizes":[]},"input_size":"md","button_size":"md","column_gap":{"unit":"px","size":"18","sizes":[]},"field_text_color":"#A19E98","field_typography_typography":"custom","field_typography_font_family":"Questrial","field_typography_font_size":{"unit":"px","size":"16","sizes":[]},"field_typography_font_weight":"400","field_typography_text_transform":"capitalize","field_typography_font_style":"normal","field_typography_text_decoration":"none","field_typography_letter_spacing":{"unit":"px","size":"0.49","sizes":[]},"field_border_width":{"unit":"px","top":"0","right":"0","bottom":"0","left":"0","isLinked":""},"field_border_radius":{"unit":"px","top":"0","right":"0","bottom":"0","left":"0","isLinked":""},"button_typography_typography":"custom","button_typography_font_family":"Questrial","button_typography_font_size":{"unit":"px","size":"16","sizes":[]},"button_typography_font_weight":"400","button_typography_text_transform":"uppercase","button_typography_font_style":"normal","button_typography_text_decoration":"none","button_typography_line_height":{"unit":"em","size":"1","sizes":[]},"button_typography_letter_spacing":{"unit":"px","size":"0.49","sizes":[]},"button_border_border":"solid","button_border_width":{"unit":"px","top":"1","right":"1","bottom":"1","left":"1","isLinked":"1"},"button_background_color":"#044E49","button_border_color":"#044E49","button_background_hover_color":"#02010100","button_hover_color":"#044E49","button_hover_border_color":"#044E49","button_border_radius":{"unit":"px","top":"0","right":"0","bottom":"0","left":"0","isLinked":""},"success_message_color":"#141414","error_message_color":"#141414","inline_message_color":"#141414","_element_width_tablet":"inherit","field_typography_font_size_mobile":{"unit":"px","size":"14","sizes":[]},"message_typography_typography":"custom","message_typography_font_family":"Roboto","message_typography_font_weight":"400"},"elements":[],"isInner":false,"widgetType":"form","elType":"widget"}],"isInner":"1","elType":"column"}],"isInner":"1","elType":"section"},{"id":"7f1215bd","settings":{"content_width":{"unit":"px","size":"546","sizes":[]},"gap":"no","height_inner":"min-height","custom_height_inner":{"unit":"px","size":"393","sizes":[]},"margin":{"unit":"%","top":"4","right":"0","bottom":"0","left":"0","isLinked":""},"z_index":"1","custom_height_inner_tablet":{"unit":"px","size":"280","sizes":[]},"margin_tablet":{"unit":"%","top":"8","right":"0","bottom":"0","left":"0","isLinked":""},"padding_tablet":{"unit":"%","top":"0","right":"25","bottom":"0","left":"25","isLinked":""},"custom_height_inner_mobile":{"unit":"px","size":"220","sizes":[]},"margin_mobile":{"unit":"%","top":"30","right":"0","bottom":"0","left":"0","isLinked":""},"padding_mobile":{"unit":"%","top":"0","right":"10","bottom":"0","left":"10","isLinked":""}},"elements":[{"id":"60f8c2fc","settings":{"_column_size":"100","align":"space-between","space_between_widgets":"0","background_background":"classic","background_image":{"id":16857,"url":"http:\/\/library.elementor.com\/lp\/wp-content\/uploads\/2021\/01\/28_Dietitian-Hero-img_1.jpg"},"background_position":"center center","background_repeat":"no-repeat","background_size":"cover","border_radius":{"unit":"px","top":"12","right":"12","bottom":"12","left":"12","isLinked":"1"},"box_shadow_box_shadow_type":"yes","box_shadow_box_shadow":{"horizontal":"6","vertical":"6","blur":"17","spread":"0","color":"rgba(0, 0, 0, 0.15)"}},"elements":[{"id":"55098dce","settings":{"image":{"id":16853,"url":"http:\/\/library.elementor.com\/lp\/wp-content\/uploads\/2021\/01\/28_Dietitian-Hero-img_2.jpg"},"image_size":"full","image_border_radius":{"unit":"px","top":"25","right":"25","bottom":"25","left":"25","isLinked":"1"},"image_box_shadow_box_shadow_type":"yes","image_box_shadow_box_shadow":{"horizontal":"6","vertical":"6","blur":"17","spread":"0","color":"rgba(0, 0, 0, 0.15)"},"motion_fx_rotateZ_effect":"yes","motion_fx_rotateZ_direction":"negative","motion_fx_rotateZ_speed":{"unit":"px","size":"4","sizes":[]},"motion_fx_rotateZ_affectedRange":{"unit":"%","size":"","sizes":{"start":"50","end":"99"}},"_animation":"zoomIn","animation_duration":"slow","_animation_delay":"400","_element_width":"auto","_position":"absolute","_offset_x":{"unit":"px","size":"-80","sizes":[]},"_offset_orientation_v":"end","_offset_y_end":{"unit":"px","size":"80","sizes":[]},"width_tablet":{"unit":"px","size":"100","sizes":[]},"image_border_radius_tablet":{"unit":"px","top":"15","right":"15","bottom":"15","left":"15","isLinked":"1"},"_offset_x_tablet":{"unit":"px","size":"-65","sizes":[]},"_offset_y_end_tablet":{"unit":"px","size":"45","sizes":[]},"width_mobile":{"unit":"px","size":"80","sizes":[]},"_offset_x_mobile":{"unit":"px","size":"20","sizes":[]},"_offset_y_end_mobile":{"unit":"px","size":"-40","sizes":[]}},"elements":[],"isInner":false,"widgetType":"image","elType":"widget"},{"id":"2b644928","settings":{"image":{"id":16855,"url":"http:\/\/library.elementor.com\/lp\/wp-content\/uploads\/2021\/01\/28_Dietitian-Hero-img_3.jpg"},"image_size":"full","image_border_radius":{"unit":"px","top":"25","right":"25","bottom":"25","left":"25","isLinked":"1"},"image_box_shadow_box_shadow_type":"yes","image_box_shadow_box_shadow":{"horizontal":"6","vertical":"6","blur":"17","spread":"0","color":"rgba(0, 0, 0, 0.15)"},"motion_fx_motion_fx_scrolling":"yes","motion_fx_rotateZ_effect":"yes","motion_fx_rotateZ_direction":"negative","motion_fx_rotateZ_speed":{"unit":"px","size":"5","sizes":[]},"motion_fx_rotateZ_affectedRange":{"unit":"%","size":"","sizes":{"start":"50","end":"99"}},"motion_fx_scale_effect":"yes","motion_fx_scale_range":{"unit":"%","size":"","sizes":{"start":"50","end":"80"}},"_animation":"zoomIn","_element_width":"auto","_position":"absolute","_offset_orientation_h":"end","_offset_x_end":{"unit":"px","size":"-80","sizes":[]},"_offset_y":{"unit":"px","size":"30","sizes":[]},"width_tablet":{"unit":"px","size":"120","sizes":[]},"image_border_radius_tablet":{"unit":"px","top":"15","right":"15","bottom":"15","left":"15","isLinked":"1"},"_offset_x_end_tablet":{"unit":"px","size":"-65","sizes":[]},"width_mobile":{"unit":"px","size":"100","sizes":[]},"_offset_x_end_mobile":{"unit":"px","size":"20","sizes":[]},"_offset_y_mobile":{"unit":"px","size":"-70","sizes":[]},"motion_fx_devices":["desktop","tablet"]},"elements":[],"isInner":false,"widgetType":"image","elType":"widget"}],"isInner":"1","elType":"column"}],"isInner":"1","elType":"section"}],"isInner":"","elType":"column"}],"isInner":"","elType":"section"},{"id":"41cc5e75","settings":{"content_width":{"unit":"px","size":"1340","sizes":[]},"gap":"no","content_position":"middle","structure":"20","margin":{"unit":"%","top":"15","right":"0","bottom":"0","left":"0","isLinked":""},"margin_tablet":{"unit":"%","top":"20","right":"0","bottom":"0","left":"0","isLinked":""},"margin_mobile":{"unit":"%","top":"35","right":"0","bottom":"0","left":"0","isLinked":""},"padding_tablet":{"unit":"%","top":"0","right":"10","bottom":"0","left":"10","isLinked":""},"_title":"About","layout":"full_width","padding":{"unit":"%","top":"0","right":"12","bottom":"0","left":"12","isLinked":""},"_timestamp_":"v1b1BCenZXN2gxUTBqb0JJSWxJTVlPZz09"},"elements":[{"id":"533b3a87","settings":{"_column_size":"50","padding":{"unit":"%","top":"0","right":"30","bottom":"0","left":"0","isLinked":""},"margin_mobile":{"unit":"%","top":"","right":"","bottom":"","left":"","isLinked":"1"},"padding_tablet":{"unit":"px","top":"0","right":"0","bottom":"0","left":"0","isLinked":""}},"elements":[{"id":"7a27853","settings":{"title":"One-on-one coaching online\u2028 to achieve your nutrition and\u2028 health goals","title_color":"#044E49","_margin":{"unit":"%","top":"","right":"","bottom":"","left":"","isLinked":"1"},"__globals__":{"typography_typography":""},"typography_typography":"custom","typography_font_family":"Questrial","typography_font_size":{"unit":"px","size":"36","sizes":[]},"typography_font_size_tablet":{"unit":"px","size":"26","sizes":[]},"typography_font_weight":"400","typography_text_transform":"none","typography_font_style":"normal","typography_text_decoration":"none","typography_line_height":{"unit":"em","size":"1","sizes":[]},"typography_letter_spacing":{"unit":"px","size":"1.11","sizes":[]}},"elements":[],"isInner":false,"widgetType":"heading","elType":"widget"},{"id":"7e976cfe","settings":{"editor":"Whether you have a medical condition that requires specialised nutritional intervention, you want to lose weight, or you need to adapt to a long-term healthy lifestyle, together we can reach your goals. Take action today and develop a sustainable and enjoyable diet plan with expert nutrition counseling online, that fits your busy schedule.","text_color":"#141414","__globals__":{"typography_typography":""},"typography_typography":"custom","typography_font_family":"Questrial","typography_font_size":{"unit":"px","size":"16","sizes":[]},"typography_font_size_tablet":{"unit":"px","size":"14","sizes":[]},"typography_font_weight":"400","typography_text_transform":"none","typography_font_style":"normal","typography_text_decoration":"none","typography_line_height":{"unit":"em","size":"1.4","sizes":[]},"typography_letter_spacing":{"unit":"px","size":"1","sizes":[]}},"elements":[],"isInner":false,"widgetType":"text-editor","elType":"widget"}],"isInner":"","elType":"column"},{"id":"5c5a246a","settings":{"_column_size":"50","padding":{"unit":"%","top":"","right":"","bottom":"","left":"","isLinked":"1"},"margin_mobile":{"unit":"%","top":"10","right":"0","bottom":"0","left":"0","isLinked":""},"padding_tablet":{"unit":"%","top":"0","right":"0","bottom":"0","left":"15","isLinked":""},"padding_mobile":{"unit":"%","top":"0","right":"10","bottom":"0","left":"10","isLinked":""},"space_between_widgets":"0"},"elements":[{"id":"47b4bc81","settings":{"space":{"unit":"px","size":"500","sizes":[]},"motion_fx_rotateZ_affectedRange":{"unit":"%","size":"","sizes":{"start":"0","end":"0"}},"_background_background":"classic","_background_color":"#EAE7E1","_border_radius":{"unit":"px","top":"100","right":"100","bottom":"100","left":"100","isLinked":"1"},"_element_width":"initial","_element_custom_width":{"unit":"px","size":"145","sizes":[]},"_position":"absolute","_offset_y":{"unit":"px","size":"-155","sizes":[]},"motion_fx_motion_fx_scrolling":"yes","motion_fx_rotateZ_effect":"yes","motion_fx_rotateZ_speed":{"unit":"px","size":"1.1","sizes":[]},"_offset_y_end":{"unit":"px","size":"90","sizes":[]},"space_tablet":{"unit":"px","size":"200","sizes":[]},"_element_width_tablet":"initial","_element_custom_width_tablet":{"unit":"px","size":"70","sizes":[]},"_element_custom_width_mobile":{"unit":"px","size":"45","sizes":[]},"_offset_x_tablet":{"unit":"px","size":"0","sizes":[]},"_offset_orientation_h":"end","_offset_x_mobile":{"unit":"px","size":"-15","sizes":[]},"_offset_x_end":{"unit":"px","size":"325","sizes":[]},"_animation":"fadeInRight","_offset_x_end_tablet":{"unit":"px","size":"175","sizes":[]},"_offset_y_tablet":{"unit":"px","size":"-30","sizes":[]},"_offset_x_end_mobile":{"unit":"px","size":"145","sizes":[]},"_offset_y_mobile":{"unit":"px","size":"-55","sizes":[]}},"elements":[],"isInner":false,"widgetType":"spacer","elType":"widget"},{"id":"22010b95","settings":{"image":{"id":16859,"url":"http:\/\/library.elementor.com\/lp\/wp-content\/uploads\/2021\/01\/28_Dietitian-About.jpg"},"image_size":"full","align":"right","image_border_radius":{"unit":"px","top":"12","right":"12","bottom":"12","left":"12","isLinked":"1"},"_z_index":"1","image_box_shadow_box_shadow_type":"yes","image_box_shadow_box_shadow":{"horizontal":"6","vertical":"6","blur":"17","spread":"0","color":"rgba(0, 0, 0, 0.15)"}},"elements":[],"isInner":false,"widgetType":"image","elType":"widget"}],"isInner":"","elType":"column"}],"isInner":"","elType":"section"},{"id":"7a577b5c","settings":{"layout":"full_width","gap":"no","height":"min-height","structure":"30","background_background":"classic","background_color":"#EAE7E1","padding":{"unit":"%","top":"0","right":"12","bottom":"0","left":"12","isLinked":""},"margin":{"unit":"%","top":"15","right":"0","bottom":"0","left":"0","isLinked":""},"_title":"Good Points","margin_tablet":{"unit":"%","top":"20","right":"0","bottom":"0","left":"0","isLinked":""},"padding_tablet":{"unit":"%","top":"0","right":"10","bottom":"0","left":"10","isLinked":""},"margin_mobile":{"unit":"%","top":"35","right":"0","bottom":"0","left":"0","isLinked":""},"padding_mobile":{"unit":"%","top":"20","right":"10","bottom":"20","left":"10","isLinked":""},"_timestamp_":"v1b1BCenZXN2gxUTBqb0JJSWxJTVlPZz09"},"elements":[{"id":"3b97ff31","settings":{"_column_size":"33","margin":{"unit":"%","top":"0","right":"10","bottom":"0","left":"0","isLinked":""},"animation":"fadeIn","margin_mobile":{"unit":"px","top":"0","right":"0","bottom":"0","left":"0","isLinked":""}},"elements":[{"id":"63fe8f07","settings":{"selected_icon":{"value":{"id":16861,"url":"http:\/\/library.elementor.com\/lp\/wp-content\/uploads\/2021\/01\/28_Dietitian-Check.svg"},"library":"svg"},"title_text":"Lifestyle Change ","description_text":"Learn how to change your bad habits and adopt new ones for better health and weight management","primary_color":"#044E49","icon_space":{"unit":"px","size":"-15","sizes":[]},"icon_size":{"unit":"px","size":"86","sizes":[]},"title_color":"#044E49","description_color":"#141414","__globals__":{"description_typography_typography":"","title_typography_typography":""},"title_bottom_space":{"unit":"px","size":"12","sizes":[]},"icon_size_tablet":{"unit":"px","size":"50","sizes":[]},"title_typography_typography":"custom","title_typography_font_family":"Questrial","title_typography_font_size":{"unit":"px","size":"24","sizes":[]},"title_typography_font_size_tablet":{"unit":"px","size":"20","sizes":[]},"title_typography_font_weight":"400","title_typography_text_transform":"capitalize","title_typography_font_style":"normal","title_typography_text_decoration":"none","title_typography_letter_spacing":{"unit":"px","size":"0.74","sizes":[]},"description_typography_typography":"custom","description_typography_font_family":"Questrial","description_typography_font_size":{"unit":"px","size":"16","sizes":[]},"description_typography_font_size_tablet":{"unit":"px","size":"14","sizes":[]},"description_typography_font_weight":"400","description_typography_text_transform":"none","description_typography_font_style":"normal","description_typography_text_decoration":"none","description_typography_line_height":{"unit":"em","size":"1.4","sizes":[]},"description_typography_letter_spacing":{"unit":"px","size":"1","sizes":[]}},"elements":[],"isInner":false,"widgetType":"icon-box","elType":"widget"}],"isInner":"","elType":"column"},{"id":"71170b37","settings":{"_column_size":"33","margin":{"unit":"%","top":"0","right":"5","bottom":"0","left":"5","isLinked":""},"animation":"fadeIn","animation_delay":"200","margin_mobile":{"unit":"%","top":"10","right":"0","bottom":"0","left":"0","isLinked":""}},"elements":[{"id":"28756542","settings":{"selected_icon":{"value":{"id":16861,"url":"http:\/\/library.elementor.com\/lp\/wp-content\/uploads\/2021\/01\/28_Dietitian-Check.svg"},"library":"svg"},"title_text":"Weight Loss","description_text":"Reach your weight goals and transform your body through a healthy that will produce lasting results","primary_color":"#044E49","icon_space":{"unit":"px","size":"-15","sizes":[]},"icon_size":{"unit":"px","size":"86","sizes":[]},"title_color":"#044E49","description_color":"#141414","__globals__":{"description_typography_typography":"","title_typography_typography":""},"title_bottom_space":{"unit":"px","size":"12","sizes":[]},"icon_size_tablet":{"unit":"px","size":"50","sizes":[]},"title_typography_typography":"custom","title_typography_font_family":"Questrial","title_typography_font_size":{"unit":"px","size":"24","sizes":[]},"title_typography_font_size_tablet":{"unit":"px","size":"20","sizes":[]},"title_typography_font_weight":"400","title_typography_text_transform":"capitalize","title_typography_font_style":"normal","title_typography_text_decoration":"none","title_typography_letter_spacing":{"unit":"px","size":"0.74","sizes":[]},"description_typography_typography":"custom","description_typography_font_family":"Questrial","description_typography_font_size":{"unit":"px","size":"16","sizes":[]},"description_typography_font_size_tablet":{"unit":"px","size":"14","sizes":[]},"description_typography_font_weight":"400","description_typography_text_transform":"none","description_typography_font_style":"normal","description_typography_text_decoration":"none","description_typography_line_height":{"unit":"em","size":"1.4","sizes":[]},"description_typography_letter_spacing":{"unit":"px","size":"1","sizes":[]}},"elements":[],"isInner":false,"widgetType":"icon-box","elType":"widget"}],"isInner":"","elType":"column"},{"id":"5f40fb30","settings":{"_column_size":"33","margin":{"unit":"%","top":"0","right":"0","bottom":"0","left":"10","isLinked":""},"animation":"fadeIn","animation_delay":"400","margin_mobile":{"unit":"%","top":"10","right":"0","bottom":"0","left":"0","isLinked":""}},"elements":[{"id":"4f5d9c4d","settings":{"selected_icon":{"value":{"id":16861,"url":"http:\/\/library.elementor.com\/lp\/wp-content\/uploads\/2021\/01\/28_Dietitian-Check.svg"},"library":"svg"},"title_text":"Medical Conditions","description_text":"Get professional nutrition counseling and support to manage health issues and eating disorder problems   ","primary_color":"#044E49","icon_space":{"unit":"px","size":"-15","sizes":[]},"icon_size":{"unit":"px","size":"86","sizes":[]},"title_color":"#044E49","description_color":"#141414","__globals__":{"description_typography_typography":"","title_typography_typography":""},"title_bottom_space":{"unit":"px","size":"12","sizes":[]},"icon_size_tablet":{"unit":"px","size":"50","sizes":[]},"title_typography_typography":"custom","title_typography_font_family":"Questrial","title_typography_font_size":{"unit":"px","size":"24","sizes":[]},"title_typography_font_size_tablet":{"unit":"px","size":"20","sizes":[]},"title_typography_font_weight":"400","title_typography_text_transform":"capitalize","title_typography_font_style":"normal","title_typography_text_decoration":"none","title_typography_letter_spacing":{"unit":"px","size":"0.74","sizes":[]},"description_typography_typography":"custom","description_typography_font_family":"Questrial","description_typography_font_size":{"unit":"px","size":"16","sizes":[]},"description_typography_font_size_tablet":{"unit":"px","size":"14","sizes":[]},"description_typography_font_weight":"400","description_typography_text_transform":"none","description_typography_font_style":"normal","description_typography_text_decoration":"none","description_typography_line_height":{"unit":"em","size":"1.4","sizes":[]},"description_typography_letter_spacing":{"unit":"px","size":"1","sizes":[]}},"elements":[],"isInner":false,"widgetType":"icon-box","elType":"widget"}],"isInner":"","elType":"column"}],"isInner":"","elType":"section"},{"id":"654f7a02","settings":{"content_width":{"unit":"px","size":"1340","sizes":[]},"gap":"no","content_position":"middle","structure":"20","margin":{"unit":"%","top":"15","right":"0","bottom":"0","left":"0","isLinked":""},"margin_tablet":{"unit":"%","top":"","right":"0","bottom":"","left":"0","isLinked":"1"},"margin_mobile":{"unit":"%","top":"35","right":"0","bottom":"0","left":"0","isLinked":""},"padding_tablet":{"unit":"%","top":"0","right":"10","bottom":"0","left":"10","isLinked":""},"reverse_order_mobile":"reverse-mobile","_title":"About Me","layout":"full_width","padding":{"unit":"%","top":"0","right":"12","bottom":"0","left":"12","isLinked":""},"reverse_order_tablet":"reverse-tablet","_timestamp_":"v1b1BCenZXN2gxUTBqb0JJSWxJTVlPZz09"},"elements":[{"id":"491e6931","settings":{"_column_size":"50","padding":{"unit":"%","top":"","right":"","bottom":"","left":"","isLinked":"1"},"margin_mobile":{"unit":"%","top":"20","right":"0","bottom":"0","left":"0","isLinked":""},"padding_tablet":{"unit":"%","top":"0","right":"40","bottom":"0","left":"0","isLinked":""},"padding_mobile":{"unit":"%","top":"0","right":"10","bottom":"0","left":"10","isLinked":""},"space_between_widgets":"0","_inline_size_tablet":"100","margin_tablet":{"unit":"%","top":"10","right":"0","bottom":"0","left":"0","isLinked":""}},"elements":[{"id":"23fbd1c2","settings":{"space":{"unit":"px","size":"500","sizes":[]},"motion_fx_rotateZ_affectedRange":{"unit":"%","size":"","sizes":{"start":"0","end":"0"}},"_background_background":"classic","_background_color":"#EAE7E1","_border_radius":{"unit":"px","top":"100","right":"100","bottom":"100","left":"100","isLinked":"1"},"_element_width":"initial","_element_custom_width":{"unit":"px","size":"145","sizes":[]},"_position":"absolute","_offset_x":{"unit":"px","size":"300","sizes":[]},"_offset_y":{"unit":"px","size":"-155","sizes":[]},"motion_fx_motion_fx_scrolling":"yes","motion_fx_rotateZ_effect":"yes","motion_fx_rotateZ_speed":{"unit":"px","size":"1.1","sizes":[]},"_offset_y_end":{"unit":"px","size":"-140","sizes":[]},"space_tablet":{"unit":"px","size":"350","sizes":[]},"space_mobile":{"unit":"px","size":"250","sizes":[]},"_element_width_tablet":"initial","_element_width_mobile":"initial","_element_custom_width_tablet":{"unit":"px","size":"100","sizes":[]},"_element_custom_width_mobile":{"unit":"px","size":"90","sizes":[]},"_offset_x_tablet":{"unit":"px","size":"230","sizes":[]},"_offset_x_mobile":{"unit":"px","size":"110","sizes":[]},"_animation":"fadeInLeft","_offset_orientation_v":"end","_offset_y_end_tablet":{"unit":"px","size":"-100","sizes":[]},"_offset_y_end_mobile":{"unit":"px","size":"-75","sizes":[]}},"elements":[],"isInner":false,"widgetType":"spacer","elType":"widget"},{"id":"4774ed8f","settings":{"image":{"id":16863,"url":"http:\/\/library.elementor.com\/lp\/wp-content\/uploads\/2021\/01\/28_Dietitian-AboutMe.jpg"},"image_size":"full","align":"left","image_border_radius":{"unit":"px","top":"12","right":"12","bottom":"12","left":"12","isLinked":"1"},"_z_index":"1","image_box_shadow_box_shadow_type":"yes","image_box_shadow_box_shadow":{"horizontal":"6","vertical":"6","blur":"17","spread":"0","color":"rgba(0, 0, 0, 0.15)"}},"elements":[],"isInner":false,"widgetType":"image","elType":"widget"}],"isInner":"","elType":"column"},{"id":"7d0dc430","settings":{"_column_size":"50","padding":{"unit":"%","top":"0","right":"0","bottom":"0","left":"25","isLinked":""},"margin_mobile":{"unit":"%","top":"","right":"","bottom":"","left":"","isLinked":"1"},"padding_tablet":{"unit":"px","top":"0","right":"0","bottom":"0","left":"0","isLinked":""},"space_between_widgets":"8","_inline_size_tablet":"100","margin_tablet":{"unit":"%","top":"","right":"","bottom":"","left":"","isLinked":"1"}},"elements":[{"id":"749e5e6","settings":{"title":"Ada Wagner,\n","title_color":"#044E49","typography_typography":"custom","typography_font_family":"Questrial","typography_font_size":{"unit":"px","size":"36","sizes":[]},"typography_font_weight":"400","typography_text_transform":"none","typography_font_style":"normal","typography_text_decoration":"none","typography_line_height":{"unit":"em","size":"1","sizes":[]},"typography_letter_spacing":{"unit":"px","size":"1.11","sizes":[]},"_margin":{"unit":"%","top":"","right":"","bottom":"","left":"","isLinked":"1"},"typography_font_size_tablet":{"unit":"px","size":"26","sizes":[]},"__globals__":{"typography_typography":""}},"elements":[],"isInner":false,"widgetType":"heading","elType":"widget"},{"id":"4e351136","settings":{"title":"Registered Dietitian ","title_color":"#9CBCBA","typography_typography":"custom","typography_font_family":"Questrial","typography_font_size":{"unit":"px","size":"22","sizes":[]},"typography_font_weight":"400","typography_text_transform":"capitalize","typography_font_style":"normal","typography_text_decoration":"none","typography_line_height":{"unit":"em","size":"1","sizes":[]},"typography_letter_spacing":{"unit":"px","size":"0.68","sizes":[]},"_margin":{"unit":"%","top":"","right":"","bottom":"","left":"","isLinked":"1"},"header_size":"h4","typography_font_size_tablet":{"unit":"px","size":"18","sizes":[]}},"elements":[],"isInner":false,"widgetType":"heading","elType":"widget"},{"id":"17e3b90f","settings":{"editor":"<p>Lorem ipsum dolor sit amet, te has solet postea. Voluptua quaestio dissentias has ex, no eum aliquid tibique petentium, agam mucius liberavisse eos id. Ut sea accumsan interpretaris, viderer pertinax repudiandae ne ius, qui ne porro insolens instructior. Graece euripidis instructior an vix, eum et equidem Lorem ipsum dolor sit amet, consectet adipiscing\u00a0elit,sed do eiusm por incididunt ut labore et dolore magna aliqua. Ut enim ad minim veniam, quis nostrud exercitation ullamco laboris nisi ut aliquip ex ea sint occae.<\/p>","text_color":"#141414","__globals__":{"typography_typography":""},"_margin":{"unit":"%","top":"5","right":"0","bottom":"0","left":"0","isLinked":""},"typography_typography":"custom","typography_font_family":"Questrial","typography_font_size":{"unit":"px","size":"16","sizes":[]},"typography_font_size_tablet":{"unit":"px","size":"14","sizes":[]},"typography_font_weight":"400","typography_text_transform":"none","typography_font_style":"normal","typography_text_decoration":"none","typography_line_height":{"unit":"em","size":"1.4","sizes":[]},"typography_letter_spacing":{"unit":"px","size":"1","sizes":[]},"_margin_tablet":{"unit":"%","top":"3","right":"0","bottom":"0","left":"0","isLinked":""},"_margin_mobile":{"unit":"%","top":"5","right":"0","bottom":"0","left":"0","isLinked":""}},"elements":[],"isInner":false,"widgetType":"text-editor","elType":"widget"},{"id":"4d3f780d","settings":{"selected_icon":{"value":{"id":16865,"url":"http:\/\/library.elementor.com\/lp\/wp-content\/uploads\/2021\/01\/28_Dietitian-Quotation.svg"},"library":"svg"},"title_text":"My goal is help heal your relationship with food and commit to a healthier lifestyle. Together I want us to not only achieve your nutrition goals, but find sustainable ways for you to adopt and maintain healthy habits for long-term results.","description_text":"","title_size":"p","primary_color":"#EAE7E1","icon_space":{"unit":"px","size":"0","sizes":[]},"icon_size":{"unit":"px","size":"56","sizes":[]},"text_align":"left","title_bottom_space":{"unit":"px","size":"0","sizes":[]},"title_color":"#141414","description_typography_font_family":"Roboto","description_typography_font_weight":"400","_margin":{"unit":"%","top":"5","right":"0","bottom":"0","left":"0","isLinked":""},"__globals__":{"title_typography_typography":""},"title_typography_typography":"custom","title_typography_font_family":"Questrial","title_typography_font_size":{"unit":"px","size":"16","sizes":[]},"title_typography_font_size_tablet":{"unit":"px","size":"14","sizes":[]},"title_typography_font_weight":"400","title_typography_text_transform":"none","title_typography_font_style":"normal","title_typography_text_decoration":"none","title_typography_line_height":{"unit":"em","size":"1.4","sizes":[]},"title_typography_letter_spacing":{"unit":"px","size":"1","sizes":[]},"_margin_tablet":{"unit":"%","top":"3","right":"0","bottom":"0","left":"0","isLinked":""},"_margin_mobile":{"unit":"%","top":"6","right":"0","bottom":"0","left":"0","isLinked":""}},"elements":[],"isInner":false,"widgetType":"icon-box","elType":"widget"}],"isInner":"","elType":"column"}],"isInner":"","elType":"section"},{"id":"39ac7f59","settings":{"content_width":{"unit":"px","size":"700","sizes":[]},"gap":"no","margin":{"unit":"%","top":"20","right":"0","bottom":"0","left":"0","isLinked":""},"_title":"Services (title)","margin_mobile":{"unit":"%","top":"35","right":"0","bottom":"0","left":"0","isLinked":""},"padding_tablet":{"unit":"%","top":"0","right":"10","bottom":"0","left":"10","isLinked":""},"_timestamp_":"v1b1BCenZXN2gxUTBqb0JJSWxJTVlPZz09"},"elements":[{"id":"321ab56c","settings":{"_column_size":"100"},"elements":[{"id":"494b2ee","settings":{"title":"Guidance and support every step of the way toward a healthier lifestyle ","title_color":"#044E49","typography_typography":"custom","typography_font_family":"Questrial","typography_font_size":{"unit":"px","size":"36","sizes":[]},"typography_font_weight":"400","typography_text_transform":"none","typography_font_style":"normal","typography_text_decoration":"none","typography_line_height":{"unit":"em","size":"1","sizes":[]},"typography_letter_spacing":{"unit":"px","size":"1.11","sizes":[]},"_margin":{"unit":"%","top":"","right":"","bottom":"","left":"","isLinked":"1"},"align":"center","typography_font_size_tablet":{"unit":"px","size":"26","sizes":[]},"__globals__":{"typography_typography":""}},"elements":[],"isInner":false,"widgetType":"heading","elType":"widget"},{"id":"7c1719bd","settings":{"editor":"Whatever your nutrition and health goals are, I will be right there, alongside you in your journey toward a healthy lifestyle.","text_color":"#141414","__globals__":{"typography_typography":""},"align":"center","_margin":{"unit":"%","top":"","right":"","bottom":"","left":"","isLinked":"1"},"typography_typography":"custom","typography_font_family":"Questrial","typography_font_size":{"unit":"px","size":"16","sizes":[]},"typography_font_size_tablet":{"unit":"px","size":"14","sizes":[]},"typography_font_weight":"400","typography_text_transform":"none","typography_font_style":"normal","typography_text_decoration":"none","typography_line_height":{"unit":"em","size":"1.4","sizes":[]},"typography_letter_spacing":{"unit":"px","size":"1","sizes":[]}},"elements":[],"isInner":false,"widgetType":"text-editor","elType":"widget"}],"isInner":"","elType":"column"}],"isInner":"","elType":"section"},{"id":"2834eaa2","settings":{"content_width":{"unit":"px","size":"1140","sizes":[]},"gap":"no","margin":{"unit":"%","top":"5","right":"0","bottom":"0","left":"0","isLinked":""},"padding":{"unit":"%","top":"0","right":"12","bottom":"0","left":"12","isLinked":""},"_title":"Services","margin_mobile":{"unit":"%","top":"10","right":"0","bottom":"0","left":"0","isLinked":""},"padding_tablet":{"unit":"%","top":"0","right":"20","bottom":"0","left":"20","isLinked":""},"padding_mobile":{"unit":"%","top":"0","right":"10","bottom":"0","left":"10","isLinked":""},"_timestamp_":"v1b1BCenZXN2gxUTBqb0JJSWxJTVlPZz09"},"elements":[{"id":"471f5383","settings":{"_column_size":"100"},"elements":[{"id":"6d3b489e","settings":{"layout":"full_width","gap":"no","structure":"20","margin":{"unit":"px","top":"0","right":"0","bottom":"0","left":"0","isLinked":""}},"elements":[{"id":"551fcdd0","settings":{"_column_size":"50","margin":{"unit":"%","top":"0","right":"15","bottom":"0","left":"0","isLinked":""},"animation":"fadeIn","_inline_size_tablet":"100","margin_tablet":{"unit":"px","top":"0","right":"0","bottom":"0","left":"0","isLinked":""}},"elements":[{"id":"b6b7731","settings":{"selected_icon":{"value":{"id":16867,"url":"http:\/\/library.elementor.com\/lp\/wp-content\/uploads\/2021\/01\/28_Dietitian-Diamond.svg"},"library":"svg"},"title_text":"Weekly private video counseling","description_text":"Ut sea accumsan interpretaris, viderer pertinax repudiandae ne ius, qui ne porro insolens instructior Graece euripidis instructior an vix.","primary_color":"#044E49","icon_space":{"unit":"px","size":"20","sizes":[]},"icon_size":{"unit":"px","size":"38","sizes":[]},"title_color":"#044E49","description_color":"#141414","__globals__":{"description_typography_typography":"","title_typography_typography":""},"position":"left","title_bottom_space":{"unit":"px","size":"12","sizes":[]},"title_typography_typography":"custom","title_typography_font_family":"Questrial","title_typography_font_size":{"unit":"px","size":"24","sizes":[]},"title_typography_font_size_tablet":{"unit":"px","size":"20","sizes":[]},"title_typography_font_weight":"400","title_typography_text_transform":"capitalize","title_typography_font_style":"normal","title_typography_text_decoration":"none","title_typography_letter_spacing":{"unit":"px","size":"0.74","sizes":[]},"description_typography_typography":"custom","description_typography_font_family":"Questrial","description_typography_font_size":{"unit":"px","size":"16","sizes":[]},"description_typography_font_size_tablet":{"unit":"px","size":"14","sizes":[]},"description_typography_font_weight":"400","description_typography_text_transform":"none","description_typography_font_style":"normal","description_typography_text_decoration":"none","description_typography_line_height":{"unit":"em","size":"1.4","sizes":[]},"description_typography_letter_spacing":{"unit":"px","size":"1","sizes":[]}},"elements":[],"isInner":false,"widgetType":"icon-box","elType":"widget"}],"isInner":"1","elType":"column"},{"id":"3b5d9f7e","settings":{"_column_size":"50","margin":{"unit":"%","top":"0","right":"0","bottom":"0","left":"15","isLinked":""},"animation":"fadeIn","animation_delay":"200","_inline_size_tablet":"100","margin_tablet":{"unit":"%","top":"8","right":"0","bottom":"0","left":"0","isLinked":""},"margin_mobile":{"unit":"%","top":"20","right":"0","bottom":"0","left":"0","isLinked":""}},"elements":[{"id":"7538fca0","settings":{"selected_icon":{"value":{"id":16867,"url":"http:\/\/library.elementor.com\/lp\/wp-content\/uploads\/2021\/01\/28_Dietitian-Diamond.svg"},"library":"svg"},"title_text":"Unlimited email support ","description_text":"Ut sea accumsan interpretaris, viderer pertinax repudiandae ne ius, qui ne porro insolens instructior Graece euripidis instructior an vix.","primary_color":"#044E49","icon_space":{"unit":"px","size":"20","sizes":[]},"icon_size":{"unit":"px","size":"38","sizes":[]},"title_color":"#044E49","description_color":"#141414","__globals__":{"description_typography_typography":"","title_typography_typography":""},"position":"left","title_bottom_space":{"unit":"px","size":"12","sizes":[]},"title_typography_typography":"custom","title_typography_font_family":"Questrial","title_typography_font_size":{"unit":"px","size":"24","sizes":[]},"title_typography_font_size_tablet":{"unit":"px","size":"20","sizes":[]},"title_typography_font_weight":"400","title_typography_text_transform":"capitalize","title_typography_font_style":"normal","title_typography_text_decoration":"none","title_typography_letter_spacing":{"unit":"px","size":"0.74","sizes":[]},"description_typography_typography":"custom","description_typography_font_family":"Questrial","description_typography_font_size":{"unit":"px","size":"16","sizes":[]},"description_typography_font_size_tablet":{"unit":"px","size":"14","sizes":[]},"description_typography_font_weight":"400","description_typography_text_transform":"none","description_typography_font_style":"normal","description_typography_text_decoration":"none","description_typography_line_height":{"unit":"em","size":"1.4","sizes":[]},"description_typography_letter_spacing":{"unit":"px","size":"1","sizes":[]}},"elements":[],"isInner":false,"widgetType":"icon-box","elType":"widget"}],"isInner":"1","elType":"column"}],"isInner":"1","elType":"section"},{"id":"735f6583","settings":{"layout":"full_width","gap":"no","structure":"20","margin":{"unit":"%","top":"5","right":"0","bottom":"0","left":"0","isLinked":""},"margin_tablet":{"unit":"%","top":"8","right":"0","bottom":"0","left":"0","isLinked":""},"margin_mobile":{"unit":"%","top":"20","right":"0","bottom":"0","left":"0","isLinked":""}},"elements":[{"id":"d3e38ba","settings":{"_column_size":"50","margin":{"unit":"%","top":"0","right":"15","bottom":"0","left":"0","isLinked":""},"animation":"fadeIn","animation_delay":"300","_inline_size_tablet":"100","margin_tablet":{"unit":"%","top":"0","right":"0","bottom":"0","left":"0","isLinked":""}},"elements":[{"id":"a5d74eb","settings":{"selected_icon":{"value":{"id":16867,"url":"http:\/\/library.elementor.com\/lp\/wp-content\/uploads\/2021\/01\/28_Dietitian-Diamond.svg"},"library":"svg"},"title_text":"Customized diet plans &amp; recipes","description_text":"Ut sea accumsan interpretaris, viderer pertinax repudiandae ne ius, qui ne porro insolens instructior Graece euripidis instructior an vix.","primary_color":"#044E49","icon_space":{"unit":"px","size":"20","sizes":[]},"icon_size":{"unit":"px","size":"38","sizes":[]},"title_color":"#044E49","description_color":"#141414","__globals__":{"description_typography_typography":"","title_typography_typography":""},"position":"left","title_bottom_space":{"unit":"px","size":"12","sizes":[]},"title_typography_typography":"custom","title_typography_font_family":"Questrial","title_typography_font_size":{"unit":"px","size":"24","sizes":[]},"title_typography_font_size_tablet":{"unit":"px","size":"20","sizes":[]},"title_typography_font_weight":"400","title_typography_text_transform":"capitalize","title_typography_font_style":"normal","title_typography_text_decoration":"none","title_typography_letter_spacing":{"unit":"px","size":"0.74","sizes":[]},"description_typography_typography":"custom","description_typography_font_family":"Questrial","description_typography_font_size":{"unit":"px","size":"16","sizes":[]},"description_typography_font_size_tablet":{"unit":"px","size":"14","sizes":[]},"description_typography_font_weight":"400","description_typography_text_transform":"none","description_typography_font_style":"normal","description_typography_text_decoration":"none","description_typography_line_height":{"unit":"em","size":"1.4","sizes":[]},"description_typography_letter_spacing":{"unit":"px","size":"1","sizes":[]}},"elements":[],"isInner":false,"widgetType":"icon-box","elType":"widget"}],"isInner":"1","elType":"column"},{"id":"30ea25d9","settings":{"_column_size":"50","margin":{"unit":"%","top":"0","right":"0","bottom":"0","left":"15","isLinked":""},"animation":"fadeIn","animation_delay":"400","_inline_size_tablet":"100","margin_tablet":{"unit":"%","top":"8","right":"0","bottom":"0","left":"0","isLinked":""},"margin_mobile":{"unit":"%","top":"20","right":"0","bottom":"0","left":"0","isLinked":""}},"elements":[{"id":"a386b09","settings":{"selected_icon":{"value":{"id":16867,"url":"http:\/\/library.elementor.com\/lp\/wp-content\/uploads\/2021\/01\/28_Dietitian-Diamond.svg"},"library":"svg"},"title_text":"Dietary &amp; body analysis","description_text":"Ut sea accumsan interpretaris, viderer pertinax repudiandae ne ius, qui ne porro insolens instructior Graece euripidis instructior an vix.","primary_color":"#044E49","icon_space":{"unit":"px","size":"20","sizes":[]},"icon_size":{"unit":"px","size":"38","sizes":[]},"title_color":"#044E49","description_color":"#141414","__globals__":{"description_typography_typography":"","title_typography_typography":""},"position":"left","title_bottom_space":{"unit":"px","size":"12","sizes":[]},"title_typography_typography":"custom","title_typography_font_family":"Questrial","title_typography_font_size":{"unit":"px","size":"24","sizes":[]},"title_typography_font_size_tablet":{"unit":"px","size":"20","sizes":[]},"title_typography_font_weight":"400","title_typography_text_transform":"capitalize","title_typography_font_style":"normal","title_typography_text_decoration":"none","title_typography_letter_spacing":{"unit":"px","size":"0.74","sizes":[]},"description_typography_typography":"custom","description_typography_font_family":"Questrial","description_typography_font_size":{"unit":"px","size":"16","sizes":[]},"description_typography_font_size_tablet":{"unit":"px","size":"14","sizes":[]},"description_typography_font_weight":"400","description_typography_text_transform":"none","description_typography_font_style":"normal","description_typography_text_decoration":"none","description_typography_line_height":{"unit":"em","size":"1.4","sizes":[]},"description_typography_letter_spacing":{"unit":"px","size":"1","sizes":[]}},"elements":[],"isInner":false,"widgetType":"icon-box","elType":"widget"}],"isInner":"1","elType":"column"}],"isInner":"1","elType":"section"}],"isInner":"","elType":"column"}],"isInner":"","elType":"section"},{"id":"779454b7","settings":{"content_width":{"unit":"px","size":"700","sizes":[]},"gap":"no","margin":{"unit":"%","top":"20","right":"0","bottom":"0","left":"0","isLinked":""},"_title":"Success Stories (title)","margin_mobile":{"unit":"%","top":"35","right":"0","bottom":"0","left":"0","isLinked":""},"padding_tablet":{"unit":"%","top":"0","right":"10","bottom":"0","left":"10","isLinked":""},"_timestamp_":"v1b1BCenZXN2gxUTBqb0JJSWxJTVlPZz09"},"elements":[{"id":"27e6a60e","settings":{"_column_size":"100"},"elements":[{"id":"3ed8f869","settings":{"title":"Success stories ","title_color":"#044E49","typography_typography":"custom","typography_font_family":"Questrial","typography_font_size":{"unit":"px","size":"36","sizes":[]},"typography_font_weight":"400","typography_text_transform":"none","typography_font_style":"normal","typography_text_decoration":"none","typography_line_height":{"unit":"em","size":"1","sizes":[]},"typography_letter_spacing":{"unit":"px","size":"1.11","sizes":[]},"_margin":{"unit":"%","top":"","right":"","bottom":"","left":"","isLinked":"1"},"align":"center","typography_font_size_tablet":{"unit":"px","size":"26","sizes":[]},"__globals__":{"typography_typography":""}},"elements":[],"isInner":false,"widgetType":"heading","elType":"widget"}],"isInner":"","elType":"column"}],"isInner":"","elType":"section"},{"id":"2f5306a4","settings":{"content_width":{"unit":"px","size":"1140","sizes":[]},"gap":"no","content_position":"middle","structure":"20","margin":{"unit":"%","top":"10","right":"0","bottom":"0","left":"0","isLinked":""},"margin_tablet":{"unit":"%","top":"","right":"0","bottom":"","left":"0","isLinked":"1"},"margin_mobile":{"unit":"%","top":"5","right":"0","bottom":"0","left":"0","isLinked":""},"padding_tablet":{"unit":"%","top":"0","right":"10","bottom":"0","left":"10","isLinked":""},"_title":"Success Stories","padding":{"unit":"%","top":"0","right":"12","bottom":"0","left":"12","isLinked":""},"_timestamp_":"v1b1BCenZXN2gxUTBqb0JJSWxJTVlPZz09"},"elements":[{"id":"92b6f9c","settings":{"_column_size":"50","padding":{"unit":"%","top":"","right":"","bottom":"","left":"","isLinked":"1"},"margin_mobile":{"unit":"%","top":"10","right":"0","bottom":"0","left":"0","isLinked":""},"padding_tablet":{"unit":"%","top":"0","right":"40","bottom":"0","left":"0","isLinked":""},"padding_mobile":{"unit":"%","top":"0","right":"10","bottom":"0","left":"10","isLinked":""},"space_between_widgets":"0","_inline_size_tablet":"100"},"elements":[{"id":"6bc1f1ec","settings":{"space":{"unit":"px","size":"500","sizes":[]},"motion_fx_rotateZ_affectedRange":{"unit":"%","size":"","sizes":{"start":"0","end":"0"}},"_background_background":"classic","_background_color":"#EAE7E1","_border_radius":{"unit":"px","top":"100","right":"100","bottom":"100","left":"100","isLinked":"1"},"_element_width":"initial","_element_custom_width":{"unit":"px","size":"145","sizes":[]},"_position":"absolute","_offset_x":{"unit":"px","size":"40","sizes":[]},"_offset_y":{"unit":"px","size":"-155","sizes":[]},"motion_fx_motion_fx_scrolling":"yes","motion_fx_rotateZ_effect":"yes","motion_fx_rotateZ_speed":{"unit":"px","size":"1.1","sizes":[]},"_offset_y_end":{"unit":"px","size":"90","sizes":[]},"space_tablet":{"unit":"px","size":"350","sizes":[]},"space_mobile":{"unit":"px","size":"250","sizes":[]},"_element_width_tablet":"initial","_element_width_mobile":"initial","_element_custom_width_tablet":{"unit":"px","size":"100","sizes":[]},"_element_custom_width_mobile":{"unit":"px","size":"90","sizes":[]},"_offset_x_tablet":{"unit":"px","size":"55","sizes":[]},"_offset_x_mobile":{"unit":"px","size":"20","sizes":[]},"_offset_x_end":{"unit":"px","size":"325","sizes":[]},"_animation":"fadeInUp","_offset_y_tablet":{"unit":"px","size":"-100","sizes":[]},"_offset_y_mobile":{"unit":"px","size":"-65","sizes":[]}},"elements":[],"isInner":false,"widgetType":"spacer","elType":"widget"},{"id":"ec898bf","settings":{"image":{"id":16869,"url":"http:\/\/library.elementor.com\/lp\/wp-content\/uploads\/2021\/01\/28_Dietitian-Sucess_Stories.jpg"},"image_size":"full","align":"left","image_border_radius":{"unit":"px","top":"12","right":"12","bottom":"12","left":"12","isLinked":"1"},"_z_index":"1","image_box_shadow_box_shadow_type":"yes","image_box_shadow_box_shadow":{"horizontal":"6","vertical":"6","blur":"17","spread":"0","color":"rgba(0, 0, 0, 0.15)"}},"elements":[],"isInner":false,"widgetType":"image","elType":"widget"}],"isInner":"","elType":"column"},{"id":"47d2fb2e","settings":{"_column_size":"50","padding":{"unit":"%","top":"0","right":"0","bottom":"0","left":"4","isLinked":""},"content_position_tablet":"top","space_between_widgets_tablet":"40","margin_mobile":{"unit":"%","top":"20","right":"0","bottom":"0","left":"0","isLinked":""},"padding_tablet":{"unit":"px","top":"0","right":"0","bottom":"0","left":"0","isLinked":""},"space_between_widgets":"60","_inline_size_tablet":"100","margin_tablet":{"unit":"%","top":"10","right":"0","bottom":"0","left":"0","isLinked":""}},"elements":[{"id":"5cbe47e0","settings":{"testimonial_content":"\u201cAda did a great job of understanding the way I work and providing practical and sustainable ways to change my nutrition. Together, we managed to change my bad habits and I regained my confidence in my body. I\u2019m now eating guilty-free for the first time in my life! Thanks Ada for your counselling and guidance.\u201d ","testimonial_image":{"url":"","id":""},"testimonial_name":"Valerie Hines","testimonial_job":"Seattle, WA ","testimonial_alignment":"left","content_content_color":"#141414","name_text_color":"#044E49","job_text_color":"#9CBCBA","__globals__":{"content_typography_typography":"","name_typography_typography":"","job_typography_typography":""},"content_typography_typography":"custom","content_typography_font_family":"Questrial","content_typography_font_size":{"unit":"px","size":"16","sizes":[]},"content_typography_font_size_tablet":{"unit":"px","size":"14","sizes":[]},"content_typography_font_weight":"400","content_typography_text_transform":"none","content_typography_font_style":"normal","content_typography_text_decoration":"none","content_typography_line_height":{"unit":"em","size":"1.4","sizes":[]},"content_typography_letter_spacing":{"unit":"px","size":"1","sizes":[]},"name_typography_typography":"custom","name_typography_font_family":"Questrial","name_typography_font_size":{"unit":"px","size":"16","sizes":[]},"name_typography_font_size_tablet":{"unit":"px","size":"14","sizes":[]},"name_typography_font_weight":"400","name_typography_text_transform":"none","name_typography_font_style":"normal","name_typography_text_decoration":"none","name_typography_line_height":{"unit":"em","size":"1.4","sizes":[]},"name_typography_letter_spacing":{"unit":"px","size":"1","sizes":[]},"job_typography_typography":"custom","job_typography_font_family":"Questrial","job_typography_font_size":{"unit":"px","size":"16","sizes":[]},"job_typography_font_size_tablet":{"unit":"px","size":"14","sizes":[]},"job_typography_font_weight":"400","job_typography_text_transform":"none","job_typography_font_style":"normal","job_typography_text_decoration":"none","job_typography_line_height":{"unit":"em","size":"1.4","sizes":[]},"job_typography_letter_spacing":{"unit":"px","size":"1","sizes":[]}},"elements":[],"isInner":false,"widgetType":"testimonial","elType":"widget"},{"id":"7c6d61b9","settings":{"testimonial_content":"\"I started working with Ada because I knew I needed to make a change in my diet and lifestyle. Today, after five months of online sessions, I can honestly say that meeting with Ada changed my life for the better! Not only did I reach my target weight, but I became a healthy person, and she provided me with the tools to continue to succeed on my own.\u201d","testimonial_image":{"url":"","id":""},"testimonial_name":"Dustin Caldwell","testimonial_job":"Fort Worth, TX ","testimonial_alignment":"left","content_content_color":"#141414","name_text_color":"#044E49","job_text_color":"#9CBCBA","__globals__":{"content_typography_typography":"","name_typography_typography":"","job_typography_typography":""},"content_typography_typography":"custom","content_typography_font_family":"Questrial","content_typography_font_size":{"unit":"px","size":"16","sizes":[]},"content_typography_font_size_tablet":{"unit":"px","size":"14","sizes":[]},"content_typography_font_weight":"400","content_typography_text_transform":"none","content_typography_font_style":"normal","content_typography_text_decoration":"none","content_typography_line_height":{"unit":"em","size":"1.4","sizes":[]},"content_typography_letter_spacing":{"unit":"px","size":"1","sizes":[]},"name_typography_typography":"custom","name_typography_font_family":"Questrial","name_typography_font_size":{"unit":"px","size":"16","sizes":[]},"name_typography_font_size_tablet":{"unit":"px","size":"14","sizes":[]},"name_typography_font_weight":"400","name_typography_text_transform":"none","name_typography_font_style":"normal","name_typography_text_decoration":"none","name_typography_line_height":{"unit":"em","size":"1.4","sizes":[]},"name_typography_letter_spacing":{"unit":"px","size":"1","sizes":[]},"job_typography_typography":"custom","job_typography_font_family":"Questrial","job_typography_font_size":{"unit":"px","size":"16","sizes":[]},"job_typography_font_size_tablet":{"unit":"px","size":"14","sizes":[]},"job_typography_font_weight":"400","job_typography_text_transform":"none","job_typography_font_style":"normal","job_typography_text_decoration":"none","job_typography_line_height":{"unit":"em","size":"1.4","sizes":[]},"job_typography_letter_spacing":{"unit":"px","size":"1","sizes":[]}},"elements":[],"isInner":false,"widgetType":"testimonial","elType":"widget"}],"isInner":"","elType":"column"}],"isInner":"","elType":"section"},{"id":"5ef3a186","settings":{"layout":"full_width","gap":"no","custom_height":{"unit":"vh","size":"40","sizes":[]},"column_position":"stretch","content_position":"space-between","background_background":"classic","background_color":"#EAE7E1","margin":{"unit":"%","top":"20","right":"0","bottom":"0","left":"0","isLinked":""},"overflow":"hidden","padding":{"unit":"%","top":"8","right":"0","bottom":"2","left":"0","isLinked":""},"height":"min-height","_title":"CTA Footer","custom_height_tablet":{"unit":"px","size":"350","sizes":[]},"custom_height_mobile":{"unit":"px","size":"480","sizes":[]},"margin_mobile":{"unit":"%","top":"35","right":"0","bottom":"0","left":"0","isLinked":""},"padding_mobile":{"unit":"%","top":"20","right":"0","bottom":"10","left":"0","isLinked":""},"_timestamp_":"v1b1BCenZXN2gxUTBqb0JJSWxJTVlPZz09"},"elements":[{"id":"4167f1e2","settings":{"_column_size":"100","align":"center"},"elements":[{"id":"3b45239c","settings":{"space":{"unit":"px","size":"800","sizes":[]},"motion_fx_rotateZ_affectedRange":{"unit":"%","size":"","sizes":{"start":"0","end":"0"}},"_background_background":"classic","_background_color":"#F3F1EC","_border_radius":{"unit":"px","top":"800","right":"800","bottom":"800","left":"800","isLinked":"1"},"_element_width":"initial","_element_custom_width":{"unit":"px","size":"260","sizes":[]},"_position":"absolute","_offset_x":{"unit":"px","size":"50","sizes":[]},"_offset_y":{"unit":"px","size":"-80","sizes":[]},"motion_fx_motion_fx_scrolling":"yes","motion_fx_rotateZ_effect":"yes","motion_fx_rotateZ_speed":{"unit":"px","size":"1.1","sizes":[]},"space_tablet":{"unit":"px","size":"500","sizes":[]},"space_mobile":{"unit":"px","size":"360","sizes":[]},"_element_width_tablet":"initial","_element_width_mobile":"initial","_element_custom_width_tablet":{"unit":"px","size":"150","sizes":[]},"_element_custom_width_mobile":{"unit":"px","size":"100","sizes":[]},"_offset_x_tablet":{"unit":"px","size":"-51","sizes":[]},"_offset_y_tablet":{"unit":"px","size":"0","sizes":[]}},"elements":[],"isInner":false,"widgetType":"spacer","elType":"widget"},{"id":"34553ce4","settings":{"space":{"unit":"px","size":"800","sizes":[]},"motion_fx_rotateZ_affectedRange":{"unit":"%","size":"","sizes":{"start":"0","end":"0"}},"_background_background":"classic","_background_color":"#F3F1EC","_border_radius":{"unit":"px","top":"800","right":"800","bottom":"800","left":"800","isLinked":"1"},"_element_width":"initial","_element_custom_width":{"unit":"px","size":"260","sizes":[]},"_position":"absolute","_offset_x":{"unit":"px","size":"-180","sizes":[]},"_offset_y":{"unit":"px","size":"195","sizes":[]},"motion_fx_motion_fx_scrolling":"yes","motion_fx_rotateZ_effect":"yes","motion_fx_rotateZ_speed":{"unit":"px","size":"1.1","sizes":[]},"space_tablet":{"unit":"px","size":"500","sizes":[]},"space_mobile":{"unit":"px","size":"360","sizes":[]},"_element_width_tablet":"initial","_element_width_mobile":"initial","_element_custom_width_tablet":{"unit":"px","size":"150","sizes":[]},"_element_custom_width_mobile":{"unit":"px","size":"100","sizes":[]},"_offset_x_tablet":{"unit":"px","size":"-51","sizes":[]},"_offset_y_tablet":{"unit":"px","size":"0","sizes":[]},"_offset_orientation_h":"end","_offset_x_end":{"unit":"px","size":"50","sizes":[]},"_offset_orientation_v":"end","_offset_x_end_mobile":{"unit":"px","size":"0","sizes":[]}},"elements":[],"isInner":false,"widgetType":"spacer","elType":"widget"},{"id":"6e0c475","settings":{"gap":"no","margin":{"unit":"px","top":"0","right":"0","bottom":"0","left":"0","isLinked":""},"padding":{"unit":"%","top":"0","right":"12","bottom":"0","left":"12","isLinked":""},"z_index":"1","content_width":{"unit":"px","size":"980","sizes":[]},"padding_tablet":{"unit":"%","top":"0","right":"10","bottom":"0","left":"10","isLinked":""}},"elements":[{"id":"7d55adf1","settings":{"_column_size":"100","align":"center","space_between_widgets":"30"},"elements":[{"id":"2abd5639","settings":{"title":"Get ready to find peace with your food and love the body you live in","align":"center","title_color":"#044E49","typography_typography":"custom","typography_font_family":"Questrial","typography_font_size":{"unit":"px","size":"55","sizes":[]},"typography_font_weight":"400","typography_text_transform":"none","typography_font_style":"normal","typography_text_decoration":"none","typography_line_height":{"unit":"em","size":"1","sizes":[]},"typography_letter_spacing":{"unit":"px","size":"1.69","sizes":[]},"_margin":{"unit":"%","top":"","right":"","bottom":"","left":"","isLinked":"1"},"typography_font_size_tablet":{"unit":"px","size":"45","sizes":[]},"typography_font_size_mobile":{"unit":"px","size":"32","sizes":[]}},"elements":[],"isInner":false,"widgetType":"heading","elType":"widget"},{"id":"27260558","settings":{"editor":"Take action today and let\u2019s discuss your nutrition needs and goals","text_color":"#141414","__globals__":{"typography_typography":""},"align":"center","_margin":{"unit":"%","top":"","right":"","bottom":"","left":"","isLinked":"1"},"typography_typography":"custom","typography_font_family":"Questrial","typography_font_size":{"unit":"px","size":"16","sizes":[]},"typography_font_size_tablet":{"unit":"px","size":"14","sizes":[]},"typography_font_weight":"400","typography_text_transform":"none","typography_font_style":"normal","typography_text_decoration":"none","typography_line_height":{"unit":"em","size":"1.4","sizes":[]},"typography_letter_spacing":{"unit":"px","size":"1","sizes":[]}},"elements":[],"isInner":false,"widgetType":"text-editor","elType":"widget"},{"id":"e584fa8","settings":{"form_name":"Contact Form","form_fields":[{"custom_id":"name","field_label":"Name","placeholder":"Name","width":"33","_id":"76f98ba","rows":"4","previous_button":"","next_button":"","file_sizes":"","file_types":"","allow_multiple_upload":"","max_files":"","acceptance_text":"","checked_by_default":"","field_min":"","field_max":"","min_date":"","max_date":"","use_native_date":"","use_native_time":""},{"custom_id":"email","field_type":"email","required":"true","field_label":"Email","placeholder":"Email","width":"33","_id":"66b3954","rows":"4","previous_button":"","next_button":"","file_sizes":"","file_types":"","allow_multiple_upload":"","max_files":"","acceptance_text":"","checked_by_default":"","field_min":"","field_max":"","min_date":"","max_date":"","use_native_date":"","use_native_time":""}],"show_labels":"","button_width":"33","step_next_label":"Next","step_previous_label":"Previous","button_text":"Let\u2019s Talk  ","email_content":"[all-fields]","email_content_2":"[all-fields]","success_message":"The form was sent successfully.","error_message":"An error occurred.","required_field_message":"This field is required.","invalid_message":"There's something wrong. The form is invalid.","_element_width":"initial","_element_custom_width":{"unit":"%","size":"90","sizes":[]},"input_size":"md","button_size":"md","column_gap":{"unit":"px","size":"18","sizes":[]},"field_text_color":"#A19E98","field_typography_typography":"custom","field_typography_font_family":"Questrial","field_typography_font_size":{"unit":"px","size":"16","sizes":[]},"field_typography_font_weight":"400","field_typography_text_transform":"capitalize","field_typography_font_style":"normal","field_typography_text_decoration":"none","field_typography_letter_spacing":{"unit":"px","size":"0.49","sizes":[]},"field_border_width":{"unit":"px","top":"0","right":"0","bottom":"0","left":"0","isLinked":""},"field_border_radius":{"unit":"px","top":"0","right":"0","bottom":"0","left":"0","isLinked":""},"button_typography_typography":"custom","button_typography_font_family":"Questrial","button_typography_font_size":{"unit":"px","size":"16","sizes":[]},"button_typography_font_weight":"400","button_typography_text_transform":"uppercase","button_typography_font_style":"normal","button_typography_text_decoration":"none","button_typography_line_height":{"unit":"em","size":"1","sizes":[]},"button_typography_letter_spacing":{"unit":"px","size":"0.49","sizes":[]},"button_border_border":"solid","button_border_width":{"unit":"px","top":"1","right":"1","bottom":"1","left":"1","isLinked":"1"},"button_background_color":"#044E49","button_border_color":"#044E49","button_background_hover_color":"#02010100","button_hover_color":"#044E49","button_hover_border_color":"#044E49","button_border_radius":{"unit":"px","top":"0","right":"0","bottom":"0","left":"0","isLinked":""},"success_message_color":"#141414","error_message_color":"#141414","inline_message_color":"#141414","_margin":{"unit":"px","top":"10","right":"0","bottom":"0","left":"0","isLinked":""},"field_typography_font_size_mobile":{"unit":"px","size":"14","sizes":[]},"message_typography_typography":"custom","message_typography_font_family":"Questrial","message_typography_font_size":{"unit":"px","size":"16","sizes":[]},"message_typography_font_size_tablet":{"unit":"px","size":"14","sizes":[]},"message_typography_font_weight":"400","message_typography_text_transform":"none","message_typography_font_style":"normal","message_typography_text_decoration":"none","message_typography_line_height":{"unit":"em","size":"1.4","sizes":[]},"message_typography_letter_spacing":{"unit":"px","size":"1","sizes":[]},"_element_width_tablet":"inherit","__globals__":{"message_typography_typography":""}},"elements":[],"isInner":false,"widgetType":"form","elType":"widget"}],"isInner":"1","elType":"column"}],"isInner":"1","elType":"section"},{"id":"d34779b","settings":{"title":"\u00a9 Putermax. All rights reserved 2021","align":"center","title_color":"#A7A7A7","header_size":"p","__dynamic__":{"title":"[elementor-tag id=\"5892d2b\" name=\"current-date-time\" settings=\"%7B%22date_format%22%3A%22custom%22%2C%22custom_format%22%3A%22Y%22%2C%22before%22%3A%22%C2%A9%20%22%2C%22after%22%3A%22%20Ada%20Wellness.%20All%20rights%20reserved%22%7D\"]"},"align_mobile":"center","_element_width_mobile":"inherit","_z_index":"1","__globals__":{"typography_typography":""},"typography_typography":"custom","typography_font_family":"Questrial","typography_font_size":{"unit":"px","size":"16","sizes":[]},"typography_font_size_tablet":{"unit":"px","size":"14","sizes":[]},"typography_font_weight":"400","typography_text_transform":"none","typography_font_style":"normal","typography_text_decoration":"none","typography_line_height":{"unit":"em","size":"1.4","sizes":[]},"typography_letter_spacing":{"unit":"px","size":"1","sizes":[]}},"elements":[],"isInner":false,"widgetType":"heading","elType":"widget"}],"isInner":"","elType":"column"}],"isInner":"","elType":"section"}]}