{"version":"0.4","title":"17301","type":"page","content":[{"id":"431402b2","settings":{"content_width":{"unit":"px","size":"1720","sizes":[]},"gap":"no","height":"min-height","custom_height":{"unit":"vh","size":"12","sizes":[]},"structure":"20","background_background":"classic","background_color":"#252734","padding":{"unit":"%","top":"0","right":"4","bottom":"0","left":"4","isLinked":""},"custom_height_tablet":{"unit":"vh","size":"","sizes":[]},"custom_height_mobile":{"unit":"vh","size":"","sizes":[]},"content_position":"middle","padding_mobile":{"unit":"%","top":"0","right":"6","bottom":"0","left":"6","isLinked":""},"_title":"Header","html_tag":"header","_timestamp_":"v1b1BCenZXN2gxUTBqb0JJSWxJTVlPZz09"},"elements":[{"id":"60e90e7b","settings":{"_column_size":"50","_inline_size_mobile":"50"},"elements":[{"id":"403753bd","settings":{"image":{"id":17312,"url":"http:\/\/library.elementor.com\/lp\/wp-content\/uploads\/2021\/01\/Chef_logo.png"},"align":"left","width":{"unit":"px","size":"213","sizes":[]},"align_mobile":"left","width_mobile":{"unit":"px","size":"140","sizes":[]}},"elements":[],"isInner":false,"widgetType":"image","elType":"widget"}],"isInner":"","elType":"column"},{"id":"5282b91a","settings":{"_column_size":"50","_inline_size_mobile":"50"},"elements":[{"id":"267941d5","settings":{"text":"Call 077-895-8787","align":"right","typography_typography":"custom","typography_font_family":"Raleway","typography_font_size":{"unit":"px","size":"16","sizes":[]},"typography_line_height":{"unit":"em","size":"1","sizes":[]},"button_text_color":"#FFFFFF","background_color":"rgba(255, 255, 255, 0)","hover_color":"#252734","button_background_hover_color":"#FFAF29","button_hover_border_color":"#FFAF29","border_border":"solid","border_width":{"unit":"px","top":"1","right":"1","bottom":"1","left":"1","isLinked":"1"},"border_color":"#FFAF29","border_radius":{"unit":"px","top":"0","right":"0","bottom":"0","left":"0","isLinked":"1"},"text_padding":{"unit":"px","top":"18","right":"39","bottom":"18","left":"39","isLinked":""},"icon_indent":{"unit":"px","size":"0","sizes":[]},"typography_font_size_tablet":{"unit":"px","size":"15","sizes":[]},"typography_font_size_mobile":{"unit":"px","size":"14","sizes":[]},"text_padding_mobile":{"unit":"px","top":"10","right":"10","bottom":"10","left":"10","isLinked":"1"},"typography_font_weight":"300","typography_text_transform":"none","typography_font_style":"normal","typography_text_decoration":"none"},"elements":[],"isInner":false,"widgetType":"button","elType":"widget"}],"isInner":"","elType":"column"}],"isInner":"","elType":"section"},{"id":"155ab742","settings":{"content_width":{"unit":"px","size":"1720","sizes":[]},"gap":"no","height":"min-height","custom_height":{"unit":"px","size":"700","sizes":[]},"column_position":"stretch","structure":"20","background_background":"classic","padding":{"unit":"%","top":"0","right":"4","bottom":"0","left":"4","isLinked":""},"custom_height_tablet":{"unit":"px","size":"405","sizes":[]},"custom_height_mobile":{"unit":"px","size":"0","sizes":[]},"margin":{"unit":"%","top":"0","right":"0","bottom":"0","left":"0","isLinked":""},"margin_tablet":{"unit":"%","top":"2","right":"0","bottom":"0","left":"0","isLinked":""},"padding_mobile":{"unit":"%","top":"0","right":"6","bottom":"0","left":"6","isLinked":""},"_title":"Hero Picture","_timestamp_":"v1b1BCenZXN2gxUTBqb0JJSWxJTVlPZz09"},"elements":[{"id":"4fc07d03","settings":{"_column_size":"50","_inline_size":"85","background_background":"classic","background_image":{"id":17314,"url":"http:\/\/library.elementor.com\/lp\/wp-content\/uploads\/2021\/01\/Personal-chef-typ-hero-pic.jpg"},"background_position":"center center","background_position_tablet":"initial","background_xpos_tablet":{"unit":"%","size":"70","sizes":[]},"background_repeat":"no-repeat","background_size":"cover","background_motion_fx_translateY_direction":"negative","background_motion_fx_translateY_speed":{"unit":"px","size":"1.5","sizes":[]},"_inline_size_tablet":"82","background_position_mobile":"center center"},"elements":[{"id":"34430dbc","settings":{"space_mobile":{"unit":"vh","size":"48","sizes":[]}},"elements":[],"isInner":false,"widgetType":"spacer","elType":"widget"}],"isInner":"","elType":"column"},{"id":"e0932c4","settings":{"_column_size":"50","_inline_size":"14.972","background_background":"classic","background_position":"center left","background_repeat":"no-repeat","background_size":"contain","background_motion_fx_translateY_direction":"negative","background_motion_fx_translateY_speed":{"unit":"px","size":"1.5","sizes":[]},"_inline_size_tablet":"18"},"elements":[{"id":"76546108","settings":{"space_mobile":{"unit":"vh","size":"5","sizes":[]}},"elements":[],"isInner":false,"widgetType":"spacer","elType":"widget"}],"isInner":"","elType":"column"}],"isInner":"","elType":"section"},{"id":"536de360","settings":{"content_width":{"unit":"px","size":"1720","sizes":[]},"gap":"no","height":"min-height","custom_height":{"unit":"px","size":"655","sizes":[]},"column_position":"stretch","content_position":"middle","background_background":"classic","margin":{"unit":"px","top":"-570","right":"0","bottom":"0","left":"0","isLinked":""},"padding":{"unit":"%","top":"0","right":"4","bottom":"0","left":"4","isLinked":""},"custom_height_tablet":{"unit":"px","size":"450","sizes":[]},"margin_tablet":{"unit":"px","top":"-250","right":"0","bottom":"0","left":"0","isLinked":""},"margin_mobile":{"unit":"px","top":"0","right":"0","bottom":"0","left":"0","isLinked":""},"padding_mobile":{"unit":"%","top":"0","right":"6","bottom":"0","left":"6","isLinked":""},"_title":"Thank You for Booking!","animation":"none","_timestamp_":"v1b1BCenZXN2gxUTBqb0JJSWxJTVlPZz09"},"elements":[{"id":"7d959ff1","settings":{"_column_size":"100","content_position":"center","background_background":"classic","background_color":"#434657","box_shadow_box_shadow_type":"yes","box_shadow_box_shadow":{"horizontal":"0","vertical":"0","blur":"50","spread":"0","color":"rgba(0, 0, 0, 0.1)"},"padding":{"unit":"%","top":"4","right":"4","bottom":"4","left":"4","isLinked":"1"},"_inline_size_tablet":"100","space_between_widgets":"0","padding_tablet":{"unit":"%","top":"","right":"","bottom":"","left":"","isLinked":"1"},"padding_mobile":{"unit":"%","top":"10","right":"10","bottom":"10","left":"10","isLinked":"1"},"margin":{"unit":"%","top":"0","right":"0","bottom":"0","left":"66","isLinked":""},"margin_tablet":{"unit":"%","top":"0","right":"0","bottom":"0","left":"52","isLinked":""},"margin_mobile":{"unit":"px","top":"0","right":"0","bottom":"0","left":"0","isLinked":""}},"elements":[{"id":"780e5c9f","settings":{"title":"Thank you for booking!","header_size":"h4","title_color":"#FFFFFF","typography_typography":"custom","typography_font_family":"Raleway","typography_font_size":{"unit":"px","size":"25","sizes":[]},"typography_font_weight":"100","typography_text_transform":"none","typography_font_style":"normal","typography_text_decoration":"none","typography_line_height":{"unit":"px","size":"30","sizes":[]},"_padding":{"unit":"%","top":"0","right":"0","bottom":"8","left":"0","isLinked":""},"align_mobile":"center","typography_font_size_tablet":{"unit":"px","size":"20","sizes":[]},"typography_font_size_mobile":{"unit":"px","size":"20","sizes":[]},"_padding_mobile":{"unit":"%","top":"0","right":"0","bottom":"6","left":"0","isLinked":""},"align":"center","_animation":"fadeIn","animation_duration":"fast"},"elements":[],"isInner":false,"widgetType":"heading","elType":"widget"},{"id":"464692e5","settings":{"title":"We look forward to hosting your private dinner party","title_color":"#FFFFFF","typography_typography":"custom","typography_font_family":"Raleway","typography_font_size":{"unit":"px","size":"40","sizes":[]},"typography_font_weight":"200","typography_text_transform":"none","typography_font_style":"normal","typography_text_decoration":"none","typography_line_height":{"unit":"px","size":"50","sizes":[]},"align":"center","align_mobile":"center","typography_font_size_tablet":{"unit":"px","size":"28","sizes":[]},"typography_font_size_mobile":{"unit":"px","size":"26","sizes":[]},"typography_line_height_tablet":{"unit":"em","size":"1.3","sizes":[]},"_margin":{"unit":"px","top":"0","right":"0","bottom":"0","left":"0","isLinked":""},"_padding":{"unit":"%","top":"0","right":"0","bottom":"10","left":"0","isLinked":""},"_animation":"fadeIn","_animation_tablet":"none","_animation_delay":"300","header_size":"h1"},"elements":[],"isInner":false,"widgetType":"heading","elType":"widget"},{"id":"50790978","settings":{"editor":"Chef Henry will contact you within 24 hours to discuss your event. ","align":"center","text_color":"#FFFFFF","typography_typography":"custom","typography_font_family":"Raleway","typography_font_size":{"unit":"px","size":"16","sizes":[]},"typography_font_size_tablet":{"unit":"px","size":"15","sizes":[]},"typography_font_weight":"200","typography_text_transform":"none","typography_font_style":"normal","typography_text_decoration":"none","typography_line_height":{"unit":"px","size":"30","sizes":[]},"typography_line_height_tablet":{"unit":"em","size":"1.6","sizes":[]},"_animation":"fadeIn","_animation_tablet":"none","_animation_delay":"500","_padding":{"unit":"%","top":"0","right":"5","bottom":"8","left":"5","isLinked":""}},"elements":[],"isInner":false,"widgetType":"text-editor","elType":"widget"},{"id":"7d3abbfe","settings":{"text":"Visit the Website","align":"center","typography_typography":"custom","typography_font_family":"Raleway","typography_font_size":{"unit":"px","size":"18","sizes":[]},"typography_line_height":{"unit":"em","size":"1","sizes":[]},"button_text_color":"#FFAF29","background_color":"rgba(255, 255, 255, 0)","hover_color":"#FFFFFF","button_background_hover_color":"rgba(255, 255, 255, 0)","button_hover_border_color":"#FFAF29","border_width":{"unit":"px","top":"1","right":"1","bottom":"1","left":"1","isLinked":"1"},"border_color":"#FFAF29","border_radius":{"unit":"px","top":"0","right":"0","bottom":"0","left":"0","isLinked":"1"},"text_padding":{"unit":"px","top":"0","right":"0","bottom":"0","left":"0","isLinked":""},"align_tablet":"justify","icon_indent":{"unit":"px","size":"0","sizes":[]},"typography_font_size_tablet":{"unit":"px","size":"15","sizes":[]},"typography_font_size_mobile":{"unit":"px","size":"14","sizes":[]},"text_padding_tablet":{"unit":"px","top":"18","right":"0","bottom":"18","left":"0","isLinked":""},"text_padding_mobile":{"unit":"px","top":"18","right":"25","bottom":"18","left":"25","isLinked":""},"typography_font_weight":"500","typography_text_decoration":"underline","typography_letter_spacing":{"unit":"px","size":"0.5","sizes":[]}},"elements":[],"isInner":false,"widgetType":"button","elType":"widget"}],"isInner":"","elType":"column"}],"isInner":"","elType":"section"},{"id":"7fffb081","settings":{"content_width":{"unit":"px","size":"948","sizes":[]},"gap":"no","padding":{"unit":"%","top":"16","right":"4","bottom":"6","left":"4","isLinked":""},"padding_tablet":{"unit":"%","top":"15","right":"10","bottom":"10","left":"10","isLinked":""},"padding_mobile":{"unit":"%","top":"40","right":"6","bottom":"14","left":"6","isLinked":""},"_title":"Meanwhile Open Your Appetite","_timestamp_":"v1b1BCenZXN2gxUTBqb0JJSWxJTVlPZz09"},"elements":[{"id":"488f1362","settings":{"_column_size":"100","space_between_widgets":"0"},"elements":[{"id":"6785b7af","settings":{"title":"Meanwhile, you are welcome to whet your appetite and be inspired by some of Henry\u2019s famous dishes","title_color":"#FFFFFF","typography_typography":"custom","typography_font_family":"Raleway","typography_font_size":{"unit":"px","size":"45","sizes":[]},"typography_font_weight":"100","typography_text_transform":"none","typography_font_style":"normal","typography_text_decoration":"none","typography_line_height":{"unit":"px","size":"50","sizes":[]},"align":"center","align_mobile":"center","typography_font_size_tablet":{"unit":"px","size":"34","sizes":[]},"typography_font_size_mobile":{"unit":"px","size":"22","sizes":[]},"typography_line_height_tablet":{"unit":"em","size":"1.3","sizes":[]},"_margin":{"unit":"px","top":"0","right":"0","bottom":"0","left":"0","isLinked":""},"_padding":{"unit":"%","top":"0","right":"0","bottom":"0","left":"0","isLinked":""},"_animation":"fadeIn","_animation_tablet":"none","_animation_delay":"200"},"elements":[],"isInner":false,"widgetType":"heading","elType":"widget"}],"isInner":"","elType":"column"}],"isInner":"","elType":"section"},{"id":"2bec73d1","settings":{"content_width":{"unit":"px","size":"1720","sizes":[]},"gap":"no","padding":{"unit":"%","top":"0","right":"4","bottom":"0","left":"4","isLinked":""},"padding_mobile":{"unit":"%","top":"0","right":"6","bottom":"0","left":"6","isLinked":""},"_title":"Dishes Slider","structure":"40","margin_tablet":{"unit":"%","top":"4","right":"0","bottom":"4","left":"0","isLinked":"1"},"_timestamp_":"v1b1BCenZXN2gxUTBqb0JJSWxJTVlPZz09"},"elements":[{"id":"ed0d3a8","settings":{"_column_size":"25","_inline_size":"25.756","_inline_size_tablet":"50","margin":{"unit":"px","top":"0","right":"50","bottom":"0","left":"0","isLinked":""},"margin_tablet":{"unit":"%","top":"0","right":"8","bottom":"12","left":"0","isLinked":""},"margin_mobile":{"unit":"%","top":"0","right":"0","bottom":"14","left":"0","isLinked":""}},"elements":[{"id":"4635d213","settings":{"image":{"id":17316,"url":"http:\/\/library.elementor.com\/lp\/wp-content\/uploads\/2021\/01\/chef-sample-dish-3.jpg"},"align":"left","align_tablet":"center","caption_source":"custom","caption_align":"left","text_color":"#FFFFFF","caption_typography_typography":"custom","caption_typography_font_family":"Raleway","caption_typography_font_size":{"unit":"px","size":"16","sizes":[]},"caption_typography_font_weight":"200","caption_typography_text_transform":"none","caption_typography_font_style":"normal","caption_typography_text_decoration":"none","caption_typography_line_height":{"unit":"em","size":"1.4","sizes":[]},"caption_typography_line_height_tablet":{"unit":"em","size":"1.4","sizes":[]},"caption_typography_line_height_mobile":{"unit":"em","size":"2","sizes":[]},"caption_space":{"unit":"px","size":"11","sizes":[]},"caption":"Crispy Shrimps With Veggies"},"elements":[],"isInner":false,"widgetType":"image","elType":"widget"}],"isInner":"","elType":"column"},{"id":"46cb2972","settings":{"_column_size":"25","_inline_size":"25.756","_inline_size_tablet":"50","margin":{"unit":"px","top":"0","right":"50","bottom":"0","left":"0","isLinked":""},"margin_tablet":{"unit":"%","top":"0","right":"0","bottom":"12","left":"8","isLinked":""},"margin_mobile":{"unit":"%","top":"0","right":"0","bottom":"14","left":"0","isLinked":""}},"elements":[{"id":"34e8c5f3","settings":{"image":{"id":17318,"url":"http:\/\/library.elementor.com\/lp\/wp-content\/uploads\/2021\/01\/chef-sample-dish-4.jpg"},"align":"left","align_tablet":"center","caption_source":"custom","caption_align":"left","text_color":"#FFFFFF","caption_typography_typography":"custom","caption_typography_font_family":"Raleway","caption_typography_font_size":{"unit":"px","size":"16","sizes":[]},"caption_typography_font_weight":"200","caption_typography_text_transform":"none","caption_typography_font_style":"normal","caption_typography_text_decoration":"none","caption_typography_line_height":{"unit":"em","size":"1.4","sizes":[]},"caption_typography_line_height_tablet":{"unit":"em","size":"1.4","sizes":[]},"caption_typography_line_height_mobile":{"unit":"em","size":"2","sizes":[]},"caption_space":{"unit":"px","size":"11","sizes":[]},"caption":"Roast Beef Entrecote With Fries"},"elements":[],"isInner":false,"widgetType":"image","elType":"widget"}],"isInner":"","elType":"column"},{"id":"1cf1a930","settings":{"_column_size":"25","_inline_size":"25.64","_inline_size_tablet":"50","margin":{"unit":"px","top":"0","right":"50","bottom":"0","left":"0","isLinked":""},"margin_tablet":{"unit":"%","top":"0","right":"8","bottom":"0","left":"0","isLinked":""},"margin_mobile":{"unit":"%","top":"0","right":"0","bottom":"14","left":"0","isLinked":""}},"elements":[{"id":"9c99601","settings":{"image":{"id":17320,"url":"http:\/\/library.elementor.com\/lp\/wp-content\/uploads\/2021\/01\/chef-sample-dish-4-.jpg"},"align":"left","align_tablet":"center","caption_source":"custom","caption_align":"left","text_color":"#FFFFFF","caption_typography_typography":"custom","caption_typography_font_family":"Raleway","caption_typography_font_size":{"unit":"px","size":"16","sizes":[]},"caption_typography_font_weight":"200","caption_typography_text_transform":"none","caption_typography_font_style":"normal","caption_typography_text_decoration":"none","caption_typography_line_height":{"unit":"em","size":"1.4","sizes":[]},"caption_typography_line_height_tablet":{"unit":"em","size":"1.4","sizes":[]},"caption_typography_line_height_mobile":{"unit":"em","size":"2","sizes":[]},"caption_space":{"unit":"px","size":"11","sizes":[]},"caption":"Tortellini With Salmon And Broccoli"},"elements":[],"isInner":false,"widgetType":"image","elType":"widget"}],"isInner":"","elType":"column"},{"id":"2161665f","settings":{"_column_size":"25","_inline_size":"22.804","_inline_size_tablet":"50","margin_tablet":{"unit":"%","top":"0","right":"0","bottom":"0","left":"8","isLinked":""},"margin_mobile":{"unit":"px","top":"0","right":"0","bottom":"0","left":"0","isLinked":""}},"elements":[{"id":"17aedd9","settings":{"image":{"id":17322,"url":"http:\/\/library.elementor.com\/lp\/wp-content\/uploads\/2021\/01\/chef-sample-dish-2.jpg"},"align":"left","align_tablet":"center","caption_source":"custom","caption_align":"left","text_color":"#FFFFFF","caption_typography_typography":"custom","caption_typography_font_family":"Raleway","caption_typography_font_size":{"unit":"px","size":"16","sizes":[]},"caption_typography_font_weight":"200","caption_typography_text_transform":"none","caption_typography_font_style":"normal","caption_typography_text_decoration":"none","caption_typography_line_height":{"unit":"em","size":"1.4","sizes":[]},"caption_typography_line_height_tablet":{"unit":"em","size":"1.4","sizes":[]},"caption_typography_line_height_mobile":{"unit":"em","size":"2","sizes":[]},"caption_space":{"unit":"px","size":"11","sizes":[]},"caption":"Pork Cutlets With Cranberry Wine Sauce"},"elements":[],"isInner":false,"widgetType":"image","elType":"widget"}],"isInner":"","elType":"column"}],"isInner":"","elType":"section"},{"id":"7350e134","settings":{"content_width":{"unit":"px","size":"1720","sizes":[]},"gap":"no","height":"min-height","custom_height":{"unit":"px","size":"370","sizes":[]},"html_tag":"footer","padding":{"unit":"%","top":"5","right":"4","bottom":"0","left":"4","isLinked":""},"padding_tablet":{"unit":"%","top":"14","right":"4","bottom":"0","left":"4","isLinked":""},"padding_mobile":{"unit":"%","top":"20","right":"10","bottom":"0","left":"10","isLinked":""},"_title":"Footer","_timestamp_":"v1b1BCenZXN2gxUTBqb0JJSWxJTVlPZz09"},"elements":[{"id":"48a99826","settings":{"_column_size":"100","space_between_widgets":"50","space_between_widgets_mobile":"60"},"elements":[{"id":"34a25561","settings":{"image":{"id":17312,"url":"http:\/\/library.elementor.com\/lp\/wp-content\/uploads\/2021\/01\/Chef_logo.png"},"align":"center","width":{"unit":"px","size":"260","sizes":[]},"align_mobile":"center","width_mobile":{"unit":"px","size":"200","sizes":[]}},"elements":[],"isInner":false,"widgetType":"image","elType":"widget"},{"id":"1b233db7","settings":{"editor":"\u24b8  Henry Simmons Personal Chef. All rights reserved","align":"center","text_color":"#FFFFFF","typography_typography":"custom","typography_font_family":"Raleway","typography_font_size":{"unit":"px","size":"15","sizes":[]},"typography_font_size_tablet":{"unit":"px","size":"15","sizes":[]},"typography_font_weight":"200","typography_text_transform":"none","typography_font_style":"normal","typography_text_decoration":"none","typography_line_height":{"unit":"px","size":"30","sizes":[]},"typography_line_height_tablet":{"unit":"em","size":"1.4","sizes":[]}},"elements":[],"isInner":false,"widgetType":"text-editor","elType":"widget"},{"id":"3ccd0fa0","settings":{"social_icon_list":[{"social_icon":{"value":{"id":17324,"url":"http:\/\/library.elementor.com\/lp\/wp-content\/uploads\/2021\/01\/insta-icon-1.svg"},"library":"svg"},"_id":"e4fd53e"},{"social_icon":{"value":"fab fa-facebook-f","library":"fa-brands"},"_id":"9f5badf"},{"social_icon":{"value":"fab fa-twitter","library":"fa-brands"},"_id":"8c814c1"}],"icon_color":"custom","icon_primary_color":"rgba(255, 255, 255, 0)","icon_secondary_color":"#FFFFFF","icon_size":{"unit":"px","size":"15","sizes":[]},"icon_padding":{"unit":"em","size":"0","sizes":[]},"icon_spacing":{"unit":"px","size":"20","sizes":[]},"hover_primary_color":"rgba(255, 255, 255, 0)","hover_secondary_color":"#FFAF29"},"elements":[],"isInner":false,"widgetType":"social-icons","elType":"widget"}],"isInner":"","elType":"column"}],"isInner":"","elType":"section"}]}