{"version":"0.4","title":"17313","type":"page","content":[{"id":"764124bb","settings":{"background_background":"gradient","background_color":"#2D4175","layout":"full_width","gap":"no","height":"min-height","column_position":"stretch","background_color_b":"#303344","background_gradient_angle":{"unit":"deg","size":"90","sizes":[]},"background_image":{"id":17337,"url":"http:\/\/library.elementor.com\/lp\/wp-content\/uploads\/2021\/01\/placeholder-3.png"},"background_position":"center center","background_repeat":"repeat-x","background_size":"auto","background_overlay_background":"classic","background_overlay_image":{"id":17339,"url":"http:\/\/library.elementor.com\/lp\/wp-content\/uploads\/2021\/01\/13_Dev_Course-Hero_Lines.png"},"background_overlay_position":"center center","background_overlay_repeat":"repeat-x","background_overlay_size":"auto","background_overlay_opacity":{"unit":"px","size":"0.05","sizes":[]},"custom_height":{"unit":"vh","size":"100","sizes":[]},"content_position":"space-between","_title":"Hero","custom_height_tablet":{"unit":"vh","size":"","sizes":[]},"background_overlay_size_tablet":"cover","_timestamp_":"v1b1BCenZXN2gxUTBqb0JJSWxJTVlPZz09"},"elements":[{"id":"5af6d53d","settings":{"_column_size":"100","background_background":"classic","background_image":{"id":17335,"url":"http:\/\/library.elementor.com\/lp\/wp-content\/uploads\/2021\/01\/13_Dev_Course-Hero_Dots.png"},"background_position":"center center","background_repeat":"no-repeat","background_size":"contain","background_motion_fx_motion_fx_scrolling":"yes","background_motion_fx_blur_direction":"in-out-in","background_motion_fx_blur_range":{"unit":"%","size":"","sizes":{"start":"53","end":"100"}},"background_motion_fx_scale_effect":"yes","background_motion_fx_scale_speed":{"unit":"px","size":"10","sizes":[]},"background_motion_fx_scale_range":{"unit":"%","size":"","sizes":{"start":"50","end":"100"}}},"elements":[{"id":"3923204b","settings":{"layout":"full_width","gap":"no","margin":{"unit":"%","top":"4","right":"0","bottom":"0","left":"0","isLinked":""},"padding":{"unit":"%","top":"0","right":"12","bottom":"0","left":"12","isLinked":""},"padding_tablet":{"unit":"%","top":"0","right":"8","bottom":"0","left":"8","isLinked":""}},"elements":[{"id":"75453d8b","settings":{"_column_size":"100"},"elements":[{"id":"7281e2ae","settings":{"image":{"id":17333,"url":"http:\/\/library.elementor.com\/lp\/wp-content\/uploads\/2021\/01\/13_Dev_Course-Logo@2x.png"},"image_size":"full","align":"left","width_mobile":{"unit":"px","size":"140","sizes":[]},"width":{"unit":"px","size":"176","sizes":[]}},"elements":[],"isInner":false,"widgetType":"image","elType":"widget"}],"isInner":"1","elType":"column"}],"isInner":"1","elType":"section"},{"id":"3f7740c1","settings":{"layout":"full_width","content_width":{"unit":"px","size":"1140","sizes":[]},"gap":"no","structure":"20","margin":{"unit":"%","top":"0","right":"0","bottom":"0","left":"0","isLinked":""},"padding":{"unit":"%","top":"0","right":"12","bottom":"0","left":"12","isLinked":""},"margin_tablet":{"unit":"%","top":"8","right":"0","bottom":"0","left":"0","isLinked":""},"padding_tablet":{"unit":"%","top":"0","right":"8","bottom":"0","left":"8","isLinked":""},"margin_mobile":{"unit":"%","top":"","right":"0","bottom":"","left":"0","isLinked":"1"}},"elements":[{"id":"29694689","settings":{"_column_size":"50","space_between_widgets":"30","margin":{"unit":"px","top":"0","right":"0","bottom":"0","left":"50","isLinked":""},"padding":{"unit":"%","top":"","right":"","bottom":"","left":"","isLinked":"1"},"_inline_size_tablet":"100","space_between_widgets_tablet":"20","margin_mobile":{"unit":"px","top":"0","right":"0","bottom":"0","left":"30","isLinked":""},"space_between_widgets_mobile":"10"},"elements":[{"id":"50a76476","settings":{"title":"Thank you for signing up","header_size":"h4","title_color":"#81A7F0","typography_typography":"custom","typography_font_family":"Roboto Mono","typography_font_size":{"unit":"px","size":"20","sizes":[]},"typography_font_weight":"300","typography_text_transform":"none","typography_font_style":"italic","typography_text_decoration":"none","typography_letter_spacing":{"unit":"px","size":"0","sizes":[]},"typography_font_size_tablet":{"unit":"px","size":"16","sizes":[]},"typography_font_size_mobile":{"unit":"px","size":"14","sizes":[]}},"elements":[],"isInner":false,"widgetType":"heading","elType":"widget"},{"id":"49729426","settings":{"title":"The <b>10% discount<\/b><br> is yours!","header_size":"h1","title_color":"#FFFFFF","typography_typography":"custom","typography_font_family":"Montserrat","typography_font_size":{"unit":"px","size":"65","sizes":[]},"typography_font_weight":"400","typography_text_transform":"none","typography_font_style":"italic","typography_text_decoration":"none","typography_line_height":{"unit":"em","size":"1.1","sizes":[]},"typography_letter_spacing":{"unit":"px","size":"0","sizes":[]},"_margin":{"unit":"px","top":"0","right":"0","bottom":"0","left":"-50","isLinked":""},"_padding":{"unit":"px","top":"0","right":"0","bottom":"0","left":"46","isLinked":""},"_border_border":"solid","_border_width":{"unit":"px","top":"0","right":"0","bottom":"0","left":"4","isLinked":""},"_border_color":"#C59EFF","typography_font_size_tablet":{"unit":"px","size":"52","sizes":[]},"typography_font_size_mobile":{"unit":"px","size":"40","sizes":[]},"_margin_mobile":{"unit":"px","top":"0","right":"0","bottom":"0","left":"-30","isLinked":""},"_padding_mobile":{"unit":"px","top":"0","right":"0","bottom":"0","left":"26","isLinked":""}},"elements":[],"isInner":false,"widgetType":"heading","elType":"widget"}],"isInner":"1","elType":"column"},{"id":"411e59b9","settings":{"_column_size":"50","space_between_widgets":"40","border_radius":{"unit":"px","top":"","right":"","bottom":"","left":"","isLinked":"1"},"box_shadow_box_shadow":{"horizontal":"0","vertical":"10","blur":"60","spread":"0","color":"rgba(0, 0, 0, 0.05)"},"margin":{"unit":"%","top":"","right":"","bottom":"","left":"","isLinked":"1"},"padding":{"unit":"%","top":"5","right":"0","bottom":"0","left":"25","isLinked":""},"_inline_size_tablet":"100","margin_tablet":{"unit":"%","top":"9","right":"9","bottom":"9","left":"9","isLinked":"1"},"padding_tablet":{"unit":"%","top":"9","right":"9","bottom":"9","left":"9","isLinked":"1"},"margin_mobile":{"unit":"%","top":"1","right":"0","bottom":"0","left":"0","isLinked":""}},"elements":[{"id":"1767e254","settings":{"editor":"<p>Check your inbox in a few minutes for the discount coupon and everything you need to know about our e-course. While you wait for it, you are welcome to click the button below and learn more about the academy.<\/p>","text_color":"#C0C4CF","_margin":{"unit":"%","top":"","right":"","bottom":"","left":"","isLinked":"1"},"__globals__":{"typography_typography":""},"typography_typography":"custom","typography_font_family":"Montserrat","typography_font_size":{"unit":"px","size":"16","sizes":[]},"typography_font_size_tablet":{"unit":"px","size":"14","sizes":[]},"typography_font_weight":"300","typography_text_transform":"none","typography_font_style":"normal","typography_text_decoration":"none","typography_line_height":{"unit":"em","size":"1.4","sizes":[]},"typography_letter_spacing":{"unit":"px","size":"0","sizes":[]}},"elements":[],"isInner":false,"widgetType":"text-editor","elType":"widget"},{"id":"1f5975db","settings":{"text":"About the Academy","selected_icon":{"value":"fas fa-angle-double-right","library":"fa-solid"},"icon_align":"right","button_text_color":"#FFFFFF","background_color":"#075BF7","button_background_hover_color":"#FFFFFF","border_radius":{"unit":"px","top":"0","right":"0","bottom":"0","left":"0","isLinked":""},"text_padding":{"unit":"px","top":"20","right":"85","bottom":"20","left":"85","isLinked":""},"__globals__":{"typography_typography":""},"typography_typography":"custom","typography_font_family":"Roboto Mono","typography_font_size":{"unit":"px","size":"18","sizes":[]},"typography_font_size_mobile":{"unit":"px","size":"16","sizes":[]},"typography_font_weight":"400","typography_text_transform":"none","typography_font_style":"italic","typography_text_decoration":"none","typography_line_height":{"unit":"em","size":"1","sizes":[]},"typography_letter_spacing":{"unit":"px","size":"0","sizes":[]},"text_padding_mobile":{"unit":"px","top":"20","right":"30","bottom":"20","left":"30","isLinked":""},"hover_color":"#075BF7"},"elements":[],"isInner":false,"widgetType":"button","elType":"widget"}],"isInner":"1","elType":"column"}],"isInner":"1","elType":"section"},{"id":"44a45d03","settings":{"layout":"full_width","gap":"no","margin":{"unit":"%","top":"3","right":"0","bottom":"0","left":"0","isLinked":""},"padding":{"unit":"%","top":"0","right":"12","bottom":"0","left":"12","isLinked":""},"padding_tablet":{"unit":"%","top":"0","right":"8","bottom":"0","left":"8","isLinked":""},"content_position":"bottom","margin_mobile":{"unit":"%","top":"15","right":"0","bottom":"0","left":"0","isLinked":""},"padding_mobile":{"unit":"%","top":"","right":"","bottom":"","left":"","isLinked":"1"}},"elements":[{"id":"6dacc624","settings":{"_column_size":"100","align_tablet":"center"},"elements":[{"id":"27c923c0","settings":{"title":"Invite a friend to join you","header_size":"h4","title_color":"#0759F3","typography_typography":"custom","typography_font_family":"Roboto Mono","typography_font_size":{"unit":"px","size":"16","sizes":[]},"typography_font_weight":"400","typography_text_transform":"none","typography_font_style":"italic","typography_text_decoration":"none","typography_letter_spacing":{"unit":"px","size":"0","sizes":[]},"_padding":{"unit":"px","top":"15","right":"35","bottom":"15","left":"35","isLinked":""},"_background_background":"classic","_background_color":"#FFFFFF","_border_radius":{"unit":"px","top":"5","right":"0","bottom":"0","left":"0","isLinked":""},"_element_width":"auto","typography_font_size_tablet":{"unit":"px","size":"14","sizes":[]},"typography_font_size_mobile":{"unit":"px","size":"12","sizes":[]},"_padding_mobile":{"unit":"px","top":"8","right":"15","bottom":"8","left":"15","isLinked":""}},"elements":[],"isInner":false,"widgetType":"heading","elType":"widget"},{"id":"35751e83","settings":{"social_icon_list":[{"social_icon":{"value":"fab fa-facebook-square","library":"fa-brands"},"_id":"609d597"},{"social_icon":{"value":"fab fa-twitter-square","library":"fa-brands"},"_id":"ee24208"},{"social_icon":{"value":"fab fa-linkedin","library":"fa-brands"},"_id":"e66078d"}],"icon_color":"custom","icon_primary_color":"rgba(2, 1, 1, 0)","icon_secondary_color":"#075BF7","icon_size":{"unit":"px","size":"18","sizes":[]},"icon_size_tablet":{"unit":"px","size":"16","sizes":[]},"icon_padding":{"unit":"em","size":"0","sizes":[]},"icon_spacing":{"unit":"px","size":"20","sizes":[]},"icon_spacing_mobile":{"unit":"px","size":"9","sizes":[]},"hover_animation":"push","_padding":{"unit":"px","top":"14","right":"35","bottom":"14","left":"55","isLinked":""},"_padding_mobile":{"unit":"px","top":"6","right":"15","bottom":"6","left":"0","isLinked":""},"_background_background":"classic","_background_color":"#FFFFFF","_border_radius":{"unit":"px","top":"0","right":"5","bottom":"0","left":"0","isLinked":""},"_element_width":"auto","_element_vertical_align":"center"},"elements":[],"isInner":false,"widgetType":"social-icons","elType":"widget"}],"isInner":"1","elType":"column"}],"isInner":"1","elType":"section"}],"isInner":"","elType":"column"}],"isInner":"","elType":"section"}]}