{"content":[{"id":"2a90c05b","settings":{"layout":"full_width","gap":"no","height":"min-height","custom_height":{"unit":"vh","size":"20","sizes":[]},"content_position":"middle","background_background":"classic","background_color":"#04245B","padding":{"unit":"%","top":"0","right":"8","bottom":"0","left":"8","isLinked":""},"custom_height_tablet":{"unit":"vh","size":"12","sizes":[]},"_title":"Header","_timestamp_":"v1b1BCenZXN2gxUTBqb0JJSWxJTVlPZz09"},"elements":[{"id":"35df7f15","settings":{"_column_size":"100","space_between_widgets":"20"},"elements":[{"id":"5618035b","settings":{"image":{"id":16881,"url":"https:\/\/library.elementor.com\/wp-content\/uploads\/2021\/03\/30_Open_week-Logo.png"},"image_size":"full","align":"left","width":{"unit":"px","size":"283","sizes":[]},"width_tablet":{"unit":"px","size":"215","sizes":[]},"width_mobile":{"unit":"px","size":"150","sizes":[]},"jet_tricks_widget_satellite_image":{"id":16882,"url":"https:\/\/library.elementor.com\/wp-content\/uploads\/2021\/03\/placeholder.png"}},"elements":[],"isInner":false,"widgetType":"image","elType":"widget"}],"isInner":"","elType":"column"}],"isInner":"","elType":"section"},{"id":"513309b9","settings":{"layout":"full_width","gap":"no","custom_height":{"unit":"vh","size":"80","sizes":[]},"content_position":"middle","structure":"20","background_background":"gradient","background_color":"#04245B","padding":{"unit":"%","top":"0","right":"8","bottom":"0","left":"8","isLinked":""},"custom_height_tablet":{"unit":"vh","size":"0","sizes":[]},"column_position":"top","background_image":{"id":16891,"url":"https:\/\/library.elementor.com\/wp-content\/uploads\/2021\/03\/30_Open_week-Hero-BG_Overlay.png"},"background_position":"top left","background_repeat":"no-repeat","background_size":"initial","background_bg_width":{"unit":"%","size":"70","sizes":[]},"shape_divider_bottom_color":"#E1E8F4","shape_divider_bottom_height":{"unit":"px","size":"144","sizes":[]},"shape_divider_bottom_flip":"yes","margin_tablet":{"unit":"%","top":"","right":"0","bottom":"","left":"0","isLinked":"1"},"padding_tablet":{"unit":"%","top":"5","right":"8","bottom":"0","left":"8","isLinked":""},"background_position_tablet":"center left","background_position_mobile":"initial","background_xpos_mobile":{"unit":"%","size":"0","sizes":[]},"background_ypos_mobile":{"unit":"%","size":"30","sizes":[]},"background_size_tablet":"initial","background_bg_width_tablet":{"unit":"%","size":"100","sizes":[]},"_title":"Hero","background_color_stop":{"unit":"%","size":"78","sizes":[]},"background_color_b":"rgba(236, 0, 59, 0)","background_color_b_stop":{"unit":"%","size":"78.2","sizes":[]},"background_gradient_angle":{"unit":"deg","size":"175","sizes":[]},"height":"min-height","background_overlay_background":"classic","background_overlay_image":{"id":16891,"url":"https:\/\/library.elementor.com\/wp-content\/uploads\/2021\/03\/30_Open_week-Hero-BG_Overlay.png"},"background_overlay_position":"top left","background_overlay_repeat":"no-repeat","background_overlay_size":"initial","background_overlay_bg_width":{"unit":"%","size":"70","sizes":[]},"_timestamp_":"v1b1BCenZXN2gxUTBqb0JJSWxJTVlPZz09"},"elements":[{"id":"7b04ad24","settings":{"_column_size":"50","_inline_size":"64.94","_inline_size_tablet":"100","space_between_widgets":"0","margin":{"unit":"%","top":"","right":"","bottom":"","left":"","isLinked":"1"},"margin_tablet":{"unit":"%","top":"0","right":"0","bottom":"0","left":"0","isLinked":""}},"elements":[{"id":"49188117","settings":{"selected_icon":{"value":"fas fa-circle","library":"fa-solid"},"title_text":"Live","description_text":"","position":"left","primary_color":"#04245B","icon_space":{"unit":"px","size":"18","sizes":[]},"icon_space_tablet":{"unit":"px","size":"12","sizes":[]},"icon_size":{"unit":"px","size":"8","sizes":[]},"content_vertical_alignment":"middle","title_bottom_space":{"unit":"px","size":"0","sizes":[]},"title_color":"#04245B","title_typography_typography":"custom","title_typography_font_family":"Montserrat","title_typography_font_size":{"unit":"px","size":"16","sizes":[]},"title_typography_font_size_tablet":{"unit":"px","size":"14","sizes":[]},"title_typography_font_weight":"500","title_typography_text_transform":"uppercase","title_typography_font_style":"normal","title_typography_text_decoration":"none","title_typography_line_height":{"unit":"em","size":"1.1","sizes":[]},"title_typography_letter_spacing":{"unit":"px","size":"0","sizes":[]},"_padding":{"unit":"px","top":"9","right":"25","bottom":"9","left":"15","isLinked":""},"_padding_tablet":{"unit":"px","top":"5","right":"14","bottom":"5","left":"12","isLinked":""},"_background_background":"classic","_background_color":"#FFFFFF","_element_width":"auto","__globals__":{"title_typography_typography":""},"_padding_mobile":{"unit":"px","top":"0","right":"20","bottom":"5","left":"20","isLinked":""},"_animation":"swing","animation_duration":"slow","title_size":"div","icon_space_mobile":{"unit":"px","size":"-17","sizes":[]},"icon_size_mobile":{"unit":"px","size":"0","sizes":[]},"description_typography_font_family":"Roboto","description_typography_font_weight":"400","motion_fx_rotateZ_speed":{"unit":"px","size":"5.4","sizes":[]},"motion_fx_rotateZ_affectedRange":{"unit":"%","size":"","sizes":{"start":"0","end":"0"}},"_animation_mobile":"none","jet_tricks_widget_satellite_image":{"id":16883,"url":"https:\/\/library.elementor.com\/wp-content\/uploads\/2021\/03\/placeholder-1.png"}},"elements":[],"isInner":false,"widgetType":"icon-box","elType":"widget"},{"id":"1feb7223","settings":{"title":"24-28 May, 2021","header_size":"p","title_color":"#FFFFFF","typography_typography":"custom","typography_font_family":"Montserrat","typography_font_size":{"unit":"px","size":"20","sizes":[]},"typography_font_size_tablet":{"unit":"px","size":"18","sizes":[]},"typography_font_weight":"500","typography_text_transform":"capitalize","typography_font_style":"normal","typography_text_decoration":"none","typography_letter_spacing":{"unit":"px","size":"0","sizes":[]},"_margin":{"unit":"px","top":"0","right":"0","bottom":"0","left":"12","isLinked":""},"_element_width":"auto","_element_vertical_align":"center","__globals__":{"typography_typography":""},"typography_font_size_mobile":{"unit":"px","size":"16","sizes":[]},"typography_line_height":{"unit":"em","size":"1","sizes":[]},"jet_tricks_widget_satellite_image":{"id":16884,"url":"https:\/\/library.elementor.com\/wp-content\/uploads\/2021\/03\/placeholder-2.png"}},"elements":[],"isInner":false,"widgetType":"heading","elType":"widget"},{"id":"78c3c909","settings":{"title":"Virtual","header_size":"h1","title_color":"#FFFFFF","typography_typography":"custom","typography_font_family":"Montserrat","typography_font_size":{"unit":"px","size":"130","sizes":[]},"typography_font_size_tablet":{"unit":"px","size":"75","sizes":[]},"typography_font_weight":"300","typography_text_transform":"uppercase","typography_font_style":"normal","typography_text_decoration":"none","typography_letter_spacing":{"unit":"px","size":"0","sizes":[]},"_margin":{"unit":"%","top":"2","right":"0","bottom":"0","left":"0","isLinked":""},"__globals__":{"typography_typography":""},"typography_font_size_mobile":{"unit":"px","size":"45","sizes":[]},"_margin_mobile":{"unit":"%","top":"5","right":"0","bottom":"0","left":"0","isLinked":""},"typography_line_height":{"unit":"em","size":"1","sizes":[]},"jet_tricks_widget_satellite_image":{"id":16885,"url":"https:\/\/library.elementor.com\/wp-content\/uploads\/2021\/03\/placeholder-3.png"}},"elements":[],"isInner":false,"widgetType":"heading","elType":"widget"},{"id":"4e66cd0d","settings":{"title":"open week","header_size":"h1","title_color":"#FFFFFF","typography_typography":"custom","typography_font_family":"Montserrat","typography_font_size":{"unit":"px","size":"130","sizes":[]},"typography_font_size_tablet":{"unit":"px","size":"75","sizes":[]},"typography_font_weight":"800","typography_text_transform":"uppercase","typography_font_style":"normal","typography_text_decoration":"none","typography_letter_spacing":{"unit":"px","size":"0","sizes":[]},"__globals__":{"typography_typography":""},"typography_font_size_mobile":{"unit":"px","size":"45","sizes":[]},"typography_line_height":{"unit":"em","size":"1","sizes":[]},"jet_tricks_widget_satellite_image":{"id":16886,"url":"https:\/\/library.elementor.com\/wp-content\/uploads\/2021\/03\/placeholder-4.png"}},"elements":[],"isInner":false,"widgetType":"heading","elType":"widget"},{"id":"50ae8eff","settings":{"title":"Explore what ATDU can offer you during the virtual open week experience.","header_size":"h4","title_color":"#FFFFFF","typography_typography":"custom","typography_font_family":"Montserrat","typography_font_size":{"unit":"px","size":"25","sizes":[]},"typography_font_size_tablet":{"unit":"px","size":"18","sizes":[]},"typography_font_weight":"300","typography_text_transform":"none","typography_font_style":"normal","typography_text_decoration":"none","typography_line_height":{"unit":"em","size":"1.1","sizes":[]},"typography_letter_spacing":{"unit":"px","size":"0","sizes":[]},"_margin":{"unit":"%","top":"2","right":"0","bottom":"0","left":"0","isLinked":""},"_element_width":"initial","_element_custom_width":{"unit":"%","size":"60","sizes":[]},"__globals__":{"typography_typography":""},"typography_font_size_mobile":{"unit":"px","size":"16","sizes":[]},"_element_width_mobile":"inherit","jet_tricks_widget_satellite_image":{"id":16887,"url":"https:\/\/library.elementor.com\/wp-content\/uploads\/2021\/03\/placeholder-5.png"}},"elements":[],"isInner":false,"widgetType":"heading","elType":"widget"}],"isInner":"","elType":"column"},{"id":"40da6545","settings":{"_column_size":"50","_inline_size":"35.034","_inline_size_tablet":"100","space_between_widgets":"0","margin_tablet":{"unit":"%","top":"10","right":"0","bottom":"-10","left":"0","isLinked":""},"padding":{"unit":"%","top":"0","right":"0","bottom":"0","left":"5","isLinked":""},"padding_tablet":{"unit":"%","top":"0","right":"15","bottom":"0","left":"15","isLinked":""},"padding_mobile":{"unit":"px","top":"0","right":"0","bottom":"0","left":"0","isLinked":""},"margin":{"unit":"%","top":"5","right":"0","bottom":"0","left":"0","isLinked":""}},"elements":[{"id":"1ca60b7d","settings":{"bg_image":{"url":"","id":""},"title":"ATDU discover week with live stream sessions","description":"Sign up for our open week","title_tag":"h3","button":"","padding":{"unit":"%","top":"10","right":"10","bottom":"10","left":"10","isLinked":"1"},"title_typography_typography":"custom","title_typography_font_family":"Montserrat","title_typography_font_size":{"unit":"px","size":"32","sizes":[]},"title_typography_font_size_tablet":{"unit":"px","size":"26","sizes":[]},"title_typography_font_weight":"600","title_typography_text_transform":"none","title_typography_font_style":"normal","title_typography_text_decoration":"none","title_typography_line_height":{"unit":"em","size":"1","sizes":[]},"title_typography_letter_spacing":{"unit":"px","size":"0","sizes":[]},"title_spacing":{"unit":"px","size":"12","sizes":[]},"description_typography_typography":"custom","description_typography_font_family":"Montserrat","description_typography_font_size":{"unit":"px","size":"20","sizes":[]},"description_typography_font_size_tablet":{"unit":"px","size":"18","sizes":[]},"description_typography_font_weight":"300","description_typography_text_transform":"none","description_typography_font_style":"italic","description_typography_text_decoration":"none","description_typography_line_height":{"unit":"em","size":"1","sizes":[]},"description_typography_letter_spacing":{"unit":"px","size":"1","sizes":[]},"description_spacing":{"unit":"px","size":"0","sizes":[]},"content_bg_color":"#E1E8F4","title_color":"#000000","description_color":"#062D72","_element_custom_width":{"unit":"px","size":"513","sizes":[]},"__globals__":{"title_typography_typography":"","description_typography_typography":""},"padding_mobile":{"unit":"%","top":"9","right":"7","bottom":"9","left":"7","isLinked":""},"title_typography_font_size_mobile":{"unit":"px","size":"20","sizes":[]},"description_typography_font_size_mobile":{"unit":"px","size":"16","sizes":[]},"description_typography_letter_spacing_mobile":{"unit":"px","size":"0","sizes":[]},"graphic_image":{"id":16888,"url":"https:\/\/library.elementor.com\/wp-content\/uploads\/2021\/03\/placeholder-6.png"},"jet_tricks_widget_satellite_image":{"id":16889,"url":"https:\/\/library.elementor.com\/wp-content\/uploads\/2021\/03\/placeholder-7.png"}},"elements":[],"isInner":false,"widgetType":"call-to-action","elType":"widget"},{"id":"15d67671","settings":{"form_name":"Registration Form","form_fields":[{"custom_id":"name","field_label":"Full Name","placeholder":"Full Name","_id":"5dd7309","rows":"4","previous_button":"","next_button":"","file_sizes":"","file_types":"","allow_multiple_upload":"","max_files":"","acceptance_text":"","checked_by_default":"","field_min":"","field_max":"","min_date":"","max_date":"","use_native_date":"","use_native_time":""},{"custom_id":"field_edad61c","field_type":"tel","field_label":"Phone","placeholder":"Phone","_id":"edad61c","rows":"4","previous_button":"","next_button":"","file_sizes":"","file_types":"","allow_multiple_upload":"","max_files":"","acceptance_text":"","checked_by_default":"","field_min":"","field_max":"","min_date":"","max_date":"","use_native_date":"","use_native_time":""},{"custom_id":"email","field_type":"email","required":"true","field_label":"Email","placeholder":"Email","_id":"8782308","rows":"4","previous_button":"","next_button":"","file_sizes":"","file_types":"","allow_multiple_upload":"","max_files":"","acceptance_text":"","checked_by_default":"","field_min":"","field_max":"","min_date":"","max_date":"","use_native_date":"","use_native_time":""},{"custom_id":"message","field_type":"select","field_label":"Which program interests you?","placeholder":"Message","_id":"26788df","field_options":"Which program interests you?\nEconomic\nHistory\nBusiness\nData Science","rows":"4","previous_button":"","next_button":"","file_sizes":"","file_types":"","allow_multiple_upload":"","max_files":"","acceptance_text":"","checked_by_default":"","field_min":"","field_max":"","min_date":"","max_date":"","use_native_date":"","use_native_time":""}],"input_size":"md","show_labels":"","step_next_label":"Next","step_previous_label":"Previous","button_text":"Save My Spot","email_content":"[all-fields]","email_content_2":"[all-fields]","success_message":"The form was sent successfully.","error_message":"An error occurred.","required_field_message":"This field is required.","invalid_message":"There's something wrong. The form is invalid.","column_gap":{"unit":"px","size":"15","sizes":[]},"row_gap":{"unit":"px","size":"15","sizes":[]},"field_text_color":"#95AAD1","field_background_color":"rgba(2, 1, 1, 0)","field_border_color":"#7698D2","field_border_width":{"unit":"px","top":"1","right":"1","bottom":"1","left":"1","isLinked":"1"},"field_border_radius":{"unit":"px","top":"0","right":"0","bottom":"0","left":"0","isLinked":"1"},"button_border_width":{"unit":"px","top":"2","right":"2","bottom":"2","left":"2","isLinked":"1"},"button_background_color":"#04245B","button_border_color":"#04245B","button_background_hover_color":"#E1E8F4","button_hover_color":"#04245B","button_border_radius":{"unit":"px","top":"50","right":"50","bottom":"50","left":"50","isLinked":"1"},"_background_background":"classic","_background_color":"#FFFFFF","__globals__":{"field_typography_typography":"","message_typography_typography":"","button_typography_typography":""},"button_text_padding":{"unit":"%","top":"7","right":"0","bottom":"7","left":"0","isLinked":""},"success_message_color":"#04245B","error_message_color":"#04245B","inline_message_color":"#04245B","_padding":{"unit":"%","top":"12","right":"15","bottom":"12","left":"15","isLinked":""},"_box_shadow_box_shadow_type":"yes","_box_shadow_box_shadow":{"horizontal":"9","vertical":"9","blur":"37","spread":"0","color":"rgba(0, 0, 0, 0.06)"},"_element_custom_width":{"unit":"px","size":"513","sizes":[]},"_padding_mobile":{"unit":"%","top":"10","right":"10","bottom":"10","left":"10","isLinked":""},"field_typography_typography":"custom","field_typography_font_family":"Montserrat","field_typography_font_size":{"unit":"px","size":"14","sizes":[]},"field_typography_font_size_mobile":{"unit":"px","size":"12","sizes":[]},"field_typography_font_weight":"400","field_typography_text_transform":"none","field_typography_font_style":"normal","field_typography_text_decoration":"none","field_typography_letter_spacing":{"unit":"px","size":"0","sizes":[]},"button_typography_typography":"custom","button_typography_font_family":"Montserrat","button_typography_font_size":{"unit":"px","size":"16","sizes":[]},"button_typography_font_size_mobile":{"unit":"px","size":"14","sizes":[]},"button_typography_font_weight":"700","button_typography_text_transform":"uppercase","button_typography_font_style":"normal","button_typography_text_decoration":"none","button_typography_line_height":{"unit":"em","size":"1","sizes":[]},"button_typography_letter_spacing":{"unit":"px","size":"1","sizes":[]},"message_typography_typography":"custom","message_typography_font_family":"Montserrat","message_typography_font_size":{"unit":"px","size":"14","sizes":[]},"message_typography_font_size_mobile":{"unit":"px","size":"12","sizes":[]},"message_typography_font_weight":"400","message_typography_text_transform":"none","message_typography_font_style":"normal","message_typography_text_decoration":"none","message_typography_letter_spacing":{"unit":"px","size":"0","sizes":[]},"_margin":{"unit":"%","top":"","right":"","bottom":"","left":"","isLinked":"1"},"field_typography_line_height":{"unit":"em","size":"1","sizes":[]},"message_typography_line_height":{"unit":"em","size":"1.5","sizes":[]},"jet_tricks_widget_satellite_image":{"id":16890,"url":"https:\/\/library.elementor.com\/wp-content\/uploads\/2021\/03\/placeholder-8.png"}},"elements":[],"isInner":false,"widgetType":"form","elType":"widget"}],"isInner":"","elType":"column"}],"isInner":"","elType":"section"},{"id":"1a67d402","settings":{"content_width":{"unit":"px","size":"860","sizes":[]},"gap":"no","margin":{"unit":"%","top":"15","right":"0","bottom":"0","left":"0","isLinked":""},"padding":{"unit":"%","top":"","right":"","bottom":"","left":"","isLinked":"1"},"margin_tablet":{"unit":"%","top":"30","right":"0","bottom":"0","left":"0","isLinked":""},"padding_tablet":{"unit":"%","top":"0","right":"8","bottom":"0","left":"8","isLinked":""},"_title":"About","margin_mobile":{"unit":"%","top":"35","right":"0","bottom":"0","left":"0","isLinked":""},"overflow":"hidden","shape_divider_top_height":{"unit":"px","size":"165","sizes":[]},"_timestamp_":"v1b1BCenZXN2gxUTBqb0JJSWxJTVlPZz09"},"elements":[{"id":"3ad50005","settings":{"_column_size":"100","space_between_widgets":"50","space_between_widgets_tablet":"30"},"elements":[{"id":"7d75ca6a","settings":{"title":"Set up new goals for 2021.<br>\nFind what the future holds for you.","align":"center","title_color":"#000000","typography_typography":"custom","typography_font_family":"Montserrat","typography_font_size":{"unit":"px","size":"42","sizes":[]},"typography_font_weight":"600","typography_text_transform":"none","typography_font_style":"normal","typography_text_decoration":"none","typography_letter_spacing":{"unit":"px","size":"0","sizes":[]},"__globals__":{"typography_typography":""},"typography_font_size_tablet":{"unit":"px","size":"32","sizes":[]},"typography_font_size_mobile":{"unit":"px","size":"24","sizes":[]},"typography_line_height":{"unit":"em","size":"1","sizes":[]},"jet_tricks_widget_satellite_image":{"id":16892,"url":"https:\/\/library.elementor.com\/wp-content\/uploads\/2021\/03\/placeholder-9.png"}},"elements":[],"isInner":false,"widgetType":"heading","elType":"widget"},{"id":"59d62e83","settings":{"editor":"<p>The open week will help you better understand what the main benefits of learning at ATDU are. Meet your future lecturers and talk with our students and graduates. Although we are streaming live during the open week, you will still feel the atmosphere and our student's lives here at ATDU. It's time to step out of your comfort zone and reach for new goals and achievements.<\/p>","align":"center","text_color":"#0C0B0C","typography_typography":"custom","typography_font_family":"Montserrat","typography_font_size":{"unit":"px","size":"18","sizes":[]},"typography_font_weight":"300","typography_text_transform":"none","typography_font_style":"normal","typography_text_decoration":"none","typography_line_height":{"unit":"em","size":"1.4","sizes":[]},"typography_letter_spacing":{"unit":"px","size":"0","sizes":[]},"__globals__":{"typography_typography":""},"typography_font_size_tablet":{"unit":"px","size":"16","sizes":[]},"typography_font_size_mobile":{"unit":"px","size":"14","sizes":[]},"jet_tricks_widget_satellite_image":{"id":16893,"url":"https:\/\/library.elementor.com\/wp-content\/uploads\/2021\/03\/placeholder-10.png"}},"elements":[],"isInner":false,"widgetType":"text-editor","elType":"widget"}],"isInner":"","elType":"column"}],"isInner":"","elType":"section"},{"id":"193bb87b","settings":{"content_width":{"unit":"px","size":"980","sizes":[]},"gap":"no","margin":{"unit":"%","top":"4","right":"0","bottom":"0","left":"0","isLinked":""},"padding":{"unit":"%","top":"","right":"","bottom":"","left":"","isLinked":"1"},"padding_tablet":{"unit":"%","top":"0","right":"8","bottom":"0","left":"8","isLinked":""},"_title":"Video","_timestamp_":"v1b1BCenZXN2gxUTBqb0JJSWxJTVlPZz09"},"elements":[{"id":"7021ab2c","settings":{"_column_size":"100","space_between_widgets":"20"},"elements":[{"id":"7d41bd2e","settings":{"selected_icon":{"value":{"id":16894,"url":"https:\/\/library.elementor.com\/wp-content\/uploads\/2021\/03\/30_Open_week-Shapes-Triangle.svg"},"library":"svg"},"primary_color":"#FFFFFF","size":{"unit":"px","size":"120","sizes":[]},"size_tablet":{"unit":"px","size":"65","sizes":[]},"size_mobile":{"unit":"px","size":"45","sizes":[]},"motion_fx_motion_fx_scrolling":"yes","motion_fx_rotateZ_effect":"yes","motion_fx_scale_effect":"yes","motion_fx_scale_range":{"unit":"%","size":"","sizes":{"start":"50","end":"80"}},"motion_fx_transform_origin_x":"right","motion_fx_devices":["desktop","tablet"],"_element_width":"auto","_position":"absolute","_offset_x":{"unit":"px","size":"-80","sizes":[]},"_offset_x_tablet":{"unit":"px","size":"-40","sizes":[]},"_offset_x_mobile":{"unit":"px","size":"-20","sizes":[]},"_offset_y":{"unit":"%","size":"30","sizes":[]},"jet_tricks_widget_satellite_image":{"id":16895,"url":"https:\/\/library.elementor.com\/wp-content\/uploads\/2021\/03\/placeholder-11.png"}},"elements":[],"isInner":false,"widgetType":"icon","elType":"widget"},{"id":"1c6df696","settings":{"selected_icon":{"value":{"id":16896,"url":"https:\/\/library.elementor.com\/wp-content\/uploads\/2021\/03\/30_Open_week-Shapes-Zigzag.svg"},"library":"svg"},"primary_color":"#FFFFFF","size":{"unit":"px","size":"120","sizes":[]},"size_tablet":{"unit":"px","size":"65","sizes":[]},"size_mobile":{"unit":"px","size":"45","sizes":[]},"_animation":"jello","animation_duration":"slow","_element_width":"auto","_position":"absolute","_offset_orientation_h":"end","_offset_x":{"unit":"px","size":"-80","sizes":[]},"_offset_x_end":{"unit":"px","size":"-100","sizes":[]},"_offset_x_end_tablet":{"unit":"px","size":"-50","sizes":[]},"_offset_x_end_mobile":{"unit":"px","size":"-25","sizes":[]},"_offset_orientation_v":"end","_offset_y":{"unit":"%","size":"30","sizes":[]},"_offset_y_end":{"unit":"%","size":"20","sizes":[]},"jet_tricks_widget_satellite_image":{"id":16897,"url":"https:\/\/library.elementor.com\/wp-content\/uploads\/2021\/03\/placeholder-12.png"}},"elements":[],"isInner":false,"widgetType":"icon","elType":"widget"},{"id":"5cb28ea4","settings":{"youtube_url":"https:\/\/www.youtube.com\/watch?v=XHOmBV4js_E","vimeo_url":"https:\/\/vimeo.com\/235215203","dailymotion_url":"https:\/\/www.dailymotion.com\/video\/x6tqhqb","show_image_overlay":"yes","image_overlay":{"id":16898,"url":"https:\/\/library.elementor.com\/wp-content\/uploads\/2021\/03\/30_Open_week-VideoSection-BG_Overlay.jpg"},"play_icon_color":"#FFFFFF","play_icon_size":{"unit":"px","size":"65","sizes":[]},"play_icon_size_mobile":{"unit":"px","size":"45","sizes":[]},"_z_index":"1","jet_tricks_widget_satellite_image":{"id":16899,"url":"https:\/\/library.elementor.com\/wp-content\/uploads\/2021\/03\/placeholder-13.png"}},"elements":[],"isInner":false,"widgetType":"video","elType":"widget"},{"id":"74bc7f63","settings":{"title":"Virtual tour in ATDU","header_size":"h4","align":"center","title_color":"#8885C2","typography_typography":"custom","typography_font_family":"Montserrat","typography_font_size":{"unit":"px","size":"20","sizes":[]},"typography_font_weight":"300","typography_text_transform":"none","typography_font_style":"italic","typography_text_decoration":"none","typography_line_height":{"unit":"em","size":"1","sizes":[]},"typography_letter_spacing":{"unit":"px","size":"0","sizes":[]},"__globals__":{"typography_typography":""},"typography_font_size_tablet":{"unit":"px","size":"18","sizes":[]},"typography_font_size_mobile":{"unit":"px","size":"16","sizes":[]},"jet_tricks_widget_satellite_image":{"id":16900,"url":"https:\/\/library.elementor.com\/wp-content\/uploads\/2021\/03\/placeholder-14.png"}},"elements":[],"isInner":false,"widgetType":"heading","elType":"widget"}],"isInner":"","elType":"column"}],"isInner":"","elType":"section"},{"id":"10ca276a","settings":{"content_width":{"unit":"px","size":"980","sizes":[]},"gap":"no","margin":{"unit":"%","top":"12","right":"0","bottom":"0","left":"0","isLinked":""},"padding":{"unit":"%","top":"","right":"","bottom":"","left":"","isLinked":"1"},"margin_tablet":{"unit":"%","top":"25","right":"0","bottom":"0","left":"0","isLinked":""},"padding_tablet":{"unit":"%","top":"0","right":"8","bottom":"0","left":"8","isLinked":""},"_title":"What Will Be","margin_mobile":{"unit":"%","top":"35","right":"0","bottom":"0","left":"0","isLinked":""},"_timestamp_":"v1b1BCenZXN2gxUTBqb0JJSWxJTVlPZz09"},"elements":[{"id":"79234a64","settings":{"_column_size":"100","space_between_widgets":"100","space_between_widgets_tablet":"50"},"elements":[{"id":"2c8e4cd","settings":{"title":"What's Happening on Our Opening Week?\n","align":"center","title_color":"#000000","typography_typography":"custom","typography_font_family":"Montserrat","typography_font_size":{"unit":"px","size":"42","sizes":[]},"typography_font_weight":"600","typography_text_transform":"none","typography_font_style":"normal","typography_text_decoration":"none","typography_letter_spacing":{"unit":"px","size":"0","sizes":[]},"__globals__":{"typography_typography":""},"typography_font_size_tablet":{"unit":"px","size":"32","sizes":[]},"typography_font_size_mobile":{"unit":"px","size":"26","sizes":[]},"typography_line_height":{"unit":"em","size":"1","sizes":[]},"jet_tricks_widget_satellite_image":{"id":16901,"url":"https:\/\/library.elementor.com\/wp-content\/uploads\/2021\/03\/placeholder-15.png"}},"elements":[],"isInner":false,"widgetType":"heading","elType":"widget"},{"id":"6a66f9e5","settings":{"structure":"30","layout":"full_width","gap":"no"},"elements":[{"id":"7aa606ba","settings":{"_column_size":"33","margin":{"unit":"%","top":"0","right":"30","bottom":"0","left":"0","isLinked":""},"margin_tablet":{"unit":"%","top":"0","right":"10","bottom":"0","left":"0","isLinked":""},"margin_mobile":{"unit":"%","top":"0","right":"20","bottom":"0","left":"20","isLinked":""},"padding_mobile":{"unit":"%","top":"","right":"","bottom":"","left":"","isLinked":"1"},"space_between_widgets":"20"},"elements":[{"id":"6de0eb13","settings":{"title_text":"Discover our programs and courses","description_text":"","selected_icon":{"value":{"id":16902,"url":"https:\/\/library.elementor.com\/wp-content\/uploads\/2021\/03\/30_Open_week-Icon_1.svg"},"library":"svg"},"title_size":"h5","primary_color":"#04245B","hover_animation":"bounce-in","icon_space":{"unit":"px","size":"0","sizes":[]},"icon_size":{"unit":"px","size":"80","sizes":[]},"title_bottom_space":{"unit":"px","size":"0","sizes":[]},"title_color":"#0C0B0C","description_typography_typography":"custom","description_typography_font_family":"Roboto","description_typography_font_weight":"400","__globals__":{"title_typography_typography":""},"icon_size_tablet":{"unit":"px","size":"65","sizes":[]},"title_typography_typography":"custom","title_typography_font_family":"Montserrat","title_typography_font_size":{"unit":"px","size":"18","sizes":[]},"title_typography_font_size_tablet":{"unit":"px","size":"16","sizes":[]},"title_typography_font_size_mobile":{"unit":"px","size":"14","sizes":[]},"title_typography_font_weight":"400","title_typography_text_transform":"none","title_typography_font_style":"normal","title_typography_text_decoration":"none","title_typography_line_height":{"unit":"em","size":"1.4","sizes":[]},"title_typography_letter_spacing":{"unit":"px","size":"0","sizes":[]},"jet_tricks_widget_satellite_image":{"id":16903,"url":"https:\/\/library.elementor.com\/wp-content\/uploads\/2021\/03\/placeholder-16.png"}},"elements":[],"isInner":false,"widgetType":"icon-box","elType":"widget"}],"isInner":"1","elType":"column"},{"id":"7bd79b02","settings":{"_column_size":"33","margin":{"unit":"%","top":"0","right":"15","bottom":"0","left":"15","isLinked":""},"margin_tablet":{"unit":"%","top":"0","right":"5","bottom":"0","left":"5","isLinked":""},"margin_mobile":{"unit":"%","top":"15","right":"20","bottom":"0","left":"20","isLinked":""},"space_between_widgets":"20"},"elements":[{"id":"480c6d35","settings":{"title_text":"Meet our students and our graduates","description_text":"","selected_icon":{"value":{"id":16904,"url":"https:\/\/library.elementor.com\/wp-content\/uploads\/2021\/03\/30_Open_week-Icon_2.svg"},"library":"svg"},"title_size":"h5","primary_color":"#04245B","hover_animation":"bounce-in","icon_space":{"unit":"px","size":"0","sizes":[]},"icon_size":{"unit":"px","size":"80","sizes":[]},"title_bottom_space":{"unit":"px","size":"0","sizes":[]},"title_color":"#0C0B0C","description_typography_typography":"custom","description_typography_font_family":"Roboto","description_typography_font_weight":"400","__globals__":{"title_typography_typography":""},"icon_size_tablet":{"unit":"px","size":"65","sizes":[]},"title_typography_typography":"custom","title_typography_font_family":"Montserrat","title_typography_font_size":{"unit":"px","size":"18","sizes":[]},"title_typography_font_size_tablet":{"unit":"px","size":"16","sizes":[]},"title_typography_font_size_mobile":{"unit":"px","size":"14","sizes":[]},"title_typography_font_weight":"400","title_typography_text_transform":"none","title_typography_font_style":"normal","title_typography_text_decoration":"none","title_typography_line_height":{"unit":"em","size":"1.4","sizes":[]},"title_typography_letter_spacing":{"unit":"px","size":"0","sizes":[]},"jet_tricks_widget_satellite_image":{"id":16905,"url":"https:\/\/library.elementor.com\/wp-content\/uploads\/2021\/03\/placeholder-17.png"}},"elements":[],"isInner":false,"widgetType":"icon-box","elType":"widget"}],"isInner":"1","elType":"column"},{"id":"5e75984","settings":{"_column_size":"33","margin":{"unit":"%","top":"0","right":"0","bottom":"0","left":"30","isLinked":""},"margin_tablet":{"unit":"%","top":"0","right":"0","bottom":"0","left":"10","isLinked":""},"margin_mobile":{"unit":"%","top":"15","right":"20","bottom":"0","left":"20","isLinked":""},"space_between_widgets":"20"},"elements":[{"id":"307173c2","settings":{"title_text":"A week full of lectures and guidance","description_text":"","selected_icon":{"value":{"id":16906,"url":"https:\/\/library.elementor.com\/wp-content\/uploads\/2021\/03\/30_Open_week-Icon_3.svg"},"library":"svg"},"title_size":"h5","primary_color":"#04245B","hover_animation":"bounce-in","icon_space":{"unit":"px","size":"0","sizes":[]},"icon_size":{"unit":"px","size":"80","sizes":[]},"title_bottom_space":{"unit":"px","size":"0","sizes":[]},"title_color":"#0C0B0C","description_typography_typography":"custom","description_typography_font_family":"Roboto","description_typography_font_weight":"400","__globals__":{"title_typography_typography":""},"icon_size_tablet":{"unit":"px","size":"65","sizes":[]},"title_typography_typography":"custom","title_typography_font_family":"Montserrat","title_typography_font_size":{"unit":"px","size":"18","sizes":[]},"title_typography_font_size_tablet":{"unit":"px","size":"16","sizes":[]},"title_typography_font_size_mobile":{"unit":"px","size":"14","sizes":[]},"title_typography_font_weight":"400","title_typography_text_transform":"none","title_typography_font_style":"normal","title_typography_text_decoration":"none","title_typography_line_height":{"unit":"em","size":"1.4","sizes":[]},"title_typography_letter_spacing":{"unit":"px","size":"0","sizes":[]},"jet_tricks_widget_satellite_image":{"id":16907,"url":"https:\/\/library.elementor.com\/wp-content\/uploads\/2021\/03\/placeholder-18.png"}},"elements":[],"isInner":false,"widgetType":"icon-box","elType":"widget"}],"isInner":"1","elType":"column"}],"isInner":"1","elType":"section"}],"isInner":"","elType":"column"}],"isInner":"","elType":"section"},{"id":"26279ddf","settings":{"content_width":{"unit":"px","size":"980","sizes":[]},"gap":"no","margin":{"unit":"%","top":"12","right":"0","bottom":"0","left":"0","isLinked":""},"padding":{"unit":"%","top":"","right":"","bottom":"","left":"","isLinked":"1"},"margin_tablet":{"unit":"%","top":"25","right":"0","bottom":"0","left":"0","isLinked":""},"padding_tablet":{"unit":"%","top":"0","right":"8","bottom":"0","left":"8","isLinked":""},"_title":"Gallery","margin_mobile":{"unit":"%","top":"35","right":"0","bottom":"0","left":"0","isLinked":""},"_timestamp_":"v1b1BCenZXN2gxUTBqb0JJSWxJTVlPZz09"},"elements":[{"id":"1eec1ac6","settings":{"_column_size":"100","space_between_widgets":"100","space_between_widgets_tablet":"50"},"elements":[{"id":"5c3fe1a7","settings":{"title":"Life at ATD University","align":"center","title_color":"#000000","typography_typography":"custom","typography_font_family":"Montserrat","typography_font_size":{"unit":"px","size":"42","sizes":[]},"typography_font_weight":"600","typography_text_transform":"none","typography_font_style":"normal","typography_text_decoration":"none","typography_letter_spacing":{"unit":"px","size":"0","sizes":[]},"__globals__":{"typography_typography":""},"typography_font_size_tablet":{"unit":"px","size":"32","sizes":[]},"typography_font_size_mobile":{"unit":"px","size":"26","sizes":[]},"typography_line_height":{"unit":"em","size":"1","sizes":[]},"jet_tricks_widget_satellite_image":{"id":16908,"url":"https:\/\/library.elementor.com\/wp-content\/uploads\/2021\/03\/placeholder-19.png"}},"elements":[],"isInner":false,"widgetType":"heading","elType":"widget"},{"id":"108db851","settings":{"gallery":[{"id":16909,"url":"https:\/\/library.elementor.com\/wp-content\/uploads\/2021\/03\/30_Open_week-Gallery-img_1.jpg"},{"id":16910,"url":"https:\/\/library.elementor.com\/wp-content\/uploads\/2021\/03\/30_Open_week-Gallery-img_2.jpg"},{"id":16911,"url":"https:\/\/library.elementor.com\/wp-content\/uploads\/2021\/03\/30_Open_week-Gallery-img_3.jpg"},{"id":16912,"url":"https:\/\/library.elementor.com\/wp-content\/uploads\/2021\/03\/30_Open_week-Gallery-img_4.jpg"},{"id":16913,"url":"https:\/\/library.elementor.com\/wp-content\/uploads\/2021\/03\/30_Open_week-Gallery-img_5.jpg"},{"id":16914,"url":"https:\/\/library.elementor.com\/wp-content\/uploads\/2021\/03\/30_Open_week-Gallery-img_6.jpg"}],"galleries":[{"gallery_title":"New Gallery","_id":"3d1d42a"}],"columns":"3","gap":{"unit":"px","size":"48","sizes":[]},"link_to":"","aspect_ratio":"1:1","thumbnail_image_size":"full","show_all_galleries_label":"All","overlay_background":"","gap_tablet":{"unit":"px","size":"50","sizes":[]},"gap_mobile":{"unit":"px","size":"15","sizes":[]},"jet_tricks_widget_satellite_image":{"id":16915,"url":"https:\/\/library.elementor.com\/wp-content\/uploads\/2021\/03\/placeholder-20.png"}},"elements":[],"isInner":false,"widgetType":"gallery","elType":"widget"}],"isInner":"","elType":"column"}],"isInner":"","elType":"section"},{"id":"21c92c7b","settings":{"layout":"full_width","gap":"no","height":"min-height","custom_height":{"unit":"px","size":"320","sizes":[]},"content_position":"middle","structure":"20","background_background":"classic","background_color":"#04245B","background_image":{"id":16891,"url":"https:\/\/library.elementor.com\/wp-content\/uploads\/2021\/03\/30_Open_week-Hero-BG_Overlay.png"},"background_position":"center left","background_repeat":"no-repeat","background_size":"contain","margin":{"unit":"%","top":"12","right":"0","bottom":"0","left":"0","isLinked":""},"padding":{"unit":"%","top":"0","right":"8","bottom":"0","left":"8","isLinked":""},"margin_tablet":{"unit":"%","top":"25","right":"0","bottom":"0","left":"0","isLinked":""},"_title":"CTA","margin_mobile":{"unit":"%","top":"35","right":"0","bottom":"0","left":"0","isLinked":""},"_timestamp_":"v1b1BCenZXN2gxUTBqb0JJSWxJTVlPZz09"},"elements":[{"id":"3373d8b4","settings":{"_column_size":"50","_inline_size":"81.952","_inline_size_tablet":"100","space_between_widgets":"20"},"elements":[{"id":"33d3a849","settings":{"title":"Let\u2019s meet virtually! Register now for more details\n","title_color":"#FFFFFF","typography_typography":"custom","typography_font_family":"Montserrat","typography_font_size":{"unit":"px","size":"45","sizes":[]},"typography_font_weight":"500","typography_text_transform":"none","typography_font_style":"normal","typography_text_decoration":"none","typography_letter_spacing":{"unit":"px","size":"0","sizes":[]},"__globals__":{"typography_typography":""},"align_tablet":"center","typography_font_size_tablet":{"unit":"px","size":"35","sizes":[]},"typography_font_size_mobile":{"unit":"px","size":"30","sizes":[]},"typography_line_height":{"unit":"em","size":"1","sizes":[]},"jet_tricks_widget_satellite_image":{"id":16916,"url":"https:\/\/library.elementor.com\/wp-content\/uploads\/2021\/03\/placeholder-21.png"}},"elements":[],"isInner":false,"widgetType":"heading","elType":"widget"}],"isInner":"","elType":"column"},{"id":"2334e860","settings":{"_column_size":"50","_inline_size":"18.022","_inline_size_tablet":"100","margin_tablet":{"unit":"%","top":"4","right":"0","bottom":"0","left":"0","isLinked":""},"margin_mobile":{"unit":"%","top":"8","right":"0","bottom":"0","left":"0","isLinked":""},"space_between_widgets":"20"},"elements":[{"id":"3994de2f","settings":{"text":"Save My Spot","align":"justify","button_text_color":"#04245B","background_color":"#FFFFFF","hover_color":"#04245B","button_background_hover_color":"#E1E8F4","border_width":{"unit":"px","top":"5","right":"5","bottom":"5","left":"5","isLinked":"1"},"border_color":"#FFFFFF","border_radius":{"unit":"px","top":"50","right":"50","bottom":"50","left":"50","isLinked":"1"},"text_padding":{"unit":"%","top":"7","right":"0","bottom":"7","left":"0","isLinked":""},"__globals__":{"typography_typography":""},"align_tablet":"center","text_padding_tablet":{"unit":"px","top":"12","right":"50","bottom":"12","left":"50","isLinked":""},"typography_typography":"custom","typography_font_family":"Montserrat","typography_font_size":{"unit":"px","size":"16","sizes":[]},"typography_font_size_mobile":{"unit":"px","size":"14","sizes":[]},"typography_font_weight":"700","typography_text_transform":"uppercase","typography_font_style":"normal","typography_text_decoration":"none","typography_line_height":{"unit":"em","size":"1","sizes":[]},"typography_letter_spacing":{"unit":"px","size":"1","sizes":[]},"jet_tricks_widget_satellite_image":{"id":16917,"url":"https:\/\/library.elementor.com\/wp-content\/uploads\/2021\/03\/placeholder-22.png"}},"elements":[],"isInner":false,"widgetType":"button","elType":"widget"}],"isInner":"","elType":"column"}],"isInner":"","elType":"section"},{"id":"a195ee5","settings":{"layout":"full_width","gap":"no","height":"min-height","custom_height":{"unit":"px","size":"50","sizes":[]},"content_position":"middle","margin":{"unit":"px","top":"-50","right":"0","bottom":"0","left":"0","isLinked":""},"padding":{"unit":"%","top":"0","right":"8","bottom":"0","left":"8","isLinked":""},"_title":"Copyright","_timestamp_":"v1b1BCenZXN2gxUTBqb0JJSWxJTVlPZz09"},"elements":[{"id":"b09b043","settings":{"_column_size":"100","space_between_widgets":"20"},"elements":[{"id":"47ec670c","settings":{"title":"\u00a9 copyright ATD University 2021","header_size":"p","align":"center","title_color":"#345184","__dynamic__":{"title":"[elementor-tag id=\"28c2538\" name=\"current-date-time\" settings=\"%7B%22date_format%22%3A%22custom%22%2C%22custom_format%22%3A%22Y%22%2C%22before%22%3A%22%C2%A9%20copyright%20ATD%20University%20%22%7D\"]"},"__globals__":{"typography_typography":""},"typography_typography":"custom","typography_font_family":"Montserrat","typography_font_size":{"unit":"px","size":"14","sizes":[]},"typography_font_size_mobile":{"unit":"px","size":"12","sizes":[]},"typography_font_weight":"400","typography_text_transform":"none","typography_font_style":"normal","typography_text_decoration":"none","typography_letter_spacing":{"unit":"px","size":"0","sizes":[]},"typography_line_height":{"unit":"em","size":"1.2","sizes":[]},"jet_tricks_widget_satellite_image":{"id":16918,"url":"https:\/\/library.elementor.com\/wp-content\/uploads\/2021\/03\/placeholder-23.png"}},"elements":[],"isInner":false,"widgetType":"heading","elType":"widget"}],"isInner":"","elType":"column"}],"isInner":"","elType":"section"}],"page_settings":{"background_background":"classic","background_color":"#E1E8F4"},"version":"0.4","title":"18270","type":"page"}